code,section_code,section_title,title,media_type,duration_minutes,place_code,place_name,event_date,year,event_type,event_type_label,event_number,media_kind,series_code,series_title,future_path,obsidian_path,notes
BR69D1,1A,Public Meetings (England),How am I to become extraordinarily alert?,audio,78,BR,Brockwood Park,9 September 1969,1969,D,Public Discussion,1,discussion,BR69T1-4,D1-2 Understanding ourselves,library/1A-public-meetings-england/BR69T1-4/BR69D1 - How am I to become extraordinarily alert.m4a,01 - Public meetings.md#BR69T1-4,
BR69D2,1A,Public Meetings (England),Can I live completely without resistance?,audio,83,BR,Brockwood Park,11 September 1969,1969,D,Public Discussion,2,discussion,BR69T1-4,D1-2 Understanding ourselves,library/1A-public-meetings-england/BR69T1-4/BR69D2 - Can I live completely without resistance.m4a,01 - Public meetings.md#BR69T1-4,
BR69T1,1A,Public Meetings (England),Living without resistance,audio,59,BR,Brockwood Park,6 September 1969,1969,T,Public Talk,1,talk,BR69T1-4,D1-2 Understanding ourselves,library/1A-public-meetings-england/BR69T1-4/BR69T1 - Living without resistance.m4a,01 - Public meetings.md#BR69T1-4,
BR69T2,1A,Public Meetings (England),Why are we not completely aware of the psychological dangers in which we live?,audio,70,BR,Brockwood Park,7 September 1969,1969,T,Public Talk,2,talk,BR69T1-4,D1-2 Understanding ourselves,library/1A-public-meetings-england/BR69T1-4/BR69T2 - Why are we not completely aware of the psychological dangers in which we live.m4a,01 - Public meetings.md#BR69T1-4,
BR69T3,1A,Public Meetings (England),Knowing what love is,audio,71,BR,Brockwood Park,13 September 1969,1969,T,Public Talk,3,talk,BR69T1-4,D1-2 Understanding ourselves,library/1A-public-meetings-england/BR69T1-4/BR69T3 - Knowing what love is.m4a,01 - Public meetings.md#BR69T1-4,
BR69T4,1A,Public Meetings (England),Meditation is the beginning of understanding oneself,audio,85,BR,Brockwood Park,14 September 1969,1969,T,Public Talk,4,talk,BR69T1-4,D1-2 Understanding ourselves,library/1A-public-meetings-england/BR69T1-4/BR69T4 - Meditation is the beginning of understanding oneself.m4a,01 - Public meetings.md#BR69T1-4,
BR70D1,1A,Public Meetings (England),If one is conforming there is no freedom,audio,75,BR,Brockwood Park,8 September 1970,1970,D,Public Discussion,1,discussion,BR70T1-4,D1-2 Is there an observation without the ‘me’ as the observer?,library/1A-public-meetings-england/BR70T1-4/BR70D1 - If one is conforming there is no freedom.m4a,01 - Public meetings.md#BR70T1-4,
BR70D2,1A,Public Meetings (England),Maturity is freedom from conditioning,audio,84,BR,Brockwood Park,10 September 1970,1970,D,Public Discussion,2,discussion,BR70T1-4,D1-2 Is there an observation without the ‘me’ as the observer?,library/1A-public-meetings-england/BR70T1-4/BR70D2 - Maturity is freedom from conditioning.m4a,01 - Public meetings.md#BR70T1-4,
BR70T1,1A,Public Meetings (England),Observing without the ‘me’,audio,98,BR,Brockwood Park,5 September 1970,1970,T,Public Talk,1,talk,BR70T1-4,D1-2 Is there an observation without the ‘me’ as the observer?,library/1A-public-meetings-england/BR70T1-4/BR70T1 - Observing without the ‘me’.m4a,01 - Public meetings.md#BR70T1-4,
BR70T2,1A,Public Meetings (England),Can one live without psychological effort?,audio,78,BR,Brockwood Park,6 September 1970,1970,T,Public Talk,2,talk,BR70T1-4,D1-2 Is there an observation without the ‘me’ as the observer?,library/1A-public-meetings-england/BR70T1-4/BR70T2 - Can one live without psychological effort.m4a,01 - Public meetings.md#BR70T1-4,
BR70T3,1A,Public Meetings (England),Does a free mind choose?,audio,71,BR,Brockwood Park,12 September 1970,1970,T,Public Talk,3,talk,BR70T1-4,D1-2 Is there an observation without the ‘me’ as the observer?,library/1A-public-meetings-england/BR70T1-4/BR70T3 - Does a free mind choose.m4a,01 - Public meetings.md#BR70T1-4,
BR70T4,1A,Public Meetings (England),Acting without ideas,audio,66,BR,Brockwood Park,13 September 1970,1970,T,Public Talk,4,talk,BR70T1-4,D1-2 Is there an observation without the ‘me’ as the observer?,library/1A-public-meetings-england/BR70T1-4/BR70T4 - Acting without ideas.m4a,01 - Public meetings.md#BR70T1-4,
BR71D1,1A,Public Meetings (England),Can I live a harmonious life?,audio,82,BR,Brockwood Park,7 September 1971,1971,D,Public Discussion,1,discussion,BR71T1-4,D1-2 Meditation is the total release of energy,library/1A-public-meetings-england/BR71T1-4/BR71D1 - Can I live a harmonious life.m4a,01 - Public meetings.md#BR71T1-4,
BR71D2,1A,Public Meetings (England),Can habit end without decision or choice?,audio,76,BR,Brockwood Park,9 September 1971,1971,D,Public Discussion,2,discussion,BR71T1-4,D1-2 Meditation is the total release of energy,library/1A-public-meetings-england/BR71T1-4/BR71D2 - Can habit end without decision or choice.m4a,01 - Public meetings.md#BR71T1-4,
BR71T1,1A,Public Meetings (England),Being free of the deepest conditioning,audio,85,BR,Brockwood Park,4 September 1971,1971,T,Public Talk,1,talk,BR71T1-4,D1-2 Meditation is the total release of energy,library/1A-public-meetings-england/BR71T1-4/BR71T1 - Being free of the deepest conditioning.m4a,01 - Public meetings.md#BR71T1-4,
BR71T2,1A,Public Meetings (England),Action without the authority of the image,audio,70,BR,Brockwood Park,5 September 1971,1971,T,Public Talk,2,talk,BR71T1-4,D1-2 Meditation is the total release of energy,library/1A-public-meetings-england/BR71T1-4/BR71T2 - Action without the authority of the image.m4a,01 - Public meetings.md#BR71T1-4,
BR71T3,1A,Public Meetings (England),What is the relationship between the pursuit of pleasure and love?,audio,76,BR,Brockwood Park,11 September 1971,1971,T,Public Talk,3,talk,BR71T1-4,D1-2 Meditation is the total release of energy,library/1A-public-meetings-england/BR71T1-4/BR71T3 - What is the relationship between the pursuit of pleasure and love.m4a,01 - Public meetings.md#BR71T1-4,
BR71T4,1A,Public Meetings (England),Meditation is the total release of energy,audio,93,BR,Brockwood Park,12 September 1971,1971,T,Public Talk,4,talk,BR71T1-4,D1-2 Meditation is the total release of energy,library/1A-public-meetings-england/BR71T1-4/BR71T4 - Meditation is the total release of energy.m4a,01 - Public meetings.md#BR71T1-4,
BR72D1,1A,Public Meetings (England),You can learn only if you do not know,audio,90,BR,Brockwood Park,12 September 1972,1972,D,Public Discussion,1,discussion,BR72T1-4,D1-2 Can there be complete freedom from thought?,library/1A-public-meetings-england/BR72T1-4/BR72D1 - You can learn only if you do not know.m4a,01 - Public meetings.md#BR72T1-4,
BR72D2,1A,Public Meetings (England),The action of intelligence,audio,97,BR,Brockwood Park,14 September 1972,1972,D,Public Discussion,2,discussion,BR72T1-4,D1-2 Can there be complete freedom from thought?,library/1A-public-meetings-england/BR72T1-4/BR72D2 - The action of intelligence.m4a,01 - Public meetings.md#BR72T1-4,
BR72T1,1A,Public Meetings (England),Complete freedom from thought,audio,76,BR,Brockwood Park,9 September 1972,1972,T,Public Talk,1,talk,BR72T1-4,D1-2 Can there be complete freedom from thought?,library/1A-public-meetings-england/BR72T1-4/BR72T1 - Complete freedom from thought.m4a,01 - Public meetings.md#BR72T1-4,
BR72T2,1A,Public Meetings (England),If I don't change now what will the future be?,audio,86,BR,Brockwood Park,10 September 1972,1972,T,Public Talk,2,talk,BR72T1-4,D1-2 Can there be complete freedom from thought?,library/1A-public-meetings-england/BR72T1-4/BR72T2 - If I don't change now what will the future be.m4a,01 - Public meetings.md#BR72T1-4,
BR72T3,1A,Public Meetings (England),"If freedom is responsibility, how do I act?",audio,78,BR,Brockwood Park,16 September 1972,1972,T,Public Talk,3,talk,BR72T1-4,D1-2 Can there be complete freedom from thought?,"library/1A-public-meetings-england/BR72T1-4/BR72T3 - If freedom is responsibility, how do I act.m4a",01 - Public meetings.md#BR72T1-4,
BR72T4,1A,Public Meetings (England),"To come upon the new, thought must be quiet",audio,66,BR,Brockwood Park,17 September 1972,1972,T,Public Talk,4,talk,BR72T1-4,D1-2 Can there be complete freedom from thought?,"library/1A-public-meetings-england/BR72T1-4/BR72T4 - To come upon the new, thought must be quiet.m4a",01 - Public meetings.md#BR72T1-4,
BR73D1,1A,Public Meetings (England),The word is you,audio,102,BR,Brockwood Park,4 September 1973,1973,D,Public Discussion,1,discussion,BR73T1-4,D1-2 What relationship has the human mind to the timeless?,library/1A-public-meetings-england/BR73T1-4/BR73D1 - The word is you.m4a,01 - Public meetings.md#BR73T1-4,
BR73D2,1A,Public Meetings (England),Can the movement of the self end?,audio,84,BR,Brockwood Park,6 September 1973,1973,D,Public Discussion,2,discussion,BR73T1-4,D1-2 What relationship has the human mind to the timeless?,library/1A-public-meetings-england/BR73T1-4/BR73D2 - Can the movement of the self end.m4a,01 - Public meetings.md#BR73T1-4,
BR73T1,1A,Public Meetings (England),Can the fragmented mind be whole?,audio,87,BR,Brockwood Park,1 September 1973,1973,T,Public Talk,1,talk,BR73T1-4,D1-2 What relationship has the human mind to the timeless?,library/1A-public-meetings-england/BR73T1-4/BR73T1 - Can the fragmented mind be whole.m4a,01 - Public meetings.md#BR73T1-4,
BR73T2,1A,Public Meetings (England),Why does the mind always cling to the known?,audio,81,BR,Brockwood Park,2 September 1973,1973,T,Public Talk,2,talk,BR73T1-4,D1-2 What relationship has the human mind to the timeless?,library/1A-public-meetings-england/BR73T1-4/BR73T2 - Why does the mind always cling to the known.m4a,01 - Public meetings.md#BR73T1-4,
BR73T3,1A,Public Meetings (England),To live a life that is whole,audio,78,BR,Brockwood Park,8 September 1973,1973,T,Public Talk,3,talk,BR73T1-4,D1-2 What relationship has the human mind to the timeless?,library/1A-public-meetings-england/BR73T1-4/BR73T3 - To live a life that is whole.m4a,01 - Public meetings.md#BR73T1-4,
BR73T4,1A,Public Meetings (England),"Is there anything truly holy, sacred?",audio,72,BR,Brockwood Park,9 September 1973,1973,T,Public Talk,4,talk,BR73T1-4,D1-2 What relationship has the human mind to the timeless?,"library/1A-public-meetings-england/BR73T1-4/BR73T4 - Is there anything truly holy, sacred.m4a",01 - Public meetings.md#BR73T1-4,
BR74D1,1A,Public Meetings (England),The place of pleasure,audio,102,BR,Brockwood Park,3 September 1974,1974,D,Public Discussion,1,discussion,BR74T1-4,D1-2 Religion is the gathering of our total energy,library/1A-public-meetings-england/BR74T1-4/BR74D1 - The place of pleasure.m4a,01 - Public meetings.md#BR74T1-4,
BR74D2,1A,Public Meetings (England),Is the mind capable of seeing thought?,audio,84,BR,Brockwood Park,5 September 1974,1974,D,Public Discussion,2,discussion,BR74T1-4,D1-2 Religion is the gathering of our total energy,library/1A-public-meetings-england/BR74T1-4/BR74D2 - Is the mind capable of seeing thought.m4a,01 - Public meetings.md#BR74T1-4,
BR74T1,1A,Public Meetings (England),Can the conditioned mind go beyond itself?,audio,87,BR,Brockwood Park,31 August 1974,1974,T,Public Talk,1,talk,BR74T1-4,D1-2 Religion is the gathering of our total energy,library/1A-public-meetings-england/BR74T1-4/BR74T1 - Can the conditioned mind go beyond itself.m4a,01 - Public meetings.md#BR74T1-4,
BR74T2,1A,Public Meetings (England),Is thought a slave to time?,audio,84,BR,Brockwood Park,1 September 1974,1974,T,Public Talk,2,talk,BR74T1-4,D1-2 Religion is the gathering of our total energy,library/1A-public-meetings-england/BR74T1-4/BR74T2 - Is thought a slave to time.m4a,01 - Public meetings.md#BR74T1-4,
BR74T3,1A,Public Meetings (England),Death means a total renewal,audio,79,BR,Brockwood Park,7 September 1974,1974,T,Public Talk,3,talk,BR74T1-4,D1-2 Religion is the gathering of our total energy,library/1A-public-meetings-england/BR74T1-4/BR74T3 - Death means a total renewal.m4a,01 - Public meetings.md#BR74T1-4,
BR74T4,1A,Public Meetings (England),The energy to meet problems,audio,92,BR,Brockwood Park,8 September 1974,1974,T,Public Talk,4,talk,BR74T1-4,D1-2 Religion is the gathering of our total energy,library/1A-public-meetings-england/BR74T1-4/BR74T4 - The energy to meet problems.m4a,01 - Public meetings.md#BR74T1-4,
BR75D1,1A,Public Meetings (England),The action of total awareness,audio,87,BR,Brockwood Park,9 September 1975,1975,D,Public Discussion,1,discussion,BR75T1-4,D1-2 What is correct action in a disintegrating world?,library/1A-public-meetings-england/BR75T1-4/BR75D1 - The action of total awareness.m4a,01 - Public meetings.md#BR75T1-4,
BR75D2,1A,Public Meetings (England),Do you respond according to an image?,audio,90,BR,Brockwood Park,11 September 1975,1975,D,Public Discussion,2,discussion,BR75T1-4,D1-2 What is correct action in a disintegrating world?,library/1A-public-meetings-england/BR75T1-4/BR75D2 - Do you respond according to an image.m4a,01 - Public meetings.md#BR75T1-4,
BR75T1,1A,Public Meetings (England),What is the function of thought?,audio,88,BR,Brockwood Park,6 September 1975,1975,T,Public Talk,1,talk,BR75T1-4,D1-2 What is correct action in a disintegrating world?,library/1A-public-meetings-england/BR75T1-4/BR75T1 - What is the function of thought.m4a,01 - Public meetings.md#BR75T1-4,
BR75T2,1A,Public Meetings (England),Can suffering end totally?,audio,77,BR,Brockwood Park,7 September 1975,1975,T,Public Talk,2,talk,BR75T1-4,D1-2 What is correct action in a disintegrating world?,library/1A-public-meetings-england/BR75T1-4/BR75T2 - Can suffering end totally.m4a,01 - Public meetings.md#BR75T1-4,
BR75T3,1A,Public Meetings (England),Is there something with no beginning or end?,audio,75,BR,Brockwood Park,13 September 1975,1975,T,Public Talk,3,talk,BR75T1-4,D1-2 What is correct action in a disintegrating world?,library/1A-public-meetings-england/BR75T1-4/BR75T3 - Is there something with no beginning or end.m4a,01 - Public meetings.md#BR75T1-4,
BR75T4,1A,Public Meetings (England),Can we ever perceive truth?,audio,73,BR,Brockwood Park,14 September 1975,1975,T,Public Talk,4,talk,BR75T1-4,D1-2 What is correct action in a disintegrating world?,library/1A-public-meetings-england/BR75T1-4/BR75T4 - Can we ever perceive truth.m4a,01 - Public meetings.md#BR75T1-4,
BR76D1,1A,Public Meetings (England),How do you observe your fears?,video,83,BR,Brockwood Park,31 August 1976,1976,D,Public Discussion,1,discussion,BR76T1-4,"D1-2 Can a human being undergo a deep, radical transformation?",library/1A-public-meetings-england/BR76T1-4/BR76D1 - How do you observe your fears.mp4,01 - Public meetings.md#BR76T1-4,
BR76D2,1A,Public Meetings (England),Can thought perceive the whole?,video,88,BR,Brockwood Park,2 September 1976,1976,D,Public Discussion,2,discussion,BR76T1-4,"D1-2 Can a human being undergo a deep, radical transformation?",library/1A-public-meetings-england/BR76T1-4/BR76D2 - Can thought perceive the whole.mp4,01 - Public meetings.md#BR76T1-4,
BR76T1,1A,Public Meetings (England),A transformation which implies freedom,video,66,BR,Brockwood Park,28 August 1976,1976,T,Public Talk,1,talk,BR76T1-4,"D1-2 Can a human being undergo a deep, radical transformation?",library/1A-public-meetings-england/BR76T1-4/BR76T1 - A transformation which implies freedom.mp4,01 - Public meetings.md#BR76T1-4,
BR76T2,1A,Public Meetings (England),Pleasure is a factor of conditioning,video,66,BR,Brockwood Park,29 August 1976,1976,T,Public Talk,2,talk,BR76T1-4,"D1-2 Can a human being undergo a deep, radical transformation?",library/1A-public-meetings-england/BR76T1-4/BR76T2 - Pleasure is a factor of conditioning.mp4,01 - Public meetings.md#BR76T1-4,Note: a total of 5 minutes and 46 seconds of missing video is replaced by audio only.
BR76T3,1A,Public Meetings (England),Is psychological time an invention of thought?,video,79,BR,Brockwood Park,4 September 1976,1976,T,Public Talk,3,talk,BR76T1-4,"D1-2 Can a human being undergo a deep, radical transformation?",library/1A-public-meetings-england/BR76T1-4/BR76T3 - Is psychological time an invention of thought.mp4,01 - Public meetings.md#BR76T1-4,
BR76T4,1A,Public Meetings (England),Freedom is the first and last step,video,70,BR,Brockwood Park,5 September 1976,1976,T,Public Talk,4,talk,BR76T1-4,"D1-2 Can a human being undergo a deep, radical transformation?",library/1A-public-meetings-england/BR76T1-4/BR76T4 - Freedom is the first and last step.mp4,01 - Public meetings.md#BR76T1-4,
BR77D1,1A,Public Meetings (England),Is there such a thing as love?,video,81,BR,Brockwood Park,30 August 1977,1977,D,Public Discussion,1,discussion,BR77T1-4,D1-2 There is an ending to sorrow when there is no ‘me’,library/1A-public-meetings-england/BR77T1-4/BR77D1 - Is there such a thing as love.mp4,01 - Public meetings.md#BR77T1-4,
BR77D2,1A,Public Meetings (England),Why is your mind chattering?,video,72,BR,Brockwood Park,1 September 1977,1977,D,Public Discussion,2,discussion,BR77T1-4,D1-2 There is an ending to sorrow when there is no ‘me’,library/1A-public-meetings-england/BR77T1-4/BR77D2 - Why is your mind chattering.mp4,01 - Public meetings.md#BR77T1-4,
BR77T1,1A,Public Meetings (England),Is it possible to see the limitation of thought?,video,62,BR,Brockwood Park,27 August 1977,1977,T,Public Talk,1,talk,BR77T1-4,D1-2 There is an ending to sorrow when there is no ‘me’,library/1A-public-meetings-england/BR77T1-4/BR77T1 - Is it possible to see the limitation of thought.mp4,01 - Public meetings.md#BR77T1-4,
BR77T2,1A,Public Meetings (England),What is the function of the brain?,video,58,BR,Brockwood Park,28 August 1977,1977,T,Public Talk,2,talk,BR77T1-4,D1-2 There is an ending to sorrow when there is no ‘me’,library/1A-public-meetings-england/BR77T1-4/BR77T2 - What is the function of the brain.mp4,01 - Public meetings.md#BR77T1-4,
BR77T3,1A,Public Meetings (England),What is at the very root of sorrow?,video,65,BR,Brockwood Park,3 September 1977,1977,T,Public Talk,3,talk,BR77T1-4,D1-2 There is an ending to sorrow when there is no ‘me’,library/1A-public-meetings-england/BR77T1-4/BR77T3 - What is at the very root of sorrow.mp4,01 - Public meetings.md#BR77T1-4,Note: a total of 50 seconds of missing video is replaced by audio only.
BR77T4,1A,Public Meetings (England),Is the flowering of goodness a matter of time?,video,72,BR,Brockwood Park,4 September 1977,1977,T,Public Talk,4,talk,BR77T1-4,D1-2 There is an ending to sorrow when there is no ‘me’,library/1A-public-meetings-england/BR77T1-4/BR77T4 - Is the flowering of goodness a matter of time.mp4,01 - Public meetings.md#BR77T1-4,
BR78D1,1A,Public Meetings (England),Are you aware of the structure of yourself?,video,83,BR,Brockwood Park,29 August 1978,1978,D,Public Discussion,1,discussion,BR78T1-4,D1-2 The movement of desire,library/1A-public-meetings-england/BR78T1-4/BR78D1 - Are you aware of the structure of yourself.mp4,01 - Public meetings.md#BR78T1-4,
BR78D2,1A,Public Meetings (England),Can one learn through relationship?,video,76,BR,Brockwood Park,31 August 1978,1978,D,Public Discussion,2,discussion,BR78T1-4,D1-2 The movement of desire,library/1A-public-meetings-england/BR78T1-4/BR78D2 - Can one learn through relationship.mp4,01 - Public meetings.md#BR78T1-4,
BR78T1,1A,Public Meetings (England),Can I strip myself of the network of language?,video,90,BR,Brockwood Park,26 August 1978,1978,T,Public Talk,1,talk,BR78T1-4,D1-2 The movement of desire,library/1A-public-meetings-england/BR78T1-4/BR78T1 - Can I strip myself of the network of language.mp4,01 - Public meetings.md#BR78T1-4,
BR78T2,1A,Public Meetings (England),How is one to have complete order?,video,69,BR,Brockwood Park,27 August 1978,1978,T,Public Talk,2,talk,BR78T1-4,D1-2 The movement of desire,library/1A-public-meetings-england/BR78T1-4/BR78T2 - How is one to have complete order.mp4,01 - Public meetings.md#BR78T1-4,
BR78T3,1A,Public Meetings (England),How is freedom to be understood and lived?,video,78,BR,Brockwood Park,2 September 1978,1978,T,Public Talk,3,talk,BR78T1-4,D1-2 The movement of desire,library/1A-public-meetings-england/BR78T1-4/BR78T3 - How is freedom to be understood and lived.mp4,01 - Public meetings.md#BR78T1-4,
BR78T4,1A,Public Meetings (England),The beginning of meditation,video,82,BR,Brockwood Park,3 September 1978,1978,T,Public Talk,4,talk,BR78T1-4,D1-2 The movement of desire,library/1A-public-meetings-england/BR78T1-4/BR78T4 - The beginning of meditation.mp4,01 - Public meetings.md#BR78T1-4,
BR79Q1,1A,Public Meetings (England),1st Question & Answer Meeting,video,75,BR,Brockwood Park,28 August 1979,1979,Q,Question & Answer Meeting,1,qa,BR79T1-4,Q1-2 On being conditioned,library/1A-public-meetings-england/BR79T1-4/BR79Q1 - 1st Question & Answer Meeting.mp4,01 - Public meetings.md#BR79T1-4,
BR79Q2,1A,Public Meetings (England),2nd Question & Answer Meeting,video,84,BR,Brockwood Park,30 August 1979,1979,Q,Question & Answer Meeting,2,qa,BR79T1-4,Q1-2 On being conditioned,library/1A-public-meetings-england/BR79T1-4/BR79Q2 - 2nd Question & Answer Meeting.mp4,01 - Public meetings.md#BR79T1-4,
BR79T1,1A,Public Meetings (England),What will make us change?,video,66,BR,Brockwood Park,25 August 1979,1979,T,Public Talk,1,talk,BR79T1-4,Q1-2 On being conditioned,library/1A-public-meetings-england/BR79T1-4/BR79T1 - What will make us change.mp4,01 - Public meetings.md#BR79T1-4,
BR79T2,1A,Public Meetings (England),Is thought the instrument of right action?,video,65,BR,Brockwood Park,26 August 1979,1979,T,Public Talk,2,talk,BR79T1-4,Q1-2 On being conditioned,library/1A-public-meetings-england/BR79T1-4/BR79T2 - Is thought the instrument of right action.mp4,01 - Public meetings.md#BR79T1-4,
BR79T3,1A,Public Meetings (England),Can one know oneself completely?,video,67,BR,Brockwood Park,1 September 1979,1979,T,Public Talk,3,talk,BR79T1-4,Q1-2 On being conditioned,library/1A-public-meetings-england/BR79T1-4/BR79T3 - Can one know oneself completely.mp4,01 - Public meetings.md#BR79T1-4,
BR79T4,1A,Public Meetings (England),"Meditation, the timeless and love",video,72,BR,Brockwood Park,2 September 1979,1979,T,Public Talk,4,talk,BR79T1-4,Q1-2 On being conditioned,"library/1A-public-meetings-england/BR79T1-4/BR79T4 - Meditation, the timeless and love.mp4",01 - Public meetings.md#BR79T1-4,
BR80Q1,1A,Public Meetings (England),1st Question & Answer Meeting,video,83,BR,Brockwood Park,2 September 1980,1980,Q,Question & Answer Meeting,1,qa,BR80T1-4,Q1-2 Why does the mind live in time?,library/1A-public-meetings-england/BR80T1-4/BR80Q1 - 1st Question & Answer Meeting.mp4,01 - Public meetings.md#BR80T1-4,
BR80Q2,1A,Public Meetings (England),2nd Question & Answer Meeting,video,83,BR,Brockwood Park,4 September 1980,1980,Q,Question & Answer Meeting,2,qa,BR80T1-4,Q1-2 Why does the mind live in time?,library/1A-public-meetings-england/BR80T1-4/BR80Q2 - 2nd Question & Answer Meeting.mp4,01 - Public meetings.md#BR80T1-4,
BR80T1,1A,Public Meetings (England),What is right action in this chaotic world?,video,63,BR,Brockwood Park,30 August 1980,1980,T,Public Talk,1,talk,BR80T1-4,Q1-2 Why does the mind live in time?,library/1A-public-meetings-england/BR80T1-4/BR80T1 - What is right action in this chaotic world.mp4,01 - Public meetings.md#BR80T1-4,
BR80T2,1A,Public Meetings (England),Can the brain transform itself?,video,76,BR,Brockwood Park,31 August 1980,1980,T,Public Talk,2,talk,BR80T1-4,Q1-2 Why does the mind live in time?,library/1A-public-meetings-england/BR80T1-4/BR80T2 - Can the brain transform itself.mp4,01 - Public meetings.md#BR80T1-4,
BR80T3,1A,Public Meetings (England),What is the relationship between the inner and outer confusion?,video,71,BR,Brockwood Park,6 September 1980,1980,T,Public Talk,3,talk,BR80T1-4,Q1-2 Why does the mind live in time?,library/1A-public-meetings-england/BR80T1-4/BR80T3 - What is the relationship between the inner and outer confusion.mp4,01 - Public meetings.md#BR80T1-4,
BR80T4,1A,Public Meetings (England),"Religion, death and meditation",video,84,BR,Brockwood Park,7 September 1980,1980,T,Public Talk,4,talk,BR80T1-4,Q1-2 Why does the mind live in time?,"library/1A-public-meetings-england/BR80T1-4/BR80T4 - Religion, death and meditation.mp4",01 - Public meetings.md#BR80T1-4,
BR81Q1,1A,Public Meetings (England),1st Question & Answer Meeting,video,84,BR,Brockwood Park,1 September 1981,1981,Q,Question & Answer Meeting,1,qa,BR81T1-4,Q1-2 Our consciousness is the common ground on which all,library/1A-public-meetings-england/BR81T1-4/BR81Q1 - 1st Question & Answer Meeting.mp4,01 - Public meetings.md#BR81T1-4,
BR81Q2,1A,Public Meetings (England),2nd Question & Answer Meeting,video,88,BR,Brockwood Park,3 September 1981,1981,Q,Question & Answer Meeting,2,qa,BR81T1-4,Q1-2 Our consciousness is the common ground on which all,library/1A-public-meetings-england/BR81T1-4/BR81Q2 - 2nd Question & Answer Meeting.mp4,01 - Public meetings.md#BR81T1-4,
BR81T1,1A,Public Meetings (England),Thought and the problems of our world,video,69,BR,Brockwood Park,29 August 1981,1981,T,Public Talk,1,talk,BR81T1-4,Q1-2 Our consciousness is the common ground on which all,library/1A-public-meetings-england/BR81T1-4/BR81T1 - Thought and the problems of our world.mp4,01 - Public meetings.md#BR81T1-4,
BR81T2,1A,Public Meetings (England),Looking at the whole content of consciousness,video,72,BR,Brockwood Park,30 August 1981,1981,T,Public Talk,2,talk,BR81T1-4,Q1-2 Our consciousness is the common ground on which all,library/1A-public-meetings-england/BR81T1-4/BR81T2 - Looking at the whole content of consciousness.mp4,01 - Public meetings.md#BR81T1-4,
BR81T3,1A,Public Meetings (England),"Knowledge, sorrow, death, and to be free of the content of consciousness",video,77,BR,Brockwood Park,5 September 1981,1981,T,Public Talk,3,talk,BR81T1-4,Q1-2 Our consciousness is the common ground on which all,"library/1A-public-meetings-england/BR81T1-4/BR81T3 - Knowledge, sorrow, death, and to be free of the content of consciousness.mp4",01 - Public meetings.md#BR81T1-4,
BR81T4,1A,Public Meetings (England),What is meditation?,video,70,BR,Brockwood Park,6 September 1981,1981,T,Public Talk,4,talk,BR81T1-4,Q1-2 Our consciousness is the common ground on which all,library/1A-public-meetings-england/BR81T1-4/BR81T4 - What is meditation.mp4,01 - Public meetings.md#BR81T1-4,
BR82Q1,1A,Public Meetings (England),1st Question & Answer Meeting,video,81,BR,Brockwood Park,31 August 1982,1982,Q,Question & Answer Meeting,1,qa,BR82T1-4,Q1-2 A different kind of intelligence,library/1A-public-meetings-england/BR82T1-4/BR82Q1 - 1st Question & Answer Meeting.mp4,01 - Public meetings.md#BR82T1-4,
BR82Q2,1A,Public Meetings (England),2nd Question & Answer Meeting,video,82,BR,Brockwood Park,2 September 1982,1982,Q,Question & Answer Meeting,2,qa,BR82T1-4,Q1-2 A different kind of intelligence,library/1A-public-meetings-england/BR82T1-4/BR82Q2 - 2nd Question & Answer Meeting.mp4,01 - Public meetings.md#BR82T1-4,
BR82T1,1A,Public Meetings (England),What can we do in this world?,video,73,BR,Brockwood Park,28 August 1982,1982,T,Public Talk,1,talk,BR82T1-4,Q1-2 A different kind of intelligence,library/1A-public-meetings-england/BR82T1-4/BR82T1 - What can we do in this world.mp4,01 - Public meetings.md#BR82T1-4,
BR82T2,1A,Public Meetings (England),What has happened to mankind?,video,72,BR,Brockwood Park,29 August 1982,1982,T,Public Talk,2,talk,BR82T1-4,Q1-2 A different kind of intelligence,library/1A-public-meetings-england/BR82T1-4/BR82T2 - What has happened to mankind.mp4,01 - Public meetings.md#BR82T1-4,
BR82T3,1A,Public Meetings (England),The intelligence which brings order and peace,video,65,BR,Brockwood Park,4 September 1982,1982,T,Public Talk,3,talk,BR82T1-4,Q1-2 A different kind of intelligence,library/1A-public-meetings-england/BR82T1-4/BR82T3 - The intelligence which brings order and peace.mp4,01 - Public meetings.md#BR82T1-4,
BR82T4,1A,Public Meetings (England),The beauty of death as part of life,video,80,BR,Brockwood Park,5 September 1982,1982,T,Public Talk,4,talk,BR82T1-4,Q1-2 A different kind of intelligence,library/1A-public-meetings-england/BR82T1-4/BR82T4 - The beauty of death as part of life.mp4,01 - Public meetings.md#BR82T1-4,
BR83Q1,1A,Public Meetings (England),1st Question & Answer Meeting,video,99,BR,Brockwood Park,30 August 1983,1983,Q,Question & Answer Meeting,1,qa,BR83T1-4,Q1-2 The world of peace,library/1A-public-meetings-england/BR83T1-4/BR83Q1 - 1st Question & Answer Meeting.mp4,01 - Public meetings.md#BR83T1-4,
BR83Q2,1A,Public Meetings (England),2nd Question & Answer Meeting,video,106,BR,Brockwood Park,1 September 1983,1983,Q,Question & Answer Meeting,2,qa,BR83T1-4,Q1-2 The world of peace,library/1A-public-meetings-england/BR83T1-4/BR83Q2 - 2nd Question & Answer Meeting.mp4,01 - Public meetings.md#BR83T1-4,
BR83T1,1A,Public Meetings (England),How can the brain transform itself?,video,67,BR,Brockwood Park,27 August 1983,1983,T,Public Talk,1,talk,BR83T1-4,Q1-2 The world of peace,library/1A-public-meetings-england/BR83T1-4/BR83T1 - How can the brain transform itself.mp4,01 - Public meetings.md#BR83T1-4,
BR83T2,1A,Public Meetings (England),Only in peace can the human mind be free,video,73,BR,Brockwood Park,28 August 1983,1983,T,Public Talk,2,talk,BR83T1-4,Q1-2 The world of peace,library/1A-public-meetings-england/BR83T1-4/BR83T2 - Only in peace can the human mind be free.mp4,01 - Public meetings.md#BR83T1-4,
BR83T3,1A,Public Meetings (England),Freedom from the self,video,69,BR,Brockwood Park,3 September 1983,1983,T,Public Talk,3,talk,BR83T1-4,Q1-2 The world of peace,library/1A-public-meetings-england/BR83T1-4/BR83T3 - Freedom from the self.mp4,01 - Public meetings.md#BR83T1-4,
BR83T4,1A,Public Meetings (England),What kind of brain is needed for meditation?,video,67,BR,Brockwood Park,4 September 1983,1983,T,Public Talk,4,talk,BR83T1-4,Q1-2 The world of peace,library/1A-public-meetings-england/BR83T1-4/BR83T4 - What kind of brain is needed for meditation.mp4,01 - Public meetings.md#BR83T1-4,
BR84Q1,1A,Public Meetings (England),1st Question & Answer Meeting,video,88,BR,Brockwood Park,28 August 1984,1984,Q,Question & Answer Meeting,1,qa,BR84T1-4,Q1-2 The ending of sorrow,library/1A-public-meetings-england/BR84T1-4/BR84Q1 - 1st Question & Answer Meeting.mp4,01 - Public meetings.md#BR84T1-4,
BR84Q2,1A,Public Meetings (England),2nd Question & Answer Meeting,video,90,BR,Brockwood Park,30 August 1984,1984,Q,Question & Answer Meeting,2,qa,BR84T1-4,Q1-2 The ending of sorrow,library/1A-public-meetings-england/BR84T1-4/BR84Q2 - 2nd Question & Answer Meeting.mp4,01 - Public meetings.md#BR84T1-4,
BR84T1,1A,Public Meetings (England),The cause of conflict in relationship,video,81,BR,Brockwood Park,25 August 1984,1984,T,Public Talk,1,talk,BR84T1-4,Q1-2 The ending of sorrow,library/1A-public-meetings-england/BR84T1-4/BR84T1 - The cause of conflict in relationship.mp4,01 - Public meetings.md#BR84T1-4,
BR84T2,1A,Public Meetings (England),"Looking at fear, that extraordinary jewel",video,70,BR,Brockwood Park,26 August 1984,1984,T,Public Talk,2,talk,BR84T1-4,Q1-2 The ending of sorrow,"library/1A-public-meetings-england/BR84T1-4/BR84T2 - Looking at fear, that extraordinary jewel.mp4",01 - Public meetings.md#BR84T1-4,
BR84T3,1A,Public Meetings (England),Is it possible to end all sorrow?,video,73,BR,Brockwood Park,1 September 1984,1984,T,Public Talk,3,talk,BR84T1-4,Q1-2 The ending of sorrow,library/1A-public-meetings-england/BR84T1-4/BR84T3 - Is it possible to end all sorrow.mp4,01 - Public meetings.md#BR84T1-4,
BR84T4,1A,Public Meetings (England),"The nature, depth and beauty of death",video,70,BR,Brockwood Park,2 September 1984,1984,T,Public Talk,4,talk,BR84T1-4,Q1-2 The ending of sorrow,"library/1A-public-meetings-england/BR84T1-4/BR84T4 - The nature, depth and beauty of death.mp4",01 - Public meetings.md#BR84T1-4,
BR85Q1,1A,Public Meetings (England),1st Question & Answer Meeting,video,82,BR,Brockwood Park,27 August 1985,1985,Q,Question & Answer Meeting,1,qa,BR85T1-4,Q1-2 Facing a world in crisis,library/1A-public-meetings-england/BR85T1-4/BR85Q1 - 1st Question & Answer Meeting.mp4,01 - Public meetings.md#BR85T1-4,
BR85Q2,1A,Public Meetings (England),2nd Question & Answer Meeting,video,85,BR,Brockwood Park,29 August 1985,1985,Q,Question & Answer Meeting,2,qa,BR85T1-4,Q1-2 Facing a world in crisis,library/1A-public-meetings-england/BR85T1-4/BR85Q2 - 2nd Question & Answer Meeting.mp4,01 - Public meetings.md#BR85T1-4,
BR85T1,1A,Public Meetings (England),Why do we have so many problems?,video,71,BR,Brockwood Park,24 August 1985,1985,T,Public Talk,1,talk,BR85T1-4,Q1-2 Facing a world in crisis,library/1A-public-meetings-england/BR85T1-4/BR85T1 - Why do we have so many problems.mp4,01 - Public meetings.md#BR85T1-4,
BR85T2,1A,Public Meetings (England),The relationship of time and thought to fear,video,81,BR,Brockwood Park,25 August 1985,1985,T,Public Talk,2,talk,BR85T1-4,Q1-2 Facing a world in crisis,library/1A-public-meetings-england/BR85T1-4/BR85T2 - The relationship of time and thought to fear.mp4,01 - Public meetings.md#BR85T1-4,
BR85T3,1A,Public Meetings (England),The relationship of freedom to self-interest,video,62,BR,Brockwood Park,31 August 1985,1985,T,Public Talk,3,talk,BR85T1-4,Q1-2 Facing a world in crisis,library/1A-public-meetings-england/BR85T1-4/BR85T3 - The relationship of freedom to self-interest.mp4,01 - Public meetings.md#BR85T1-4,
BR85T4,1A,Public Meetings (England),The nature of the brain that lives religiously,video,70,BR,Brockwood Park,1 September 1985,1985,T,Public Talk,4,talk,BR85T1-4,Q1-2 Facing a world in crisis,library/1A-public-meetings-england/BR85T1-4/BR85T4 - The nature of the brain that lives religiously.mp4,01 - Public meetings.md#BR85T1-4,
LO61T1,1A,Public Meetings (England),What is the mind?,audio,80,LO,London,2 May 1961,1961,T,Public Talk,1,talk,LO61T1-12,The mind must be totally empty to see something new,library/1A-public-meetings-england/LO61T1-12/LO61T1 - What is the mind.m4a,01 - Public meetings.md#LO61T1-12,
LO61T10,1A,Public Meetings (England),What is the quality of the mind that is capable of meditation?,audio,76,LO,London,23 May 1961,1961,T,Public Talk,10,talk,LO61T1-12,The mind must be totally empty to see something new,library/1A-public-meetings-england/LO61T1-12/LO61T10 - What is the quality of the mind that is capable of meditation.m4a,01 - Public meetings.md#LO61T1-12,
LO61T11,1A,Public Meetings (England),The truly religious mind is not a slave to time,audio,68,LO,London,25 May 1961,1961,T,Public Talk,11,talk,LO61T1-12,The mind must be totally empty to see something new,library/1A-public-meetings-england/LO61T1-12/LO61T11 - The truly religious mind is not a slave to time.m4a,01 - Public meetings.md#LO61T1-12,
LO61T12,1A,Public Meetings (England),How is one to understand the totality of suffering?,audio,84,LO,London,28 May 1961,1961,T,Public Talk,12,talk,LO61T1-12,The mind must be totally empty to see something new,library/1A-public-meetings-england/LO61T1-12/LO61T12 - How is one to understand the totality of suffering.m4a,01 - Public meetings.md#LO61T1-12,
LO61T2,1A,Public Meetings (England),What is thinking?,audio,81,LO,London,4 May 1961,1961,T,Public Talk,2,talk,LO61T1-12,The mind must be totally empty to see something new,library/1A-public-meetings-england/LO61T1-12/LO61T2 - What is thinking.m4a,01 - Public meetings.md#LO61T1-12,
LO61T3,1A,Public Meetings (England),Can the mind experience without leaving a residue as memory?,audio,64,LO,London,7 May 1961,1961,T,Public Talk,3,talk,LO61T1-12,The mind must be totally empty to see something new,library/1A-public-meetings-england/LO61T1-12/LO61T3 - Can the mind experience without leaving a residue as memory.m4a,01 - Public meetings.md#LO61T1-12,"Note: Due to a technical fault, the last 15 minutes of this talk was not recorded"
LO61T4,1A,Public Meetings (England),Why has the mind to be occupied?,audio,82,LO,London,9 May 1961,1961,T,Public Talk,4,talk,LO61T1-12,The mind must be totally empty to see something new,library/1A-public-meetings-england/LO61T1-12/LO61T4 - Why has the mind to be occupied.m4a,01 - Public meetings.md#LO61T1-12,
LO61T5,1A,Public Meetings (England),Can the mind free itself from fear?,audio,44,LO,London,11 May 1961,1961,T,Public Talk,5,talk,LO61T1-12,The mind must be totally empty to see something new,library/1A-public-meetings-england/LO61T1-12/LO61T5 - Can the mind free itself from fear.m4a,01 - Public meetings.md#LO61T1-12,"Note: Due to a technical fault, the last 30 minutes of this talk was not recorded"
LO61T6,1A,Public Meetings (England),Can the mind wipe away entirely the conditioning of centuries?,audio,74,LO,London,14 May 1961,1961,T,Public Talk,6,talk,LO61T1-12,The mind must be totally empty to see something new,library/1A-public-meetings-england/LO61T1-12/LO61T6 - Can the mind wipe away entirely the conditioning of centuries.m4a,01 - Public meetings.md#LO61T1-12,
LO61T7,1A,Public Meetings (England),What significance has desire?,audio,69,LO,London,16 May 1961,1961,T,Public Talk,7,talk,LO61T1-12,The mind must be totally empty to see something new,library/1A-public-meetings-england/LO61T1-12/LO61T7 - What significance has desire.m4a,01 - Public meetings.md#LO61T1-12,
LO61T8,1A,Public Meetings (England),Can the mind be free from conflict?,audio,66,LO,London,18 May 1961,1961,T,Public Talk,8,talk,LO61T1-12,The mind must be totally empty to see something new,library/1A-public-meetings-england/LO61T1-12/LO61T8 - Can the mind be free from conflict.m4a,01 - Public meetings.md#LO61T1-12,
LO61T9,1A,Public Meetings (England),Time and death,audio,82,LO,London,21 May 1961,1961,T,Public Talk,9,talk,LO61T1-12,The mind must be totally empty to see something new,library/1A-public-meetings-england/LO61T1-12/LO61T9 - Time and death.m4a,01 - Public meetings.md#LO61T1-12,
LO65D1,1A,Public Meetings (England),Can we deal with life as a whole?,audio,92,LO,London,22 April 1965,1965,D,Public Discussion,1,discussion,LO65D1-6,"To live in the present, time must come to an end",library/1A-public-meetings-england/LO65D1-6/LO65D1 - Can we deal with life as a whole.m4a,01 - Public meetings.md#LO65D1-6,
LO65D2,1A,Public Meetings (England),Effort involves dissipation of energy,audio,93,LO,London,26 April 1965,1965,D,Public Discussion,2,discussion,LO65D1-6,"To live in the present, time must come to an end",library/1A-public-meetings-england/LO65D1-6/LO65D2 - Effort involves dissipation of energy.m4a,01 - Public meetings.md#LO65D1-6,
LO65D3,1A,Public Meetings (England),Time is disorder,audio,85,LO,London,29 April 1965,1965,D,Public Discussion,3,discussion,LO65D1-6,"To live in the present, time must come to an end",library/1A-public-meetings-england/LO65D1-6/LO65D3 - Time is disorder.m4a,01 - Public meetings.md#LO65D1-6,
LO65D4,1A,Public Meetings (England),Is it possible to live in this world without experiencing?,audio,82,LO,London,3 May 1965,1965,D,Public Discussion,4,discussion,LO65D1-6,"To live in the present, time must come to an end",library/1A-public-meetings-england/LO65D1-6/LO65D4 - Is it possible to live in this world without experiencing.m4a,01 - Public meetings.md#LO65D1-6,
LO65D5,1A,Public Meetings (England),On change and meditation,audio,84,LO,London,6 May 1965,1965,D,Public Discussion,5,discussion,LO65D1-6,"To live in the present, time must come to an end",library/1A-public-meetings-england/LO65D1-6/LO65D5 - On change and meditation.m4a,01 - Public meetings.md#LO65D1-6,
LO65D6,1A,Public Meetings (England),Is it possible to look at fear out of silence?,audio,87,LO,London,9 May 1965,1965,D,Public Discussion,6,discussion,LO65D1-6,"To live in the present, time must come to an end",library/1A-public-meetings-england/LO65D1-6/LO65D6 - Is it possible to look at fear out of silence.m4a,01 - Public meetings.md#LO65D1-6,
LO69T1,1A,Public Meetings (England),Looking at violence without the word,audio,94,LO,London,12 March 1969,1969,T,Public Talk,1,talk,LO69T1-4,"Without freedom from the known, the possible cannot be captured",library/1A-public-meetings-england/LO69T1-4/LO69T1 - Looking at violence without the word.m4a,01 - Public meetings.md#LO69T1-4,
LO69T2,1A,Public Meetings (England),Can the mind be free of fear?,audio,77,LO,London,16 March 1969,1969,T,Public Talk,2,talk,LO69T1-4,"Without freedom from the known, the possible cannot be captured",library/1A-public-meetings-england/LO69T1-4/LO69T2 - Can the mind be free of fear.m4a,01 - Public meetings.md#LO69T1-4,
LO69T3,1A,Public Meetings (England),A way of living in which there is no division,audio,90,LO,London,20 March 1969,1969,T,Public Talk,3,talk,LO69T1-4,"Without freedom from the known, the possible cannot be captured",library/1A-public-meetings-england/LO69T1-4/LO69T3 - A way of living in which there is no division.m4a,01 - Public meetings.md#LO69T1-4,
LO69T4,1A,Public Meetings (England),Meditation and the activity of silence,audio,91,LO,London,23 March 1969,1969,T,Public Talk,4,talk,LO69T1-4,"Without freedom from the known, the possible cannot be captured",library/1A-public-meetings-england/LO69T1-4/LO69T4 - Meditation and the activity of silence.m4a,01 - Public meetings.md#LO69T1-4,
LO82T1,1A,Public Meetings (England),Is it possible not to have conflict and not to have images?,audio,86,LO,London,5 June 1982,1982,T,Public Talk,1,talk,LO82T1-2,"London Talks, 1982",library/1A-public-meetings-england/LO82T1-2/LO82T1 - Is it possible not to have conflict and not to have images.m4a,01 - Public meetings.md#LO82T1-2,
LO82T2,1A,Public Meetings (England),Order in consciousness,video,61,LO,London,6 June 1982,1982,T,Public Talk,2,talk,LO82T1-2,"London Talks, 1982",library/1A-public-meetings-england/LO82T1-2/LO82T2 - Order in consciousness.mp4,01 - Public meetings.md#LO82T1-2,
BA71T1,1B,Public Meetings (India and Sri Lanka),What is fear and what is pleasure?,audio,99,BA,Bangalore,30 January 1971,1971,T,Public Talk,1,talk,BA71T1-2,Bangalore Talks,library/1B-public-meetings-india-and-sri-lanka/BA71T1-2/BA71T1 - What is fear and what is pleasure.m4a,01 - Public meetings.md#BA71T1-2,
BA71T2,1B,Public Meetings (India and Sri Lanka),How does the observer come into being?,audio,95,BA,Bangalore,31 January 1971,1971,T,Public Talk,2,talk,BA71T1-2,Bangalore Talks,library/1B-public-meetings-india-and-sri-lanka/BA71T1-2/BA71T2 - How does the observer come into being.m4a,01 - Public meetings.md#BA71T1-2,
BA73T1,1B,Public Meetings (India and Sri Lanka),In the state of attention there is no observer,audio,94,BA,Bangalore,10 January 1973,1973,T,Public Talk,1,talk,BA73T1-3,"Truth is a living thing with no place, abode or time",library/1B-public-meetings-india-and-sri-lanka/BA73T1-3/BA73T1 - In the state of attention there is no observer.m4a,01 - Public meetings.md#BA73T1-3,
BA73T2,1B,Public Meetings (India and Sri Lanka),"Fear, love and death",audio,83,BA,Bangalore,13 January 1973,1973,T,Public Talk,2,talk,BA73T1-3,"Truth is a living thing with no place, abode or time","library/1B-public-meetings-india-and-sri-lanka/BA73T1-3/BA73T2 - Fear, love and death.m4a",01 - Public meetings.md#BA73T1-3,
BA73T3,1B,Public Meetings (India and Sri Lanka),A meditative mind is free of all control,audio,70,BA,Bangalore,14 January 1973,1973,T,Public Talk,3,talk,BA73T1-3,"Truth is a living thing with no place, abode or time",library/1B-public-meetings-india-and-sri-lanka/BA73T1-3/BA73T3 - A meditative mind is free of all control.m4a,01 - Public meetings.md#BA73T1-3,
BA74T1,1B,Public Meetings (India and Sri Lanka),What is your mind?,audio,87,BA,Bangalore,5 January 1974,1974,T,Public Talk,1,talk,BA74T1-4,"Living, love and death are one movement",library/1B-public-meetings-india-and-sri-lanka/BA74T1-4/BA74T1 - What is your mind.m4a,01 - Public meetings.md#BA74T1-4,
BA74T2,1B,Public Meetings (India and Sri Lanka),Is there a non-mechanistic behaviour?,audio,65,BA,Bangalore,6 January 1974,1974,T,Public Talk,2,talk,BA74T1-4,"Living, love and death are one movement",library/1B-public-meetings-india-and-sri-lanka/BA74T1-4/BA74T2 - Is there a non-mechanistic behaviour.m4a,01 - Public meetings.md#BA74T1-4,
BA74T3,1B,Public Meetings (India and Sri Lanka),"Sorrow, love and death",audio,79,BA,Bangalore,12 January 1974,1974,T,Public Talk,3,talk,BA74T1-4,"Living, love and death are one movement","library/1B-public-meetings-india-and-sri-lanka/BA74T1-4/BA74T3 - Sorrow, love and death.m4a",01 - Public meetings.md#BA74T1-4,
BA74T4,1B,Public Meetings (India and Sri Lanka),Meditation is concerned with the whole of life,audio,94,BA,Bangalore,13 January 1974,1974,T,Public Talk,4,talk,BA74T1-4,"Living, love and death are one movement",library/1B-public-meetings-india-and-sri-lanka/BA74T1-4/BA74T4 - Meditation is concerned with the whole of life.m4a,01 - Public meetings.md#BA74T1-4,
BE69T,1B,Public Meetings (India and Sri Lanka),Why does man perpetuate violence?,audio,88,BE,Benares (Varanasi),27 November 1969,1969,T,Public Talk,,talk,,,library/1B-public-meetings-india-and-sri-lanka/BE69T - Why does man perpetuate violence.m4a,01 - Public meetings.md#standalone,
BO69T1,1B,Public Meetings (India and Sri Lanka),A new quality of mind,audio,83,BO,Bombay (Mumbai),7 December 1969,1969,T,Public Talk,1,talk,BO69T1-4,A different dimension of mind,library/1B-public-meetings-india-and-sri-lanka/BO69T1-4/BO69T1 - A new quality of mind.m4a,01 - Public meetings.md#BO69T1-4,
BO69T2,1B,Public Meetings (India and Sri Lanka),Learning is the only movement in life,audio,77,BO,Bombay (Mumbai),10 December 1969,1969,T,Public Talk,2,talk,BO69T1-4,A different dimension of mind,library/1B-public-meetings-india-and-sri-lanka/BO69T1-4/BO69T2 - Learning is the only movement in life.m4a,01 - Public meetings.md#BO69T1-4,
BO69T3,1B,Public Meetings (India and Sri Lanka),Love means living in the movement of the present,audio,83,BO,Bombay (Mumbai),14 December 1969,1969,T,Public Talk,3,talk,BO69T1-4,A different dimension of mind,library/1B-public-meetings-india-and-sri-lanka/BO69T1-4/BO69T3 - Love means living in the movement of the present.m4a,01 - Public meetings.md#BO69T1-4,
BO69T4,1B,Public Meetings (India and Sri Lanka),"Learning, energy and the immobile mind",audio,86,BO,Bombay (Mumbai),17 December 1969,1969,T,Public Talk,4,talk,BO69T1-4,A different dimension of mind,"library/1B-public-meetings-india-and-sri-lanka/BO69T1-4/BO69T4 - Learning, energy and the immobile mind.m4a",01 - Public meetings.md#BO69T1-4,
BO71T1,1B,Public Meetings (India and Sri Lanka),To perceive ‘what is’ is the basis of truth,audio,86,BO,Bombay (Mumbai),7 February 1971,1971,T,Public Talk,1,talk,BO71T1-4,To learn about oneself one has to learn anew each minute,library/1B-public-meetings-india-and-sri-lanka/BO71T1-4/BO71T1 - To perceive ‘what is’ is the basis of truth.m4a,01 - Public meetings.md#BO71T1-4,
BO71T2,1B,Public Meetings (India and Sri Lanka),Direct perception is freedom,audio,80,BO,Bombay (Mumbai),10 February 1971,1971,T,Public Talk,2,talk,BO71T1-4,To learn about oneself one has to learn anew each minute,library/1B-public-meetings-india-and-sri-lanka/BO71T1-4/BO71T2 - Direct perception is freedom.m4a,01 - Public meetings.md#BO71T1-4,
BO71T3,1B,Public Meetings (India and Sri Lanka),Love is that quality of mind in which there is no division,audio,89,BO,Bombay (Mumbai),14 February 1971,1971,T,Public Talk,3,talk,BO71T1-4,To learn about oneself one has to learn anew each minute,library/1B-public-meetings-india-and-sri-lanka/BO71T1-4/BO71T3 - Love is that quality of mind in which there is no division.m4a,01 - Public meetings.md#BO71T1-4,
BO71T4,1B,Public Meetings (India and Sri Lanka),"A mind in meditation is concerned only with meditation, not with the meditator",audio,87,BO,Bombay (Mumbai),17 February 1971,1971,T,Public Talk,4,talk,BO71T1-4,To learn about oneself one has to learn anew each minute,"library/1B-public-meetings-india-and-sri-lanka/BO71T1-4/BO71T4 - A mind in meditation is concerned only with meditation, not with the meditator.m4a",01 - Public meetings.md#BO71T1-4,
BO74T1,1B,Public Meetings (India and Sri Lanka),Can the human mind radically regenerate?,audio,87,BO,Bombay (Mumbai),19 January 1974,1974,T,Public Talk,1,talk,BO74T1-4,Can the mind regenerate itself?,library/1B-public-meetings-india-and-sri-lanka/BO74T1-4/BO74T1 - Can the human mind radically regenerate.m4a,01 - Public meetings.md#BO74T1-4,
BO74T2,1B,Public Meetings (India and Sri Lanka),Can the mind remain with hurt?,audio,66,BO,Bombay (Mumbai),20 January 1974,1974,T,Public Talk,2,talk,BO74T1-4,Can the mind regenerate itself?,library/1B-public-meetings-india-and-sri-lanka/BO74T1-4/BO74T2 - Can the mind remain with hurt.m4a,01 - Public meetings.md#BO74T1-4,
BO74T3,1B,Public Meetings (India and Sri Lanka),"Living, love and the meaning of death",audio,67,BO,Bombay (Mumbai),26 January 1974,1974,T,Public Talk,3,talk,BO74T1-4,Can the mind regenerate itself?,"library/1B-public-meetings-india-and-sri-lanka/BO74T1-4/BO74T3 - Living, love and the meaning of death.m4a",01 - Public meetings.md#BO74T1-4,
BO74T4,1B,Public Meetings (India and Sri Lanka),"Meditation, order and space",audio,84,BO,Bombay (Mumbai),27 January 1974,1974,T,Public Talk,4,talk,BO74T1-4,Can the mind regenerate itself?,"library/1B-public-meetings-india-and-sri-lanka/BO74T1-4/BO74T4 - Meditation, order and space.m4a",01 - Public meetings.md#BO74T1-4,
BO77T1,1B,Public Meetings (India and Sri Lanka),Consciousness and the factors of disorder,audio,74,BO,Bombay (Mumbai),8 January 1977,1977,T,Public Talk,1,talk,BO77T1-4,Is it possible to bring about order in consciousness?,library/1B-public-meetings-india-and-sri-lanka/BO77T1-4/BO77T1 - Consciousness and the factors of disorder.m4a,01 - Public meetings.md#BO77T1-4,
BO77T2,1B,Public Meetings (India and Sri Lanka),"Thought, the thinker, fear and pleasure",audio,69,BO,Bombay (Mumbai),9 January 1977,1977,T,Public Talk,2,talk,BO77T1-4,Is it possible to bring about order in consciousness?,"library/1B-public-meetings-india-and-sri-lanka/BO77T1-4/BO77T2 - Thought, the thinker, fear and pleasure.m4a",01 - Public meetings.md#BO77T1-4,
BO77T3,1B,Public Meetings (India and Sri Lanka),"Suffering, love, compassion and death",audio,63,BO,Bombay (Mumbai),15 January 1977,1977,T,Public Talk,3,talk,BO77T1-4,Is it possible to bring about order in consciousness?,"library/1B-public-meetings-india-and-sri-lanka/BO77T1-4/BO77T3 - Suffering, love, compassion and death.m4a",01 - Public meetings.md#BO77T1-4,
BO77T4,1B,Public Meetings (India and Sri Lanka),Meditation is the essence of order and the understanding of space,audio,67,BO,Bombay (Mumbai),16 January 1977,1977,T,Public Talk,4,talk,BO77T1-4,Is it possible to bring about order in consciousness?,library/1B-public-meetings-india-and-sri-lanka/BO77T1-4/BO77T4 - Meditation is the essence of order and the understanding of space.m4a,01 - Public meetings.md#BO77T1-4,
BO78T1,1B,Public Meetings (India and Sri Lanka),When you change radically it affects all mankind.,audio,76,BO,Bombay (Mumbai),21 January 1978,1978,T,Public Talk,1,talk,BO78T1-4,A total regeneration of the mind,library/1B-public-meetings-india-and-sri-lanka/BO78T1-4/BO78T1 - When you change radically it affects all mankind..m4a,01 - Public meetings.md#BO78T1-4,
BO78T2,1B,Public Meetings (India and Sri Lanka),Can there be a regeneration of the mind?,audio,69,BO,Bombay (Mumbai),22 January 1978,1978,T,Public Talk,2,talk,BO78T1-4,A total regeneration of the mind,library/1B-public-meetings-india-and-sri-lanka/BO78T1-4/BO78T2 - Can there be a regeneration of the mind.m4a,01 - Public meetings.md#BO78T1-4,
BO78T3,1B,Public Meetings (India and Sri Lanka),What makes our lives so disorderly and confused?,audio,67,BO,Bombay (Mumbai),28 January 1978,1978,T,Public Talk,3,talk,BO78T1-4,A total regeneration of the mind,library/1B-public-meetings-india-and-sri-lanka/BO78T1-4/BO78T3 - What makes our lives so disorderly and confused.m4a,01 - Public meetings.md#BO78T1-4,
BO78T4,1B,Public Meetings (India and Sri Lanka),Meditation is a flowering that has no motive.,audio,75,BO,Bombay (Mumbai),29 January 1978,1978,T,Public Talk,4,talk,BO78T1-4,A total regeneration of the mind,library/1B-public-meetings-india-and-sri-lanka/BO78T1-4/BO78T4 - Meditation is a flowering that has no motive..m4a,01 - Public meetings.md#BO78T1-4,
BO79T1,1B,Public Meetings (India and Sri Lanka),Action not based on knowledge,audio,78,BO,Bombay (Mumbai),24 January 1979,1979,T,Public Talk,1,talk,BO79T1-4,Knowing oneself is the beginning of freedom,library/1B-public-meetings-india-and-sri-lanka/BO79T1-4/BO79T1 - Action not based on knowledge.m4a,01 - Public meetings.md#BO79T1-4,
BO79T2,1B,Public Meetings (India and Sri Lanka),Security not based on thought,audio,65,BO,Bombay (Mumbai),27 January 1979,1979,T,Public Talk,2,talk,BO79T1-4,Knowing oneself is the beginning of freedom,library/1B-public-meetings-india-and-sri-lanka/BO79T1-4/BO79T2 - Security not based on thought.m4a,01 - Public meetings.md#BO79T1-4,
BO79T3,1B,Public Meetings (India and Sri Lanka),"Desire, will, pleasure and sorrow",audio,74,BO,Bombay (Mumbai),28 January 1979,1979,T,Public Talk,3,talk,BO79T1-4,Knowing oneself is the beginning of freedom,"library/1B-public-meetings-india-and-sri-lanka/BO79T1-4/BO79T3 - Desire, will, pleasure and sorrow.m4a",01 - Public meetings.md#BO79T1-4,
BO79T4,1B,Public Meetings (India and Sri Lanka),"Time, death, space and meditation",audio,82,BO,Bombay (Mumbai),31 January 1979,1979,T,Public Talk,4,talk,BO79T1-4,Knowing oneself is the beginning of freedom,"library/1B-public-meetings-india-and-sri-lanka/BO79T1-4/BO79T4 - Time, death, space and meditation.m4a",01 - Public meetings.md#BO79T1-4,
BO80T1,1B,Public Meetings (India and Sri Lanka),A crowded brain is incapable of being free,audio,72,BO,Bombay (Mumbai),16 January 1980,1980,T,Public Talk,1,talk,BO80T1-5,The brain can function excellently only in order,library/1B-public-meetings-india-and-sri-lanka/BO80T1-5/BO80T1 - A crowded brain is incapable of being free.m4a,01 - Public meetings.md#BO80T1-5,
BO80T2,1B,Public Meetings (India and Sri Lanka),The tremendous energy of the brain,audio,66,BO,Bombay (Mumbai),19 January 1980,1980,T,Public Talk,2,talk,BO80T1-5,The brain can function excellently only in order,library/1B-public-meetings-india-and-sri-lanka/BO80T1-5/BO80T2 - The tremendous energy of the brain.m4a,01 - Public meetings.md#BO80T1-5,
BO80T3,1B,Public Meetings (India and Sri Lanka),Learning and desire,audio,65,BO,Bombay (Mumbai),20 January 1980,1980,T,Public Talk,3,talk,BO80T1-5,The brain can function excellently only in order,library/1B-public-meetings-india-and-sri-lanka/BO80T1-5/BO80T3 - Learning and desire.m4a,01 - Public meetings.md#BO80T1-5,
BO80T4,1B,Public Meetings (India and Sri Lanka),Time perpetuates the agony of humanity,audio,64,BO,Bombay (Mumbai),27 January 1980,1980,T,Public Talk,4,talk,BO80T1-5,The brain can function excellently only in order,library/1B-public-meetings-india-and-sri-lanka/BO80T1-5/BO80T4 - Time perpetuates the agony of humanity.m4a,01 - Public meetings.md#BO80T1-5,
BO80T5,1B,Public Meetings (India and Sri Lanka),Self-centred occupation creates sorrow,audio,69,BO,Bombay (Mumbai),30 January 1980,1980,T,Public Talk,5,talk,BO80T1-5,The brain can function excellently only in order,library/1B-public-meetings-india-and-sri-lanka/BO80T1-5/BO80T5 - Self-centred occupation creates sorrow.m4a,01 - Public meetings.md#BO80T1-5,
BO82T1,1B,Public Meetings (India and Sri Lanka),Thought limits our lives,audio,76,BO,Bombay (Mumbai),23 January 1982,1982,T,Public Talk,1,talk,BO82T1-6,Can the human condition change radically?,library/1B-public-meetings-india-and-sri-lanka/BO82T1-6/BO82T1 - Thought limits our lives.m4a,01 - Public meetings.md#BO82T1-6,
BO82T2,1B,Public Meetings (India and Sri Lanka),Why have we lost relationship with nature and each other?,audio,66,BO,Bombay (Mumbai),24 January 1982,1982,T,Public Talk,2,talk,BO82T1-6,Can the human condition change radically?,library/1B-public-meetings-india-and-sri-lanka/BO82T1-6/BO82T2 - Why have we lost relationship with nature and each other.m4a,01 - Public meetings.md#BO82T1-6,
BO82T3,1B,Public Meetings (India and Sri Lanka),The movement of fear,audio,71,BO,Bombay (Mumbai),30 January 1982,1982,T,Public Talk,3,talk,BO82T1-6,Can the human condition change radically?,library/1B-public-meetings-india-and-sri-lanka/BO82T1-6/BO82T3 - The movement of fear.m4a,01 - Public meetings.md#BO82T1-6,
BO82T4,1B,Public Meetings (India and Sri Lanka),Remaining with suffering without thought,audio,62,BO,Bombay (Mumbai),31 January 1982,1982,T,Public Talk,4,talk,BO82T1-6,Can the human condition change radically?,library/1B-public-meetings-india-and-sri-lanka/BO82T1-6/BO82T4 - Remaining with suffering without thought.m4a,01 - Public meetings.md#BO82T1-6,
BO82T5,1B,Public Meetings (India and Sri Lanka),"Fragmentation, time and death",audio,68,BO,Bombay (Mumbai),6 February 1982,1982,T,Public Talk,5,talk,BO82T1-6,Can the human condition change radically?,"library/1B-public-meetings-india-and-sri-lanka/BO82T1-6/BO82T5 - Fragmentation, time and death.m4a",01 - Public meetings.md#BO82T1-6,
BO82T6,1B,Public Meetings (India and Sri Lanka),Without meditation there is no religious mind,audio,66,BO,Bombay (Mumbai),7 February 1982,1982,T,Public Talk,6,talk,BO82T1-6,Can the human condition change radically?,library/1B-public-meetings-india-and-sri-lanka/BO82T1-6/BO82T6 - Without meditation there is no religious mind.m4a,01 - Public meetings.md#BO82T1-6,
BO83T1,1B,Public Meetings (India and Sri Lanka),Why do we have problems at all?,audio,77,BO,Bombay (Mumbai),22 January 1983,1983,T,Public Talk,1,talk,BO83T1-4,Is it possible to live a life without a single problem?,library/1B-public-meetings-india-and-sri-lanka/BO83T1-4/BO83T1 - Why do we have problems at all.m4a,01 - Public meetings.md#BO83T1-4,
BO83T2,1B,Public Meetings (India and Sri Lanka),Is it possible to live without a single problem?,audio,77,BO,Bombay (Mumbai),23 January 1983,1983,T,Public Talk,2,talk,BO83T1-4,Is it possible to live a life without a single problem?,library/1B-public-meetings-india-and-sri-lanka/BO83T1-4/BO83T2 - Is it possible to live without a single problem.m4a,01 - Public meetings.md#BO83T1-4,
BO83T3,1B,Public Meetings (India and Sri Lanka),Is there time psychologically?,audio,77,BO,Bombay (Mumbai),29 January 1983,1983,T,Public Talk,3,talk,BO83T1-4,Is it possible to live a life without a single problem?,library/1B-public-meetings-india-and-sri-lanka/BO83T1-4/BO83T3 - Is there time psychologically.m4a,01 - Public meetings.md#BO83T1-4,
BO83T4,1B,Public Meetings (India and Sri Lanka),A religious mind,audio,77,BO,Bombay (Mumbai),30 January 1983,1983,T,Public Talk,4,talk,BO83T1-4,Is it possible to live a life without a single problem?,library/1B-public-meetings-india-and-sri-lanka/BO83T1-4/BO83T4 - A religious mind.m4a,01 - Public meetings.md#BO83T1-4,
BO84Q,1B,Public Meetings (India and Sri Lanka),Question & Answer Meeting,video,76,BO,Bombay (Mumbai),9 February 1984,1984,Q,Question & Answer Meeting,,qa,BO84T1-4,Q Time is the enemy of man,library/1B-public-meetings-india-and-sri-lanka/BO84T1-4/BO84Q - Question & Answer Meeting.mp4,01 - Public meetings.md#BO84T1-4,
BO84T1,1B,Public Meetings (India and Sri Lanka),A different quality of life,video,74,BO,Bombay (Mumbai),4 February 1984,1984,T,Public Talk,1,talk,BO84T1-4,Q Time is the enemy of man,library/1B-public-meetings-india-and-sri-lanka/BO84T1-4/BO84T1 - A different quality of life.mp4,01 - Public meetings.md#BO84T1-4,
BO84T2,1B,Public Meetings (India and Sri Lanka),The endless cycle of action and reaction,video,82,BO,Bombay (Mumbai),5 February 1984,1984,T,Public Talk,2,talk,BO84T1-4,Q Time is the enemy of man,library/1B-public-meetings-india-and-sri-lanka/BO84T1-4/BO84T2 - The endless cycle of action and reaction.mp4,01 - Public meetings.md#BO84T1-4,
BO84T3,1B,Public Meetings (India and Sri Lanka),The art of living and dying,video,79,BO,Bombay (Mumbai),11 February 1984,1984,T,Public Talk,3,talk,BO84T1-4,Q Time is the enemy of man,library/1B-public-meetings-india-and-sri-lanka/BO84T1-4/BO84T3 - The art of living and dying.mp4,01 - Public meetings.md#BO84T1-4,
BO84T4,1B,Public Meetings (India and Sri Lanka),"Love, freedom, goodness, beauty are one",video,74,BO,Bombay (Mumbai),12 February 1984,1984,T,Public Talk,4,talk,BO84T1-4,Q Time is the enemy of man,"library/1B-public-meetings-india-and-sri-lanka/BO84T1-4/BO84T4 - Love, freedom, goodness, beauty are one.mp4",01 - Public meetings.md#BO84T1-4,
BO85Q1,1B,Public Meetings (India and Sri Lanka),1st Question & Answer Meeting,video,92,BO,Bombay (Mumbai),5 February 1985,1985,Q,Question & Answer Meeting,1,qa,BO85T1-4,Q1-2 That benediction is where you are,library/1B-public-meetings-india-and-sri-lanka/BO85T1-4/BO85Q1 - 1st Question & Answer Meeting.mp4,01 - Public meetings.md#BO85T1-4,Note: a total of 1 minute and 21 seconds of missing video is replaced by audio only.
BO85Q2,1B,Public Meetings (India and Sri Lanka),2nd Question & Answer Meeting,video,80,BO,Bombay (Mumbai),7 February 1985,1985,Q,Question & Answer Meeting,2,qa,BO85T1-4,Q1-2 That benediction is where you are,library/1B-public-meetings-india-and-sri-lanka/BO85T1-4/BO85Q2 - 2nd Question & Answer Meeting.mp4,01 - Public meetings.md#BO85T1-4,Note: a total of 8 minutes and 13 seconds of missing video is replaced by audio only.
BO85T1,1B,Public Meetings (India and Sri Lanka),What is our brain?,video,84,BO,Bombay (Mumbai),2 February 1985,1985,T,Public Talk,1,talk,BO85T1-4,Q1-2 That benediction is where you are,library/1B-public-meetings-india-and-sri-lanka/BO85T1-4/BO85T1 - What is our brain.mp4,01 - Public meetings.md#BO85T1-4,Note: a total of 5 seconds of missing video is replaced by audio only.
BO85T2,1B,Public Meetings (India and Sri Lanka),Thought and time are always together,video,74,BO,Bombay (Mumbai),3 February 1985,1985,T,Public Talk,2,talk,BO85T1-4,Q1-2 That benediction is where you are,library/1B-public-meetings-india-and-sri-lanka/BO85T1-4/BO85T2 - Thought and time are always together.mp4,01 - Public meetings.md#BO85T1-4,
BO85T3,1B,Public Meetings (India and Sri Lanka),Sorrow is part of our self-centred activity,video,75,BO,Bombay (Mumbai),9 February 1985,1985,T,Public Talk,3,talk,BO85T1-4,Q1-2 That benediction is where you are,library/1B-public-meetings-india-and-sri-lanka/BO85T1-4/BO85T3 - Sorrow is part of our self-centred activity.mp4,01 - Public meetings.md#BO85T1-4,Note: a total of 50 seconds of missing video is replaced by audio only.
BO85T4,1B,Public Meetings (India and Sri Lanka),Is there a meditation that is not brought about by thought?,video,72,BO,Bombay (Mumbai),10 February 1985,1985,T,Public Talk,4,talk,BO85T1-4,Q1-2 That benediction is where you are,library/1B-public-meetings-india-and-sri-lanka/BO85T1-4/BO85T4 - Is there a meditation that is not brought about by thought.mp4,01 - Public meetings.md#BO85T1-4,
CC82T1,1B,Public Meetings (India and Sri Lanka),Your consciousness is the consciousness of all humanity,video,73,CC,Calcutta (Kolkata),20 November 1982,1982,T,Public Talk,1,talk,CC82T1-4,If you fundamentally change you affect the whole consciousness of,library/1B-public-meetings-india-and-sri-lanka/CC82T1-4/CC82T1 - Your consciousness is the consciousness of all humanity.mp4,01 - Public meetings.md#CC82T1-4,
CC82T2,1B,Public Meetings (India and Sri Lanka),Is there a new instrument totally different from thought?,video,84,CC,Calcutta (Kolkata),21 November 1982,1982,T,Public Talk,2,talk,CC82T1-4,If you fundamentally change you affect the whole consciousness of,library/1B-public-meetings-india-and-sri-lanka/CC82T1-4/CC82T2 - Is there a new instrument totally different from thought.mp4,01 - Public meetings.md#CC82T1-4,
CC82T3,1B,Public Meetings (India and Sri Lanka),What is the nature and the structure of disorder?,video,72,CC,Calcutta (Kolkata),27 November 1982,1982,T,Public Talk,3,talk,CC82T1-4,If you fundamentally change you affect the whole consciousness of,library/1B-public-meetings-india-and-sri-lanka/CC82T1-4/CC82T3 - What is the nature and the structure of disorder.mp4,01 - Public meetings.md#CC82T1-4,
CC82T4,1B,Public Meetings (India and Sri Lanka),"Time, death and meditation",video,75,CC,Calcutta (Kolkata),28 November 1982,1982,T,Public Talk,4,talk,CC82T1-4,If you fundamentally change you affect the whole consciousness of,"library/1B-public-meetings-india-and-sri-lanka/CC82T1-4/CC82T4 - Time, death and meditation.mp4",01 - Public meetings.md#CC82T1-4,Note: a total of 18 minutes and 7 seconds of missing video is replaced by audio only. Poor picture
CO80D,1B,Public Meetings (India and Sri Lanka),The root of all fear,audio,95,CO,Colombo,12 November 1980,1980,D,Public Discussion,,discussion,CO80T1-4,D Magnitude of the mind,library/1B-public-meetings-india-and-sri-lanka/CO80T1-4/CO80D - The root of all fear.m4a,01 - Public meetings.md#CO80T1-4,
CO80T1,1B,Public Meetings (India and Sri Lanka),Life is relationship and action,audio,76,CO,Colombo,8 November 1980,1980,T,Public Talk,1,talk,CO80T1-4,D Magnitude of the mind,library/1B-public-meetings-india-and-sri-lanka/CO80T1-4/CO80T1 - Life is relationship and action.m4a,01 - Public meetings.md#CO80T1-4,
CO80T2,1B,Public Meetings (India and Sri Lanka),The book of life,audio,71,CO,Colombo,9 November 1980,1980,T,Public Talk,2,talk,CO80T1-4,D Magnitude of the mind,library/1B-public-meetings-india-and-sri-lanka/CO80T1-4/CO80T2 - The book of life.m4a,01 - Public meetings.md#CO80T1-4,
CO80T3,1B,Public Meetings (India and Sri Lanka),What is death?,audio,74,CO,Colombo,15 November 1980,1980,T,Public Talk,3,talk,CO80T1-4,D Magnitude of the mind,library/1B-public-meetings-india-and-sri-lanka/CO80T1-4/CO80T3 - What is death.m4a,01 - Public meetings.md#CO80T1-4,
CO80T4,1B,Public Meetings (India and Sri Lanka),What is the magnitude of the mind?,audio,68,CO,Colombo,16 November 1980,1980,T,Public Talk,4,talk,CO80T1-4,D Magnitude of the mind,library/1B-public-meetings-india-and-sri-lanka/CO80T1-4/CO80T4 - What is the magnitude of the mind.m4a,01 - Public meetings.md#CO80T1-4,
MA61T7,1B,Public Meetings (India and Sri Lanka),Death is not separate from life,audio,58,MA,Madras (Chennai) (Chennai),13 December 1961,1961,T,Public Talk,7,talk,MA61T7-8,Death and the religious mind,library/1B-public-meetings-india-and-sri-lanka/MA61T7-8/MA61T7 - Death is not separate from life.m4a,01 - Public meetings.md#MA61T7-8,
MA61T8,1B,Public Meetings (India and Sri Lanka),The religious mind frees itself from the known,audio,59,MA,Madras (Chennai) (Chennai),17 December 1961,1961,T,Public Talk,8,talk,MA61T7-8,Death and the religious mind,library/1B-public-meetings-india-and-sri-lanka/MA61T7-8/MA61T8 - The religious mind frees itself from the known.m4a,01 - Public meetings.md#MA61T7-8,
MA6970D1,1B,Public Meetings (India and Sri Lanka),Can the conditioned mind throw off its conditioning?,audio,87,MA,Madras (Chennai),30 December 1970,6970,D,Public Discussion,1,discussion,MA69T1-4,D1-3 Conditioning exists only when the mind is asleep,library/1B-public-meetings-india-and-sri-lanka/MA69T1-4/MA6970D1 - Can the conditioned mind throw off its conditioning.m4a,01 - Public meetings.md#MA69T1-4,
MA6970D2,1B,Public Meetings (India and Sri Lanka),Meeting a challenge anew,audio,79,MA,Madras (Chennai),2 January 1970,6970,D,Public Discussion,2,discussion,MA69T1-4,D1-3 Conditioning exists only when the mind is asleep,library/1B-public-meetings-india-and-sri-lanka/MA69T1-4/MA6970D2 - Meeting a challenge anew.m4a,01 - Public meetings.md#MA69T1-4,
MA6970D3,1B,Public Meetings (India and Sri Lanka),To live in fear is to be asleep,audio,80,MA,Madras (Chennai),6 January 1970,6970,D,Public Discussion,3,discussion,MA69T1-4,D1-3 Conditioning exists only when the mind is asleep,library/1B-public-meetings-india-and-sri-lanka/MA69T1-4/MA6970D3 - To live in fear is to be asleep.m4a,01 - Public meetings.md#MA69T1-4,
MA6970T1,1B,Public Meetings (India and Sri Lanka),Why is there fragmentation and division?,audio,67,MA,Madras (Chennai),28 December 1969,6970,T,Public Talk,1,talk,MA69T1-4,D1-3 Conditioning exists only when the mind is asleep,library/1B-public-meetings-india-and-sri-lanka/MA69T1-4/MA6970T1 - Why is there fragmentation and division.m4a,01 - Public meetings.md#MA69T1-4,
MA6970T2,1B,Public Meetings (India and Sri Lanka),Order is the total response to a challenge,audio,74,MA,Madras (Chennai),31 December 1969,6970,T,Public Talk,2,talk,MA69T1-4,D1-3 Conditioning exists only when the mind is asleep,library/1B-public-meetings-india-and-sri-lanka/MA69T1-4/MA6970T2 - Order is the total response to a challenge.m4a,01 - Public meetings.md#MA69T1-4,
MA6970T3,1B,Public Meetings (India and Sri Lanka),"Living, dying and love",audio,78,MA,Madras (Chennai),4 January 1970,6970,T,Public Talk,3,talk,MA69T1-4,D1-3 Conditioning exists only when the mind is asleep,"library/1B-public-meetings-india-and-sri-lanka/MA69T1-4/MA6970T3 - Living, dying and love.m4a",01 - Public meetings.md#MA69T1-4,
MA6970T4,1B,Public Meetings (India and Sri Lanka),Meditation concerns the whole of life,audio,72,MA,Madras (Chennai),7 January 1970,6970,T,Public Talk,4,talk,MA69T1-4,D1-3 Conditioning exists only when the mind is asleep,library/1B-public-meetings-india-and-sri-lanka/MA69T1-4/MA6970T4 - Meditation concerns the whole of life.m4a,01 - Public meetings.md#MA69T1-4,
MA71D1,1B,Public Meetings (India and Sri Lanka),What is the place of memory in daily life?,audio,74,MA,Madras (Chennai),12 January 1971,1971,D,Public Discussion,1,discussion,MA71T1-3,D1-2 In complete attention there is no time,library/1B-public-meetings-india-and-sri-lanka/MA71T1-3/MA71D1 - What is the place of memory in daily life.m4a,01 - Public meetings.md#MA71T1-3,
MA71D2,1B,Public Meetings (India and Sri Lanka),Burdened with habits we are not capable of awareness,audio,71,MA,Madras (Chennai),15 January 1971,1971,D,Public Discussion,2,discussion,MA71T1-3,D1-2 In complete attention there is no time,library/1B-public-meetings-india-and-sri-lanka/MA71T1-3/MA71D2 - Burdened with habits we are not capable of awareness.m4a,01 - Public meetings.md#MA71T1-3,
MA71T1,1B,Public Meetings (India and Sri Lanka),Conditioning disappears at the moment of attention,audio,80,MA,Madras (Chennai),6 January 1971,1971,T,Public Talk,1,talk,MA71T1-3,D1-2 In complete attention there is no time,library/1B-public-meetings-india-and-sri-lanka/MA71T1-3/MA71T1 - Conditioning disappears at the moment of attention.m4a,01 - Public meetings.md#MA71T1-3,
MA71T2,1B,Public Meetings (India and Sri Lanka),Why are we fragmented?,audio,75,MA,Madras (Chennai),10 January 1971,1971,T,Public Talk,2,talk,MA71T1-3,D1-2 In complete attention there is no time,library/1B-public-meetings-india-and-sri-lanka/MA71T1-3/MA71T2 - Why are we fragmented.m4a,01 - Public meetings.md#MA71T1-3,
MA71T3,1B,Public Meetings (India and Sri Lanka),"Attention, meditation and understanding oneself",audio,70,MA,Madras (Chennai),13 January 1971,1971,T,Public Talk,3,talk,MA71T1-3,D1-2 In complete attention there is no time,"library/1B-public-meetings-india-and-sri-lanka/MA71T1-3/MA71T3 - Attention, meditation and understanding oneself.m4a",01 - Public meetings.md#MA71T1-3,
MA72D1,1B,Public Meetings (India and Sri Lanka),Why does the mind get hurt?,audio,85,MA,Madras (Chennai),12 December 1972,1972,D,Public Discussion,1,discussion,MA72T1-4,D1-2 Can the mind be free of its content?,library/1B-public-meetings-india-and-sri-lanka/MA72T1-4/MA72D1 - Why does the mind get hurt.m4a,01 - Public meetings.md#MA72T1-4,
MA72D2,1B,Public Meetings (India and Sri Lanka),"Meditation, freedom from the known, and suffering",audio,92,MA,Madras (Chennai),14 December 1972,1972,D,Public Discussion,2,discussion,MA72T1-4,D1-2 Can the mind be free of its content?,"library/1B-public-meetings-india-and-sri-lanka/MA72T1-4/MA72D2 - Meditation, freedom from the known, and suffering.m4a",01 - Public meetings.md#MA72T1-4,
MA72T1,1B,Public Meetings (India and Sri Lanka),Can the mind bring about a radical change in itself?,audio,76,MA,Madras (Chennai),9 December 1972,1972,T,Public Talk,1,talk,MA72T1-4,D1-2 Can the mind be free of its content?,library/1B-public-meetings-india-and-sri-lanka/MA72T1-4/MA72T1 - Can the mind bring about a radical change in itself.m4a,01 - Public meetings.md#MA72T1-4,
MA72T2,1B,Public Meetings (India and Sri Lanka),Observing fear without any movement of thought,audio,60,MA,Madras (Chennai),10 December 1972,1972,T,Public Talk,2,talk,MA72T1-4,D1-2 Can the mind be free of its content?,library/1B-public-meetings-india-and-sri-lanka/MA72T1-4/MA72T2 - Observing fear without any movement of thought.m4a,01 - Public meetings.md#MA72T1-4,
MA72T3,1B,Public Meetings (India and Sri Lanka),"Freedom, order, love and death",audio,75,MA,Madras (Chennai),16 December 1972,1972,T,Public Talk,3,talk,MA72T1-4,D1-2 Can the mind be free of its content?,"library/1B-public-meetings-india-and-sri-lanka/MA72T1-4/MA72T3 - Freedom, order, love and death.m4a",01 - Public meetings.md#MA72T1-4,
MA72T4,1B,Public Meetings (India and Sri Lanka),"What is religion, what is truth?",audio,96,MA,Madras (Chennai),17 December 1972,1972,T,Public Talk,4,talk,MA72T1-4,D1-2 Can the mind be free of its content?,"library/1B-public-meetings-india-and-sri-lanka/MA72T1-4/MA72T4 - What is religion, what is truth.m4a",01 - Public meetings.md#MA72T1-4,
MA73D1,1B,Public Meetings (India and Sri Lanka),Can the mind free itself from the habit of comparison?,audio,90,MA,Madras (Chennai),15 December 1973,1973,D,Public Discussion,1,discussion,MA73T1-4,D1-3 An energy that will transform the human mind,library/1B-public-meetings-india-and-sri-lanka/MA73T1-4/MA73D1 - Can the mind free itself from the habit of comparison.m4a,01 - Public meetings.md#MA73T1-4,
MA73D2,1B,Public Meetings (India and Sri Lanka),We are the world and the world is us,audio,77,MA,Madras (Chennai),16 December 1973,1973,D,Public Discussion,2,discussion,MA73T1-4,D1-3 An energy that will transform the human mind,library/1B-public-meetings-india-and-sri-lanka/MA73T1-4/MA73D2 - We are the world and the world is us.m4a,01 - Public meetings.md#MA73T1-4,
MA73D3,1B,Public Meetings (India and Sri Lanka),Can the brain look at the present without time?,audio,82,MA,Madras (Chennai),20 December 1973,1973,D,Public Discussion,3,discussion,MA73T1-4,D1-3 An energy that will transform the human mind,library/1B-public-meetings-india-and-sri-lanka/MA73T1-4/MA73D3 - Can the brain look at the present without time.m4a,01 - Public meetings.md#MA73T1-4,
MA73T1,1B,Public Meetings (India and Sri Lanka),A different quality of mind not bound by thought,audio,81,MA,Madras (Chennai),18 December 1973,1973,T,Public Talk,1,talk,MA73T1-4,D1-3 An energy that will transform the human mind,library/1B-public-meetings-india-and-sri-lanka/MA73T1-4/MA73T1 - A different quality of mind not bound by thought.m4a,01 - Public meetings.md#MA73T1-4,
MA73T2,1B,Public Meetings (India and Sri Lanka),Living in the past prevents action in the present,audio,86,MA,Madras (Chennai),22 December 1973,1973,T,Public Talk,2,talk,MA73T1-4,D1-3 An energy that will transform the human mind,library/1B-public-meetings-india-and-sri-lanka/MA73T1-4/MA73T2 - Living in the past prevents action in the present.m4a,01 - Public meetings.md#MA73T1-4,
MA73T3,1B,Public Meetings (India and Sri Lanka),Order is essential for survival,audio,82,MA,Madras (Chennai),23 December 1973,1973,T,Public Talk,3,talk,MA73T1-4,D1-3 An energy that will transform the human mind,library/1B-public-meetings-india-and-sri-lanka/MA73T1-4/MA73T3 - Order is essential for survival.m4a,01 - Public meetings.md#MA73T1-4,
MA73T4,1B,Public Meetings (India and Sri Lanka),In meditation there is no direction,audio,76,MA,Madras (Chennai),26 December 1973,1973,T,Public Talk,4,talk,MA73T1-4,D1-3 An energy that will transform the human mind,library/1B-public-meetings-india-and-sri-lanka/MA73T1-4/MA73T4 - In meditation there is no direction.m4a,01 - Public meetings.md#MA73T1-4,
MA74D1,1B,Public Meetings (India and Sri Lanka),Relationship and sleep,audio,89,MA,Madras (Chennai),10 December 1974,1974,D,Public Discussion,1,discussion,MA74T1-4,D1-2 Relationship is challenge and response,library/1B-public-meetings-india-and-sri-lanka/MA74T1-4/MA74D1 - Relationship and sleep.m4a,01 - Public meetings.md#MA74T1-4,
MA74D2,1B,Public Meetings (India and Sri Lanka),Your consciousness is the collective consciousness,audio,89,MA,Madras (Chennai),12 December 1974,1974,D,Public Discussion,2,discussion,MA74T1-4,D1-2 Relationship is challenge and response,library/1B-public-meetings-india-and-sri-lanka/MA74T1-4/MA74D2 - Your consciousness is the collective consciousness.m4a,01 - Public meetings.md#MA74T1-4,
MA74T1,1B,Public Meetings (India and Sri Lanka),Knowledge and envy,audio,79,MA,Madras (Chennai),7 December 1974,1974,T,Public Talk,1,talk,MA74T1-4,D1-2 Relationship is challenge and response,library/1B-public-meetings-india-and-sri-lanka/MA74T1-4/MA74T1 - Knowledge and envy.m4a,01 - Public meetings.md#MA74T1-4,
MA74T2,1B,Public Meetings (India and Sri Lanka),Looking at the content of consciousness,audio,74,MA,Madras (Chennai),8 December 1974,1974,T,Public Talk,2,talk,MA74T1-4,D1-2 Relationship is challenge and response,library/1B-public-meetings-india-and-sri-lanka/MA74T1-4/MA74T2 - Looking at the content of consciousness.m4a,01 - Public meetings.md#MA74T1-4,
MA74T3,1B,Public Meetings (India and Sri Lanka),"Sorrow, passion and death",audio,88,MA,Madras (Chennai),14 December 1974,1974,T,Public Talk,3,talk,MA74T1-4,D1-2 Relationship is challenge and response,"library/1B-public-meetings-india-and-sri-lanka/MA74T1-4/MA74T3 - Sorrow, passion and death.m4a",01 - Public meetings.md#MA74T1-4,
MA74T4,1B,Public Meetings (India and Sri Lanka),Meditation is inquiry into the sacred,audio,85,MA,Madras (Chennai),15 December 1974,1974,T,Public Talk,4,talk,MA74T1-4,D1-2 Relationship is challenge and response,library/1B-public-meetings-india-and-sri-lanka/MA74T1-4/MA74T4 - Meditation is inquiry into the sacred.m4a,01 - Public meetings.md#MA74T1-4,
MA76D1,1B,Public Meetings (India and Sri Lanka),The observer is the past,audio,99,MA,Madras (Chennai),14 December 1976,1976,D,Public Discussion,1,discussion,MA76T1-6,D1-2 Truth comes when there is total order,library/1B-public-meetings-india-and-sri-lanka/MA76T1-6/MA76D1 - The observer is the past.m4a,01 - Public meetings.md#MA76T1-6,
MA76D2,1B,Public Meetings (India and Sri Lanka),Giving all your energy to understand fear,audio,93,MA,Madras (Chennai),16 December 1976,1976,D,Public Discussion,2,discussion,MA76T1-6,D1-2 Truth comes when there is total order,library/1B-public-meetings-india-and-sri-lanka/MA76T1-6/MA76D2 - Giving all your energy to understand fear.m4a,01 - Public meetings.md#MA76T1-6,
MA76T1,1B,Public Meetings (India and Sri Lanka),Relationship without the movement of thought,audio,68,MA,Madras (Chennai),11 December 1976,1976,T,Public Talk,1,talk,MA76T1-6,D1-2 Truth comes when there is total order,library/1B-public-meetings-india-and-sri-lanka/MA76T1-6/MA76T1 - Relationship without the movement of thought.m4a,01 - Public meetings.md#MA76T1-6,
MA76T2,1B,Public Meetings (India and Sri Lanka),Looking into the content of consciousness,audio,72,MA,Madras (Chennai),12 December 1976,1976,T,Public Talk,2,talk,MA76T1-6,D1-2 Truth comes when there is total order,library/1B-public-meetings-india-and-sri-lanka/MA76T1-6/MA76T2 - Looking into the content of consciousness.m4a,01 - Public meetings.md#MA76T1-6,
MA76T3,1B,Public Meetings (India and Sri Lanka),Pleasure and desire,audio,69,MA,Madras (Chennai),18 December 1976,1976,T,Public Talk,3,talk,MA76T1-6,D1-2 Truth comes when there is total order,library/1B-public-meetings-india-and-sri-lanka/MA76T1-6/MA76T3 - Pleasure and desire.m4a,01 - Public meetings.md#MA76T1-6,
MA76T4,1B,Public Meetings (India and Sri Lanka),"Love, compassion and sorrow",audio,60,MA,Madras (Chennai),19 December 1976,1976,T,Public Talk,4,talk,MA76T1-6,D1-2 Truth comes when there is total order,"library/1B-public-meetings-india-and-sri-lanka/MA76T1-6/MA76T4 - Love, compassion and sorrow.m4a",01 - Public meetings.md#MA76T1-6,
MA76T5,1B,Public Meetings (India and Sri Lanka),"Listening, learning and dying",audio,65,MA,Madras (Chennai),25 December 1976,1976,T,Public Talk,5,talk,MA76T1-6,D1-2 Truth comes when there is total order,"library/1B-public-meetings-india-and-sri-lanka/MA76T1-6/MA76T5 - Listening, learning and dying.m4a",01 - Public meetings.md#MA76T1-6,
MA76T6,1B,Public Meetings (India and Sri Lanka),"Religion, meditation and truth",audio,74,MA,Madras (Chennai),26 December 1976,1976,T,Public Talk,6,talk,MA76T1-6,D1-2 Truth comes when there is total order,"library/1B-public-meetings-india-and-sri-lanka/MA76T1-6/MA76T6 - Religion, meditation and truth.m4a",01 - Public meetings.md#MA76T1-6,
MA7778D1,1B,Public Meetings (India and Sri Lanka),Desire in itself is not contradictory,audio,89,MA,Madras (Chennai),27 December 1977,7778,D,Public Discussion,1,discussion,MA7778T1-6,D1-3 Can the brain be free of all pressure?,library/1B-public-meetings-india-and-sri-lanka/MA7778T1-6/MA7778D1 - Desire in itself is not contradictory.m4a,01 - Public meetings.md#MA7778T1-6,
MA7778D2,1B,Public Meetings (India and Sri Lanka),What are you afraid of?,audio,80,MA,Madras (Chennai),29 December 1977,7778,D,Public Discussion,2,discussion,MA7778T1-6,D1-3 Can the brain be free of all pressure?,library/1B-public-meetings-india-and-sri-lanka/MA7778T1-6/MA7778D2 - What are you afraid of.m4a,01 - Public meetings.md#MA7778T1-6,
MA7778D3,1B,Public Meetings (India and Sri Lanka),Discontent with yourself and the world,audio,84,MA,Madras (Chennai),3 January 1978,7778,D,Public Discussion,3,discussion,MA7778T1-6,D1-3 Can the brain be free of all pressure?,library/1B-public-meetings-india-and-sri-lanka/MA7778T1-6/MA7778D3 - Discontent with yourself and the world.m4a,01 - Public meetings.md#MA7778T1-6,
MA7778T1,1B,Public Meetings (India and Sri Lanka),Why should the brain register hurt?,audio,74,MA,Madras (Chennai),24 December 1977,7778,T,Public Talk,1,talk,MA7778T1-6,D1-3 Can the brain be free of all pressure?,library/1B-public-meetings-india-and-sri-lanka/MA7778T1-6/MA7778T1 - Why should the brain register hurt.m4a,01 - Public meetings.md#MA7778T1-6,
MA7778T2,1B,Public Meetings (India and Sri Lanka),Observing the content of consciousness,audio,69,MA,Madras (Chennai),25 December 1977,7778,T,Public Talk,2,talk,MA7778T1-6,D1-3 Can the brain be free of all pressure?,library/1B-public-meetings-india-and-sri-lanka/MA7778T1-6/MA7778T2 - Observing the content of consciousness.m4a,01 - Public meetings.md#MA7778T1-6,
MA7778T3,1B,Public Meetings (India and Sri Lanka),What place has knowledge in correct action?,audio,71,MA,Madras (Chennai),31 December 1977,7778,T,Public Talk,3,talk,MA7778T1-6,D1-3 Can the brain be free of all pressure?,library/1B-public-meetings-india-and-sri-lanka/MA7778T1-6/MA7778T3 - What place has knowledge in correct action.m4a,01 - Public meetings.md#MA7778T1-6,
MA7778T4,1B,Public Meetings (India and Sri Lanka),Fear and pleasure are movements of time,audio,72,MA,Madras (Chennai),1 January 1978,7778,T,Public Talk,4,talk,MA7778T1-6,D1-3 Can the brain be free of all pressure?,library/1B-public-meetings-india-and-sri-lanka/MA7778T1-6/MA7778T4 - Fear and pleasure are movements of time.m4a,01 - Public meetings.md#MA7778T1-6,
MA7778T5,1B,Public Meetings (India and Sri Lanka),The innermost nature of the self is not-a-thing,audio,71,MA,Madras (Chennai),7 January 1978,7778,T,Public Talk,5,talk,MA7778T1-6,D1-3 Can the brain be free of all pressure?,library/1B-public-meetings-india-and-sri-lanka/MA7778T1-6/MA7778T5 - The innermost nature of the self is not-a-thing.m4a,01 - Public meetings.md#MA7778T1-6,
MA7778T6,1B,Public Meetings (India and Sri Lanka),Can the brain renew itself?,audio,67,MA,Madras (Chennai),8 January 1978,7778,T,Public Talk,6,talk,MA7778T1-6,D1-3 Can the brain be free of all pressure?,library/1B-public-meetings-india-and-sri-lanka/MA7778T1-6/MA7778T6 - Can the brain renew itself.m4a,01 - Public meetings.md#MA7778T1-6,
MA7879D1,1B,Public Meetings (India and Sri Lanka),Learning is never ending,audio,90,MA,Madras (Chennai),30 December 1978,7879,D,Public Discussion,1,discussion,MA7879T1-6,D1-3 Life is a movement in learning,library/1B-public-meetings-india-and-sri-lanka/MA7879T1-6/MA7879D1 - Learning is never ending.m4a,01 - Public meetings.md#MA7879T1-6,
MA7879D2,1B,Public Meetings (India and Sri Lanka),Are we aware of division?,video,77,MA,Madras (Chennai),9 January 1979,7879,D,Public Discussion,2,discussion,MA7879T1-6,D1-3 Life is a movement in learning,library/1B-public-meetings-india-and-sri-lanka/MA7879T1-6/MA7879D2 - Are we aware of division.mp4,01 - Public meetings.md#MA7879T1-6,
MA7879D3,1B,Public Meetings (India and Sri Lanka),Can you understand what a religious life is?,video,73,MA,Madras (Chennai),11 January 1979,7879,D,Public Discussion,3,discussion,MA7879T1-6,D1-3 Life is a movement in learning,library/1B-public-meetings-india-and-sri-lanka/MA7879T1-6/MA7879D3 - Can you understand what a religious life is.mp4,01 - Public meetings.md#MA7879T1-6,
MA7879T1,1B,Public Meetings (India and Sri Lanka),Organisations have not saved man,video,83,MA,Madras (Chennai),31 December 1978,7879,T,Public Talk,1,talk,MA7879T1-6,D1-3 Life is a movement in learning,library/1B-public-meetings-india-and-sri-lanka/MA7879T1-6/MA7879T1 - Organisations have not saved man.mp4,01 - Public meetings.md#MA7879T1-6,
MA7879T2,1B,Public Meetings (India and Sri Lanka),An action that is not the outcome of thought,video,70,MA,Madras (Chennai),1 January 1979,7879,T,Public Talk,2,talk,MA7879T1-6,D1-3 Life is a movement in learning,library/1B-public-meetings-india-and-sri-lanka/MA7879T1-6/MA7879T2 - An action that is not the outcome of thought.mp4,01 - Public meetings.md#MA7879T1-6,
MA7879T3,1B,Public Meetings (India and Sri Lanka),Is freedom a matter of time?,video,83,MA,Madras (Chennai),6 January 1979,7879,T,Public Talk,3,talk,MA7879T1-6,D1-3 Life is a movement in learning,library/1B-public-meetings-india-and-sri-lanka/MA7879T1-6/MA7879T3 - Is freedom a matter of time.mp4,01 - Public meetings.md#MA7879T1-6,
MA7879T4,1B,Public Meetings (India and Sri Lanka),What brings about disorder in relationship?,video,88,MA,Madras (Chennai),7 January 1979,7879,T,Public Talk,4,talk,MA7879T1-6,D1-3 Life is a movement in learning,library/1B-public-meetings-india-and-sri-lanka/MA7879T1-6/MA7879T4 - What brings about disorder in relationship.mp4,01 - Public meetings.md#MA7879T1-6,
MA7879T5,1B,Public Meetings (India and Sri Lanka),What is a religious mind?,video,88,MA,Madras (Chennai),13 January 1979,7879,T,Public Talk,5,talk,MA7879T1-6,D1-3 Life is a movement in learning,library/1B-public-meetings-india-and-sri-lanka/MA7879T1-6/MA7879T5 - What is a religious mind.mp4,01 - Public meetings.md#MA7879T1-6,
MA7879T6,1B,Public Meetings (India and Sri Lanka),The movement of meditation,video,88,MA,Madras (Chennai),14 January 1979,7879,T,Public Talk,6,talk,MA7879T1-6,D1-3 Life is a movement in learning,library/1B-public-meetings-india-and-sri-lanka/MA7879T1-6/MA7879T6 - The movement of meditation.mp4,01 - Public meetings.md#MA7879T1-6,Note: a total of 15 minutes and 48 seconds of missing video is replaced by audio only.
MA7980D,1B,Public Meetings (India and Sri Lanka),Bringing together all one’s energy to look at a problem,audio,72,MA,Madras (Chennai),3 January 1980,7980,D,Public Discussion,,discussion,MA7980T1-6,D The seed of a million years,library/1B-public-meetings-india-and-sri-lanka/MA7980T1-6/MA7980D - Bringing together all one’s energy to look at a problem.m4a,01 - Public meetings.md#MA7980T1-6,
MA7980T1,1B,Public Meetings (India and Sri Lanka),The flowering of the seed of a million years,audio,62,MA,Madras (Chennai),22 December 1979,7980,T,Public Talk,1,talk,MA7980T1-6,D The seed of a million years,library/1B-public-meetings-india-and-sri-lanka/MA7980T1-6/MA7980T1 - The flowering of the seed of a million years.m4a,01 - Public meetings.md#MA7980T1-6,
MA7980T2,1B,Public Meetings (India and Sri Lanka),Thought has put together the whole structure of the ‘me’,audio,61,MA,Madras (Chennai),23 December 1979,7980,T,Public Talk,2,talk,MA7980T1-6,D The seed of a million years,library/1B-public-meetings-india-and-sri-lanka/MA7980T1-6/MA7980T2 - Thought has put together the whole structure of the ‘me’.m4a,01 - Public meetings.md#MA7980T1-6,
MA7980T3,1B,Public Meetings (India and Sri Lanka),Where is security found for the brain?,audio,68,MA,Madras (Chennai),29 December 1979,7980,T,Public Talk,3,talk,MA7980T1-6,D The seed of a million years,library/1B-public-meetings-india-and-sri-lanka/MA7980T1-6/MA7980T3 - Where is security found for the brain.m4a,01 - Public meetings.md#MA7980T1-6,
MA7980T4,1B,Public Meetings (India and Sri Lanka),"A mind living in control, conflict and desire is never free",audio,65,MA,Madras (Chennai),30 December 1979,7980,T,Public Talk,4,talk,MA7980T1-6,D The seed of a million years,"library/1B-public-meetings-india-and-sri-lanka/MA7980T1-6/MA7980T4 - A mind living in control, conflict and desire is never free.m4a",01 - Public meetings.md#MA7980T1-6,
MA7980T5,1B,Public Meetings (India and Sri Lanka),Why does the mind live in concepts?,audio,64,MA,Madras (Chennai),5 January 1980,7980,T,Public Talk,5,talk,MA7980T1-6,D The seed of a million years,library/1B-public-meetings-india-and-sri-lanka/MA7980T1-6/MA7980T5 - Why does the mind live in concepts.m4a,01 - Public meetings.md#MA7980T1-6,
MA7980T6,1B,Public Meetings (India and Sri Lanka),"Sorrow, death and meditation",audio,79,MA,Madras (Chennai),6 January 1980,7980,T,Public Talk,6,talk,MA7980T1-6,D The seed of a million years,"library/1B-public-meetings-india-and-sri-lanka/MA7980T1-6/MA7980T6 - Sorrow, death and meditation.m4a",01 - Public meetings.md#MA7980T1-6,
MA8081Q1,1B,Public Meetings (India and Sri Lanka),1st Question & Answer Meeting,video,89,MA,Madras (Chennai),6 January 1981,8081,Q,Question & Answer Meeting,1,qa,MA8081T1-6,Q1-2 Can the brain ever be free from knowledge?,library/1B-public-meetings-india-and-sri-lanka/MA8081T1-6/MA8081Q1 - 1st Question & Answer Meeting.mp4,01 - Public meetings.md#MA8081T1-6,
MA8081Q2,1B,Public Meetings (India and Sri Lanka),2nd Question & Answer Meeting,video,83,MA,Madras (Chennai),17 January 1981,8081,Q,Question & Answer Meeting,2,qa,MA8081T1-6,Q1-2 Can the brain ever be free from knowledge?,library/1B-public-meetings-india-and-sri-lanka/MA8081T1-6/MA8081Q2 - 2nd Question & Answer Meeting.mp4,01 - Public meetings.md#MA8081T1-6,
MA8081T1,1B,Public Meetings (India and Sri Lanka),What is the cause of the present crisis?,video,60,MA,Madras (Chennai),27 December 1980,8081,T,Public Talk,1,talk,MA8081T1-6,Q1-2 Can the brain ever be free from knowledge?,library/1B-public-meetings-india-and-sri-lanka/MA8081T1-6/MA8081T1 - What is the cause of the present crisis.mp4,01 - Public meetings.md#MA8081T1-6,
MA8081T2,1B,Public Meetings (India and Sri Lanka),What is our relationship to another?,video,71,MA,Madras (Chennai),28 December 1980,8081,T,Public Talk,2,talk,MA8081T1-6,Q1-2 Can the brain ever be free from knowledge?,library/1B-public-meetings-india-and-sri-lanka/MA8081T1-6/MA8081T2 - What is our relationship to another.mp4,01 - Public meetings.md#MA8081T1-6,
MA8081T3,1B,Public Meetings (India and Sri Lanka),Salvaging the brain,video,70,MA,Madras (Chennai),3 January 1981,8081,T,Public Talk,3,talk,MA8081T1-6,Q1-2 Can the brain ever be free from knowledge?,library/1B-public-meetings-india-and-sri-lanka/MA8081T1-6/MA8081T3 - Salvaging the brain.mp4,01 - Public meetings.md#MA8081T1-6,
MA8081T4,1B,Public Meetings (India and Sri Lanka),Is there order which thought has never touched?,video,76,MA,Madras (Chennai),4 January 1981,8081,T,Public Talk,4,talk,MA8081T1-6,Q1-2 Can the brain ever be free from knowledge?,library/1B-public-meetings-india-and-sri-lanka/MA8081T1-6/MA8081T4 - Is there order which thought has never touched.mp4,01 - Public meetings.md#MA8081T1-6,
MA8081T5,1B,Public Meetings (India and Sri Lanka),Is thought the cause of the decay of man?,video,74,MA,Madras (Chennai),10 January 1981,8081,T,Public Talk,5,talk,MA8081T1-6,Q1-2 Can the brain ever be free from knowledge?,library/1B-public-meetings-india-and-sri-lanka/MA8081T1-6/MA8081T5 - Is thought the cause of the decay of man.mp4,01 - Public meetings.md#MA8081T1-6,
MA8081T6,1B,Public Meetings (India and Sri Lanka),Can the brain ever be free from the known?,video,81,MA,Madras (Chennai),11 January 1981,8081,T,Public Talk,6,talk,MA8081T1-6,Q1-2 Can the brain ever be free from knowledge?,library/1B-public-meetings-india-and-sri-lanka/MA8081T1-6/MA8081T6 - Can the brain ever be free from the known.mp4,01 - Public meetings.md#MA8081T1-6,
MA8182Q1,1B,Public Meetings (India and Sri Lanka),1st Question & Answer Meeting,video,77,MA,Madras (Chennai),29 December 1981,8182,Q,Question & Answer Meeting,1,qa,MA8182,"T1-6 Q1-2 When you observe ‘what is’, there is no conflict",library/1B-public-meetings-india-and-sri-lanka/MA8182/MA8182Q1 - 1st Question & Answer Meeting.mp4,01 - Public meetings.md#MA8182,
MA8182Q2,1B,Public Meetings (India and Sri Lanka),2nd Question & Answer Meeting,video,86,MA,Madras (Chennai),31 December 1981,8182,Q,Question & Answer Meeting,2,qa,MA8182,"T1-6 Q1-2 When you observe ‘what is’, there is no conflict",library/1B-public-meetings-india-and-sri-lanka/MA8182/MA8182Q2 - 2nd Question & Answer Meeting.mp4,01 - Public meetings.md#MA8182,Note: a total of 49 seconds of missing video is replaced by audio only.
MA8182T1,1B,Public Meetings (India and Sri Lanka),How do we psychologically respond to the present condition of the world?,video,73,MA,Madras (Chennai),26 December 1981,8182,T,Public Talk,1,talk,MA8182,"T1-6 Q1-2 When you observe ‘what is’, there is no conflict",library/1B-public-meetings-india-and-sri-lanka/MA8182/MA8182T1 - How do we psychologically respond to the present condition of the world.mp4,01 - Public meetings.md#MA8182,
MA8182T2,1B,Public Meetings (India and Sri Lanka),Why have we become habituated to conflict?,video,63,MA,Madras (Chennai),27 December 1981,8182,T,Public Talk,2,talk,MA8182,"T1-6 Q1-2 When you observe ‘what is’, there is no conflict",library/1B-public-meetings-india-and-sri-lanka/MA8182/MA8182T2 - Why have we become habituated to conflict.mp4,01 - Public meetings.md#MA8182,
MA8182T3,1B,Public Meetings (India and Sri Lanka),Discovering the causes of disorder,video,73,MA,Madras (Chennai),2 January 1982,8182,T,Public Talk,3,talk,MA8182,"T1-6 Q1-2 When you observe ‘what is’, there is no conflict",library/1B-public-meetings-india-and-sri-lanka/MA8182/MA8182T3 - Discovering the causes of disorder.mp4,01 - Public meetings.md#MA8182,
MA8182T4,1B,Public Meetings (India and Sri Lanka),"Fear, pleasure and suffering are one unitary movement",video,63,MA,Madras (Chennai),3 January 1982,8182,T,Public Talk,4,talk,MA8182,"T1-6 Q1-2 When you observe ‘what is’, there is no conflict","library/1B-public-meetings-india-and-sri-lanka/MA8182/MA8182T4 - Fear, pleasure and suffering are one unitary movement.mp4",01 - Public meetings.md#MA8182,
MA8182T5,1B,Public Meetings (India and Sri Lanka),Can one live a totally integrated life?,video,61,MA,Madras (Chennai),9 January 1982,8182,T,Public Talk,5,talk,MA8182,"T1-6 Q1-2 When you observe ‘what is’, there is no conflict",library/1B-public-meetings-india-and-sri-lanka/MA8182/MA8182T5 - Can one live a totally integrated life.mp4,01 - Public meetings.md#MA8182,Note: a total of 1 minutes and 15 seconds of missing video is replaced by audio only.
MA8182T6,1B,Public Meetings (India and Sri Lanka),In meditation there is no becoming nor being,video,58,MA,Madras (Chennai),10 January 1982,8182,T,Public Talk,6,talk,MA8182,"T1-6 Q1-2 When you observe ‘what is’, there is no conflict",library/1B-public-meetings-india-and-sri-lanka/MA8182/MA8182T6 - In meditation there is no becoming nor being.mp4,01 - Public meetings.md#MA8182,
MA8283Q1,1B,Public Meetings (India and Sri Lanka),1st Question & Answer Meeting,audio,88,MA,Madras (Chennai),28 December 1982,8283,Q,Question & Answer Meeting,1,qa,MA8283T1-4,Q1-2 Why has man become what he is?,library/1B-public-meetings-india-and-sri-lanka/MA8283T1-4/MA8283Q1 - 1st Question & Answer Meeting.m4a,01 - Public meetings.md#MA8283T1-4,
MA8283Q2,1B,Public Meetings (India and Sri Lanka),2nd Question & Answer Meeting,video,70,MA,Madras (Chennai),30 December 1982,8283,Q,Question & Answer Meeting,2,qa,MA8283T1-4,Q1-2 Why has man become what he is?,library/1B-public-meetings-india-and-sri-lanka/MA8283T1-4/MA8283Q2 - 2nd Question & Answer Meeting.mp4,01 - Public meetings.md#MA8283T1-4,
MA8283T1,1B,Public Meetings (India and Sri Lanka),What instrument will solve human problems?,video,65,MA,Madras (Chennai),25 December 1982,8283,T,Public Talk,1,talk,MA8283T1-4,Q1-2 Why has man become what he is?,library/1B-public-meetings-india-and-sri-lanka/MA8283T1-4/MA8283T1 - What instrument will solve human problems.mp4,01 - Public meetings.md#MA8283T1-4,
MA8283T2,1B,Public Meetings (India and Sri Lanka),The mirror of relationship,video,71,MA,Madras (Chennai),26 December 1982,8283,T,Public Talk,2,talk,MA8283T1-4,Q1-2 Why has man become what he is?,library/1B-public-meetings-india-and-sri-lanka/MA8283T1-4/MA8283T2 - The mirror of relationship.mp4,01 - Public meetings.md#MA8283T1-4,Note: a total of 10 minutes and 54 seconds of missing video is replaced by audio only.
MA8283T3,1B,Public Meetings (India and Sri Lanka),Psychological time is the cause of conflict,video,78,MA,Madras (Chennai),1 January 1983,8283,T,Public Talk,3,talk,MA8283T1-4,Q1-2 Why has man become what he is?,library/1B-public-meetings-india-and-sri-lanka/MA8283T1-4/MA8283T3 - Psychological time is the cause of conflict.mp4,01 - Public meetings.md#MA8283T1-4,
MA8283T4,1B,Public Meetings (India and Sri Lanka),Remaining with the challenge of sorrow,video,82,MA,Madras (Chennai),2 January 1983,8283,T,Public Talk,4,talk,MA8283T1-4,Q1-2 Why has man become what he is?,library/1B-public-meetings-india-and-sri-lanka/MA8283T1-4/MA8283T4 - Remaining with the challenge of sorrow.mp4,01 - Public meetings.md#MA8283T1-4,
MA8384Q1,1B,Public Meetings (India and Sri Lanka),1st Question & Answer Meeting,video,83,MA,Madras (Chennai),3 January 1984,8384,Q,Question & Answer Meeting,1,qa,MA8384T1-4,Q1-2 Is it possible to bring about a deep psychological,library/1B-public-meetings-india-and-sri-lanka/MA8384T1-4/MA8384Q1 - 1st Question & Answer Meeting.mp4,01 - Public meetings.md#MA8384T1-4,
MA8384Q2,1B,Public Meetings (India and Sri Lanka),2nd Question & Answer Meeting,video,78,MA,Madras (Chennai),5 January 1984,8384,Q,Question & Answer Meeting,2,qa,MA8384T1-4,Q1-2 Is it possible to bring about a deep psychological,library/1B-public-meetings-india-and-sri-lanka/MA8384T1-4/MA8384Q2 - 2nd Question & Answer Meeting.mp4,01 - Public meetings.md#MA8384T1-4,
MA8384T1,1B,Public Meetings (India and Sri Lanka),Can we radically bring about a change in ourselves?,video,77,MA,Madras (Chennai),31 December 1983,8384,T,Public Talk,1,talk,MA8384T1-4,Q1-2 Is it possible to bring about a deep psychological,library/1B-public-meetings-india-and-sri-lanka/MA8384T1-4/MA8384T1 - Can we radically bring about a change in ourselves.mp4,01 - Public meetings.md#MA8384T1-4,Note: a total of 12 seconds of missing video is replaced by audio only.
MA8384T2,1B,Public Meetings (India and Sri Lanka),What relationship has time to fear?,video,66,MA,Madras (Chennai),1 January 1984,8384,T,Public Talk,2,talk,MA8384T1-4,Q1-2 Is it possible to bring about a deep psychological,library/1B-public-meetings-india-and-sri-lanka/MA8384T1-4/MA8384T2 - What relationship has time to fear.mp4,01 - Public meetings.md#MA8384T1-4,Note: a total of 10 seconds of missing video is replaced by audio only.
MA8384T3,1B,Public Meetings (India and Sri Lanka),To live means also to end,video,72,MA,Madras (Chennai),7 January 1984,8384,T,Public Talk,3,talk,MA8384T1-4,Q1-2 Is it possible to bring about a deep psychological,library/1B-public-meetings-india-and-sri-lanka/MA8384T1-4/MA8384T3 - To live means also to end.mp4,01 - Public meetings.md#MA8384T1-4,
MA8384T4,1B,Public Meetings (India and Sri Lanka),What has religion to do with your daily life?,video,71,MA,Madras (Chennai),8 January 1984,8384,T,Public Talk,4,talk,MA8384T1-4,Q1-2 Is it possible to bring about a deep psychological,library/1B-public-meetings-india-and-sri-lanka/MA8384T1-4/MA8384T4 - What has religion to do with your daily life.mp4,01 - Public meetings.md#MA8384T1-4,
MA8485Q1,1B,Public Meetings (India and Sri Lanka),1st Question & Answer Meeting,video,86,MA,Madras (Chennai),1 January 1985,8485,Q,Question & Answer Meeting,1,qa,MA8485T1-4,Q1-2 Where there is total attention there is no self,library/1B-public-meetings-india-and-sri-lanka/MA8485T1-4/MA8485Q1 - 1st Question & Answer Meeting.mp4,01 - Public meetings.md#MA8485T1-4,Note: a total of 1 minute and 29 seconds of missing video is replaced by audio only.
MA8485Q2,1B,Public Meetings (India and Sri Lanka),2nd Question & Answer Meeting,video,80,MA,Madras (Chennai),3 January 1985,8485,Q,Question & Answer Meeting,2,qa,MA8485T1-4,Q1-2 Where there is total attention there is no self,library/1B-public-meetings-india-and-sri-lanka/MA8485T1-4/MA8485Q2 - 2nd Question & Answer Meeting.mp4,01 - Public meetings.md#MA8485T1-4,
MA8485T1,1B,Public Meetings (India and Sri Lanka),Without change won't we destroy ourselves?,audio,69,MA,Madras (Chennai),29 December 1984,8485,T,Public Talk,1,talk,MA8485T1-4,Q1-2 Where there is total attention there is no self,library/1B-public-meetings-india-and-sri-lanka/MA8485T1-4/MA8485T1 - Without change won't we destroy ourselves.m4a,01 - Public meetings.md#MA8485T1-4,
MA8485T2,1B,Public Meetings (India and Sri Lanka),Can thought give human beings security?,video,86,MA,Madras (Chennai),4 January 1985,8485,T,Public Talk,2,talk,MA8485T1-4,Q1-2 Where there is total attention there is no self,library/1B-public-meetings-india-and-sri-lanka/MA8485T1-4/MA8485T2 - Can thought give human beings security.mp4,01 - Public meetings.md#MA8485T1-4,Note: a total of 14 seconds of missing video is replaced by audio only.
MA8485T3,1B,Public Meetings (India and Sri Lanka),The shallowness of a life without passion,video,83,MA,Madras (Chennai),5 January 1985,8485,T,Public Talk,3,talk,MA8485T1-4,Q1-2 Where there is total attention there is no self,library/1B-public-meetings-india-and-sri-lanka/MA8485T1-4/MA8485T3 - The shallowness of a life without passion.mp4,01 - Public meetings.md#MA8485T1-4,Note: a total of 8 seconds of missing video is replaced by audio only.
MA8485T4,1B,Public Meetings (India and Sri Lanka),Death is not at the far end of life,video,84,MA,Madras (Chennai),6 January 1985,8485,T,Public Talk,4,talk,MA8485T1-4,Q1-2 Where there is total attention there is no self,library/1B-public-meetings-india-and-sri-lanka/MA8485T1-4/MA8485T4 - Death is not at the far end of life.mp4,01 - Public meetings.md#MA8485T1-4,
MA84TR,1B,Public Meetings (India and Sri Lanka),Why is there violence in the human heart?,audio,10,MA,Madras (Chennai),6 November 1984,1984,TR,Public Talk,,recording,,,library/1B-public-meetings-india-and-sri-lanka/MA84TR - Why is there violence in the human heart.m4a,01 - Public meetings.md#standalone,
MA8586T1,1B,Public Meetings (India and Sri Lanka),An action with no past or future,video,70,MA,Madras (Chennai),28 December 1985,8586,T,Public Talk,1,talk,MA8586T1-3,What is life?,library/1B-public-meetings-india-and-sri-lanka/MA8586T1-3/MA8586T1 - An action with no past or future.mp4,01 - Public meetings.md#MA8586T1-3,
MA8586T2,1B,Public Meetings (India and Sri Lanka),Fear destroys love,video,68,MA,Madras (Chennai),1 January 1986,8586,T,Public Talk,2,talk,MA8586T1-3,What is life?,library/1B-public-meetings-india-and-sri-lanka/MA8586T1-3/MA8586T2 - Fear destroys love.mp4,01 - Public meetings.md#MA8586T1-3,
MA8586T3,1B,Public Meetings (India and Sri Lanka),"What is creation, the origin, the beginning?",video,60,MA,Madras (Chennai),4 January 1986,8586,T,Public Talk,3,talk,MA8586T1-3,What is life?,"library/1B-public-meetings-india-and-sri-lanka/MA8586T1-3/MA8586T3 - What is creation, the origin, the beginning.mp4",01 - Public meetings.md#MA8586T1-3,
ND62D1,1B,Public Meetings (India and Sri Lanka),Seeing one conditioning totally breaks down all conditioning,audio,77,ND,New Delhi,2 February 1962,1962,D,Public Discussion,1,discussion,ND62T1-8,D1-2 A complete revolution of the mind,library/1B-public-meetings-india-and-sri-lanka/ND62T1-8/ND62D1 - Seeing one conditioning totally breaks down all conditioning.m4a,01 - Public meetings.md#ND62T1-8,
ND62D2,1B,Public Meetings (India and Sri Lanka),Dreams and consciousness,audio,62,ND,New Delhi,9 February 1962,1962,D,Public Discussion,2,discussion,ND62T1-8,D1-2 A complete revolution of the mind,library/1B-public-meetings-india-and-sri-lanka/ND62T1-8/ND62D2 - Dreams and consciousness.m4a,01 - Public meetings.md#ND62T1-8,
ND62T1,1B,Public Meetings (India and Sri Lanka),By questioning everything an extraordinary revolution takes place,audio,52,ND,New Delhi,21 January 1962,1962,T,Public Talk,1,talk,ND62T1-8,D1-2 A complete revolution of the mind,library/1B-public-meetings-india-and-sri-lanka/ND62T1-8/ND62T1 - By questioning everything an extraordinary revolution takes place.m4a,01 - Public meetings.md#ND62T1-8,
ND62T2,1B,Public Meetings (India and Sri Lanka),A new mind free from the past and authority,audio,60,ND,New Delhi,24 January 1962,1962,T,Public Talk,2,talk,ND62T1-8,D1-2 A complete revolution of the mind,library/1B-public-meetings-india-and-sri-lanka/ND62T1-8/ND62T2 - A new mind free from the past and authority.m4a,01 - Public meetings.md#ND62T1-8,
ND62T3,1B,Public Meetings (India and Sri Lanka),The energy that brings about a mutation of the mind,audio,54,ND,New Delhi,28 January 1962,1962,T,Public Talk,3,talk,ND62T1-8,D1-2 A complete revolution of the mind,library/1B-public-meetings-india-and-sri-lanka/ND62T1-8/ND62T3 - The energy that brings about a mutation of the mind.m4a,01 - Public meetings.md#ND62T1-8,
ND62T5,1B,Public Meetings (India and Sri Lanka),A religious mind has no belief,audio,34,ND,New Delhi,4 February 1962,1962,T,Public Talk,5,talk,ND62T1-8,D1-2 A complete revolution of the mind,library/1B-public-meetings-india-and-sri-lanka/ND62T1-8/ND62T5 - A religious mind has no belief.m4a,01 - Public meetings.md#ND62T1-8,
ND62T6,1B,Public Meetings (India and Sri Lanka),Laying the right foundation for meditation,audio,57,ND,New Delhi,7 February 1962,1962,T,Public Talk,6,talk,ND62T1-8,D1-2 A complete revolution of the mind,library/1B-public-meetings-india-and-sri-lanka/ND62T1-8/ND62T6 - Laying the right foundation for meditation.m4a,01 - Public meetings.md#ND62T1-8,
ND62T7,1B,Public Meetings (India and Sri Lanka),Investigating fear and death,audio,61,ND,New Delhi,11 February 1962,1962,T,Public Talk,7,talk,ND62T1-8,D1-2 A complete revolution of the mind,library/1B-public-meetings-india-and-sri-lanka/ND62T1-8/ND62T7 - Investigating fear and death.m4a,01 - Public meetings.md#ND62T1-8,
ND62T8,1B,Public Meetings (India and Sri Lanka),The freedom and energy necessary for a new way of living,audio,59,ND,New Delhi,14 February 1962,1962,T,Public Talk,8,talk,ND62T1-8,D1-2 A complete revolution of the mind,library/1B-public-meetings-india-and-sri-lanka/ND62T1-8/ND62T8 - The freedom and energy necessary for a new way of living.m4a,01 - Public meetings.md#ND62T1-8,
ND66T1,1B,Public Meetings (India and Sri Lanka),How is a mind so heavily conditioned to be made new?,audio,59,ND,New Delhi,15 December 1966,1966,T,Public Talk,1,talk,ND66T1-4,A total revolution of the mind,library/1B-public-meetings-india-and-sri-lanka/ND66T1-4/ND66T1 - How is a mind so heavily conditioned to be made new.m4a,01 - Public meetings.md#ND66T1-4,
ND66T2,1B,Public Meetings (India and Sri Lanka),Time and will have not changed man,audio,74,ND,New Delhi,18 December 1966,1966,T,Public Talk,2,talk,ND66T1-4,A total revolution of the mind,library/1B-public-meetings-india-and-sri-lanka/ND66T1-4/ND66T2 - Time and will have not changed man.m4a,01 - Public meetings.md#ND66T1-4,
ND66T3,1B,Public Meetings (India and Sri Lanka),Die totally to the past so that the mind is renewed,audio,80,ND,New Delhi,22 December 1966,1966,T,Public Talk,3,talk,ND66T1-4,A total revolution of the mind,library/1B-public-meetings-india-and-sri-lanka/ND66T1-4/ND66T3 - Die totally to the past so that the mind is renewed.m4a,01 - Public meetings.md#ND66T1-4,
ND66T4,1B,Public Meetings (India and Sri Lanka),To bring about a radical transformation demands great energy,audio,84,ND,New Delhi,25 December 1966,1966,T,Public Talk,4,talk,ND66T1-4,A total revolution of the mind,library/1B-public-meetings-india-and-sri-lanka/ND66T1-4/ND66T4 - To bring about a radical transformation demands great energy.m4a,01 - Public meetings.md#ND66T1-4,
ND67T1,1B,Public Meetings (India and Sri Lanka),Freedom and love,audio,67,ND,New Delhi,19 November 1967,1967,T,Public Talk,1,talk,ND67T1-5,To find out what love is one must die to the past,library/1B-public-meetings-india-and-sri-lanka/ND67T1-5/ND67T1 - Freedom and love.m4a,01 - Public meetings.md#ND67T1-5,
ND67T2,1B,Public Meetings (India and Sri Lanka),Being alone means being innocent,audio,77,ND,New Delhi,23 November 1967,1967,T,Public Talk,2,talk,ND67T1-5,To find out what love is one must die to the past,library/1B-public-meetings-india-and-sri-lanka/ND67T1-5/ND67T2 - Being alone means being innocent.m4a,01 - Public meetings.md#ND67T1-5,
ND67T3,1B,Public Meetings (India and Sri Lanka),Love is not mechanical,audio,70,ND,New Delhi,26 November 1967,1967,T,Public Talk,3,talk,ND67T1-5,To find out what love is one must die to the past,library/1B-public-meetings-india-and-sri-lanka/ND67T1-5/ND67T3 - Love is not mechanical.m4a,01 - Public meetings.md#ND67T1-5,
ND67T4,1B,Public Meetings (India and Sri Lanka),Intelligence creates its own austerity,audio,78,ND,New Delhi,30 November 1967,1967,T,Public Talk,4,talk,ND67T1-5,To find out what love is one must die to the past,library/1B-public-meetings-india-and-sri-lanka/ND67T1-5/ND67T4 - Intelligence creates its own austerity.m4a,01 - Public meetings.md#ND67T1-5,
ND67T5,1B,Public Meetings (India and Sri Lanka),What causes disorder inwardly?,audio,84,ND,New Delhi,3 December 1967,1967,T,Public Talk,5,talk,ND67T1-5,To find out what love is one must die to the past,library/1B-public-meetings-india-and-sri-lanka/ND67T1-5/ND67T5 - What causes disorder inwardly.m4a,01 - Public meetings.md#ND67T1-5,
ND69T1,1B,Public Meetings (India and Sri Lanka),How is the mind to act without the past?,audio,69,ND,New Delhi,12 November 1969,1969,T,Public Talk,1,talk,ND69T1-3,Facing the crisis with a new mind and heart,library/1B-public-meetings-india-and-sri-lanka/ND69T1-3/ND69T1 - How is the mind to act without the past.m4a,01 - Public meetings.md#ND69T1-3,
ND69T2,1B,Public Meetings (India and Sri Lanka),Observing with great energy,audio,82,ND,New Delhi,16 November 1969,1969,T,Public Talk,2,talk,ND69T1-3,Facing the crisis with a new mind and heart,library/1B-public-meetings-india-and-sri-lanka/ND69T1-3/ND69T2 - Observing with great energy.m4a,01 - Public meetings.md#ND69T1-3,
ND69T3,1B,Public Meetings (India and Sri Lanka),A fundamental mutation of the mind,audio,81,ND,New Delhi,19 November 1969,1969,T,Public Talk,3,talk,ND69T1-3,Facing the crisis with a new mind and heart,library/1B-public-meetings-india-and-sri-lanka/ND69T1-3/ND69T3 - A fundamental mutation of the mind.m4a,01 - Public meetings.md#ND69T1-3,
ND70T1,1B,Public Meetings (India and Sri Lanka),A psychological revolution,audio,95,ND,New Delhi,10 December 1970,1970,T,Public Talk,1,talk,ND70T1-5,Can a conditioned mind totally change?,library/1B-public-meetings-india-and-sri-lanka/ND70T1-5/ND70T1 - A psychological revolution.m4a,01 - Public meetings.md#ND70T1-5,
ND70T2,1B,Public Meetings (India and Sri Lanka),Responding totally to the demands of life,audio,78,ND,New Delhi,13 December 1970,1970,T,Public Talk,2,talk,ND70T1-5,Can a conditioned mind totally change?,library/1B-public-meetings-india-and-sri-lanka/ND70T1-5/ND70T2 - Responding totally to the demands of life.m4a,01 - Public meetings.md#ND70T1-5,
ND70T3,1B,Public Meetings (India and Sri Lanka),To understand death one must understand time and love,audio,84,ND,New Delhi,17 December 1970,1970,T,Public Talk,3,talk,ND70T1-5,Can a conditioned mind totally change?,library/1B-public-meetings-india-and-sri-lanka/ND70T1-5/ND70T3 - To understand death one must understand time and love.m4a,01 - Public meetings.md#ND70T1-5,
ND70T4,1B,Public Meetings (India and Sri Lanka),A religious mind finds what beauty is,audio,68,ND,New Delhi,20 December 1970,1970,T,Public Talk,4,talk,ND70T1-5,Can a conditioned mind totally change?,library/1B-public-meetings-india-and-sri-lanka/ND70T1-5/ND70T4 - A religious mind finds what beauty is.m4a,01 - Public meetings.md#ND70T1-5,
ND70T5,1B,Public Meetings (India and Sri Lanka),Freeing the mind of the past,audio,78,ND,New Delhi,24 December 1970,1970,T,Public Talk,5,talk,ND70T1-5,Can a conditioned mind totally change?,library/1B-public-meetings-india-and-sri-lanka/ND70T1-5/ND70T5 - Freeing the mind of the past.m4a,01 - Public meetings.md#ND70T1-5,
ND72T1,1B,Public Meetings (India and Sri Lanka),Thought is the origin of fragmentation,audio,96,ND,New Delhi,11 November 1972,1972,T,Public Talk,1,talk,ND72T1-4,There is no freedom without knowing yourself totally,library/1B-public-meetings-india-and-sri-lanka/ND72T1-4/ND72T1 - Thought is the origin of fragmentation.m4a,01 - Public meetings.md#ND72T1-4,
ND72T2,1B,Public Meetings (India and Sri Lanka),Seeing is the action of intelligence,audio,81,ND,New Delhi,12 November 1972,1972,T,Public Talk,2,talk,ND72T1-4,There is no freedom without knowing yourself totally,library/1B-public-meetings-india-and-sri-lanka/ND72T1-4/ND72T2 - Seeing is the action of intelligence.m4a,01 - Public meetings.md#ND72T1-4,
ND72T3,1B,Public Meetings (India and Sri Lanka),Freedom is the immobility of attention,audio,85,ND,New Delhi,18 November 1972,1972,T,Public Talk,3,talk,ND72T1-4,There is no freedom without knowing yourself totally,library/1B-public-meetings-india-and-sri-lanka/ND72T1-4/ND72T3 - Freedom is the immobility of attention.m4a,01 - Public meetings.md#ND72T1-4,
ND72T4,1B,Public Meetings (India and Sri Lanka),Meditation is action without choice or will,audio,84,ND,New Delhi,19 November 1972,1972,T,Public Talk,4,talk,ND72T1-4,There is no freedom without knowing yourself totally,library/1B-public-meetings-india-and-sri-lanka/ND72T1-4/ND72T4 - Meditation is action without choice or will.m4a,01 - Public meetings.md#ND72T1-4,
ND73T1,1B,Public Meetings (India and Sri Lanka),What place has thought in the transformation of man and society?,audio,90,ND,New Delhi,24 November 1973,1973,T,Public Talk,1,talk,ND73T1-4,The quality of energy that will transform man,library/1B-public-meetings-india-and-sri-lanka/ND73T1-4/ND73T1 - What place has thought in the transformation of man and society.m4a,01 - Public meetings.md#ND73T1-4,
ND73T2,1B,Public Meetings (India and Sri Lanka),An energy that will solve all our problems,audio,82,ND,New Delhi,25 November 1973,1973,T,Public Talk,2,talk,ND73T1-4,The quality of energy that will transform man,library/1B-public-meetings-india-and-sri-lanka/ND73T1-4/ND73T2 - An energy that will solve all our problems.m4a,01 - Public meetings.md#ND73T1-4,
ND73T3,1B,Public Meetings (India and Sri Lanka),What does this life mean?,audio,84,ND,New Delhi,1 December 1973,1973,T,Public Talk,3,talk,ND73T1-4,The quality of energy that will transform man,library/1B-public-meetings-india-and-sri-lanka/ND73T1-4/ND73T3 - What does this life mean.m4a,01 - Public meetings.md#ND73T1-4,
ND73T4,1B,Public Meetings (India and Sri Lanka),Meditation is the beginning of order,audio,72,ND,New Delhi,2 December 1973,1973,T,Public Talk,4,talk,ND73T1-4,The quality of energy that will transform man,library/1B-public-meetings-india-and-sri-lanka/ND73T1-4/ND73T4 - Meditation is the beginning of order.m4a,01 - Public meetings.md#ND73T1-4,
ND81T1,1B,Public Meetings (India and Sri Lanka),What is the process of thinking?,audio,77,ND,New Delhi,31 October 1981,1981,T,Public Talk,1,talk,ND81T1-4,The way of meditation,library/1B-public-meetings-india-and-sri-lanka/ND81T1-4/ND81T1 - What is the process of thinking.m4a,01 - Public meetings.md#ND81T1-4,
ND81T2,1B,Public Meetings (India and Sri Lanka),Can we be free of fear?,audio,77,ND,New Delhi,1 November 1981,1981,T,Public Talk,2,talk,ND81T1-4,The way of meditation,library/1B-public-meetings-india-and-sri-lanka/ND81T1-4/ND81T2 - Can we be free of fear.m4a,01 - Public meetings.md#ND81T1-4,
ND81T3,1B,Public Meetings (India and Sri Lanka),"Disorder, sorrow, death and love",audio,77,ND,New Delhi,7 November 1981,1981,T,Public Talk,3,talk,ND81T1-4,The way of meditation,"library/1B-public-meetings-india-and-sri-lanka/ND81T1-4/ND81T3 - Disorder, sorrow, death and love.m4a",01 - Public meetings.md#ND81T1-4,
ND81T4,1B,Public Meetings (India and Sri Lanka),Meditation is the release of creative energy,audio,77,ND,New Delhi,8 November 1981,1981,T,Public Talk,4,talk,ND81T1-4,The way of meditation,library/1B-public-meetings-india-and-sri-lanka/ND81T1-4/ND81T4 - Meditation is the release of creative energy.m4a,01 - Public meetings.md#ND81T1-4,
ND82T1,1B,Public Meetings (India and Sri Lanka),The root cause of confusion,audio,72,ND,New Delhi,30 October 1982,1982,T,Public Talk,1,talk,ND82T1-4,Living without measurement is part of meditation,library/1B-public-meetings-india-and-sri-lanka/ND82T1-4/ND82T1 - The root cause of confusion.m4a,01 - Public meetings.md#ND82T1-4,
ND82T2,1B,Public Meetings (India and Sri Lanka),"Conflict, duality and observation",audio,67,ND,New Delhi,31 October 1982,1982,T,Public Talk,2,talk,ND82T1-4,Living without measurement is part of meditation,"library/1B-public-meetings-india-and-sri-lanka/ND82T1-4/ND82T2 - Conflict, duality and observation.m4a",01 - Public meetings.md#ND82T1-4,
ND82T3,1B,Public Meetings (India and Sri Lanka),Factors of disorder,audio,80,ND,New Delhi,6 November 1982,1982,T,Public Talk,3,talk,ND82T1-4,Living without measurement is part of meditation,library/1B-public-meetings-india-and-sri-lanka/ND82T1-4/ND82T3 - Factors of disorder.m4a,01 - Public meetings.md#ND82T1-4,
ND82T4,1B,Public Meetings (India and Sri Lanka),In ending is a new beginning,audio,69,ND,New Delhi,7 November 1982,1982,T,Public Talk,4,talk,ND82T1-4,Living without measurement is part of meditation,library/1B-public-meetings-india-and-sri-lanka/ND82T1-4/ND82T4 - In ending is a new beginning.m4a,01 - Public meetings.md#ND82T1-4,
ND83T1,1B,Public Meetings (India and Sri Lanka),Bringing about peace requires great intelligence,audio,77,ND,New Delhi,6 November 1983,1983,T,Public Talk,1,talk,ND83T1-4,The shared consciousness of humanity,library/1B-public-meetings-india-and-sri-lanka/ND83T1-4/ND83T1 - Bringing about peace requires great intelligence.m4a,01 - Public meetings.md#ND83T1-4,
ND83T2,1B,Public Meetings (India and Sri Lanka),Your consciousness is not separate from humanity’s,audio,75,ND,New Delhi,7 November 1983,1983,T,Public Talk,2,talk,ND83T1-4,The shared consciousness of humanity,library/1B-public-meetings-india-and-sri-lanka/ND83T1-4/ND83T2 - Your consciousness is not separate from humanity’s.m4a,01 - Public meetings.md#ND83T1-4,
ND83T3,1B,Public Meetings (India and Sri Lanka),"Fear, thought and love",audio,74,ND,New Delhi,12 November 1983,1983,T,Public Talk,3,talk,ND83T1-4,The shared consciousness of humanity,"library/1B-public-meetings-india-and-sri-lanka/ND83T1-4/ND83T3 - Fear, thought and love.m4a",01 - Public meetings.md#ND83T1-4,
ND83T4,1B,Public Meetings (India and Sri Lanka),Being with death while living,audio,81,ND,New Delhi,13 November 1983,1983,T,Public Talk,4,talk,ND83T1-4,The shared consciousness of humanity,library/1B-public-meetings-india-and-sri-lanka/ND83T1-4/ND83T4 - Being with death while living.m4a,01 - Public meetings.md#ND83T1-4,
RA72T1,1B,Public Meetings (India and Sri Lanka),An energy that has never known corruption,audio,84,RA,Rajghat,25 November 1972,1972,T,Public Talk,1,talk,RA72T1-2,Beliefs dissipate energy,library/1B-public-meetings-india-and-sri-lanka/RA72T1-2/RA72T1 - An energy that has never known corruption.m4a,01 - Public meetings.md#RA72T1-2,
RA72T2,1B,Public Meetings (India and Sri Lanka),Can the mind observe without time?,audio,83,RA,Rajghat,26 November 1972,1972,T,Public Talk,2,talk,RA72T1-2,Beliefs dissipate energy,library/1B-public-meetings-india-and-sri-lanka/RA72T1-2/RA72T2 - Can the mind observe without time.m4a,01 - Public meetings.md#RA72T1-2,
RA74T1,1B,Public Meetings (India and Sri Lanka),Suffering and the stream of consciousness,audio,81,RA,Rajghat,23 November 1974,1974,T,Public Talk,1,talk,RA74T1-2,A different energy that comes with meditation,library/1B-public-meetings-india-and-sri-lanka/RA74T1-2/RA74T1 - Suffering and the stream of consciousness.m4a,01 - Public meetings.md#RA74T1-2,
RA74T2,1B,Public Meetings (India and Sri Lanka),Truth has no abiding place,audio,92,RA,Rajghat,24 November 1974,1974,T,Public Talk,2,talk,RA74T1-2,A different energy that comes with meditation,library/1B-public-meetings-india-and-sri-lanka/RA74T1-2/RA74T2 - Truth has no abiding place.m4a,01 - Public meetings.md#RA74T1-2,
RA76D1,1B,Public Meetings (India and Sri Lanka),The trap,audio,82,RA,Rajghat,4 November 1976,1976,D,Public Discussion,1,discussion,RA76T1-2,D1-2 Can you live without images?,library/1B-public-meetings-india-and-sri-lanka/RA76T1-2/RA76D1 - The trap.m4a,01 - Public meetings.md#RA76T1-2,
RA76D2,1B,Public Meetings (India and Sri Lanka),Is it possible not to be hurt?,audio,93,RA,Rajghat,6 November 1976,1976,D,Public Discussion,2,discussion,RA76T1-2,D1-2 Can you live without images?,library/1B-public-meetings-india-and-sri-lanka/RA76T1-2/RA76D2 - Is it possible not to be hurt.m4a,01 - Public meetings.md#RA76T1-2,
RA76T1,1B,Public Meetings (India and Sri Lanka),Can the image-making machinery stop?,audio,90,RA,Rajghat,3 November 1976,1976,T,Public Talk,1,talk,RA76T1-2,D1-2 Can you live without images?,library/1B-public-meetings-india-and-sri-lanka/RA76T1-2/RA76T1 - Can the image-making machinery stop.m4a,01 - Public meetings.md#RA76T1-2,
RA76T2,1B,Public Meetings (India and Sri Lanka),"Desire, suffering, death and meditation",audio,75,RA,Rajghat,7 November 1976,1976,T,Public Talk,2,talk,RA76T1-2,D1-2 Can you live without images?,"library/1B-public-meetings-india-and-sri-lanka/RA76T1-2/RA76T2 - Desire, suffering, death and meditation.m4a",01 - Public meetings.md#RA76T1-2,
RA78T1,1B,Public Meetings (India and Sri Lanka),What is the cause of our destructive way of living?,audio,70,RA,Rajghat,11 November 1978,1978,T,Public Talk,1,talk,RA78T1-2,What is the beginning of disorder?,library/1B-public-meetings-india-and-sri-lanka/RA78T1-2/RA78T1 - What is the cause of our destructive way of living.m4a,01 - Public meetings.md#RA78T1-2,
RA78T2,1B,Public Meetings (India and Sri Lanka),Do you know your life is in disorder?,audio,89,RA,Rajghat,12 November 1978,1978,T,Public Talk,2,talk,RA78T1-2,What is the beginning of disorder?,library/1B-public-meetings-india-and-sri-lanka/RA78T1-2/RA78T2 - Do you know your life is in disorder.m4a,01 - Public meetings.md#RA78T1-2,
RA81Q,1B,Public Meetings (India and Sri Lanka),Question & answer meeting,audio,77,RA,Rajghat,28 November 1981,1981,Q,Question & Answer Meeting,,qa,RA81T1-3,"Q Thought, fear, death and meditation",library/1B-public-meetings-india-and-sri-lanka/RA81T1-3/RA81Q - Question & answer meeting.m4a,01 - Public meetings.md#RA81T1-3,
RA81T1,1B,Public Meetings (India and Sri Lanka),Thought in relationships brings disorder,audio,92,RA,Rajghat,25 November 1981,1981,T,Public Talk,1,talk,RA81T1-3,"Q Thought, fear, death and meditation",library/1B-public-meetings-india-and-sri-lanka/RA81T1-3/RA81T1 - Thought in relationships brings disorder.m4a,01 - Public meetings.md#RA81T1-3,
RA81T2,1B,Public Meetings (India and Sri Lanka),Perceiving the whole movement of fear,audio,65,RA,Rajghat,26 November 1981,1981,T,Public Talk,2,talk,RA81T1-3,"Q Thought, fear, death and meditation",library/1B-public-meetings-india-and-sri-lanka/RA81T1-3/RA81T2 - Perceiving the whole movement of fear.m4a,01 - Public meetings.md#RA81T1-3,
RA81T3,1B,Public Meetings (India and Sri Lanka),Understanding the nature of meditation,audio,82,RA,Rajghat,29 November 1981,1981,T,Public Talk,3,talk,RA81T1-3,"Q Thought, fear, death and meditation",library/1B-public-meetings-india-and-sri-lanka/RA81T1-3/RA81T3 - Understanding the nature of meditation.m4a,01 - Public meetings.md#RA81T1-3,
RA84T1,1B,Public Meetings (India and Sri Lanka),What is the significance of our daily life?,video,82,RA,Rajghat,11 November 1984,1984,T,Public Talk,1,talk,RA84T1-4,There is beauty only when the self is not,library/1B-public-meetings-india-and-sri-lanka/RA84T1-4/RA84T1 - What is the significance of our daily life.mp4,01 - Public meetings.md#RA84T1-4,Note: About 2 minutes of missing video is replaced by audio only.
RA84T2,1B,Public Meetings (India and Sri Lanka),A religious mind has great sense of beauty,video,85,RA,Rajghat,12 November 1984,1984,T,Public Talk,2,talk,RA84T1-4,There is beauty only when the self is not,library/1B-public-meetings-india-and-sri-lanka/RA84T1-4/RA84T2 - A religious mind has great sense of beauty.mp4,01 - Public meetings.md#RA84T1-4,
RA84T3,1B,Public Meetings (India and Sri Lanka),Unless you radically change now the future is what you are now,audio,77,RA,Rajghat,24 November 1984,1984,T,Public Talk,3,talk,RA84T1-4,There is beauty only when the self is not,library/1B-public-meetings-india-and-sri-lanka/RA84T1-4/RA84T3 - Unless you radically change now the future is what you are now.m4a,01 - Public meetings.md#RA84T1-4,
RA84T4,1B,Public Meetings (India and Sri Lanka),What place has thought in the movement of desire?,audio,77,RA,Rajghat,25 November 1984,1984,T,Public Talk,4,talk,RA84T1-4,There is beauty only when the self is not,library/1B-public-meetings-india-and-sri-lanka/RA84T1-4/RA84T4 - What place has thought in the movement of desire.m4a,01 - Public meetings.md#RA84T1-4,
RA85D,1B,Public Meetings (India and Sri Lanka),Why do we divide the spiritual and the mundane?,video,92,RA,Rajghat,21 November 1985,1985,D,Public Discussion,,discussion,RA85T1-3,"D As long as there is a meditator, there is no meditation",library/1B-public-meetings-india-and-sri-lanka/RA85T1-3/RA85D - Why do we divide the spiritual and the mundane.mp4,01 - Public meetings.md#RA85T1-3,
RA85T1,1B,Public Meetings (India and Sri Lanka),"Whatever you think, you are",video,76,RA,Rajghat,18 November 1985,1985,T,Public Talk,1,talk,RA85T1-3,"D As long as there is a meditator, there is no meditation","library/1B-public-meetings-india-and-sri-lanka/RA85T1-3/RA85T1 - Whatever you think, you are.mp4",01 - Public meetings.md#RA85T1-3,
RA85T2,1B,Public Meetings (India and Sri Lanka),All time is contained now,video,76,RA,Rajghat,19 November 1985,1985,T,Public Talk,2,talk,RA85T1-3,"D As long as there is a meditator, there is no meditation",library/1B-public-meetings-india-and-sri-lanka/RA85T1-3/RA85T2 - All time is contained now.mp4,01 - Public meetings.md#RA85T1-3,
RA85T3,1B,Public Meetings (India and Sri Lanka),"As long as there is a meditator, there is no meditation",video,84,RA,Rajghat,22 November 1985,1985,T,Public Talk,3,talk,RA85T1-3,"D As long as there is a meditator, there is no meditation","library/1B-public-meetings-india-and-sri-lanka/RA85T1-3/RA85T3 - As long as there is a meditator, there is no meditation.mp4",01 - Public meetings.md#RA85T1-3,
RV77T1,1B,Public Meetings (India and Sri Lanka),Is it possible to bring about a mutation in consciousness?,audio,86,RV,Rishi Valley,3 December 1977,1977,T,Public Talk,1,talk,RV77T1-3,Can consciousness become aware of itself?,library/1B-public-meetings-india-and-sri-lanka/RV77T1-3/RV77T1 - Is it possible to bring about a mutation in consciousness.m4a,01 - Public meetings.md#RV77T1-3,
RV77T2,1B,Public Meetings (India and Sri Lanka),Listening without resistance,audio,79,RV,Rishi Valley,5 December 1977,1977,T,Public Talk,2,talk,RV77T1-3,Can consciousness become aware of itself?,library/1B-public-meetings-india-and-sri-lanka/RV77T1-3/RV77T2 - Listening without resistance.m4a,01 - Public meetings.md#RV77T1-3,
RV77T3,1B,Public Meetings (India and Sri Lanka),Looking freely,audio,72,RV,Rishi Valley,7 December 1977,1977,T,Public Talk,3,talk,RV77T1-3,Can consciousness become aware of itself?,library/1B-public-meetings-india-and-sri-lanka/RV77T1-3/RV77T3 - Looking freely.m4a,01 - Public meetings.md#RV77T1-3,
BK69T1,1C,Public Meetings (USA),Can the mind be free?,audio,99,BK,"Berkeley, California",3 February 1969,1969,T,Public Talk,1,talk,BK69T1-4,Can thought be silent?,library/1C-public-meetings-usa/BK69T1-4/BK69T1 - Can the mind be free.m4a,01 - Public meetings.md#BK69T1-4,
BK69T2,1C,Public Meetings (USA),Thought sustains fear and pleasure,audio,67,BK,"Berkeley, California",4 February 1969,1969,T,Public Talk,2,talk,BK69T1-4,Can thought be silent?,library/1C-public-meetings-usa/BK69T1-4/BK69T2 - Thought sustains fear and pleasure.m4a,01 - Public meetings.md#BK69T1-4,
BK69T3,1C,Public Meetings (USA),"Life, death and love",audio,69,BK,"Berkeley, California",5 February 1969,1969,T,Public Talk,3,talk,BK69T1-4,Can thought be silent?,"library/1C-public-meetings-usa/BK69T1-4/BK69T3 - Life, death and love.m4a",01 - Public meetings.md#BK69T1-4,
BK69T4,1C,Public Meetings (USA),True revolution,audio,67,BK,"Berkeley, California",6 February 1969,1969,T,Public Talk,4,talk,BK69T1-4,Can thought be silent?,library/1C-public-meetings-usa/BK69T1-4/BK69T4 - True revolution.m4a,01 - Public meetings.md#BK69T1-4,
NY71T1,1C,Public Meetings (USA),To be aware of our past,video,91,NY,New York,17 April 1971,1971,T,Public Talk,1,talk,NY71T1-4,Meditation is the emptying of the mind of will,library/1C-public-meetings-usa/NY71T1-4/NY71T1 - To be aware of our past.mp4,01 - Public meetings.md#NY71T1-4,Note: a total of 8 minutes and 50 seconds of missing video is replaced by audio only.
NY71T2,1C,Public Meetings (USA),"What you think, you are",video,98,NY,New York,18 April 1971,1971,T,Public Talk,2,talk,NY71T1-4,Meditation is the emptying of the mind of will,"library/1C-public-meetings-usa/NY71T1-4/NY71T2 - What you think, you are.mp4",01 - Public meetings.md#NY71T1-4,Note: a total of 3 minutes and 25 seconds of missing video is replaced by audio only.
NY71T3,1C,Public Meetings (USA),Relationship,video,97,NY,New York,24 April 1971,1971,T,Public Talk,3,talk,NY71T1-4,Meditation is the emptying of the mind of will,library/1C-public-meetings-usa/NY71T1-4/NY71T3 - Relationship.mp4,01 - Public meetings.md#NY71T1-4,Note: a total of 3 minutes and 36 seconds of missing video is replaced by audio only.
NY71T4,1C,Public Meetings (USA),Can the mind become quiet?,video,91,NY,New York,25 April 1971,1971,T,Public Talk,4,talk,NY71T1-4,Meditation is the emptying of the mind of will,library/1C-public-meetings-usa/NY71T1-4/NY71T4 - Can the mind become quiet.mp4,01 - Public meetings.md#NY71T1-4,Note: a total of 3 minutes and 7 seconds of missing video is replaced by audio only.
NY83T1,1C,Public Meetings (USA),Why are human beings what they are now?,audio,67,NY,New York,9 April 1983,1983,T,Public Talk,1,talk,NY83T1-2,Fundamental change in consciousness,library/1C-public-meetings-usa/NY83T1-2/NY83T1 - Why are human beings what they are now.m4a,01 - Public meetings.md#NY83T1-2,
NY83T2,1C,Public Meetings (USA),An urgent change,audio,82,NY,New York,10 April 1983,1983,T,Public Talk,2,talk,NY83T1-2,Fundamental change in consciousness,library/1C-public-meetings-usa/NY83T1-2/NY83T2 - An urgent change.m4a,01 - Public meetings.md#NY83T1-2,
OJ49T1,1C,Public Meetings (USA),Does self-knowledge come through searching?,audio,59,OJ,"Ojai, California",16 July 1949,1949,T,Public Talk,1,talk,OJ49T1-14,Self-knowledge is the beginning of wisdom,library/1C-public-meetings-usa/OJ49T1-14/OJ49T1 - Does self-knowledge come through searching.m4a,01 - Public meetings.md#OJ49T1-14,
OJ49T10,1C,Public Meetings (USA),Without self-knowledge there cannot be complete action,audio,62,OJ,"Ojai, California",14 August 1949,1949,T,Public Talk,10,talk,OJ49T1-14,Self-knowledge is the beginning of wisdom,library/1C-public-meetings-usa/OJ49T1-14/OJ49T10 - Without self-knowledge there cannot be complete action.m4a,01 - Public meetings.md#OJ49T1-14,
OJ49T11,1C,Public Meetings (USA),Why do we want to dominate or be subservient to another?,audio,62,OJ,"Ojai, California",20 August 1949,1949,T,Public Talk,11,talk,OJ49T1-14,Self-knowledge is the beginning of wisdom,library/1C-public-meetings-usa/OJ49T1-14/OJ49T11 - Why do we want to dominate or be subservient to another.m4a,01 - Public meetings.md#OJ49T1-14,
OJ49T12,1C,Public Meetings (USA),Why do we seek a method or technique?,audio,42,OJ,"Ojai, California",21 August 1949,1949,T,Public Talk,12,talk,OJ49T1-14,Self-knowledge is the beginning of wisdom,library/1C-public-meetings-usa/OJ49T1-14/OJ49T12 - Why do we seek a method or technique.m4a,01 - Public meetings.md#OJ49T1-14,
OJ49T13,1C,Public Meetings (USA),Simplicity comes into being when there is freedom from the desire to achieve,audio,72,OJ,"Ojai, California",27 August 1949,1949,T,Public Talk,13,talk,OJ49T1-14,Self-knowledge is the beginning of wisdom,library/1C-public-meetings-usa/OJ49T1-14/OJ49T13 - Simplicity comes into being when there is freedom from the desire to achieve.m4a,01 - Public meetings.md#OJ49T1-14,
OJ49T14,1C,Public Meetings (USA),Why do we seek?,audio,62,OJ,"Ojai, California",28 August 1949,1949,T,Public Talk,14,talk,OJ49T1-14,Self-knowledge is the beginning of wisdom,library/1C-public-meetings-usa/OJ49T1-14/OJ49T14 - Why do we seek.m4a,01 - Public meetings.md#OJ49T1-14,
OJ49T2,1C,Public Meetings (USA),Relationship has significance only when it is a process of selfrevelation,audio,37,OJ,"Ojai, California",17 July 1949,1949,T,Public Talk,2,talk,OJ49T1-14,Self-knowledge is the beginning of wisdom,library/1C-public-meetings-usa/OJ49T1-14/OJ49T2 - Relationship has significance only when it is a process of selfrevelation.m4a,01 - Public meetings.md#OJ49T1-14,
OJ49T3,1C,Public Meetings (USA),If we had no belief what would happen to us?,audio,39,OJ,"Ojai, California",23 July 1949,1949,T,Public Talk,3,talk,OJ49T1-14,Self-knowledge is the beginning of wisdom,library/1C-public-meetings-usa/OJ49T1-14/OJ49T3 - If we had no belief what would happen to us.m4a,01 - Public meetings.md#OJ49T1-14,
OJ49T4,1C,Public Meetings (USA),Simplicity cannot be found unless one is free inwardly,audio,57,OJ,"Ojai, California",24 July 1949,1949,T,Public Talk,4,talk,OJ49T1-14,Self-knowledge is the beginning of wisdom,library/1C-public-meetings-usa/OJ49T1-14/OJ49T4 - Simplicity cannot be found unless one is free inwardly.m4a,01 - Public meetings.md#OJ49T1-14,
OJ49T5,1C,Public Meetings (USA),How is one to be aware?,audio,64,OJ,"Ojai, California",30 July 1949,1949,T,Public Talk,5,talk,OJ49T1-14,Self-knowledge is the beginning of wisdom,library/1C-public-meetings-usa/OJ49T1-14/OJ49T5 - How is one to be aware.m4a,01 - Public meetings.md#OJ49T1-14,
OJ49T6,1C,Public Meetings (USA),What is true religion?,audio,47,OJ,"Ojai, California",31 July 1949,1949,T,Public Talk,6,talk,OJ49T1-14,Self-knowledge is the beginning of wisdom,library/1C-public-meetings-usa/OJ49T1-14/OJ49T6 - What is true religion.m4a,01 - Public meetings.md#OJ49T1-14,
OJ49T7,1C,Public Meetings (USA),To understand ‘what is’ there must be no prejudice,audio,40,OJ,"Ojai, California",6 August 1949,1949,T,Public Talk,7,talk,OJ49T1-14,Self-knowledge is the beginning of wisdom,library/1C-public-meetings-usa/OJ49T1-14/OJ49T7 - To understand ‘what is’ there must be no prejudice.m4a,01 - Public meetings.md#OJ49T1-14,
OJ49T8,1C,Public Meetings (USA),Experiencing the state of immortality without ideation,audio,74,OJ,"Ojai, California",7 August 1949,1949,T,Public Talk,8,talk,OJ49T1-14,Self-knowledge is the beginning of wisdom,library/1C-public-meetings-usa/OJ49T1-14/OJ49T8 - Experiencing the state of immortality without ideation.m4a,01 - Public meetings.md#OJ49T1-14,
OJ49T9,1C,Public Meetings (USA),Ideals and ambition,audio,52,OJ,"Ojai, California",13 August 1949,1949,T,Public Talk,9,talk,OJ49T1-14,Self-knowledge is the beginning of wisdom,library/1C-public-meetings-usa/OJ49T1-14/OJ49T9 - Ideals and ambition.m4a,01 - Public meetings.md#OJ49T1-14,
OJ66D1,1C,Public Meetings (USA),Is it possible to end violence without effort?,audio,77,OJ,"Ojai, California",4 November 1966,1966,D,Public Discussion,1,discussion,OJ66T1-6,D1-3 Effort to be intelligent is not intelligent,library/1C-public-meetings-usa/OJ66T1-6/OJ66D1 - Is it possible to end violence without effort.m4a,01 - Public meetings.md#OJ66T1-6,
OJ66D2,1C,Public Meetings (USA),Love and suffering,audio,61,OJ,"Ojai, California",11 November 1966,1966,D,Public Discussion,2,discussion,OJ66T1-6,D1-3 Effort to be intelligent is not intelligent,library/1C-public-meetings-usa/OJ66T1-6/OJ66D2 - Love and suffering.m4a,01 - Public meetings.md#OJ66T1-6,
OJ66D3,1C,Public Meetings (USA),How can a shallow mind become deep?,audio,59,OJ,"Ojai, California",14 November 1966,1966,D,Public Discussion,3,discussion,OJ66T1-6,D1-3 Effort to be intelligent is not intelligent,library/1C-public-meetings-usa/OJ66T1-6/OJ66D3 - How can a shallow mind become deep.m4a,01 - Public meetings.md#OJ66T1-6,
OJ66T1,1C,Public Meetings (USA),Freedom to inquire,audio,76,OJ,"Ojai, California",29 October 1966,1966,T,Public Talk,1,talk,OJ66T1-6,D1-3 Effort to be intelligent is not intelligent,library/1C-public-meetings-usa/OJ66T1-6/OJ66T1 - Freedom to inquire.m4a,01 - Public meetings.md#OJ66T1-6,
OJ66T2,1C,Public Meetings (USA),Learning is in the active present,audio,72,OJ,"Ojai, California",30 October 1966,1966,T,Public Talk,2,talk,OJ66T1-6,D1-3 Effort to be intelligent is not intelligent,library/1C-public-meetings-usa/OJ66T1-6/OJ66T2 - Learning is in the active present.m4a,01 - Public meetings.md#OJ66T1-6,
OJ66T3,1C,Public Meetings (USA),Giving complete attention to pleasure,audio,66,OJ,"Ojai, California",5 November 1966,1966,T,Public Talk,3,talk,OJ66T1-6,D1-3 Effort to be intelligent is not intelligent,library/1C-public-meetings-usa/OJ66T1-6/OJ66T3 - Giving complete attention to pleasure.m4a,01 - Public meetings.md#OJ66T1-6,
OJ66T4,1C,Public Meetings (USA),Dying to everything known,audio,68,OJ,"Ojai, California",6 November 1966,1966,T,Public Talk,4,talk,OJ66T1-6,D1-3 Effort to be intelligent is not intelligent,library/1C-public-meetings-usa/OJ66T1-6/OJ66T4 - Dying to everything known.m4a,01 - Public meetings.md#OJ66T1-6,
OJ66T5,1C,Public Meetings (USA),Meditation is freeing the mind of the known,audio,70,OJ,"Ojai, California",12 November 1966,1966,T,Public Talk,5,talk,OJ66T1-6,D1-3 Effort to be intelligent is not intelligent,library/1C-public-meetings-usa/OJ66T1-6/OJ66T5 - Meditation is freeing the mind of the known.m4a,01 - Public meetings.md#OJ66T1-6,
OJ66T6,1C,Public Meetings (USA),Is it possible to radically change ‘what is’?,audio,62,OJ,"Ojai, California",13 November 1966,1966,T,Public Talk,6,talk,OJ66T1-6,D1-3 Effort to be intelligent is not intelligent,library/1C-public-meetings-usa/OJ66T1-6/OJ66T6 - Is it possible to radically change ‘what is’.m4a,01 - Public meetings.md#OJ66T1-6,
OJ72T1,1C,Public Meetings (USA),What will bring humanity together?,video,89,OJ,"Ojai, California",8 April 1972,1972,T,Public Talk,1,talk,OJ72T1-2,How is one to live a life that is completely orderly?,library/1C-public-meetings-usa/OJ72T1-2/OJ72T1 - What will bring humanity together.mp4,01 - Public meetings.md#OJ72T1-2,Note: a total of 35 minutes of missing video is replaced by audio only.
OJ72T2,1C,Public Meetings (USA),Order has its own law,video,90,OJ,"Ojai, California",9 April 1972,1972,T,Public Talk,2,talk,OJ72T1-2,How is one to live a life that is completely orderly?,library/1C-public-meetings-usa/OJ72T1-2/OJ72T2 - Order has its own law.mp4,01 - Public meetings.md#OJ72T1-2,Note: a total of 28 minutes of missing video is replaced by audio only.
OJ73T1,1C,Public Meetings (USA),Relationship without image is love,audio,90,OJ,"Ojai, California",7 April 1973,1973,T,Public Talk,1,talk,OJ73T1-4,"In meditation, life is a total movement",library/1C-public-meetings-usa/OJ73T1-4/OJ73T1 - Relationship without image is love.m4a,01 - Public meetings.md#OJ73T1-4,
OJ73T2,1C,Public Meetings (USA),"The meaning of life, pleasure and fear",audio,86,OJ,"Ojai, California",8 April 1973,1973,T,Public Talk,2,talk,OJ73T1-4,"In meditation, life is a total movement","library/1C-public-meetings-usa/OJ73T1-4/OJ73T2 - The meaning of life, pleasure and fear.m4a",01 - Public meetings.md#OJ73T1-4,
OJ73T3,1C,Public Meetings (USA),"Order, love and death",audio,86,OJ,"Ojai, California",14 April 1973,1973,T,Public Talk,3,talk,OJ73T1-4,"In meditation, life is a total movement","library/1C-public-meetings-usa/OJ73T1-4/OJ73T3 - Order, love and death.m4a",01 - Public meetings.md#OJ73T1-4,
OJ73T4,1C,Public Meetings (USA),Religion and meditation,audio,82,OJ,"Ojai, California",15 April 1973,1973,T,Public Talk,4,talk,OJ73T1-4,"In meditation, life is a total movement",library/1C-public-meetings-usa/OJ73T1-4/OJ73T4 - Religion and meditation.m4a,01 - Public meetings.md#OJ73T1-4,
OJ74D1,1C,Public Meetings (USA),"Thinking, relationship and fear",audio,88,OJ,"Ojai, California",31 March 1974,1974,D,Public Discussion,1,discussion,OJ74D1-2,Thought is never new,"library/1C-public-meetings-usa/OJ74D1-2/OJ74D1 - Thinking, relationship and fear.m4a",01 - Public meetings.md#OJ74D1-2,
OJ74D2,1C,Public Meetings (USA),"Meditation, energy and regeneration in consciousness",audio,83,OJ,"Ojai, California",7 April 1974,1974,D,Public Discussion,2,discussion,OJ74D1-2,Thought is never new,"library/1C-public-meetings-usa/OJ74D1-2/OJ74D2 - Meditation, energy and regeneration in consciousness.m4a",01 - Public meetings.md#OJ74D1-2,
OJ75D,1C,Public Meetings (USA),Can we educate the totality of man?,audio,86,OJ,"Ojai, California",16 April 1975,1975,D,Public Discussion,,discussion,OJ75T1-4,Freedom from authority is necessary to find truth,library/1C-public-meetings-usa/OJ75T1-4/OJ75D - Can we educate the totality of man.m4a,01 - Public meetings.md#OJ75T1-4,
OJ75T1,1C,Public Meetings (USA),A direct perception not related to knowledge,audio,72,OJ,"Ojai, California",12 April 1975,1975,T,Public Talk,1,talk,OJ75T1-4,Freedom from authority is necessary to find truth,library/1C-public-meetings-usa/OJ75T1-4/OJ75T1 - A direct perception not related to knowledge.m4a,01 - Public meetings.md#OJ75T1-4,
OJ75T2,1C,Public Meetings (USA),"Conflict, ideologies, fear and pleasure",audio,74,OJ,"Ojai, California",13 April 1975,1975,T,Public Talk,2,talk,OJ75T1-4,Freedom from authority is necessary to find truth,"library/1C-public-meetings-usa/OJ75T1-4/OJ75T2 - Conflict, ideologies, fear and pleasure.m4a",01 - Public meetings.md#OJ75T1-4,
OJ75T3,1C,Public Meetings (USA),"Time, suffering and death",audio,66,OJ,"Ojai, California",19 April 1975,1975,T,Public Talk,3,talk,OJ75T1-4,Freedom from authority is necessary to find truth,"library/1C-public-meetings-usa/OJ75T1-4/OJ75T3 - Time, suffering and death.m4a",01 - Public meetings.md#OJ75T1-4,
OJ75T4,1C,Public Meetings (USA),"Religion, authority and meditation",audio,65,OJ,"Ojai, California",20 April 1975,1975,T,Public Talk,4,talk,OJ75T1-4,Freedom from authority is necessary to find truth,"library/1C-public-meetings-usa/OJ75T1-4/OJ75T4 - Religion, authority and meditation.m4a",01 - Public meetings.md#OJ75T1-4,
OJ76D1,1C,Public Meetings (USA),What is the function of learning?,audio,84,OJ,"Ojai, California",6 April 1976,1976,D,Public Discussion,1,discussion,OJ76T1-6,D1-3 Thought can never change man,library/1C-public-meetings-usa/OJ76T1-6/OJ76D1 - What is the function of learning.m4a,01 - Public meetings.md#OJ76T1-6,
OJ76D2,1C,Public Meetings (USA),What is the correct action in life?,audio,92,OJ,"Ojai, California",13 April 1976,1976,D,Public Discussion,2,discussion,OJ76T1-6,D1-3 Thought can never change man,library/1C-public-meetings-usa/OJ76T1-6/OJ76D2 - What is the correct action in life.m4a,01 - Public meetings.md#OJ76T1-6,
OJ76D3,1C,Public Meetings (USA),Correct action in a disintegrating society,audio,76,OJ,"Ojai, California",15 April 1976,1976,D,Public Discussion,3,discussion,OJ76T1-6,D1-3 Thought can never change man,library/1C-public-meetings-usa/OJ76T1-6/OJ76D3 - Correct action in a disintegrating society.m4a,01 - Public meetings.md#OJ76T1-6,
OJ76T1,1C,Public Meetings (USA),"Relationships, images and hurt",audio,84,OJ,"Ojai, California",3 April 1976,1976,T,Public Talk,1,talk,OJ76T1-6,D1-3 Thought can never change man,"library/1C-public-meetings-usa/OJ76T1-6/OJ76T1 - Relationships, images and hurt.m4a",01 - Public meetings.md#OJ76T1-6,
OJ76T2,1C,Public Meetings (USA),Why is thought fragmentary?,audio,80,OJ,"Ojai, California",4 April 1976,1976,T,Public Talk,2,talk,OJ76T1-6,D1-3 Thought can never change man,library/1C-public-meetings-usa/OJ76T1-6/OJ76T2 - Why is thought fragmentary.m4a,01 - Public meetings.md#OJ76T1-6,
OJ76T3,1C,Public Meetings (USA),Fear and the structure of the ‘me’,audio,66,OJ,"Ojai, California",10 April 1976,1976,T,Public Talk,3,talk,OJ76T1-6,D1-3 Thought can never change man,library/1C-public-meetings-usa/OJ76T1-6/OJ76T3 - Fear and the structure of the ‘me’.m4a,01 - Public meetings.md#OJ76T1-6,
OJ76T4,1C,Public Meetings (USA),"Reality, pleasure and sorrow",audio,60,OJ,"Ojai, California",11 April 1976,1976,T,Public Talk,4,talk,OJ76T1-6,D1-3 Thought can never change man,"library/1C-public-meetings-usa/OJ76T1-6/OJ76T4 - Reality, pleasure and sorrow.m4a",01 - Public meetings.md#OJ76T1-6,
OJ76T5,1C,Public Meetings (USA),"Desire, love and death",audio,59,OJ,"Ojai, California",17 April 1976,1976,T,Public Talk,5,talk,OJ76T1-6,D1-3 Thought can never change man,"library/1C-public-meetings-usa/OJ76T1-6/OJ76T5 - Desire, love and death.m4a",01 - Public meetings.md#OJ76T1-6,
OJ76T6,1C,Public Meetings (USA),Meditation implies a life of great order,audio,65,OJ,"Ojai, California",18 April 1976,1976,T,Public Talk,6,talk,OJ76T1-6,D1-3 Thought can never change man,library/1C-public-meetings-usa/OJ76T1-6/OJ76T6 - Meditation implies a life of great order.m4a,01 - Public meetings.md#OJ76T1-6,
OJ77D1,1C,Public Meetings (USA),How does one transform oneself?,video,75,OJ,"Ojai, California",5 April 1977,1977,D,Public Discussion,1,discussion,OJ77T1-6,D1-4 Intelligence is the capacity to see the truth that thought is,library/1C-public-meetings-usa/OJ77T1-6/OJ77D1 - How does one transform oneself.mp4,01 - Public meetings.md#OJ77T1-6,Note: a total of 5 minutes and 3 seconds of missing video is replaced by audio only.
OJ77D2,1C,Public Meetings (USA),The relationship of experience and thought,video,80,OJ,"Ojai, California",7 April 1977,1977,D,Public Discussion,2,discussion,OJ77T1-6,D1-4 Intelligence is the capacity to see the truth that thought is,library/1C-public-meetings-usa/OJ77T1-6/OJ77D2 - The relationship of experience and thought.mp4,01 - Public meetings.md#OJ77T1-6,Note: a total of 33 seconds of missing video is replaced by audio only.
OJ77D3,1C,Public Meetings (USA),Education and conditioning,video,85,OJ,"Ojai, California",12 April 1977,1977,D,Public Discussion,3,discussion,OJ77T1-6,D1-4 Intelligence is the capacity to see the truth that thought is,library/1C-public-meetings-usa/OJ77T1-6/OJ77D3 - Education and conditioning.mp4,01 - Public meetings.md#OJ77T1-6,Note: a total of 48 seconds of missing video is replaced by audio only.
OJ77D4,1C,Public Meetings (USA),Intellect and intelligence,video,86,OJ,"Ojai, California",14 April 1977,1977,D,Public Discussion,4,discussion,OJ77T1-6,D1-4 Intelligence is the capacity to see the truth that thought is,library/1C-public-meetings-usa/OJ77T1-6/OJ77D4 - Intellect and intelligence.mp4,01 - Public meetings.md#OJ77T1-6,Note: a total of 36 seconds of missing video is replaced by audio only.
OJ77T1,1C,Public Meetings (USA),An intelligence in which there is complete security,video,62,OJ,"Ojai, California",2 April 1977,1977,T,Public Talk,1,talk,OJ77T1-6,D1-4 Intelligence is the capacity to see the truth that thought is,library/1C-public-meetings-usa/OJ77T1-6/OJ77T1 - An intelligence in which there is complete security.mp4,01 - Public meetings.md#OJ77T1-6,Note: a total of 37 seconds of missing video is replaced by audio only.
OJ77T2,1C,Public Meetings (USA),The source of conflict,video,63,OJ,"Ojai, California",3 April 1977,1977,T,Public Talk,2,talk,OJ77T1-6,D1-4 Intelligence is the capacity to see the truth that thought is,library/1C-public-meetings-usa/OJ77T1-6/OJ77T2 - The source of conflict.mp4,01 - Public meetings.md#OJ77T1-6,Note: a total of 45 seconds of missing video is replaced by audio only.
OJ77T3,1C,Public Meetings (USA),Can man radically transform himself psychologically?,video,84,OJ,"Ojai, California",9 April 1977,1977,T,Public Talk,3,talk,OJ77T1-6,D1-4 Intelligence is the capacity to see the truth that thought is,library/1C-public-meetings-usa/OJ77T1-6/OJ77T3 - Can man radically transform himself psychologically.mp4,01 - Public meetings.md#OJ77T1-6,
OJ77T4,1C,Public Meetings (USA),"The art of listening, seeing, learning and living",video,60,OJ,"Ojai, California",10 April 1977,1977,T,Public Talk,4,talk,OJ77T1-6,D1-4 Intelligence is the capacity to see the truth that thought is,"library/1C-public-meetings-usa/OJ77T1-6/OJ77T4 - The art of listening, seeing, learning and living.mp4",01 - Public meetings.md#OJ77T1-6,Note: a total of 37 seconds of missing video is replaced by audio only.
OJ77T5,1C,Public Meetings (USA),Love and death,video,81,OJ,"Ojai, California",16 April 1977,1977,T,Public Talk,5,talk,OJ77T1-6,D1-4 Intelligence is the capacity to see the truth that thought is,library/1C-public-meetings-usa/OJ77T1-6/OJ77T5 - Love and death.mp4,01 - Public meetings.md#OJ77T1-6,Note: a total of 37 seconds of missing video is replaced by audio only.
OJ77T6,1C,Public Meetings (USA),What is the significance of meditation?,video,72,OJ,"Ojai, California",17 April 1977,1977,T,Public Talk,6,talk,OJ77T1-6,D1-4 Intelligence is the capacity to see the truth that thought is,library/1C-public-meetings-usa/OJ77T1-6/OJ77T6 - What is the significance of meditation.mp4,01 - Public meetings.md#OJ77T1-6,Note: a total of 49 seconds of missing video is replaced by audio only.
OJ78D1,1C,Public Meetings (USA),Can the observer come to an end so that there is clarity of perception?,audio,85,OJ,"Ojai, California",4 April 1978,1978,D,Public Discussion,1,discussion,OJ78T1-6,D1-4 Is there a way of living completely free from pressure?,library/1C-public-meetings-usa/OJ78T1-6/OJ78D1 - Can the observer come to an end so that there is clarity of perception.m4a,01 - Public meetings.md#OJ78T1-6,
OJ78D2,1C,Public Meetings (USA),Why do we live under pressure?,audio,83,OJ,"Ojai, California",6 April 1978,1978,D,Public Discussion,2,discussion,OJ78T1-6,D1-4 Is there a way of living completely free from pressure?,library/1C-public-meetings-usa/OJ78T1-6/OJ78D2 - Why do we live under pressure.m4a,01 - Public meetings.md#OJ78T1-6,
OJ78D3,1C,Public Meetings (USA),What will make you see the danger of conditioning?,audio,88,OJ,"Ojai, California",11 April 1978,1978,D,Public Discussion,3,discussion,OJ78T1-6,D1-4 Is there a way of living completely free from pressure?,library/1C-public-meetings-usa/OJ78T1-6/OJ78D3 - What will make you see the danger of conditioning.m4a,01 - Public meetings.md#OJ78T1-6,
OJ78D4,1C,Public Meetings (USA),What is correct action?,audio,86,OJ,"Ojai, California",13 April 1978,1978,D,Public Discussion,4,discussion,OJ78T1-6,D1-4 Is there a way of living completely free from pressure?,library/1C-public-meetings-usa/OJ78T1-6/OJ78D4 - What is correct action.m4a,01 - Public meetings.md#OJ78T1-6,
OJ78T1,1C,Public Meetings (USA),When there is no pressure there is freedom,audio,73,OJ,"Ojai, California",1 April 1978,1978,T,Public Talk,1,talk,OJ78T1-6,D1-4 Is there a way of living completely free from pressure?,library/1C-public-meetings-usa/OJ78T1-6/OJ78T1 - When there is no pressure there is freedom.m4a,01 - Public meetings.md#OJ78T1-6,
OJ78T2,1C,Public Meetings (USA),Is it possible to bring about order without the operation of thought?,audio,69,OJ,"Ojai, California",2 April 1978,1978,T,Public Talk,2,talk,OJ78T1-6,D1-4 Is there a way of living completely free from pressure?,library/1C-public-meetings-usa/OJ78T1-6/OJ78T2 - Is it possible to bring about order without the operation of thought.m4a,01 - Public meetings.md#OJ78T1-6,
OJ78T3,1C,Public Meetings (USA),Why does the mechanism of image-making come into being?,audio,81,OJ,"Ojai, California",8 April 1978,1978,T,Public Talk,3,talk,OJ78T1-6,D1-4 Is there a way of living completely free from pressure?,library/1C-public-meetings-usa/OJ78T1-6/OJ78T3 - Why does the mechanism of image-making come into being.m4a,01 - Public meetings.md#OJ78T1-6,
OJ78T4,1C,Public Meetings (USA),What is the relationship of thought to desire?,audio,73,OJ,"Ojai, California",9 April 1978,1978,T,Public Talk,4,talk,OJ78T1-6,D1-4 Is there a way of living completely free from pressure?,library/1C-public-meetings-usa/OJ78T1-6/OJ78T4 - What is the relationship of thought to desire.m4a,01 - Public meetings.md#OJ78T1-6,
OJ78T5,1C,Public Meetings (USA),"Is it possible to live, act, without a centre?",audio,84,OJ,"Ojai, California",15 April 1978,1978,T,Public Talk,5,talk,OJ78T1-6,D1-4 Is there a way of living completely free from pressure?,"library/1C-public-meetings-usa/OJ78T1-6/OJ78T5 - Is it possible to live, act, without a centre.m4a",01 - Public meetings.md#OJ78T1-6,
OJ78T6,1C,Public Meetings (USA),In meditation there is no observer or the observed,audio,75,OJ,"Ojai, California",16 April 1978,1978,T,Public Talk,6,talk,OJ78T1-6,D1-4 Is there a way of living completely free from pressure?,library/1C-public-meetings-usa/OJ78T1-6/OJ78T6 - In meditation there is no observer or the observed.m4a,01 - Public meetings.md#OJ78T1-6,
OJ79D1,1C,Public Meetings (USA),Can a conditioned mind free itself?,video,83,OJ,"Ojai, California",10 April 1979,1979,D,Public Discussion,1,discussion,OJ79T1-6,D1-4 The essence of goodness is a mind that is not in conflict,library/1C-public-meetings-usa/OJ79T1-6/OJ79D1 - Can a conditioned mind free itself.mp4,01 - Public meetings.md#OJ79T1-6,Note: a total of 50 minutes of missing video is replaced by audio only.
OJ79D2,1C,Public Meetings (USA),Is there a way of living in which self-centred activity ends?,video,82,OJ,"Ojai, California",12 April 1979,1979,D,Public Discussion,2,discussion,OJ79T1-6,D1-4 The essence of goodness is a mind that is not in conflict,library/1C-public-meetings-usa/OJ79T1-6/OJ79D2 - Is there a way of living in which self-centred activity ends.mp4,01 - Public meetings.md#OJ79T1-6,Note: a total of 52 seconds of missing video is replaced by audio only.
OJ79D3,1C,Public Meetings (USA),"Freedom, love and responsibility",video,85,OJ,"Ojai, California",17 April 1979,1979,D,Public Discussion,3,discussion,OJ79T1-6,D1-4 The essence of goodness is a mind that is not in conflict,"library/1C-public-meetings-usa/OJ79T1-6/OJ79D3 - Freedom, love and responsibility.mp4",01 - Public meetings.md#OJ79T1-6,Note: a total of 4 minutes and 44 seconds of missing video is replaced by audio only.
OJ79D4,1C,Public Meetings (USA),What is blocking us from change?,video,98,OJ,"Ojai, California",19 April 1979,1979,D,Public Discussion,4,discussion,OJ79T1-6,D1-4 The essence of goodness is a mind that is not in conflict,library/1C-public-meetings-usa/OJ79T1-6/OJ79D4 - What is blocking us from change.mp4,01 - Public meetings.md#OJ79T1-6,Note: a total of 1 minute and 11 seconds of missing video is replaced by audio only.
OJ79T1,1C,Public Meetings (USA),Living in goodness,video,64,OJ,"Ojai, California",7 April 1979,1979,T,Public Talk,1,talk,OJ79T1-6,D1-4 The essence of goodness is a mind that is not in conflict,library/1C-public-meetings-usa/OJ79T1-6/OJ79T1 - Living in goodness.mp4,01 - Public meetings.md#OJ79T1-6,Note: a total of 21 seconds of missing video is replaced by audio only.
OJ79T2,1C,Public Meetings (USA),"What is the relationship between desire, thought and action?",video,66,OJ,"Ojai, California",8 April 1979,1979,T,Public Talk,2,talk,OJ79T1-6,D1-4 The essence of goodness is a mind that is not in conflict,"library/1C-public-meetings-usa/OJ79T1-6/OJ79T2 - What is the relationship between desire, thought and action.mp4",01 - Public meetings.md#OJ79T1-6,Note: a total of 1 minute of missing video is replaced by audio only.
OJ79T3,1C,Public Meetings (USA),What is the root of fear?,video,84,OJ,"Ojai, California",14 April 1979,1979,T,Public Talk,3,talk,OJ79T1-6,D1-4 The essence of goodness is a mind that is not in conflict,library/1C-public-meetings-usa/OJ79T1-6/OJ79T3 - What is the root of fear.mp4,01 - Public meetings.md#OJ79T1-6,Note: a total of 25 seconds of missing video is replaced by audio only.
OJ79T4,1C,Public Meetings (USA),The art of observing the book of mankind,video,86,OJ,"Ojai, California",15 April 1979,1979,T,Public Talk,4,talk,OJ79T1-6,D1-4 The essence of goodness is a mind that is not in conflict,library/1C-public-meetings-usa/OJ79T1-6/OJ79T4 - The art of observing the book of mankind.mp4,01 - Public meetings.md#OJ79T1-6,Note: a total of 1 minute and 8 seconds of missing video is replaced by audio only.
OJ79T5,1C,Public Meetings (USA),What is disorder in one’s life and what is death?,video,80,OJ,"Ojai, California",21 April 1979,1979,T,Public Talk,5,talk,OJ79T1-6,D1-4 The essence of goodness is a mind that is not in conflict,library/1C-public-meetings-usa/OJ79T1-6/OJ79T5 - What is disorder in one’s life and what is death.mp4,01 - Public meetings.md#OJ79T1-6,Note: a total of 28 seconds of missing video is replaced by audio only.
OJ79T6,1C,Public Meetings (USA),Meditation is the ending of all the content of one’s consciousness,video,76,OJ,"Ojai, California",22 April 1979,1979,T,Public Talk,6,talk,OJ79T1-6,D1-4 The essence of goodness is a mind that is not in conflict,library/1C-public-meetings-usa/OJ79T1-6/OJ79T6 - Meditation is the ending of all the content of one’s consciousness.mp4,01 - Public meetings.md#OJ79T1-6,Note: a total of 23 seconds of missing video is replaced by audio only.
OJ80Q1,1C,Public Meetings (USA),1st Question & Answer Meeting,video,80,OJ,"Ojai, California",6 May 1980,1980,Q,Question & Answer Meeting,1,qa,OJ80T1-6,Q1-4 To observe without distortion,library/1C-public-meetings-usa/OJ80T1-6/OJ80Q1 - 1st Question & Answer Meeting.mp4,01 - Public meetings.md#OJ80T1-6,
OJ80Q2,1C,Public Meetings (USA),2nd Question & Answer Meeting,video,75,OJ,"Ojai, California",8 May 1980,1980,Q,Question & Answer Meeting,2,qa,OJ80T1-6,Q1-4 To observe without distortion,library/1C-public-meetings-usa/OJ80T1-6/OJ80Q2 - 2nd Question & Answer Meeting.mp4,01 - Public meetings.md#OJ80T1-6,
OJ80Q3,1C,Public Meetings (USA),3rd Question & Answer Meeting,video,77,OJ,"Ojai, California",13 May 1980,1980,Q,Question & Answer Meeting,3,qa,OJ80T1-6,Q1-4 To observe without distortion,library/1C-public-meetings-usa/OJ80T1-6/OJ80Q3 - 3rd Question & Answer Meeting.mp4,01 - Public meetings.md#OJ80T1-6,
OJ80Q4,1C,Public Meetings (USA),4th Question & Answer Meeting,video,78,OJ,"Ojai, California",15 May 1980,1980,Q,Question & Answer Meeting,4,qa,OJ80T1-6,Q1-4 To observe without distortion,library/1C-public-meetings-usa/OJ80T1-6/OJ80Q4 - 4th Question & Answer Meeting.mp4,01 - Public meetings.md#OJ80T1-6,
OJ80T1,1C,Public Meetings (USA),Can we think together about the crisis we are facing?,video,61,OJ,"Ojai, California",3 May 1980,1980,T,Public Talk,1,talk,OJ80T1-6,Q1-4 To observe without distortion,library/1C-public-meetings-usa/OJ80T1-6/OJ80T1 - Can we think together about the crisis we are facing.mp4,01 - Public meetings.md#OJ80T1-6,
OJ80T2,1C,Public Meetings (USA),Observation is the total denial of analysis,video,73,OJ,"Ojai, California",4 May 1980,1980,T,Public Talk,2,talk,OJ80T1-6,Q1-4 To observe without distortion,library/1C-public-meetings-usa/OJ80T1-6/OJ80T2 - Observation is the total denial of analysis.mp4,01 - Public meetings.md#OJ80T1-6,
OJ80T3,1C,Public Meetings (USA),Is time necessary to end something psychologically?,video,58,OJ,"Ojai, California",10 May 1980,1980,T,Public Talk,3,talk,OJ80T1-6,Q1-4 To observe without distortion,library/1C-public-meetings-usa/OJ80T1-6/OJ80T3 - Is time necessary to end something psychologically.mp4,01 - Public meetings.md#OJ80T1-6,
OJ80T4,1C,Public Meetings (USA),"Desire, attachment and fear",video,72,OJ,"Ojai, California",11 May 1980,1980,T,Public Talk,4,talk,OJ80T1-6,Q1-4 To observe without distortion,"library/1C-public-meetings-usa/OJ80T1-6/OJ80T4 - Desire, attachment and fear.mp4",01 - Public meetings.md#OJ80T1-6,Note: a total of 5 minutes of missing video is replaced by audio only.
OJ80T5,1C,Public Meetings (USA),Psychologically we are one unitary movement,video,70,OJ,"Ojai, California",17 May 1980,1980,T,Public Talk,5,talk,OJ80T1-6,Q1-4 To observe without distortion,library/1C-public-meetings-usa/OJ80T1-6/OJ80T5 - Psychologically we are one unitary movement.mp4,01 - Public meetings.md#OJ80T1-6,
OJ80T6,1C,Public Meetings (USA),"Action, observation and dying while living",video,82,OJ,"Ojai, California",18 May 1980,1980,T,Public Talk,6,talk,OJ80T1-6,Q1-4 To observe without distortion,"library/1C-public-meetings-usa/OJ80T1-6/OJ80T6 - Action, observation and dying while living.mp4",01 - Public meetings.md#OJ80T1-6,
OJ81Q1,1C,Public Meetings (USA),1st Question & Answer Meeting,video,65,OJ,"Ojai, California",5 May 1981,1981,Q,Question & Answer Meeting,1,qa,OJ81T1-6,Q1-4 The crisis is in the very nature of thought,library/1C-public-meetings-usa/OJ81T1-6/OJ81Q1 - 1st Question & Answer Meeting.mp4,01 - Public meetings.md#OJ81T1-6,Note: a total of 6 minutes and 12 seconds of missing video is replaced by audio only.
OJ81Q2,1C,Public Meetings (USA),2nd Question & Answer Meeting,video,85,OJ,"Ojai, California",7 May 1981,1981,Q,Question & Answer Meeting,2,qa,OJ81T1-6,Q1-4 The crisis is in the very nature of thought,library/1C-public-meetings-usa/OJ81T1-6/OJ81Q2 - 2nd Question & Answer Meeting.mp4,01 - Public meetings.md#OJ81T1-6,Note: a total of 3 minutes and 39 seconds of missing video is replaced by audio only.
OJ81Q3,1C,Public Meetings (USA),3rd Question & Answer Meeting,video,70,OJ,"Ojai, California",12 May 1981,1981,Q,Question & Answer Meeting,3,qa,OJ81T1-6,Q1-4 The crisis is in the very nature of thought,library/1C-public-meetings-usa/OJ81T1-6/OJ81Q3 - 3rd Question & Answer Meeting.mp4,01 - Public meetings.md#OJ81T1-6,
OJ81Q4,1C,Public Meetings (USA),4th Question & Answer Meeting,video,91,OJ,"Ojai, California",14 May 1981,1981,Q,Question & Answer Meeting,4,qa,OJ81T1-6,Q1-4 The crisis is in the very nature of thought,library/1C-public-meetings-usa/OJ81T1-6/OJ81Q4 - 4th Question & Answer Meeting.mp4,01 - Public meetings.md#OJ81T1-6,
OJ81T1,1C,Public Meetings (USA),What is the root of the crisis in mankind?,video,60,OJ,"Ojai, California",2 May 1981,1981,T,Public Talk,1,talk,OJ81T1-6,Q1-4 The crisis is in the very nature of thought,library/1C-public-meetings-usa/OJ81T1-6/OJ81T1 - What is the root of the crisis in mankind.mp4,01 - Public meetings.md#OJ81T1-6,
OJ81T2,1C,Public Meetings (USA),Life is a movement of relationship,video,59,OJ,"Ojai, California",3 May 1981,1981,T,Public Talk,2,talk,OJ81T1-6,Q1-4 The crisis is in the very nature of thought,library/1C-public-meetings-usa/OJ81T1-6/OJ81T2 - Life is a movement of relationship.mp4,01 - Public meetings.md#OJ81T1-6,
OJ81T3,1C,Public Meetings (USA),Can thought bring about right action?,video,58,OJ,"Ojai, California",9 May 1981,1981,T,Public Talk,3,talk,OJ81T1-6,Q1-4 The crisis is in the very nature of thought,library/1C-public-meetings-usa/OJ81T1-6/OJ81T3 - Can thought bring about right action.mp4,01 - Public meetings.md#OJ81T1-6,
OJ81T4,1C,Public Meetings (USA),Do we have the patience to listen to ourselves?,video,58,OJ,"Ojai, California",10 May 1981,1981,T,Public Talk,4,talk,OJ81T1-6,Q1-4 The crisis is in the very nature of thought,library/1C-public-meetings-usa/OJ81T1-6/OJ81T4 - Do we have the patience to listen to ourselves.mp4,01 - Public meetings.md#OJ81T1-6,
OJ81T5,1C,Public Meetings (USA),Remaining with sorrow,video,54,OJ,"Ojai, California",16 May 1981,1981,T,Public Talk,5,talk,OJ81T1-6,Q1-4 The crisis is in the very nature of thought,library/1C-public-meetings-usa/OJ81T1-6/OJ81T5 - Remaining with sorrow.mp4,01 - Public meetings.md#OJ81T1-6,
OJ81T6,1C,Public Meetings (USA),"In ending, which is death, is great beauty",video,87,OJ,"Ojai, California",17 May 1981,1981,T,Public Talk,6,talk,OJ81T1-6,Q1-4 The crisis is in the very nature of thought,"library/1C-public-meetings-usa/OJ81T1-6/OJ81T6 - In ending, which is death, is great beauty.mp4",01 - Public meetings.md#OJ81T1-6,
OJ82Q1,1C,Public Meetings (USA),1st Question & Answer Meeting,video,75,OJ,"Ojai, California",4 May 1982,1982,Q,Question & Answer Meeting,1,qa,OJ82T1-6,Q1-4 Truth demands a mind that is totally free,library/1C-public-meetings-usa/OJ82T1-6/OJ82Q1 - 1st Question & Answer Meeting.mp4,01 - Public meetings.md#OJ82T1-6,
OJ82Q2,1C,Public Meetings (USA),2nd Question & Answer Meeting,video,79,OJ,"Ojai, California",6 May 1982,1982,Q,Question & Answer Meeting,2,qa,OJ82T1-6,Q1-4 Truth demands a mind that is totally free,library/1C-public-meetings-usa/OJ82T1-6/OJ82Q2 - 2nd Question & Answer Meeting.mp4,01 - Public meetings.md#OJ82T1-6,
OJ82Q3,1C,Public Meetings (USA),3rd Question & Answer Meeting,video,85,OJ,"Ojai, California",11 May 1982,1982,Q,Question & Answer Meeting,3,qa,OJ82T1-6,Q1-4 Truth demands a mind that is totally free,library/1C-public-meetings-usa/OJ82T1-6/OJ82Q3 - 3rd Question & Answer Meeting.mp4,01 - Public meetings.md#OJ82T1-6,
OJ82Q4,1C,Public Meetings (USA),4th Question & Answer Meeting,video,81,OJ,"Ojai, California",13 May 1982,1982,Q,Question & Answer Meeting,4,qa,OJ82T1-6,Q1-4 Truth demands a mind that is totally free,library/1C-public-meetings-usa/OJ82T1-6/OJ82Q4 - 4th Question & Answer Meeting.mp4,01 - Public meetings.md#OJ82T1-6,
OJ82T1,1C,Public Meetings (USA),Are we concerned with total human existence?,video,75,OJ,"Ojai, California",1 May 1982,1982,T,Public Talk,1,talk,OJ82T1-6,Q1-4 Truth demands a mind that is totally free,library/1C-public-meetings-usa/OJ82T1-6/OJ82T1 - Are we concerned with total human existence.mp4,01 - Public meetings.md#OJ82T1-6,
OJ82T2,1C,Public Meetings (USA),What is the place of knowledge in our lives?,video,73,OJ,"Ojai, California",2 May 1982,1982,T,Public Talk,2,talk,OJ82T1-6,Q1-4 Truth demands a mind that is totally free,library/1C-public-meetings-usa/OJ82T1-6/OJ82T2 - What is the place of knowledge in our lives.mp4,01 - Public meetings.md#OJ82T1-6,
OJ82T3,1C,Public Meetings (USA),Can our minds being in disorder create order?,video,78,OJ,"Ojai, California",8 May 1982,1982,T,Public Talk,3,talk,OJ82T1-6,Q1-4 Truth demands a mind that is totally free,library/1C-public-meetings-usa/OJ82T1-6/OJ82T3 - Can our minds being in disorder create order.mp4,01 - Public meetings.md#OJ82T1-6,
OJ82T4,1C,Public Meetings (USA),What are the causes of human conflict?,video,62,OJ,"Ojai, California",9 May 1982,1982,T,Public Talk,4,talk,OJ82T1-6,Q1-4 Truth demands a mind that is totally free,library/1C-public-meetings-usa/OJ82T1-6/OJ82T4 - What are the causes of human conflict.mp4,01 - Public meetings.md#OJ82T1-6,
OJ82T5,1C,Public Meetings (USA),Where there is sorrow there is no love,video,69,OJ,"Ojai, California",15 May 1982,1982,T,Public Talk,5,talk,OJ82T1-6,Q1-4 Truth demands a mind that is totally free,library/1C-public-meetings-usa/OJ82T1-6/OJ82T5 - Where there is sorrow there is no love.mp4,01 - Public meetings.md#OJ82T1-6,
OJ82T6,1C,Public Meetings (USA),Is there anything sacred in life?,video,69,OJ,"Ojai, California",16 May 1982,1982,T,Public Talk,6,talk,OJ82T1-6,Q1-4 Truth demands a mind that is totally free,library/1C-public-meetings-usa/OJ82T1-6/OJ82T6 - Is there anything sacred in life.mp4,01 - Public meetings.md#OJ82T1-6,
OJ83Q1,1C,Public Meetings (USA),1st Question & Answer Meeting,video,84,OJ,"Ojai, California",17 May 1983,1983,Q,Question & Answer Meeting,1,qa,OJ83T1-4,Q1-2 Can we live together without conflict?,library/1C-public-meetings-usa/OJ83T1-4/OJ83Q1 - 1st Question & Answer Meeting.mp4,01 - Public meetings.md#OJ83T1-4,
OJ83Q2,1C,Public Meetings (USA),2nd Question & Answer Meeting,video,110,OJ,"Ojai, California",19 May 1983,1983,Q,Question & Answer Meeting,2,qa,OJ83T1-4,Q1-2 Can we live together without conflict?,library/1C-public-meetings-usa/OJ83T1-4/OJ83Q2 - 2nd Question & Answer Meeting.mp4,01 - Public meetings.md#OJ83T1-4,Note: a total of 2 minutes and 28 seconds of missing video is replaced by audio only.
OJ83T1,1C,Public Meetings (USA),Thought and knowledge are limited,video,78,OJ,"Ojai, California",14 May 1983,1983,T,Public Talk,1,talk,OJ83T1-4,Q1-2 Can we live together without conflict?,library/1C-public-meetings-usa/OJ83T1-4/OJ83T1 - Thought and knowledge are limited.mp4,01 - Public meetings.md#OJ83T1-4,
OJ83T2,1C,Public Meetings (USA),War is a symptom,video,87,OJ,"Ojai, California",15 May 1983,1983,T,Public Talk,2,talk,OJ83T1-4,Q1-2 Can we live together without conflict?,library/1C-public-meetings-usa/OJ83T1-4/OJ83T2 - War is a symptom.mp4,01 - Public meetings.md#OJ83T1-4,
OJ83T3,1C,Public Meetings (USA),Ending without any motive,video,88,OJ,"Ojai, California",21 May 1983,1983,T,Public Talk,3,talk,OJ83T1-4,Q1-2 Can we live together without conflict?,library/1C-public-meetings-usa/OJ83T1-4/OJ83T3 - Ending without any motive.mp4,01 - Public meetings.md#OJ83T1-4,
OJ83T4,1C,Public Meetings (USA),To watch without any movement of thought,video,69,OJ,"Ojai, California",22 May 1983,1983,T,Public Talk,4,talk,OJ83T1-4,Q1-2 Can we live together without conflict?,library/1C-public-meetings-usa/OJ83T1-4/OJ83T4 - To watch without any movement of thought.mp4,01 - Public meetings.md#OJ83T1-4,
OJ84Q1,1C,Public Meetings (USA),1st Question & Answer Meeting,video,77,OJ,"Ojai, California",22 May 1984,1984,Q,Question & Answer Meeting,1,qa,OJ84T1-4,Q1-2 Attention and order,library/1C-public-meetings-usa/OJ84T1-4/OJ84Q1 - 1st Question & Answer Meeting.mp4,01 - Public meetings.md#OJ84T1-4,
OJ84Q2,1C,Public Meetings (USA),2nd Question & Answer Meeting,video,96,OJ,"Ojai, California",24 May 1984,1984,Q,Question & Answer Meeting,2,qa,OJ84T1-4,Q1-2 Attention and order,library/1C-public-meetings-usa/OJ84T1-4/OJ84Q2 - 2nd Question & Answer Meeting.mp4,01 - Public meetings.md#OJ84T1-4,
OJ84T1,1C,Public Meetings (USA),Truth is the catalyst to end conflict,video,84,OJ,"Ojai, California",19 May 1984,1984,T,Public Talk,1,talk,OJ84T1-4,Q1-2 Attention and order,library/1C-public-meetings-usa/OJ84T1-4/OJ84T1 - Truth is the catalyst to end conflict.mp4,01 - Public meetings.md#OJ84T1-4,
OJ84T2,1C,Public Meetings (USA),What is wrong with pleasure?,video,66,OJ,"Ojai, California",20 May 1984,1984,T,Public Talk,2,talk,OJ84T1-4,Q1-2 Attention and order,library/1C-public-meetings-usa/OJ84T1-4/OJ84T2 - What is wrong with pleasure.mp4,01 - Public meetings.md#OJ84T1-4,
OJ84T3,1C,Public Meetings (USA),Attention is like a fire,video,80,OJ,"Ojai, California",26 May 1984,1984,T,Public Talk,3,talk,OJ84T1-4,Q1-2 Attention and order,library/1C-public-meetings-usa/OJ84T1-4/OJ84T3 - Attention is like a fire.mp4,01 - Public meetings.md#OJ84T1-4,
OJ84T4,1C,Public Meetings (USA),Is love part of consciousness?,video,80,OJ,"Ojai, California",27 May 1984,1984,T,Public Talk,4,talk,OJ84T1-4,Q1-2 Attention and order,library/1C-public-meetings-usa/OJ84T1-4/OJ84T4 - Is love part of consciousness.mp4,01 - Public meetings.md#OJ84T1-4,
OJ85Q1,1C,Public Meetings (USA),1st Question & Answer Meeting,video,90,OJ,"Ojai, California",14 May 1985,1985,Q,Question & Answer Meeting,1,qa,OJ85T1-4,Q1-2 Is creation related to ending?,library/1C-public-meetings-usa/OJ85T1-4/OJ85Q1 - 1st Question & Answer Meeting.mp4,01 - Public meetings.md#OJ85T1-4,
OJ85Q2,1C,Public Meetings (USA),2nd Question & Answer Meeting,video,88,OJ,"Ojai, California",16 May 1985,1985,Q,Question & Answer Meeting,2,qa,OJ85T1-4,Q1-2 Is creation related to ending?,library/1C-public-meetings-usa/OJ85T1-4/OJ85Q2 - 2nd Question & Answer Meeting.mp4,01 - Public meetings.md#OJ85T1-4,
OJ85T1,1C,Public Meetings (USA),Why is our house in disorder?,video,88,OJ,"Ojai, California",11 May 1985,1985,T,Public Talk,1,talk,OJ85T1-4,Q1-2 Is creation related to ending?,library/1C-public-meetings-usa/OJ85T1-4/OJ85T1 - Why is our house in disorder.mp4,01 - Public meetings.md#OJ85T1-4,
OJ85T2,1C,Public Meetings (USA),A crisis in our consciousness,video,75,OJ,"Ojai, California",12 May 1985,1985,T,Public Talk,2,talk,OJ85T1-4,Q1-2 Is creation related to ending?,library/1C-public-meetings-usa/OJ85T1-4/OJ85T2 - A crisis in our consciousness.mp4,01 - Public meetings.md#OJ85T1-4,
OJ85T3,1C,Public Meetings (USA),Creation is never ending,video,76,OJ,"Ojai, California",18 May 1985,1985,T,Public Talk,3,talk,OJ85T1-4,Q1-2 Is creation related to ending?,library/1C-public-meetings-usa/OJ85T1-4/OJ85T3 - Creation is never ending.mp4,01 - Public meetings.md#OJ85T1-4,
OJ85T4,1C,Public Meetings (USA),The ending of continuity,video,91,OJ,"Ojai, California",19 May 1985,1985,T,Public Talk,4,talk,OJ85T1-4,Q1-2 Is creation related to ending?,library/1C-public-meetings-usa/OJ85T1-4/OJ85T4 - The ending of continuity.mp4,01 - Public meetings.md#OJ85T1-4,
SD70T1,1C,Public Meetings (USA),How does one learn about oneself?,video,57,SD,"San Diego, California",5 April 1970,1970,T,Public Talk,1,talk,SD70DYP,T1-4 Ending all fear,library/1C-public-meetings-usa/SD70DYP/SD70T1 - How does one learn about oneself.mp4,01 - Public meetings.md#SD70DYP,
SD70T2,1C,Public Meetings (USA),Can the human mind be completely free of fear?,video,57,SD,"San Diego, California",6 April 1970,1970,T,Public Talk,2,talk,SD70DYP,T1-4 Ending all fear,library/1C-public-meetings-usa/SD70DYP/SD70T2 - Can the human mind be completely free of fear.mp4,01 - Public meetings.md#SD70DYP,
SD70T3,1C,Public Meetings (USA),Understanding meditation requires order,video,57,SD,"San Diego, California",7 April 1970,1970,T,Public Talk,3,talk,SD70DYP,T1-4 Ending all fear,library/1C-public-meetings-usa/SD70DYP/SD70T3 - Understanding meditation requires order.mp4,01 - Public meetings.md#SD70DYP,
SD70T4,1C,Public Meetings (USA),What is meditation?,video,57,SD,"San Diego, California",9 April 1970,1970,T,Public Talk,4,talk,SD70DYP,T1-4 Ending all fear,library/1C-public-meetings-usa/SD70DYP/SD70T4 - What is meditation.mp4,01 - Public meetings.md#SD70DYP,
SF73T1,1C,Public Meetings (USA),Knowledge in relationship creates division,audio,78,SF,"San Francisco, California",10 March 1973,1973,T,Public Talk,1,talk,SF73T1-4,Meditation is the total negation of the self,library/1C-public-meetings-usa/SF73T1-4/SF73T1 - Knowledge in relationship creates division.m4a,01 - Public meetings.md#SF73T1-4,
SF73T2,1C,Public Meetings (USA),What is the place of thought?,audio,88,SF,"San Francisco, California",11 March 1973,1973,T,Public Talk,2,talk,SF73T1-4,Meditation is the total negation of the self,library/1C-public-meetings-usa/SF73T1-4/SF73T2 - What is the place of thought.m4a,01 - Public meetings.md#SF73T1-4,
SF73T3,1C,Public Meetings (USA),"Suffering, love and freedom from death",audio,86,SF,"San Francisco, California",17 March 1973,1973,T,Public Talk,3,talk,SF73T1-4,Meditation is the total negation of the self,"library/1C-public-meetings-usa/SF73T1-4/SF73T3 - Suffering, love and freedom from death.m4a",01 - Public meetings.md#SF73T1-4,
SF73T4,1C,Public Meetings (USA),Total negation of the self,audio,87,SF,"San Francisco, California",18 March 1973,1973,T,Public Talk,4,talk,SF73T1-4,Meditation is the total negation of the self,library/1C-public-meetings-usa/SF73T1-4/SF73T4 - Total negation of the self.m4a,01 - Public meetings.md#SF73T1-4,
SF75T1,1C,Public Meetings (USA),Freedom is necessary to investigate into oneself,audio,90,SF,"San Francisco, California",20 March 1975,1975,T,Public Talk,1,talk,SF75T1-4,Meditation is the transformation of the mind,library/1C-public-meetings-usa/SF75T1-4/SF75T1 - Freedom is necessary to investigate into oneself.m4a,01 - Public meetings.md#SF75T1-4,
SF75T2,1C,Public Meetings (USA),What is the relationship of knowledge to transformation?,audio,84,SF,"San Francisco, California",22 March 1975,1975,T,Public Talk,2,talk,SF75T1-4,Meditation is the transformation of the mind,library/1C-public-meetings-usa/SF75T1-4/SF75T2 - What is the relationship of knowledge to transformation.m4a,01 - Public meetings.md#SF75T1-4,
SF75T3,1C,Public Meetings (USA),Why have we not been able to resolve suffering?,audio,82,SF,"San Francisco, California",23 March 1975,1975,T,Public Talk,3,talk,SF75T1-4,Meditation is the transformation of the mind,library/1C-public-meetings-usa/SF75T1-4/SF75T3 - Why have we not been able to resolve suffering.m4a,01 - Public meetings.md#SF75T1-4,
SF75T4,1C,Public Meetings (USA),The art of meditation,audio,67,SF,"San Francisco, California",25 March 1975,1975,T,Public Talk,4,talk,SF75T1-4,Meditation is the transformation of the mind,library/1C-public-meetings-usa/SF75T1-4/SF75T4 - The art of meditation.m4a,01 - Public meetings.md#SF75T1-4,
SF83T1,1C,Public Meetings (USA),Can disorder in our lives end?,audio,94,SF,"San Francisco, California",30 April 1983,1983,T,Public Talk,1,talk,SF83T1-2,"Two public talks in San Francisco, 1983",library/1C-public-meetings-usa/SF83T1-2/SF83T1 - Can disorder in our lives end.m4a,01 - Public meetings.md#SF83T1-2,
SF83T2,1C,Public Meetings (USA),"When the brain is totally unconditioned, the mind is religious",audio,83,SF,"San Francisco, California",1 May 1983,1983,T,Public Talk,2,talk,SF83T1-2,"Two public talks in San Francisco, 1983","library/1C-public-meetings-usa/SF83T1-2/SF83T2 - When the brain is totally unconditioned, the mind is religious.m4a",01 - Public meetings.md#SF83T1-2,
SF84T1,1C,Public Meetings (USA),Why are we in conflict?,audio,82,SF,"San Francisco, California",5 May 1984,1984,T,Public Talk,1,talk,SF84T1-2,What is real freedom?,library/1C-public-meetings-usa/SF84T1-2/SF84T1 - Why are we in conflict.m4a,01 - Public meetings.md#SF84T1-2,
SF84T2,1C,Public Meetings (USA),"Fear, sorrow, death and meditation",audio,72,SF,"San Francisco, California",6 May 1984,1984,T,Public Talk,2,talk,SF84T1-2,What is real freedom?,"library/1C-public-meetings-usa/SF84T1-2/SF84T2 - Fear, sorrow, death and meditation.m4a",01 - Public meetings.md#SF84T1-2,
SM70T1,1C,Public Meetings (USA),To look at violence without the past,audio,85,SM,"Santa Monica, California",1 March 1970,1970,T,Public Talk,1,talk,SM70T1-4,To learn about myself means observing without the past,library/1C-public-meetings-usa/SM70T1-4/SM70T1 - To look at violence without the past.m4a,01 - Public meetings.md#SM70T1-4,
SM70T2,1C,Public Meetings (USA),You cannot be free of fear without understanding pleasure,audio,77,SM,"Santa Monica, California",4 March 1970,1970,T,Public Talk,2,talk,SM70T1-4,To learn about myself means observing without the past,library/1C-public-meetings-usa/SM70T1-4/SM70T2 - You cannot be free of fear without understanding pleasure.m4a,01 - Public meetings.md#SM70T1-4,
SM70T3,1C,Public Meetings (USA),"Life, love and death",audio,85,SM,"Santa Monica, California",7 March 1970,1970,T,Public Talk,3,talk,SM70T1-4,To learn about myself means observing without the past,"library/1C-public-meetings-usa/SM70T1-4/SM70T3 - Life, love and death.m4a",01 - Public meetings.md#SM70T1-4,
SM70T4,1C,Public Meetings (USA),Inquiring into religion and meditation,audio,91,SM,"Santa Monica, California",8 March 1970,1970,T,Public Talk,4,talk,SM70T1-4,To learn about myself means observing without the past,library/1C-public-meetings-usa/SM70T1-4/SM70T4 - Inquiring into religion and meditation.m4a,01 - Public meetings.md#SM70T1-4,
SM72T1,1C,Public Meetings (USA),To act instantly is to see actually ‘what is’,video,111,SM,"Santa Monica, California",18 March 1972,1972,T,Public Talk,1,talk,SM72T1-4,What is total action?,library/1C-public-meetings-usa/SM72T1-4/SM72T1 - To act instantly is to see actually ‘what is’.mp4,01 - Public meetings.md#SM72T1-4,Note: a total of 3 minutes of missing video is replaced by audio only.
SM72T2,1C,Public Meetings (USA),Is there a total action which will be sane in an insane world?,video,87,SM,"Santa Monica, California",19 March 1972,1972,T,Public Talk,2,talk,SM72T1-4,What is total action?,library/1C-public-meetings-usa/SM72T1-4/SM72T2 - Is there a total action which will be sane in an insane world.mp4,01 - Public meetings.md#SM72T1-4,Note: a total of 15 seconds of missing video is replaced by audio only.
SM72T3,1C,Public Meetings (USA),In freedom there is order,video,96,SM,"Santa Monica, California",25 March 1972,1972,T,Public Talk,3,talk,SM72T1-4,What is total action?,library/1C-public-meetings-usa/SM72T1-4/SM72T3 - In freedom there is order.mp4,01 - Public meetings.md#SM72T1-4,Note: a total of 13 seconds of missing video is replaced by audio only.
SM72T4,1C,Public Meetings (USA),A different kind of energy,video,74,SM,"Santa Monica, California",26 March 1972,1972,T,Public Talk,4,talk,SM72T1-4,What is total action?,library/1C-public-meetings-usa/SM72T1-4/SM72T4 - A different kind of energy.mp4,01 - Public meetings.md#SM72T1-4,Note: a total of 2 minutes and 20 seconds of missing video is replaced by audio only.
UN84T,1C,Public Meetings (USA),The causes of war,audio,66,UN,New York,17 April 1984,1984,T,Public Talk,,talk,,,library/1C-public-meetings-usa/UN84T - The causes of war.m4a,01 - Public meetings.md#standalone,
UN85T,1C,Public Meetings (USA),Why can't man live peacefully on the earth?,video,67,UN,New York,11 April 1985,1985,T,Public Talk,,talk,,,library/1C-public-meetings-usa/UN85T - Why can't man live peacefully on the earth.mp4,01 - Public meetings.md#standalone,
WA85T1,1C,Public Meetings (USA),In the present is the whole of time,video,93,WA,Washington DC,20 April 1985,1985,T,Public Talk,1,talk,WA85T1-2,Washington Talks,library/1C-public-meetings-usa/WA85T1-2/WA85T1 - In the present is the whole of time.mp4,01 - Public meetings.md#WA85T1-2,
WA85T2,1C,Public Meetings (USA),At the end of sorrow is passion,video,86,WA,Washington DC,21 April 1985,1985,T,Public Talk,2,talk,WA85T1-2,Washington Talks,library/1C-public-meetings-usa/WA85T1-2/WA85T2 - At the end of sorrow is passion.mp4,01 - Public meetings.md#WA85T1-2,
SA61T1,1D,Public Meetings (Switzerland),How do we meet life?,audio,70,SA,Saanen,25 July 1961,1961,T,Public Talk,1,talk,SA61T1-9,A revolution in the mind,library/1D-public-meetings-switzerland/SA61T1-9/SA61T1 - How do we meet life.m4a,01 - Public meetings.md#SA61T1-9,
SA61T2,1D,Public Meetings (Switzerland),"To see something totally, the brain must be quiet",audio,67,SA,Saanen,27 July 1961,1961,T,Public Talk,2,talk,SA61T1-9,A revolution in the mind,"library/1D-public-meetings-switzerland/SA61T1-9/SA61T2 - To see something totally, the brain must be quiet.m4a",01 - Public meetings.md#SA61T1-9,
SA61T3,1D,Public Meetings (Switzerland),Why are we in such conflict?,audio,74,SA,Saanen,30 July 1961,1961,T,Public Talk,3,talk,SA61T1-9,A revolution in the mind,library/1D-public-meetings-switzerland/SA61T1-9/SA61T3 - Why are we in such conflict.m4a,01 - Public meetings.md#SA61T1-9,
SA61T4,1D,Public Meetings (Switzerland),"There is no learning, there is only seeing",audio,65,SA,Saanen,1 August 1961,1961,T,Public Talk,4,talk,SA61T1-9,A revolution in the mind,"library/1D-public-meetings-switzerland/SA61T1-9/SA61T4 - There is no learning, there is only seeing.m4a",01 - Public meetings.md#SA61T1-9,
SA61T5,1D,Public Meetings (Switzerland),Self-knowing is the beginning of meditation,audio,62,SA,Saanen,3 August 1961,1961,T,Public Talk,5,talk,SA61T1-9,A revolution in the mind,library/1D-public-meetings-switzerland/SA61T1-9/SA61T5 - Self-knowing is the beginning of meditation.m4a,01 - Public meetings.md#SA61T1-9,
SA61T6,1D,Public Meetings (Switzerland),Time does not wipe away sorrow,audio,66,SA,Saanen,6 August 1961,1961,T,Public Talk,6,talk,SA61T1-9,A revolution in the mind,library/1D-public-meetings-switzerland/SA61T1-9/SA61T6 - Time does not wipe away sorrow.m4a,01 - Public meetings.md#SA61T1-9,
SA61T7,1D,Public Meetings (Switzerland),"An attentive mind is without conflict, therefore free",audio,55,SA,Saanen,8 August 1961,1961,T,Public Talk,7,talk,SA61T1-9,A revolution in the mind,"library/1D-public-meetings-switzerland/SA61T1-9/SA61T7 - An attentive mind is without conflict, therefore free.m4a",01 - Public meetings.md#SA61T1-9,
SA61T8,1D,Public Meetings (Switzerland),To die implies having no continuity of thought,audio,57,SA,Saanen,10 August 1961,1961,T,Public Talk,8,talk,SA61T1-9,A revolution in the mind,library/1D-public-meetings-switzerland/SA61T1-9/SA61T8 - To die implies having no continuity of thought.m4a,01 - Public meetings.md#SA61T1-9,
SA61T9,1D,Public Meetings (Switzerland),It is only the religious mind that can be in a state of creation,audio,62,SA,Saanen,13 August 1961,1961,T,Public Talk,9,talk,SA61T1-9,A revolution in the mind,library/1D-public-meetings-switzerland/SA61T1-9/SA61T9 - It is only the religious mind that can be in a state of creation.m4a,01 - Public meetings.md#SA61T1-9,
SA62T1,1D,Public Meetings (Switzerland),We can listen only when there is no motive,audio,53,SA,Saanen,22 July 1962,1962,T,Public Talk,1,talk,SA62T1-10,"A new, innocent mind free from the known",library/1D-public-meetings-switzerland/SA62T1-10/SA62T1 - We can listen only when there is no motive.m4a,01 - Public meetings.md#SA62T1-10,
SA62T10,1D,Public Meetings (Switzerland),Freedom implies the total emptying of the mind of the known,audio,70,SA,Saanen,12 August 1962,1962,T,Public Talk,10,talk,SA62T1-10,"A new, innocent mind free from the known",library/1D-public-meetings-switzerland/SA62T1-10/SA62T10 - Freedom implies the total emptying of the mind of the known.m4a,01 - Public meetings.md#SA62T1-10,
SA62T2,1D,Public Meetings (Switzerland),An intensely awake mind does not need experience,audio,65,SA,Saanen,24 July 1962,1962,T,Public Talk,2,talk,SA62T1-10,"A new, innocent mind free from the known",library/1D-public-meetings-switzerland/SA62T1-10/SA62T2 - An intensely awake mind does not need experience.m4a,01 - Public meetings.md#SA62T1-10,
SA62T3,1D,Public Meetings (Switzerland),Is it possible to be free of influence?,audio,64,SA,Saanen,26 July 1962,1962,T,Public Talk,3,talk,SA62T1-10,"A new, innocent mind free from the known",library/1D-public-meetings-switzerland/SA62T1-10/SA62T3 - Is it possible to be free of influence.m4a,01 - Public meetings.md#SA62T1-10,
SA62T4,1D,Public Meetings (Switzerland),Conflict wears the mind,audio,73,SA,Saanen,29 July 1962,1962,T,Public Talk,4,talk,SA62T1-10,"A new, innocent mind free from the known",library/1D-public-meetings-switzerland/SA62T1-10/SA62T4 - Conflict wears the mind.m4a,01 - Public meetings.md#SA62T1-10,
SA62T5,1D,Public Meetings (Switzerland),Seeing the whole mechanism of habit is the essence of freedom,audio,79,SA,Saanen,31 July 1962,1962,T,Public Talk,5,talk,SA62T1-10,"A new, innocent mind free from the known",library/1D-public-meetings-switzerland/SA62T1-10/SA62T5 - Seeing the whole mechanism of habit is the essence of freedom.m4a,01 - Public meetings.md#SA62T1-10,
SA62T6,1D,Public Meetings (Switzerland),Emptying the mind of fear,audio,63,SA,Saanen,2 August 1962,1962,T,Public Talk,6,talk,SA62T1-10,"A new, innocent mind free from the known",library/1D-public-meetings-switzerland/SA62T1-10/SA62T6 - Emptying the mind of fear.m4a,01 - Public meetings.md#SA62T1-10,
SA62T7,1D,Public Meetings (Switzerland),The ending of sorrow and the intensity of passion,audio,64,SA,Saanen,5 August 1962,1962,T,Public Talk,7,talk,SA62T1-10,"A new, innocent mind free from the known",library/1D-public-meetings-switzerland/SA62T1-10/SA62T7 - The ending of sorrow and the intensity of passion.m4a,01 - Public meetings.md#SA62T1-10,
SA62T8,1D,Public Meetings (Switzerland),Death is creation,audio,65,SA,Saanen,7 August 1962,1962,T,Public Talk,8,talk,SA62T1-10,"A new, innocent mind free from the known",library/1D-public-meetings-switzerland/SA62T1-10/SA62T8 - Death is creation.m4a,01 - Public meetings.md#SA62T1-10,
SA62T9,1D,Public Meetings (Switzerland),Meditation is an extraordinary thing that demands no effort,audio,67,SA,Saanen,9 August 1962,1962,T,Public Talk,9,talk,SA62T1-10,"A new, innocent mind free from the known",library/1D-public-meetings-switzerland/SA62T1-10/SA62T9 - Meditation is an extraordinary thing that demands no effort.m4a,01 - Public meetings.md#SA62T1-10,
SA63T1,1D,Public Meetings (Switzerland),A serious mind is deeply religious,audio,74,SA,Saanen,7 July 1963,1963,T,Public Talk,1,talk,SA63T1-10,The world needs a complete mutation of the mind,library/1D-public-meetings-switzerland/SA63T1-10/SA63T1 - A serious mind is deeply religious.m4a,01 - Public meetings.md#SA63T1-10,
SA63T10,1D,Public Meetings (Switzerland),A mind seeking reality must constantly observe,audio,68,SA,Saanen,28 July 1963,1963,T,Public Talk,10,talk,SA63T1-10,The world needs a complete mutation of the mind,library/1D-public-meetings-switzerland/SA63T1-10/SA63T10 - A mind seeking reality must constantly observe.m4a,01 - Public meetings.md#SA63T1-10,
SA63T2,1D,Public Meetings (Switzerland),Understanding conflict,audio,76,SA,Saanen,9 July 1963,1963,T,Public Talk,2,talk,SA63T1-10,The world needs a complete mutation of the mind,library/1D-public-meetings-switzerland/SA63T1-10/SA63T2 - Understanding conflict.m4a,01 - Public meetings.md#SA63T1-10,
SA63T3,1D,Public Meetings (Switzerland),"Freedom in itself, for itself",audio,76,SA,Saanen,11 July 1963,1963,T,Public Talk,3,talk,SA63T1-10,The world needs a complete mutation of the mind,"library/1D-public-meetings-switzerland/SA63T1-10/SA63T3 - Freedom in itself, for itself.m4a",01 - Public meetings.md#SA63T1-10,
SA63T4,1D,Public Meetings (Switzerland),Compassion and observation,audio,73,SA,Saanen,14 July 1963,1963,T,Public Talk,4,talk,SA63T1-10,The world needs a complete mutation of the mind,library/1D-public-meetings-switzerland/SA63T1-10/SA63T4 - Compassion and observation.m4a,01 - Public meetings.md#SA63T1-10,
SA63T5,1D,Public Meetings (Switzerland),"Perception, fear and knowing",audio,72,SA,Saanen,16 July 1963,1963,T,Public Talk,5,talk,SA63T1-10,The world needs a complete mutation of the mind,"library/1D-public-meetings-switzerland/SA63T1-10/SA63T5 - Perception, fear and knowing.m4a",01 - Public meetings.md#SA63T1-10,
SA63T6,1D,Public Meetings (Switzerland),Ending sorrow,audio,73,SA,Saanen,18 July 1963,1963,T,Public Talk,6,talk,SA63T1-10,The world needs a complete mutation of the mind,library/1D-public-meetings-switzerland/SA63T1-10/SA63T6 - Ending sorrow.m4a,01 - Public meetings.md#SA63T1-10,
SA63T7,1D,Public Meetings (Switzerland),Death is unknown,audio,63,SA,Saanen,21 July 1963,1963,T,Public Talk,7,talk,SA63T1-10,The world needs a complete mutation of the mind,library/1D-public-meetings-switzerland/SA63T1-10/SA63T7 - Death is unknown.m4a,01 - Public meetings.md#SA63T1-10,
SA63T8,1D,Public Meetings (Switzerland),Meditation is the highest form of intelligence,audio,70,SA,Saanen,23 July 1963,1963,T,Public Talk,8,talk,SA63T1-10,The world needs a complete mutation of the mind,library/1D-public-meetings-switzerland/SA63T1-10/SA63T8 - Meditation is the highest form of intelligence.m4a,01 - Public meetings.md#SA63T1-10,
SA63T9,1D,Public Meetings (Switzerland),Is it possible to act without ideas?,audio,76,SA,Saanen,25 July 1963,1963,T,Public Talk,9,talk,SA63T1-10,The world needs a complete mutation of the mind,library/1D-public-meetings-switzerland/SA63T1-10/SA63T9 - Is it possible to act without ideas.m4a,01 - Public meetings.md#SA63T1-10,
SA64D1,1D,Public Meetings (Switzerland),What is the mature mind?,audio,70,SA,Saanen,4 August 1964,1964,D,Public Discussion,1,discussion,SA64T1-10,D1-8 A mind that keeps itself aflame,library/1D-public-meetings-switzerland/SA64T1-10/SA64D1 - What is the mature mind.m4a,01 - Public meetings.md#SA64T1-10,
SA64D2,1D,Public Meetings (Switzerland),What kind of peace do you want?,audio,61,SA,Saanen,5 August 1964,1964,D,Public Discussion,2,discussion,SA64T1-10,D1-8 A mind that keeps itself aflame,library/1D-public-meetings-switzerland/SA64T1-10/SA64D2 - What kind of peace do you want.m4a,01 - Public meetings.md#SA64T1-10,
SA64D3,1D,Public Meetings (Switzerland),The division created between thinker and thought,audio,69,SA,Saanen,6 August 1964,1964,D,Public Discussion,3,discussion,SA64T1-10,D1-8 A mind that keeps itself aflame,library/1D-public-meetings-switzerland/SA64T1-10/SA64D3 - The division created between thinker and thought.m4a,01 - Public meetings.md#SA64T1-10,
SA64D4,1D,Public Meetings (Switzerland),Consciousness and the importance of not dreaming,audio,70,SA,Saanen,7 August 1964,1964,D,Public Discussion,4,discussion,SA64T1-10,D1-8 A mind that keeps itself aflame,library/1D-public-meetings-switzerland/SA64T1-10/SA64D4 - Consciousness and the importance of not dreaming.m4a,01 - Public meetings.md#SA64T1-10,
SA64D5,1D,Public Meetings (Switzerland),What makes us dull and unawake?,audio,72,SA,Saanen,8 August 1964,1964,D,Public Discussion,5,discussion,SA64T1-10,D1-8 A mind that keeps itself aflame,library/1D-public-meetings-switzerland/SA64T1-10/SA64D5 - What makes us dull and unawake.m4a,01 - Public meetings.md#SA64T1-10,
SA64D6,1D,Public Meetings (Switzerland),Understanding the immensity of life,audio,72,SA,Saanen,9 August 1964,1964,D,Public Discussion,6,discussion,SA64T1-10,D1-8 A mind that keeps itself aflame,library/1D-public-meetings-switzerland/SA64T1-10/SA64D6 - Understanding the immensity of life.m4a,01 - Public meetings.md#SA64T1-10,
SA64D7,1D,Public Meetings (Switzerland),There is no love without knowing yourself,audio,53,SA,Saanen,10 August 1964,1964,D,Public Discussion,7,discussion,SA64T1-10,D1-8 A mind that keeps itself aflame,library/1D-public-meetings-switzerland/SA64T1-10/SA64D7 - There is no love without knowing yourself.m4a,01 - Public meetings.md#SA64T1-10,
SA64D8,1D,Public Meetings (Switzerland),Facing immense loneliness without help,audio,80,SA,Saanen,11 August 1964,1964,D,Public Discussion,8,discussion,SA64T1-10,D1-8 A mind that keeps itself aflame,library/1D-public-meetings-switzerland/SA64T1-10/SA64D8 - Facing immense loneliness without help.m4a,01 - Public meetings.md#SA64T1-10,
SA64T1,1D,Public Meetings (Switzerland),Learning is watching yourself infinitely,audio,57,SA,Saanen,12 July 1964,1964,T,Public Talk,1,talk,SA64T1-10,D1-8 A mind that keeps itself aflame,library/1D-public-meetings-switzerland/SA64T1-10/SA64T1 - Learning is watching yourself infinitely.m4a,01 - Public meetings.md#SA64T1-10,
SA64T10,1D,Public Meetings (Switzerland),"Aloneness, beauty and the religious mind",audio,51,SA,Saanen,2 August 1964,1964,T,Public Talk,10,talk,SA64T1-10,D1-8 A mind that keeps itself aflame,"library/1D-public-meetings-switzerland/SA64T1-10/SA64T10 - Aloneness, beauty and the religious mind.m4a",01 - Public meetings.md#SA64T1-10,
SA64T2,1D,Public Meetings (Switzerland),Problems inevitably breed confusion,audio,63,SA,Saanen,14 July 1964,1964,T,Public Talk,2,talk,SA64T1-10,D1-8 A mind that keeps itself aflame,library/1D-public-meetings-switzerland/SA64T1-10/SA64T2 - Problems inevitably breed confusion.m4a,01 - Public meetings.md#SA64T1-10,
SA64T3,1D,Public Meetings (Switzerland),"Being in communion with a problem, and the desire to be secure",audio,64,SA,Saanen,16 July 1964,1964,T,Public Talk,3,talk,SA64T1-10,D1-8 A mind that keeps itself aflame,"library/1D-public-meetings-switzerland/SA64T1-10/SA64T3 - Being in communion with a problem, and the desire to be secure.m4a",01 - Public meetings.md#SA64T1-10,
SA64T4,1D,Public Meetings (Switzerland),The difference between change and mutation,audio,62,SA,Saanen,19 July 1964,1964,T,Public Talk,4,talk,SA64T1-10,D1-8 A mind that keeps itself aflame,library/1D-public-meetings-switzerland/SA64T1-10/SA64T4 - The difference between change and mutation.m4a,01 - Public meetings.md#SA64T1-10,
SA64T5,1D,Public Meetings (Switzerland),"Fear, comparison and deterioration",audio,66,SA,Saanen,21 July 1964,1964,T,Public Talk,5,talk,SA64T1-10,D1-8 A mind that keeps itself aflame,"library/1D-public-meetings-switzerland/SA64T1-10/SA64T5 - Fear, comparison and deterioration.m4a",01 - Public meetings.md#SA64T1-10,
SA64T6,1D,Public Meetings (Switzerland),All movement of the mind must come to an end,audio,59,SA,Saanen,23 July 1964,1964,T,Public Talk,6,talk,SA64T1-10,D1-8 A mind that keeps itself aflame,library/1D-public-meetings-switzerland/SA64T1-10/SA64T6 - All movement of the mind must come to an end.m4a,01 - Public meetings.md#SA64T1-10,
SA64T7,1D,Public Meetings (Switzerland),Total inaction is complete action,audio,60,SA,Saanen,26 July 1964,1964,T,Public Talk,7,talk,SA64T1-10,D1-8 A mind that keeps itself aflame,library/1D-public-meetings-switzerland/SA64T1-10/SA64T7 - Total inaction is complete action.m4a,01 - Public meetings.md#SA64T1-10,
SA64T8,1D,Public Meetings (Switzerland),"Time, sorrow and death",audio,57,SA,Saanen,28 July 1964,1964,T,Public Talk,8,talk,SA64T1-10,D1-8 A mind that keeps itself aflame,"library/1D-public-meetings-switzerland/SA64T1-10/SA64T8 - Time, sorrow and death.m4a",01 - Public meetings.md#SA64T1-10,
SA64T9,1D,Public Meetings (Switzerland),Meditation and the ending of all experience,audio,58,SA,Saanen,30 July 1964,1964,T,Public Talk,9,talk,SA64T1-10,D1-8 A mind that keeps itself aflame,library/1D-public-meetings-switzerland/SA64T1-10/SA64T9 - Meditation and the ending of all experience.m4a,01 - Public meetings.md#SA64T1-10,
SA65D1,1D,Public Meetings (Switzerland),What is the state of mind that learns?,audio,78,SA,Saanen,4 August 1965,1965,D,Public Discussion,1,discussion,SA65T1-10,D1-7 A radical mutation of the human mind,library/1D-public-meetings-switzerland/SA65T1-10/SA65D1 - What is the state of mind that learns.m4a,01 - Public meetings.md#SA65T1-10,
SA65D2,1D,Public Meetings (Switzerland),The mind can be clear only in negation,audio,77,SA,Saanen,5 August 1965,1965,D,Public Discussion,2,discussion,SA65T1-10,D1-7 A radical mutation of the human mind,library/1D-public-meetings-switzerland/SA65T1-10/SA65D2 - The mind can be clear only in negation.m4a,01 - Public meetings.md#SA65T1-10,
SA65D3,1D,Public Meetings (Switzerland),In negation is action,audio,70,SA,Saanen,6 August 1965,1965,D,Public Discussion,3,discussion,SA65T1-10,D1-7 A radical mutation of the human mind,library/1D-public-meetings-switzerland/SA65T1-10/SA65D3 - In negation is action.m4a,01 - Public meetings.md#SA65T1-10,
SA65D4,1D,Public Meetings (Switzerland),What does it mean to live in the now?,audio,62,SA,Saanen,7 August 1965,1965,D,Public Discussion,4,discussion,SA65T1-10,D1-7 A radical mutation of the human mind,library/1D-public-meetings-switzerland/SA65T1-10/SA65D4 - What does it mean to live in the now.m4a,01 - Public meetings.md#SA65T1-10,
SA65D5,1D,Public Meetings (Switzerland),Understanding meditation,audio,74,SA,Saanen,8 August 1965,1965,D,Public Discussion,5,discussion,SA65T1-10,D1-7 A radical mutation of the human mind,library/1D-public-meetings-switzerland/SA65T1-10/SA65D5 - Understanding meditation.m4a,01 - Public meetings.md#SA65T1-10,
SA65D6,1D,Public Meetings (Switzerland),This movement of life in which there is death,audio,74,SA,Saanen,9 August 1965,1965,D,Public Discussion,6,discussion,SA65T1-10,D1-7 A radical mutation of the human mind,library/1D-public-meetings-switzerland/SA65T1-10/SA65D6 - This movement of life in which there is death.m4a,01 - Public meetings.md#SA65T1-10,
SA65D7,1D,Public Meetings (Switzerland),Only a fresh mind can create a new society,audio,76,SA,Saanen,10 August 1965,1965,D,Public Discussion,7,discussion,SA65T1-10,D1-7 A radical mutation of the human mind,library/1D-public-meetings-switzerland/SA65T1-10/SA65D7 - Only a fresh mind can create a new society.m4a,01 - Public meetings.md#SA65T1-10,
SA65T1,1D,Public Meetings (Switzerland),How is the mind to see the totality of existence?,audio,62,SA,Saanen,11 July 1965,1965,T,Public Talk,1,talk,SA65T1-10,D1-7 A radical mutation of the human mind,library/1D-public-meetings-switzerland/SA65T1-10/SA65T1 - How is the mind to see the totality of existence.m4a,01 - Public meetings.md#SA65T1-10,
SA65T10,1D,Public Meetings (Switzerland),Sacredness is the essence of religion,audio,62,SA,Saanen,1 August 1965,1965,T,Public Talk,10,talk,SA65T1-10,D1-7 A radical mutation of the human mind,library/1D-public-meetings-switzerland/SA65T1-10/SA65T10 - Sacredness is the essence of religion.m4a,01 - Public meetings.md#SA65T1-10,
SA65T2,1D,Public Meetings (Switzerland),Problems exist as long as there is self-image,audio,60,SA,Saanen,13 July 1965,1965,T,Public Talk,2,talk,SA65T1-10,D1-7 A radical mutation of the human mind,library/1D-public-meetings-switzerland/SA65T1-10/SA65T2 - Problems exist as long as there is self-image.m4a,01 - Public meetings.md#SA65T1-10,
SA65T3,1D,Public Meetings (Switzerland),Change can take place only when there is no conscious effort,audio,59,SA,Saanen,15 July 1965,1965,T,Public Talk,3,talk,SA65T1-10,D1-7 A radical mutation of the human mind,library/1D-public-meetings-switzerland/SA65T1-10/SA65T3 - Change can take place only when there is no conscious effort.m4a,01 - Public meetings.md#SA65T1-10,
SA65T4,1D,Public Meetings (Switzerland),"Freedom, space and order",audio,55,SA,Saanen,18 July 1965,1965,T,Public Talk,4,talk,SA65T1-10,D1-7 A radical mutation of the human mind,"library/1D-public-meetings-switzerland/SA65T1-10/SA65T4 - Freedom, space and order.m4a",01 - Public meetings.md#SA65T1-10,
SA65T5,1D,Public Meetings (Switzerland),A mind in a state of complete negation,audio,60,SA,Saanen,20 July 1965,1965,T,Public Talk,5,talk,SA65T1-10,D1-7 A radical mutation of the human mind,library/1D-public-meetings-switzerland/SA65T1-10/SA65T5 - A mind in a state of complete negation.m4a,01 - Public meetings.md#SA65T1-10,
SA65T6,1D,Public Meetings (Switzerland),Can conformity come to an end?,audio,56,SA,Saanen,22 July 1965,1965,T,Public Talk,6,talk,SA65T1-10,D1-7 A radical mutation of the human mind,library/1D-public-meetings-switzerland/SA65T1-10/SA65T6 - Can conformity come to an end.m4a,01 - Public meetings.md#SA65T1-10,
SA65T7,1D,Public Meetings (Switzerland),"Ending sorrow needs a very clear, simple mind",audio,65,SA,Saanen,25 July 1965,1965,T,Public Talk,7,talk,SA65T1-10,D1-7 A radical mutation of the human mind,"library/1D-public-meetings-switzerland/SA65T1-10/SA65T7 - Ending sorrow needs a very clear, simple mind.m4a",01 - Public meetings.md#SA65T1-10,
SA65T8,1D,Public Meetings (Switzerland),Love and death are something unknown,audio,67,SA,Saanen,27 July 1965,1965,T,Public Talk,8,talk,SA65T1-10,D1-7 A radical mutation of the human mind,library/1D-public-meetings-switzerland/SA65T1-10/SA65T8 - Love and death are something unknown.m4a,01 - Public meetings.md#SA65T1-10,
SA65T9,1D,Public Meetings (Switzerland),Why do we deteriorate?,audio,61,SA,Saanen,29 July 1965,1965,T,Public Talk,9,talk,SA65T1-10,D1-7 A radical mutation of the human mind,library/1D-public-meetings-switzerland/SA65T1-10/SA65T9 - Why do we deteriorate.m4a,01 - Public meetings.md#SA65T1-10,
SA67D1,1D,Public Meetings (Switzerland),Can you look at anger completely objectively?,audio,80,SA,Saanen,2 August 1967,1967,D,Public Discussion,1,discussion,SA67T1-10,"D1-6 Violence, self-knowledge and the process of thought",library/1D-public-meetings-switzerland/SA67T1-10/SA67D1 - Can you look at anger completely objectively.m4a,01 - Public meetings.md#SA67T1-10,
SA67D2,1D,Public Meetings (Switzerland),Looking at violence and conditioning without distortion,audio,81,SA,Saanen,3 August 1967,1967,D,Public Discussion,2,discussion,SA67T1-10,"D1-6 Violence, self-knowledge and the process of thought",library/1D-public-meetings-switzerland/SA67T1-10/SA67D2 - Looking at violence and conditioning without distortion.m4a,01 - Public meetings.md#SA67T1-10,
SA67D3,1D,Public Meetings (Switzerland),How deeply do we want to live without violence?,audio,73,SA,Saanen,4 August 1967,1967,D,Public Discussion,3,discussion,SA67T1-10,"D1-6 Violence, self-knowledge and the process of thought",library/1D-public-meetings-switzerland/SA67T1-10/SA67D3 - How deeply do we want to live without violence.m4a,01 - Public meetings.md#SA67T1-10,
SA67D4,1D,Public Meetings (Switzerland),Why do we build images?,audio,104,SA,Saanen,5 August 1967,1967,D,Public Discussion,4,discussion,SA67T1-10,"D1-6 Violence, self-knowledge and the process of thought",library/1D-public-meetings-switzerland/SA67T1-10/SA67D4 - Why do we build images.m4a,01 - Public meetings.md#SA67T1-10,
SA67D5,1D,Public Meetings (Switzerland),Why is thought so important in our lives?,audio,81,SA,Saanen,6 August 1967,1967,D,Public Discussion,5,discussion,SA67T1-10,"D1-6 Violence, self-knowledge and the process of thought",library/1D-public-meetings-switzerland/SA67T1-10/SA67D5 - Why is thought so important in our lives.m4a,01 - Public meetings.md#SA67T1-10,
SA67D6,1D,Public Meetings (Switzerland),An awareness that reveals the observer is the observed,audio,85,SA,Saanen,7 August 1967,1967,D,Public Discussion,6,discussion,SA67T1-10,"D1-6 Violence, self-knowledge and the process of thought",library/1D-public-meetings-switzerland/SA67T1-10/SA67D6 - An awareness that reveals the observer is the observed.m4a,01 - Public meetings.md#SA67T1-10,
SA67T1,1D,Public Meetings (Switzerland),"To look, listen, understand and act, are all the same",audio,63,SA,Saanen,9 July 1967,1967,T,Public Talk,1,talk,SA67T1-10,"D1-6 Violence, self-knowledge and the process of thought","library/1D-public-meetings-switzerland/SA67T1-10/SA67T1 - To look, listen, understand and act, are all the same.m4a",01 - Public meetings.md#SA67T1-10,
SA67T10,1D,Public Meetings (Switzerland),To look totally,audio,75,SA,Saanen,30 July 1967,1967,T,Public Talk,10,talk,SA67T1-10,"D1-6 Violence, self-knowledge and the process of thought",library/1D-public-meetings-switzerland/SA67T1-10/SA67T10 - To look totally.m4a,01 - Public meetings.md#SA67T1-10,
SA67T2,1D,Public Meetings (Switzerland),Freedom from the psychological structure of society,audio,75,SA,Saanen,11 July 1967,1967,T,Public Talk,2,talk,SA67T1-10,"D1-6 Violence, self-knowledge and the process of thought",library/1D-public-meetings-switzerland/SA67T1-10/SA67T2 - Freedom from the psychological structure of society.m4a,01 - Public meetings.md#SA67T1-10,
SA67T3,1D,Public Meetings (Switzerland),Time does not bring order or peace,audio,67,SA,Saanen,13 July 1967,1967,T,Public Talk,3,talk,SA67T1-10,"D1-6 Violence, self-knowledge and the process of thought",library/1D-public-meetings-switzerland/SA67T1-10/SA67T3 - Time does not bring order or peace.m4a,01 - Public meetings.md#SA67T1-10,
SA67T4,1D,Public Meetings (Switzerland),Why does the mind demand pleasure?,audio,54,SA,Saanen,16 July 1967,1967,T,Public Talk,4,talk,SA67T1-10,"D1-6 Violence, self-knowledge and the process of thought",library/1D-public-meetings-switzerland/SA67T1-10/SA67T4 - Why does the mind demand pleasure.m4a,01 - Public meetings.md#SA67T1-10,
SA67T5,1D,Public Meetings (Switzerland),"Freedom, solitude and fear",audio,72,SA,Saanen,18 July 1967,1967,T,Public Talk,5,talk,SA67T1-10,"D1-6 Violence, self-knowledge and the process of thought","library/1D-public-meetings-switzerland/SA67T1-10/SA67T5 - Freedom, solitude and fear.m4a",01 - Public meetings.md#SA67T1-10,
SA67T6,1D,Public Meetings (Switzerland),"Understand the observer, not the thing observed",audio,68,SA,Saanen,20 July 1967,1967,T,Public Talk,6,talk,SA67T1-10,"D1-6 Violence, self-knowledge and the process of thought","library/1D-public-meetings-switzerland/SA67T1-10/SA67T6 - Understand the observer, not the thing observed.m4a",01 - Public meetings.md#SA67T1-10,
SA67T7,1D,Public Meetings (Switzerland),"Learning, sorrow and passion",audio,61,SA,Saanen,23 July 1967,1967,T,Public Talk,7,talk,SA67T1-10,"D1-6 Violence, self-knowledge and the process of thought","library/1D-public-meetings-switzerland/SA67T1-10/SA67T7 - Learning, sorrow and passion.m4a",01 - Public meetings.md#SA67T1-10,
SA67T8,1D,Public Meetings (Switzerland),Thought breeds fear of living and dying,audio,66,SA,Saanen,25 July 1967,1967,T,Public Talk,8,talk,SA67T1-10,"D1-6 Violence, self-knowledge and the process of thought",library/1D-public-meetings-switzerland/SA67T1-10/SA67T8 - Thought breeds fear of living and dying.m4a,01 - Public meetings.md#SA67T1-10,
SA67T9,1D,Public Meetings (Switzerland),Thought’s beginning can be seen only in silence,audio,72,SA,Saanen,27 July 1967,1967,T,Public Talk,9,talk,SA67T1-10,"D1-6 Violence, self-knowledge and the process of thought",library/1D-public-meetings-switzerland/SA67T1-10/SA67T9 - Thought’s beginning can be seen only in silence.m4a,01 - Public meetings.md#SA67T1-10,
SA68D1,1D,Public Meetings (Switzerland),Can I look out of silence at my contradictory life?,audio,75,SA,Saanen,31 July 1968,1968,D,Public Discussion,1,discussion,SA68T1-10,D1-7 In complete silence of the mind is love,library/1D-public-meetings-switzerland/SA68T1-10/SA68D1 - Can I look out of silence at my contradictory life.m4a,01 - Public meetings.md#SA68T1-10,
SA68D2,1D,Public Meetings (Switzerland),"Looking at oneself without words, images or pride",audio,63,SA,Saanen,1 August 1968,1968,D,Public Discussion,2,discussion,SA68T1-10,D1-7 In complete silence of the mind is love,"library/1D-public-meetings-switzerland/SA68T1-10/SA68D2 - Looking at oneself without words, images or pride.m4a",01 - Public meetings.md#SA68T1-10,
SA68D3,1D,Public Meetings (Switzerland),Why have we neglected the world of mind and spirit?,audio,77,SA,Saanen,2 August 1968,1968,D,Public Discussion,3,discussion,SA68T1-10,D1-7 In complete silence of the mind is love,library/1D-public-meetings-switzerland/SA68T1-10/SA68D3 - Why have we neglected the world of mind and spirit.m4a,01 - Public meetings.md#SA68T1-10,
SA68D4,1D,Public Meetings (Switzerland),Can man go beyond his own limitation?,audio,71,SA,Saanen,3 August 1968,1968,D,Public Discussion,4,discussion,SA68T1-10,D1-7 In complete silence of the mind is love,library/1D-public-meetings-switzerland/SA68T1-10/SA68D4 - Can man go beyond his own limitation.m4a,01 - Public meetings.md#SA68T1-10,
SA68D5,1D,Public Meetings (Switzerland),Why do we seek and what is there to seek?,audio,65,SA,Saanen,4 August 1968,1968,D,Public Discussion,5,discussion,SA68T1-10,D1-7 In complete silence of the mind is love,library/1D-public-meetings-switzerland/SA68T1-10/SA68D5 - Why do we seek and what is there to seek.m4a,01 - Public meetings.md#SA68T1-10,
SA68D6,1D,Public Meetings (Switzerland),True action,audio,67,SA,Saanen,5 August 1968,1968,D,Public Discussion,6,discussion,SA68T1-10,D1-7 In complete silence of the mind is love,library/1D-public-meetings-switzerland/SA68T1-10/SA68D6 - True action.m4a,01 - Public meetings.md#SA68T1-10,
SA68D7,1D,Public Meetings (Switzerland),Is it possible to see with love?,audio,62,SA,Saanen,6 August 1968,1968,D,Public Discussion,7,discussion,SA68T1-10,D1-7 In complete silence of the mind is love,library/1D-public-meetings-switzerland/SA68T1-10/SA68D7 - Is it possible to see with love.m4a,01 - Public meetings.md#SA68T1-10,
SA68T1,1D,Public Meetings (Switzerland),What is the essential issue in life?,audio,60,SA,Saanen,7 July 1968,1968,T,Public Talk,1,talk,SA68T1-10,D1-7 In complete silence of the mind is love,library/1D-public-meetings-switzerland/SA68T1-10/SA68T1 - What is the essential issue in life.m4a,01 - Public meetings.md#SA68T1-10,
SA68T10,1D,Public Meetings (Switzerland),A religious life,audio,55,SA,Saanen,28 July 1968,1968,T,Public Talk,10,talk,SA68T1-10,D1-7 In complete silence of the mind is love,library/1D-public-meetings-switzerland/SA68T1-10/SA68T10 - A religious life.m4a,01 - Public meetings.md#SA68T1-10,
SA68T2,1D,Public Meetings (Switzerland),No system will help man be free,audio,68,SA,Saanen,9 July 1968,1968,T,Public Talk,2,talk,SA68T1-10,D1-7 In complete silence of the mind is love,library/1D-public-meetings-switzerland/SA68T1-10/SA68T2 - No system will help man be free.m4a,01 - Public meetings.md#SA68T1-10,
SA68T3,1D,Public Meetings (Switzerland),"Freedom, systems and conditioning",audio,59,SA,Saanen,11 July 1968,1968,T,Public Talk,3,talk,SA68T1-10,D1-7 In complete silence of the mind is love,"library/1D-public-meetings-switzerland/SA68T1-10/SA68T3 - Freedom, systems and conditioning.m4a",01 - Public meetings.md#SA68T1-10,
SA68T4,1D,Public Meetings (Switzerland),Looking at conditioning without distortion,audio,53,SA,Saanen,14 July 1968,1968,T,Public Talk,4,talk,SA68T1-10,D1-7 In complete silence of the mind is love,library/1D-public-meetings-switzerland/SA68T1-10/SA68T4 - Looking at conditioning without distortion.m4a,01 - Public meetings.md#SA68T1-10,
SA68T5,1D,Public Meetings (Switzerland),Living is the beauty of action and love,audio,52,SA,Saanen,16 July 1968,1968,T,Public Talk,5,talk,SA68T1-10,D1-7 In complete silence of the mind is love,library/1D-public-meetings-switzerland/SA68T1-10/SA68T5 - Living is the beauty of action and love.m4a,01 - Public meetings.md#SA68T1-10,
SA68T6,1D,Public Meetings (Switzerland),"Pleasure, love, beauty and loneliness",audio,65,SA,Saanen,18 July 1968,1968,T,Public Talk,6,talk,SA68T1-10,D1-7 In complete silence of the mind is love,"library/1D-public-meetings-switzerland/SA68T1-10/SA68T6 - Pleasure, love, beauty and loneliness.m4a",01 - Public meetings.md#SA68T1-10,
SA68T7,1D,Public Meetings (Switzerland),The ending of fear,audio,57,SA,Saanen,21 July 1968,1968,T,Public Talk,7,talk,SA68T1-10,D1-7 In complete silence of the mind is love,library/1D-public-meetings-switzerland/SA68T1-10/SA68T7 - The ending of fear.m4a,01 - Public meetings.md#SA68T1-10,
SA68T8,1D,Public Meetings (Switzerland),Looking at sorrow with the complete abandonment of silence,audio,63,SA,Saanen,23 July 1968,1968,T,Public Talk,8,talk,SA68T1-10,D1-7 In complete silence of the mind is love,library/1D-public-meetings-switzerland/SA68T1-10/SA68T8 - Looking at sorrow with the complete abandonment of silence.m4a,01 - Public meetings.md#SA68T1-10,
SA68T9,1D,Public Meetings (Switzerland),Meditation is the understanding of the nature of life,audio,59,SA,Saanen,25 July 1968,1968,T,Public Talk,9,talk,SA68T1-10,D1-7 In complete silence of the mind is love,library/1D-public-meetings-switzerland/SA68T1-10/SA68T9 - Meditation is the understanding of the nature of life.m4a,01 - Public meetings.md#SA68T1-10,
SA69D1,1D,Public Meetings (Switzerland),"I am violent, what shall I do?",audio,85,SA,Saanen,3 August 1969,1969,D,Public Discussion,1,discussion,SA69T1-7,D1-7 The mind must be still and quiet to see,"library/1D-public-meetings-switzerland/SA69T1-7/SA69D1 - I am violent, what shall I do.m4a",01 - Public meetings.md#SA69T1-7,
SA69D2,1D,Public Meetings (Switzerland),Attention without distortion,audio,70,SA,Saanen,4 August 1969,1969,D,Public Discussion,2,discussion,SA69T1-7,D1-7 The mind must be still and quiet to see,library/1D-public-meetings-switzerland/SA69T1-7/SA69D2 - Attention without distortion.m4a,01 - Public meetings.md#SA69T1-7,
SA69D3,1D,Public Meetings (Switzerland),Investigating hypocrisy,audio,64,SA,Saanen,5 August 1969,1969,D,Public Discussion,3,discussion,SA69T1-7,D1-7 The mind must be still and quiet to see,library/1D-public-meetings-switzerland/SA69T1-7/SA69D3 - Investigating hypocrisy.m4a,01 - Public meetings.md#SA69T1-7,
SA69D4,1D,Public Meetings (Switzerland),What is it to look?,audio,63,SA,Saanen,6 August 1969,1969,D,Public Discussion,4,discussion,SA69T1-7,D1-7 The mind must be still and quiet to see,library/1D-public-meetings-switzerland/SA69T1-7/SA69D4 - What is it to look.m4a,01 - Public meetings.md#SA69T1-7,
SA69D5,1D,Public Meetings (Switzerland),Is there an action completely free of time?,audio,67,SA,Saanen,7 August 1969,1969,D,Public Discussion,5,discussion,SA69T1-7,D1-7 The mind must be still and quiet to see,library/1D-public-meetings-switzerland/SA69T1-7/SA69D5 - Is there an action completely free of time.m4a,01 - Public meetings.md#SA69T1-7,
SA69D6,1D,Public Meetings (Switzerland),Penetrating the unknown,audio,56,SA,Saanen,8 August 1969,1969,D,Public Discussion,6,discussion,SA69T1-7,D1-7 The mind must be still and quiet to see,library/1D-public-meetings-switzerland/SA69T1-7/SA69D6 - Penetrating the unknown.m4a,01 - Public meetings.md#SA69T1-7,
SA69D7,1D,Public Meetings (Switzerland),Love and meditation,audio,53,SA,Saanen,9 August 1969,1969,D,Public Discussion,7,discussion,SA69T1-7,D1-7 The mind must be still and quiet to see,library/1D-public-meetings-switzerland/SA69T1-7/SA69D7 - Love and meditation.m4a,01 - Public meetings.md#SA69T1-7,
SA69T1,1D,Public Meetings (Switzerland),"Change, fragmentation and prejudice",audio,61,SA,Saanen,17 July 1969,1969,T,Public Talk,1,talk,SA69T1-7,D1-7 The mind must be still and quiet to see,"library/1D-public-meetings-switzerland/SA69T1-7/SA69T1 - Change, fragmentation and prejudice.m4a",01 - Public meetings.md#SA69T1-7,
SA69T2,1D,Public Meetings (Switzerland),"Freedom, authority and sorrow",audio,67,SA,Saanen,20 July 1969,1969,T,Public Talk,2,talk,SA69T1-7,D1-7 The mind must be still and quiet to see,"library/1D-public-meetings-switzerland/SA69T1-7/SA69T2 - Freedom, authority and sorrow.m4a",01 - Public meetings.md#SA69T1-7,
SA69T3,1D,Public Meetings (Switzerland),Is pleasure related to love and sorrow?,audio,67,SA,Saanen,22 July 1969,1969,T,Public Talk,3,talk,SA69T1-7,D1-7 The mind must be still and quiet to see,library/1D-public-meetings-switzerland/SA69T1-7/SA69T3 - Is pleasure related to love and sorrow.m4a,01 - Public meetings.md#SA69T1-7,
SA69T4,1D,Public Meetings (Switzerland),Observing thought generating pleasure and fear,audio,79,SA,Saanen,24 July 1969,1969,T,Public Talk,4,talk,SA69T1-7,D1-7 The mind must be still and quiet to see,library/1D-public-meetings-switzerland/SA69T1-7/SA69T4 - Observing thought generating pleasure and fear.m4a,01 - Public meetings.md#SA69T1-7,
SA69T5,1D,Public Meetings (Switzerland),"The observer and the observed, and the fear of death",audio,64,SA,Saanen,27 July 1969,1969,T,Public Talk,5,talk,SA69T1-7,D1-7 The mind must be still and quiet to see,"library/1D-public-meetings-switzerland/SA69T1-7/SA69T5 - The observer and the observed, and the fear of death.m4a",01 - Public meetings.md#SA69T1-7,
SA69T6,1D,Public Meetings (Switzerland),When the mind is silent it is complete,audio,67,SA,Saanen,29 July 1969,1969,T,Public Talk,6,talk,SA69T1-7,D1-7 The mind must be still and quiet to see,library/1D-public-meetings-switzerland/SA69T1-7/SA69T6 - When the mind is silent it is complete.m4a,01 - Public meetings.md#SA69T1-7,
SA69T7,1D,Public Meetings (Switzerland),What is the centre of all disturbance?,audio,75,SA,Saanen,31 July 1969,1969,T,Public Talk,7,talk,SA69T1-7,D1-7 The mind must be still and quiet to see,library/1D-public-meetings-switzerland/SA69T1-7/SA69T7 - What is the centre of all disturbance.m4a,01 - Public meetings.md#SA69T1-7,
SA70D1,1D,Public Meetings (Switzerland),How shall I know myself?,audio,81,SA,Saanen,2 August 1970,1970,D,Public Discussion,1,discussion,SA70T1-7,D1-8 Can the brain be completely still?,library/1D-public-meetings-switzerland/SA70T1-7/SA70D1 - How shall I know myself.m4a,01 - Public meetings.md#SA70T1-7,
SA70D2,1D,Public Meetings (Switzerland),Attachment is an escape,audio,75,SA,Saanen,3 August 1970,1970,D,Public Discussion,2,discussion,SA70T1-7,D1-8 Can the brain be completely still?,library/1D-public-meetings-switzerland/SA70T1-7/SA70D2 - Attachment is an escape.m4a,01 - Public meetings.md#SA70T1-7,
SA70D3,1D,Public Meetings (Switzerland),The mind that breeds habits,audio,87,SA,Saanen,4 August 1970,1970,D,Public Discussion,3,discussion,SA70T1-7,D1-8 Can the brain be completely still?,library/1D-public-meetings-switzerland/SA70T1-7/SA70D3 - The mind that breeds habits.m4a,01 - Public meetings.md#SA70T1-7,
SA70D4,1D,Public Meetings (Switzerland),The mind is crowded with the known,audio,81,SA,Saanen,5 August 1970,1970,D,Public Discussion,4,discussion,SA70T1-7,D1-8 Can the brain be completely still?,library/1D-public-meetings-switzerland/SA70T1-7/SA70D4 - The mind is crowded with the known.m4a,01 - Public meetings.md#SA70T1-7,
SA70D5,1D,Public Meetings (Switzerland),The danger of conditioning,audio,80,SA,Saanen,6 August 1970,1970,D,Public Discussion,5,discussion,SA70T1-7,D1-8 Can the brain be completely still?,library/1D-public-meetings-switzerland/SA70T1-7/SA70D5 - The danger of conditioning.m4a,01 - Public meetings.md#SA70T1-7,
SA70D6,1D,Public Meetings (Switzerland),The brain demands order,audio,76,SA,Saanen,7 August 1970,1970,D,Public Discussion,6,discussion,SA70T1-7,D1-8 Can the brain be completely still?,library/1D-public-meetings-switzerland/SA70T1-7/SA70D6 - The brain demands order.m4a,01 - Public meetings.md#SA70T1-7,
SA70D7,1D,Public Meetings (Switzerland),A brain that is completely attentive,audio,78,SA,Saanen,8 August 1970,1970,D,Public Discussion,7,discussion,SA70T1-7,D1-8 Can the brain be completely still?,library/1D-public-meetings-switzerland/SA70T1-7/SA70D7 - A brain that is completely attentive.m4a,01 - Public meetings.md#SA70T1-7,
SA70D8,1D,Public Meetings (Switzerland),Seeking security,audio,73,SA,Saanen,9 August 1970,1970,D,Public Discussion,8,discussion,SA70T1-7,D1-8 Can the brain be completely still?,library/1D-public-meetings-switzerland/SA70T1-7/SA70D8 - Seeking security.m4a,01 - Public meetings.md#SA70T1-7,
SA70T1,1D,Public Meetings (Switzerland),Will action come about through explanations?,audio,79,SA,Saanen,16 July 1970,1970,T,Public Talk,1,talk,SA70T1-7,D1-8 Can the brain be completely still?,library/1D-public-meetings-switzerland/SA70T1-7/SA70T1 - Will action come about through explanations.m4a,01 - Public meetings.md#SA70T1-7,
SA70T2,1D,Public Meetings (Switzerland),Is freedom the denial of outward authority?,audio,72,SA,Saanen,19 July 1970,1970,T,Public Talk,2,talk,SA70T1-7,D1-8 Can the brain be completely still?,library/1D-public-meetings-switzerland/SA70T1-7/SA70T2 - Is freedom the denial of outward authority.m4a,01 - Public meetings.md#SA70T1-7,
SA70T3,1D,Public Meetings (Switzerland),To observe without division implies love,audio,69,SA,Saanen,21 July 1970,1970,T,Public Talk,3,talk,SA70T1-7,D1-8 Can the brain be completely still?,library/1D-public-meetings-switzerland/SA70T1-7/SA70T3 - To observe without division implies love.m4a,01 - Public meetings.md#SA70T1-7,
SA70T4,1D,Public Meetings (Switzerland),Can any problem be solved in isolation?,audio,67,SA,Saanen,23 July 1970,1970,T,Public Talk,4,talk,SA70T1-7,D1-8 Can the brain be completely still?,library/1D-public-meetings-switzerland/SA70T1-7/SA70T4 - Can any problem be solved in isolation.m4a,01 - Public meetings.md#SA70T1-7,
SA70T5,1D,Public Meetings (Switzerland),Fear and pleasure are two sides of a coin,audio,87,SA,Saanen,26 July 1970,1970,T,Public Talk,5,talk,SA70T1-7,D1-8 Can the brain be completely still?,library/1D-public-meetings-switzerland/SA70T1-7/SA70T5 - Fear and pleasure are two sides of a coin.m4a,01 - Public meetings.md#SA70T1-7,
SA70T6,1D,Public Meetings (Switzerland),Can the mind ever be free of conditioning?,audio,79,SA,Saanen,28 July 1970,1970,T,Public Talk,6,talk,SA70T1-7,D1-8 Can the brain be completely still?,library/1D-public-meetings-switzerland/SA70T1-7/SA70T6 - Can the mind ever be free of conditioning.m4a,01 - Public meetings.md#SA70T1-7,
SA70T7,1D,Public Meetings (Switzerland),Can the brain be quiet?,audio,86,SA,Saanen,30 July 1970,1970,T,Public Talk,7,talk,SA70T1-7,D1-8 Can the brain be completely still?,library/1D-public-meetings-switzerland/SA70T1-7/SA70T7 - Can the brain be quiet.m4a,01 - Public meetings.md#SA70T1-7,
SA71D1,1D,Public Meetings (Switzerland),Knowing the content of my consciousness,audio,92,SA,Saanen,4 August 1971,1971,D,Public Discussion,1,discussion,SA71T1-7,D1-7 Learning implies a mind that doesn't know,library/1D-public-meetings-switzerland/SA71T1-7/SA71D1 - Knowing the content of my consciousness.m4a,01 - Public meetings.md#SA71T1-7,
SA71D2,1D,Public Meetings (Switzerland),The old must be silent to discover the new,audio,87,SA,Saanen,5 August 1971,1971,D,Public Discussion,2,discussion,SA71T1-7,D1-7 Learning implies a mind that doesn't know,library/1D-public-meetings-switzerland/SA71T1-7/SA71D2 - The old must be silent to discover the new.m4a,01 - Public meetings.md#SA71T1-7,
SA71D3,1D,Public Meetings (Switzerland),"Harmony of the mind, heart and body",audio,77,SA,Saanen,6 August 1971,1971,D,Public Discussion,3,discussion,SA71T1-7,D1-7 Learning implies a mind that doesn't know,"library/1D-public-meetings-switzerland/SA71T1-7/SA71D3 - Harmony of the mind, heart and body.m4a",01 - Public meetings.md#SA71T1-7,
SA71D4,1D,Public Meetings (Switzerland),Thinking about the future breeds fear,audio,76,SA,Saanen,7 August 1971,1971,D,Public Discussion,4,discussion,SA71T1-7,D1-7 Learning implies a mind that doesn't know,library/1D-public-meetings-switzerland/SA71T1-7/SA71D4 - Thinking about the future breeds fear.m4a,01 - Public meetings.md#SA71T1-7,
SA71D5,1D,Public Meetings (Switzerland),Images prevent relationship,audio,72,SA,Saanen,8 August 1971,1971,D,Public Discussion,5,discussion,SA71T1-7,D1-7 Learning implies a mind that doesn't know,library/1D-public-meetings-switzerland/SA71T1-7/SA71D5 - Images prevent relationship.m4a,01 - Public meetings.md#SA71T1-7,
SA71D6,1D,Public Meetings (Switzerland),How are we going to teach our children?,audio,75,SA,Saanen,9 August 1971,1971,D,Public Discussion,6,discussion,SA71T1-7,D1-7 Learning implies a mind that doesn't know,library/1D-public-meetings-switzerland/SA71T1-7/SA71D6 - How are we going to teach our children.m4a,01 - Public meetings.md#SA71T1-7,
SA71D7,1D,Public Meetings (Switzerland),What is a religious life?,audio,75,SA,Saanen,10 August 1971,1971,D,Public Discussion,7,discussion,SA71T1-7,D1-7 Learning implies a mind that doesn't know,library/1D-public-meetings-switzerland/SA71T1-7/SA71D7 - What is a religious life.m4a,01 - Public meetings.md#SA71T1-7,
SA71T1,1D,Public Meetings (Switzerland),What is your deep interest in life?,audio,79,SA,Saanen,18 July 1971,1971,T,Public Talk,1,talk,SA71T1-7,D1-7 Learning implies a mind that doesn't know,library/1D-public-meetings-switzerland/SA71T1-7/SA71T1 - What is your deep interest in life.m4a,01 - Public meetings.md#SA71T1-7,
SA71T2,1D,Public Meetings (Switzerland),How is one to bring about order in oneself without any conflict?,audio,76,SA,Saanen,20 July 1971,1971,T,Public Talk,2,talk,SA71T1-7,D1-7 Learning implies a mind that doesn't know,library/1D-public-meetings-switzerland/SA71T1-7/SA71T2 - How is one to bring about order in oneself without any conflict.m4a,01 - Public meetings.md#SA71T1-7,
SA71T3,1D,Public Meetings (Switzerland),Looking at oneself without division,audio,77,SA,Saanen,22 July 1971,1971,T,Public Talk,3,talk,SA71T1-7,D1-7 Learning implies a mind that doesn't know,library/1D-public-meetings-switzerland/SA71T1-7/SA71T3 - Looking at oneself without division.m4a,01 - Public meetings.md#SA71T1-7,
SA71T4,1D,Public Meetings (Switzerland),What is right relationship?,audio,79,SA,Saanen,25 July 1971,1971,T,Public Talk,4,talk,SA71T1-7,D1-7 Learning implies a mind that doesn't know,library/1D-public-meetings-switzerland/SA71T1-7/SA71T4 - What is right relationship.m4a,01 - Public meetings.md#SA71T1-7,
SA71T5,1D,Public Meetings (Switzerland),Can the mind be completely free of any distorting factor?,audio,71,SA,Saanen,27 July 1971,1971,T,Public Talk,5,talk,SA71T1-7,D1-7 Learning implies a mind that doesn't know,library/1D-public-meetings-switzerland/SA71T1-7/SA71T5 - Can the mind be completely free of any distorting factor.m4a,01 - Public meetings.md#SA71T1-7,
SA71T6,1D,Public Meetings (Switzerland),Does having concepts waste energy?,audio,79,SA,Saanen,29 July 1971,1971,T,Public Talk,6,talk,SA71T1-7,D1-7 Learning implies a mind that doesn't know,library/1D-public-meetings-switzerland/SA71T1-7/SA71T6 - Does having concepts waste energy.m4a,01 - Public meetings.md#SA71T1-7,
SA71T7,1D,Public Meetings (Switzerland),What is the relationship between thought and intelligence?,audio,90,SA,Saanen,1 August 1971,1971,T,Public Talk,7,talk,SA71T1-7,D1-7 Learning implies a mind that doesn't know,library/1D-public-meetings-switzerland/SA71T1-7/SA71T7 - What is the relationship between thought and intelligence.m4a,01 - Public meetings.md#SA71T1-7,
SA72D1,1D,Public Meetings (Switzerland),The observer and the observed,audio,93,SA,Saanen,2 August 1972,1972,D,Public Discussion,1,discussion,SA72T1-7,D1-7 There is insight when thought is absent,library/1D-public-meetings-switzerland/SA72T1-7/SA72D1 - The observer and the observed.m4a,01 - Public meetings.md#SA72T1-7,
SA72D2,1D,Public Meetings (Switzerland),The problem of existence,audio,81,SA,Saanen,3 August 1972,1972,D,Public Discussion,2,discussion,SA72T1-7,D1-7 There is insight when thought is absent,library/1D-public-meetings-switzerland/SA72T1-7/SA72D2 - The problem of existence.m4a,01 - Public meetings.md#SA72T1-7,
SA72D3,1D,Public Meetings (Switzerland),Total attention,audio,90,SA,Saanen,4 August 1972,1972,D,Public Discussion,3,discussion,SA72T1-7,D1-7 There is insight when thought is absent,library/1D-public-meetings-switzerland/SA72T1-7/SA72D3 - Total attention.m4a,01 - Public meetings.md#SA72T1-7,
SA72D4,1D,Public Meetings (Switzerland),Fragmentary action and total action,audio,81,SA,Saanen,5 August 1972,1972,D,Public Discussion,4,discussion,SA72T1-7,D1-7 There is insight when thought is absent,library/1D-public-meetings-switzerland/SA72T1-7/SA72D4 - Fragmentary action and total action.m4a,01 - Public meetings.md#SA72T1-7,
SA72D5,1D,Public Meetings (Switzerland),Conclusions prevent looking,audio,90,SA,Saanen,6 August 1972,1972,D,Public Discussion,5,discussion,SA72T1-7,D1-7 There is insight when thought is absent,library/1D-public-meetings-switzerland/SA72T1-7/SA72D5 - Conclusions prevent looking.m4a,01 - Public meetings.md#SA72T1-7,
SA72D6,1D,Public Meetings (Switzerland),The sacred in life,audio,91,SA,Saanen,7 August 1972,1972,D,Public Discussion,6,discussion,SA72T1-7,D1-7 There is insight when thought is absent,library/1D-public-meetings-switzerland/SA72T1-7/SA72D6 - The sacred in life.m4a,01 - Public meetings.md#SA72T1-7,
SA72D7,1D,Public Meetings (Switzerland),Are you aware of your conditioning?,audio,77,SA,Saanen,8 August 1972,1972,D,Public Discussion,7,discussion,SA72T1-7,D1-7 There is insight when thought is absent,library/1D-public-meetings-switzerland/SA72T1-7/SA72D7 - Are you aware of your conditioning.m4a,01 - Public meetings.md#SA72T1-7,
SA72T1,1D,Public Meetings (Switzerland),Can I see wholly?,audio,71,SA,Saanen,16 July 1972,1972,T,Public Talk,1,talk,SA72T1-7,D1-7 There is insight when thought is absent,library/1D-public-meetings-switzerland/SA72T1-7/SA72T1 - Can I see wholly.m4a,01 - Public meetings.md#SA72T1-7,
SA72T2,1D,Public Meetings (Switzerland),What is it to be creative?,audio,76,SA,Saanen,18 July 1972,1972,T,Public Talk,2,talk,SA72T1-7,D1-7 There is insight when thought is absent,library/1D-public-meetings-switzerland/SA72T1-7/SA72T2 - What is it to be creative.m4a,01 - Public meetings.md#SA72T1-7,
SA72T3,1D,Public Meetings (Switzerland),Thought and its limitations,audio,85,SA,Saanen,20 July 1972,1972,T,Public Talk,3,talk,SA72T1-7,D1-7 There is insight when thought is absent,library/1D-public-meetings-switzerland/SA72T1-7/SA72T3 - Thought and its limitations.m4a,01 - Public meetings.md#SA72T1-7,
SA72T4,1D,Public Meetings (Switzerland),Can the mind be totally unconditioned?,audio,84,SA,Saanen,23 July 1972,1972,T,Public Talk,4,talk,SA72T1-7,D1-7 There is insight when thought is absent,library/1D-public-meetings-switzerland/SA72T1-7/SA72T4 - Can the mind be totally unconditioned.m4a,01 - Public meetings.md#SA72T1-7,
SA72T5,1D,Public Meetings (Switzerland),Will the discovery of the cause of suffering end it?,audio,83,SA,Saanen,25 July 1972,1972,T,Public Talk,5,talk,SA72T1-7,D1-7 There is insight when thought is absent,library/1D-public-meetings-switzerland/SA72T1-7/SA72T5 - Will the discovery of the cause of suffering end it.m4a,01 - Public meetings.md#SA72T1-7,
SA72T6,1D,Public Meetings (Switzerland),"Pleasure, joy and death",audio,92,SA,Saanen,27 July 1972,1972,T,Public Talk,6,talk,SA72T1-7,D1-7 There is insight when thought is absent,"library/1D-public-meetings-switzerland/SA72T1-7/SA72T6 - Pleasure, joy and death.m4a",01 - Public meetings.md#SA72T1-7,
SA72T7,1D,Public Meetings (Switzerland),Religion and meditation,audio,88,SA,Saanen,30 July 1972,1972,T,Public Talk,7,talk,SA72T1-7,D1-7 There is insight when thought is absent,library/1D-public-meetings-switzerland/SA72T1-7/SA72T7 - Religion and meditation.m4a,01 - Public meetings.md#SA72T1-7,
SA73D1,1D,Public Meetings (Switzerland),How does one observe?,audio,81,SA,Saanen,1 August 1973,1973,D,Public Discussion,1,discussion,SA73T1-7,D1-7 A mind that seeks truth must be free of the observer,library/1D-public-meetings-switzerland/SA73T1-7/SA73D1 - How does one observe.m4a,01 - Public meetings.md#SA73T1-7,
SA73D2,1D,Public Meetings (Switzerland),"Choice, will and action",audio,80,SA,Saanen,2 August 1973,1973,D,Public Discussion,2,discussion,SA73T1-7,D1-7 A mind that seeks truth must be free of the observer,"library/1D-public-meetings-switzerland/SA73T1-7/SA73D2 - Choice, will and action.m4a",01 - Public meetings.md#SA73T1-7,
SA73D3,1D,Public Meetings (Switzerland),Relationship without dependence,audio,79,SA,Saanen,3 August 1973,1973,D,Public Discussion,3,discussion,SA73T1-7,D1-7 A mind that seeks truth must be free of the observer,library/1D-public-meetings-switzerland/SA73T1-7/SA73D3 - Relationship without dependence.m4a,01 - Public meetings.md#SA73T1-7,
SA73D4,1D,Public Meetings (Switzerland),Fear is a destructive poison,audio,105,SA,Saanen,4 August 1973,1973,D,Public Discussion,4,discussion,SA73T1-7,D1-7 A mind that seeks truth must be free of the observer,library/1D-public-meetings-switzerland/SA73T1-7/SA73D4 - Fear is a destructive poison.m4a,01 - Public meetings.md#SA73T1-7,
SA73D5,1D,Public Meetings (Switzerland),Are you aware?,audio,82,SA,Saanen,5 August 1973,1973,D,Public Discussion,5,discussion,SA73T1-7,D1-7 A mind that seeks truth must be free of the observer,library/1D-public-meetings-switzerland/SA73T1-7/SA73D5 - Are you aware.m4a,01 - Public meetings.md#SA73T1-7,
SA73D6,1D,Public Meetings (Switzerland),Are life and death two separate things?,audio,94,SA,Saanen,6 August 1973,1973,D,Public Discussion,6,discussion,SA73T1-7,D1-7 A mind that seeks truth must be free of the observer,library/1D-public-meetings-switzerland/SA73T1-7/SA73D6 - Are life and death two separate things.m4a,01 - Public meetings.md#SA73T1-7,
SA73D7,1D,Public Meetings (Switzerland),Where there is intelligence there is order,audio,72,SA,Saanen,7 August 1973,1973,D,Public Discussion,7,discussion,SA73T1-7,D1-7 A mind that seeks truth must be free of the observer,library/1D-public-meetings-switzerland/SA73T1-7/SA73D7 - Where there is intelligence there is order.m4a,01 - Public meetings.md#SA73T1-7,
SA73T1,1D,Public Meetings (Switzerland),Can the mind change radically outside of time?,audio,77,SA,Saanen,15 July 1973,1973,T,Public Talk,1,talk,SA73T1-7,D1-7 A mind that seeks truth must be free of the observer,library/1D-public-meetings-switzerland/SA73T1-7/SA73T1 - Can the mind change radically outside of time.m4a,01 - Public meetings.md#SA73T1-7,
SA73T2,1D,Public Meetings (Switzerland),Can the mind choicelessly see its conditioning?,audio,85,SA,Saanen,17 July 1973,1973,T,Public Talk,2,talk,SA73T1-7,D1-7 A mind that seeks truth must be free of the observer,library/1D-public-meetings-switzerland/SA73T1-7/SA73T2 - Can the mind choicelessly see its conditioning.m4a,01 - Public meetings.md#SA73T1-7,
SA73T3,1D,Public Meetings (Switzerland),Can thought explore consciousness?,audio,85,SA,Saanen,19 July 1973,1973,T,Public Talk,3,talk,SA73T1-7,D1-7 A mind that seeks truth must be free of the observer,library/1D-public-meetings-switzerland/SA73T1-7/SA73T3 - Can thought explore consciousness.m4a,01 - Public meetings.md#SA73T1-7,
SA73T4,1D,Public Meetings (Switzerland),Can thought reveal the meaning of life?,audio,73,SA,Saanen,22 July 1973,1973,T,Public Talk,4,talk,SA73T1-7,D1-7 A mind that seeks truth must be free of the observer,library/1D-public-meetings-switzerland/SA73T1-7/SA73T4 - Can thought reveal the meaning of life.m4a,01 - Public meetings.md#SA73T1-7,
SA73T5,1D,Public Meetings (Switzerland),What is the action of total inaction?,audio,70,SA,Saanen,24 July 1973,1973,T,Public Talk,5,talk,SA73T1-7,D1-7 A mind that seeks truth must be free of the observer,library/1D-public-meetings-switzerland/SA73T1-7/SA73T5 - What is the action of total inaction.m4a,01 - Public meetings.md#SA73T1-7,
SA73T6,1D,Public Meetings (Switzerland),Can death be brought into the field of the known?,audio,76,SA,Saanen,26 July 1973,1973,T,Public Talk,6,talk,SA73T1-7,D1-7 A mind that seeks truth must be free of the observer,library/1D-public-meetings-switzerland/SA73T1-7/SA73T6 - Can death be brought into the field of the known.m4a,01 - Public meetings.md#SA73T1-7,
SA73T7,1D,Public Meetings (Switzerland),What is religion and what is meditation?,audio,86,SA,Saanen,29 July 1973,1973,T,Public Talk,7,talk,SA73T1-7,D1-7 A mind that seeks truth must be free of the observer,library/1D-public-meetings-switzerland/SA73T1-7/SA73T7 - What is religion and what is meditation.m4a,01 - Public meetings.md#SA73T1-7,
SA74D1,1D,Public Meetings (Switzerland),Thought is not the instrument of change,audio,119,SA,Saanen,31 July 1974,1974,D,Public Discussion,1,discussion,SA74T1-7,D1-5 Is there a movement other than the movement of thought?,library/1D-public-meetings-switzerland/SA74T1-7/SA74D1 - Thought is not the instrument of change.m4a,01 - Public meetings.md#SA74T1-7,
SA74D2,1D,Public Meetings (Switzerland),Why is the mind attached?,audio,89,SA,Saanen,1 August 1974,1974,D,Public Discussion,2,discussion,SA74T1-7,D1-5 Is there a movement other than the movement of thought?,library/1D-public-meetings-switzerland/SA74T1-7/SA74D2 - Why is the mind attached.m4a,01 - Public meetings.md#SA74T1-7,
SA74D3,1D,Public Meetings (Switzerland),What is our responsibility?,audio,93,SA,Saanen,2 August 1974,1974,D,Public Discussion,3,discussion,SA74T1-7,D1-5 Is there a movement other than the movement of thought?,library/1D-public-meetings-switzerland/SA74T1-7/SA74D3 - What is our responsibility.m4a,01 - Public meetings.md#SA74T1-7,
SA74D4,1D,Public Meetings (Switzerland),What is the relationship between attention and lack of attention?,audio,100,SA,Saanen,3 August 1974,1974,D,Public Discussion,4,discussion,SA74T1-7,D1-5 Is there a movement other than the movement of thought?,library/1D-public-meetings-switzerland/SA74T1-7/SA74D4 - What is the relationship between attention and lack of attention.m4a,01 - Public meetings.md#SA74T1-7,
SA74D5,1D,Public Meetings (Switzerland),What is a chaste mind?,audio,95,SA,Saanen,4 August 1974,1974,D,Public Discussion,5,discussion,SA74T1-7,D1-5 Is there a movement other than the movement of thought?,library/1D-public-meetings-switzerland/SA74T1-7/SA74D5 - What is a chaste mind.m4a,01 - Public meetings.md#SA74T1-7,
SA74T1,1D,Public Meetings (Switzerland),What is the operation of thought?,audio,84,SA,Saanen,14 July 1974,1974,T,Public Talk,1,talk,SA74T1-7,D1-5 Is there a movement other than the movement of thought?,library/1D-public-meetings-switzerland/SA74T1-7/SA74T1 - What is the operation of thought.m4a,01 - Public meetings.md#SA74T1-7,
SA74T2,1D,Public Meetings (Switzerland),Is there energy not based on idea or ideology?,audio,84,SA,Saanen,16 July 1974,1974,T,Public Talk,2,talk,SA74T1-7,D1-5 Is there a movement other than the movement of thought?,library/1D-public-meetings-switzerland/SA74T1-7/SA74T2 - Is there energy not based on idea or ideology.m4a,01 - Public meetings.md#SA74T1-7,
SA74T3,1D,Public Meetings (Switzerland),Can thought bring order?,audio,87,SA,Saanen,18 July 1974,1974,T,Public Talk,3,talk,SA74T1-7,D1-5 Is there a movement other than the movement of thought?,library/1D-public-meetings-switzerland/SA74T1-7/SA74T3 - Can thought bring order.m4a,01 - Public meetings.md#SA74T1-7,
SA74T4,1D,Public Meetings (Switzerland),Can the mind not be a slave to knowledge?,audio,93,SA,Saanen,21 July 1974,1974,T,Public Talk,4,talk,SA74T1-7,D1-5 Is there a movement other than the movement of thought?,library/1D-public-meetings-switzerland/SA74T1-7/SA74T4 - Can the mind not be a slave to knowledge.m4a,01 - Public meetings.md#SA74T1-7,
SA74T5,1D,Public Meetings (Switzerland),Wisdom comes through the understanding of suffering,audio,86,SA,Saanen,23 July 1974,1974,T,Public Talk,5,talk,SA74T1-7,D1-5 Is there a movement other than the movement of thought?,library/1D-public-meetings-switzerland/SA74T1-7/SA74T5 - Wisdom comes through the understanding of suffering.m4a,01 - Public meetings.md#SA74T1-7,
SA74T6,1D,Public Meetings (Switzerland),Are you seeking security in a concept?,audio,80,SA,Saanen,25 July 1974,1974,T,Public Talk,6,talk,SA74T1-7,D1-5 Is there a movement other than the movement of thought?,library/1D-public-meetings-switzerland/SA74T1-7/SA74T6 - Are you seeking security in a concept.m4a,01 - Public meetings.md#SA74T1-7,
SA74T7,1D,Public Meetings (Switzerland),Meditation is to discover an area in which there is no movement of thought,audio,84,SA,Saanen,28 July 1974,1974,T,Public Talk,7,talk,SA74T1-7,D1-5 Is there a movement other than the movement of thought?,library/1D-public-meetings-switzerland/SA74T1-7/SA74T7 - Meditation is to discover an area in which there is no movement of thought.m4a,01 - Public meetings.md#SA74T1-7,
SA75D1,1D,Public Meetings (Switzerland),Stepping out of the stream of selfishness,audio,88,SA,Saanen,30 July 1975,1975,D,Public Discussion,1,discussion,SA75T1-7,D1-5 Is it possible for the stream of selfishness to end?,library/1D-public-meetings-switzerland/SA75T1-7/SA75D1 - Stepping out of the stream of selfishness.m4a,01 - Public meetings.md#SA75T1-7,
SA75D2,1D,Public Meetings (Switzerland),Thought and the centre,audio,77,SA,Saanen,31 July 1975,1975,D,Public Discussion,2,discussion,SA75T1-7,D1-5 Is it possible for the stream of selfishness to end?,library/1D-public-meetings-switzerland/SA75T1-7/SA75D2 - Thought and the centre.m4a,01 - Public meetings.md#SA75T1-7,
SA75D3,1D,Public Meetings (Switzerland),What is the relationship between truth and reality?,audio,84,SA,Saanen,1 August 1975,1975,D,Public Discussion,3,discussion,SA75T1-7,D1-5 Is it possible for the stream of selfishness to end?,library/1D-public-meetings-switzerland/SA75T1-7/SA75D3 - What is the relationship between truth and reality.m4a,01 - Public meetings.md#SA75T1-7,
SA75D4,1D,Public Meetings (Switzerland),Responsibility and meditation,audio,79,SA,Saanen,2 August 1975,1975,D,Public Discussion,4,discussion,SA75T1-7,D1-5 Is it possible for the stream of selfishness to end?,library/1D-public-meetings-switzerland/SA75T1-7/SA75D4 - Responsibility and meditation.m4a,01 - Public meetings.md#SA75T1-7,
SA75D5,1D,Public Meetings (Switzerland),"Space, love and compassion",audio,70,SA,Saanen,3 August 1975,1975,D,Public Discussion,5,discussion,SA75T1-7,D1-5 Is it possible for the stream of selfishness to end?,"library/1D-public-meetings-switzerland/SA75T1-7/SA75D5 - Space, love and compassion.m4a",01 - Public meetings.md#SA75T1-7,
SA75T1,1D,Public Meetings (Switzerland),Reality and truth,audio,81,SA,Saanen,13 July 1975,1975,T,Public Talk,1,talk,SA75T1-7,D1-5 Is it possible for the stream of selfishness to end?,library/1D-public-meetings-switzerland/SA75T1-7/SA75T1 - Reality and truth.m4a,01 - Public meetings.md#SA75T1-7,
SA75T2,1D,Public Meetings (Switzerland),Can love exist in the field of reality?,audio,80,SA,Saanen,15 July 1975,1975,T,Public Talk,2,talk,SA75T1-7,D1-5 Is it possible for the stream of selfishness to end?,library/1D-public-meetings-switzerland/SA75T1-7/SA75T2 - Can love exist in the field of reality.m4a,01 - Public meetings.md#SA75T1-7,
SA75T3,1D,Public Meetings (Switzerland),Is there suffering when there is no attachment?,audio,81,SA,Saanen,17 July 1975,1975,T,Public Talk,3,talk,SA75T1-7,D1-5 Is it possible for the stream of selfishness to end?,library/1D-public-meetings-switzerland/SA75T1-7/SA75T3 - Is there suffering when there is no attachment.m4a,01 - Public meetings.md#SA75T1-7,
SA75T4,1D,Public Meetings (Switzerland),"Time, action and fear",audio,75,SA,Saanen,20 July 1975,1975,T,Public Talk,4,talk,SA75T1-7,D1-5 Is it possible for the stream of selfishness to end?,"library/1D-public-meetings-switzerland/SA75T1-7/SA75T4 - Time, action and fear.m4a",01 - Public meetings.md#SA75T1-7,
SA75T5,1D,Public Meetings (Switzerland),"Freedom, pleasure and joy",audio,65,SA,Saanen,22 July 1975,1975,T,Public Talk,5,talk,SA75T1-7,D1-5 Is it possible for the stream of selfishness to end?,"library/1D-public-meetings-switzerland/SA75T1-7/SA75T5 - Freedom, pleasure and joy.m4a",01 - Public meetings.md#SA75T1-7,
SA75T6,1D,Public Meetings (Switzerland),Can one living in the world of reality end selfishness?,audio,73,SA,Saanen,24 July 1975,1975,T,Public Talk,6,talk,SA75T1-7,D1-5 Is it possible for the stream of selfishness to end?,library/1D-public-meetings-switzerland/SA75T1-7/SA75T6 - Can one living in the world of reality end selfishness.m4a,01 - Public meetings.md#SA75T1-7,
SA75T7,1D,Public Meetings (Switzerland),The quality of energy which comes about through meditation,audio,66,SA,Saanen,27 July 1975,1975,T,Public Talk,7,talk,SA75T1-7,D1-5 Is it possible for the stream of selfishness to end?,library/1D-public-meetings-switzerland/SA75T1-7/SA75T7 - The quality of energy which comes about through meditation.m4a,01 - Public meetings.md#SA75T1-7,
SA76D1,1D,Public Meetings (Switzerland),Why should we get hurt?,video,91,SA,Saanen,28 July 1976,1976,D,Public Discussion,1,discussion,SA76T1-7,"D1-5 - Saanen 1976 - Public Meetings - You are only aware now,",library/1D-public-meetings-switzerland/SA76T1-7/SA76D1 - Why should we get hurt.mp4,01 - Public meetings.md#SA76T1-7,Note: a total of 48 seconds of missing video is replaced by audio only.
SA76D2,1D,Public Meetings (Switzerland),How does understanding take place?,video,78,SA,Saanen,29 July 1976,1976,D,Public Discussion,2,discussion,SA76T1-7,"D1-5 - Saanen 1976 - Public Meetings - You are only aware now,",library/1D-public-meetings-switzerland/SA76T1-7/SA76D2 - How does understanding take place.mp4,01 - Public meetings.md#SA76T1-7,Note: a total of 23 seconds of missing video is replaced by audio only.
SA76D3,1D,Public Meetings (Switzerland),Judgement and death,video,88,SA,Saanen,30 July 1976,1976,D,Public Discussion,3,discussion,SA76T1-7,"D1-5 - Saanen 1976 - Public Meetings - You are only aware now,",library/1D-public-meetings-switzerland/SA76T1-7/SA76D3 - Judgement and death.mp4,01 - Public meetings.md#SA76T1-7,Note: a total of 26 seconds of missing video is replaced by audio only.
SA76D4,1D,Public Meetings (Switzerland),On being a light to oneself,video,79,SA,Saanen,31 July 1976,1976,D,Public Discussion,4,discussion,SA76T1-7,"D1-5 - Saanen 1976 - Public Meetings - You are only aware now,",library/1D-public-meetings-switzerland/SA76T1-7/SA76D4 - On being a light to oneself.mp4,01 - Public meetings.md#SA76T1-7,Note: a total of 2 minutes and 47 seconds of missing video is replaced by audio only.
SA76D5,1D,Public Meetings (Switzerland),Is there thinking without the word?,video,85,SA,Saanen,1 August 1976,1976,D,Public Discussion,5,discussion,SA76T1-7,"D1-5 - Saanen 1976 - Public Meetings - You are only aware now,",library/1D-public-meetings-switzerland/SA76T1-7/SA76D5 - Is there thinking without the word.mp4,01 - Public meetings.md#SA76T1-7,Note: a total of 50 seconds of missing video is replaced by audio only.
SA76T1,1D,Public Meetings (Switzerland),What will change a human being?,audio,85,SA,Saanen,11 July 1976,1976,T,Public Talk,1,talk,SA76T1-7,"D1-5 - Saanen 1976 - Public Meetings - You are only aware now,",library/1D-public-meetings-switzerland/SA76T1-7/SA76T1 - What will change a human being.m4a,01 - Public meetings.md#SA76T1-7,
SA76T2,1D,Public Meetings (Switzerland),Observation and fear,video,67,SA,Saanen,13 July 1976,1976,T,Public Talk,2,talk,SA76T1-7,"D1-5 - Saanen 1976 - Public Meetings - You are only aware now,",library/1D-public-meetings-switzerland/SA76T1-7/SA76T2 - Observation and fear.mp4,01 - Public meetings.md#SA76T1-7,Note: a total of 30 seconds of missing video is replaced by audio only.
SA76T3,1D,Public Meetings (Switzerland),The impediments to radical transformation,video,82,SA,Saanen,15 July 1976,1976,T,Public Talk,3,talk,SA76T1-7,"D1-5 - Saanen 1976 - Public Meetings - You are only aware now,",library/1D-public-meetings-switzerland/SA76T1-7/SA76T3 - The impediments to radical transformation.mp4,01 - Public meetings.md#SA76T1-7,Note: a total of 3 minutes and 24 seconds of missing video is replaced by audio only.
SA76T4,1D,Public Meetings (Switzerland),Can the content of consciousness free itself?,video,67,SA,Saanen,18 July 1976,1976,T,Public Talk,4,talk,SA76T1-7,"D1-5 - Saanen 1976 - Public Meetings - You are only aware now,",library/1D-public-meetings-switzerland/SA76T1-7/SA76T4 - Can the content of consciousness free itself.mp4,01 - Public meetings.md#SA76T1-7,Note: a total of 4 minutes and 11 seconds of missing video is replaced by audio only.
SA76T5,1D,Public Meetings (Switzerland),Suffering and love,video,69,SA,Saanen,20 July 1976,1976,T,Public Talk,5,talk,SA76T1-7,"D1-5 - Saanen 1976 - Public Meetings - You are only aware now,",library/1D-public-meetings-switzerland/SA76T1-7/SA76T5 - Suffering and love.mp4,01 - Public meetings.md#SA76T1-7,Note: a total of 23 seconds of missing video is replaced by audio only.
SA76T6,1D,Public Meetings (Switzerland),"Can attachment, belief, experience, knowledge, end now?",video,65,SA,Saanen,22 July 1976,1976,T,Public Talk,6,talk,SA76T1-7,"D1-5 - Saanen 1976 - Public Meetings - You are only aware now,","library/1D-public-meetings-switzerland/SA76T1-7/SA76T6 - Can attachment, belief, experience, knowledge, end now.mp4",01 - Public meetings.md#SA76T1-7,Note: a total of 7 minutes and 45 seconds of missing video is replaced by audio only.
SA76T7,1D,Public Meetings (Switzerland),When you are a light to yourself you are a light to the world,video,80,SA,Saanen,25 July 1976,1976,T,Public Talk,7,talk,SA76T1-7,"D1-5 - Saanen 1976 - Public Meetings - You are only aware now,",library/1D-public-meetings-switzerland/SA76T1-7/SA76T7 - When you are a light to yourself you are a light to the world.mp4,01 - Public meetings.md#SA76T1-7,Note: a total of 22 seconds of missing video is replaced by audio only.
SA77D1,1D,Public Meetings (Switzerland),What it means to be totally aware,video,82,SA,Saanen,27 July 1977,1977,D,Public Discussion,1,discussion,SA77T1-6,D1-5 Can the mind be free of every motive to investigate?,library/1D-public-meetings-switzerland/SA77T1-6/SA77D1 - What it means to be totally aware.mp4,01 - Public meetings.md#SA77T1-6,Note: a total of 42 seconds of missing video is replaced by audio only.
SA77D2,1D,Public Meetings (Switzerland),Motive prevents observation,video,68,SA,Saanen,28 July 1977,1977,D,Public Discussion,2,discussion,SA77T1-6,D1-5 Can the mind be free of every motive to investigate?,library/1D-public-meetings-switzerland/SA77T1-6/SA77D2 - Motive prevents observation.mp4,01 - Public meetings.md#SA77T1-6,Note: two seconds of missing video is replaced by audio only.
SA77D3,1D,Public Meetings (Switzerland),"Education, meditation and death",video,84,SA,Saanen,29 July 1977,1977,D,Public Discussion,3,discussion,SA77T1-6,D1-5 Can the mind be free of every motive to investigate?,"library/1D-public-meetings-switzerland/SA77T1-6/SA77D3 - Education, meditation and death.mp4",01 - Public meetings.md#SA77T1-6,
SA77D4,1D,Public Meetings (Switzerland),"Facts, reality and truth",video,88,SA,Saanen,30 July 1977,1977,D,Public Discussion,4,discussion,SA77T1-6,D1-5 Can the mind be free of every motive to investigate?,"library/1D-public-meetings-switzerland/SA77T1-6/SA77D4 - Facts, reality and truth.mp4",01 - Public meetings.md#SA77T1-6,
SA77D5,1D,Public Meetings (Switzerland),Relationship and intelligence,video,82,SA,Saanen,31 July 1977,1977,D,Public Discussion,5,discussion,SA77T1-6,D1-5 Can the mind be free of every motive to investigate?,library/1D-public-meetings-switzerland/SA77T1-6/SA77D5 - Relationship and intelligence.mp4,01 - Public meetings.md#SA77T1-6,
SA77T1,1D,Public Meetings (Switzerland),What are we seeking?,video,66,SA,Saanen,10 July 1977,1977,T,Public Talk,1,talk,SA77T1-6,D1-5 Can the mind be free of every motive to investigate?,library/1D-public-meetings-switzerland/SA77T1-6/SA77T1 - What are we seeking.mp4,01 - Public meetings.md#SA77T1-6,
SA77T2,1D,Public Meetings (Switzerland),Is there security in psychological authority?,video,63,SA,Saanen,12 July 1977,1977,T,Public Talk,2,talk,SA77T1-6,D1-5 Can the mind be free of every motive to investigate?,library/1D-public-meetings-switzerland/SA77T1-6/SA77T2 - Is there security in psychological authority.mp4,01 - Public meetings.md#SA77T1-6,
SA77T3,1D,Public Meetings (Switzerland),What is the relationship of clarity to compassion?,video,60,SA,Saanen,14 July 1977,1977,T,Public Talk,3,talk,SA77T1-6,D1-5 Can the mind be free of every motive to investigate?,library/1D-public-meetings-switzerland/SA77T1-6/SA77T3 - What is the relationship of clarity to compassion.mp4,01 - Public meetings.md#SA77T1-6,Note: a total of 13 minutes of missing video is replaced by audio only.
SA77T4,1D,Public Meetings (Switzerland),Does compassion flower in the field of desire?,video,76,SA,Saanen,17 July 1977,1977,T,Public Talk,4,talk,SA77T1-6,D1-5 Can the mind be free of every motive to investigate?,library/1D-public-meetings-switzerland/SA77T1-6/SA77T4 - Does compassion flower in the field of desire.mp4,01 - Public meetings.md#SA77T1-6,
SA77T5,1D,Public Meetings (Switzerland),Is there an action which is without cause and motive?,video,62,SA,Saanen,19 July 1977,1977,T,Public Talk,5,talk,SA77T1-6,D1-5 Can the mind be free of every motive to investigate?,library/1D-public-meetings-switzerland/SA77T1-6/SA77T5 - Is there an action which is without cause and motive.mp4,01 - Public meetings.md#SA77T1-6,
SA77T6,1D,Public Meetings (Switzerland),What is it to observe holistically?,video,61,SA,Saanen,21 July 1977,1977,T,Public Talk,6,talk,SA77T1-6,D1-5 Can the mind be free of every motive to investigate?,library/1D-public-meetings-switzerland/SA77T1-6/SA77T6 - What is it to observe holistically.mp4,01 - Public meetings.md#SA77T1-6,
SA77T7,1D,Public Meetings (Switzerland),A movement which is timeless,video,67,SA,Saanen,24 July 1977,1977,T,Public Talk,7,talk,SA77T1-6,D1-5 Can the mind be free of every motive to investigate?,library/1D-public-meetings-switzerland/SA77T1-6/SA77T7 - A movement which is timeless.mp4,01 - Public meetings.md#SA77T1-6,
SA78D1,1D,Public Meetings (Switzerland),Can the drive of selfishness end?,video,84,SA,Saanen,26 July 1978,1978,D,Public Discussion,1,discussion,SA78T1-7,D1-5 Is it possible to observe the whole movement of,library/1D-public-meetings-switzerland/SA78T1-7/SA78D1 - Can the drive of selfishness end.mp4,01 - Public meetings.md#SA78T1-7,
SA78D2,1D,Public Meetings (Switzerland),What will make a human being change?,video,69,SA,Saanen,27 July 1978,1978,D,Public Discussion,2,discussion,SA78T1-7,D1-5 Is it possible to observe the whole movement of,library/1D-public-meetings-switzerland/SA78T1-7/SA78D2 - What will make a human being change.mp4,01 - Public meetings.md#SA78T1-7,
SA78D3,1D,Public Meetings (Switzerland),Can time end?,video,81,SA,Saanen,28 July 1978,1978,D,Public Discussion,3,discussion,SA78T1-7,D1-5 Is it possible to observe the whole movement of,library/1D-public-meetings-switzerland/SA78T1-7/SA78D3 - Can time end.mp4,01 - Public meetings.md#SA78T1-7,
SA78D4,1D,Public Meetings (Switzerland),Constant effort damages the brain,video,83,SA,Saanen,29 July 1978,1978,D,Public Discussion,4,discussion,SA78T1-7,D1-5 Is it possible to observe the whole movement of,library/1D-public-meetings-switzerland/SA78T1-7/SA78D4 - Constant effort damages the brain.mp4,01 - Public meetings.md#SA78T1-7,
SA78D5,1D,Public Meetings (Switzerland),Order in oneself,video,68,SA,Saanen,30 July 1978,1978,D,Public Discussion,5,discussion,SA78T1-7,D1-5 Is it possible to observe the whole movement of,library/1D-public-meetings-switzerland/SA78T1-7/SA78D5 - Order in oneself.mp4,01 - Public meetings.md#SA78T1-7,
SA78T1,1D,Public Meetings (Switzerland),The structure of self-centred concern,video,65,SA,Saanen,9 July 1978,1978,T,Public Talk,1,talk,SA78T1-7,D1-5 Is it possible to observe the whole movement of,library/1D-public-meetings-switzerland/SA78T1-7/SA78T1 - The structure of self-centred concern.mp4,01 - Public meetings.md#SA78T1-7,
SA78T2,1D,Public Meetings (Switzerland),The identification of thought,video,66,SA,Saanen,11 July 1978,1978,T,Public Talk,2,talk,SA78T1-7,D1-5 Is it possible to observe the whole movement of,library/1D-public-meetings-switzerland/SA78T1-7/SA78T2 - The identification of thought.mp4,01 - Public meetings.md#SA78T1-7,
SA78T3,1D,Public Meetings (Switzerland),The limitation of thought,video,73,SA,Saanen,13 July 1978,1978,T,Public Talk,3,talk,SA78T1-7,D1-5 Is it possible to observe the whole movement of,library/1D-public-meetings-switzerland/SA78T1-7/SA78T3 - The limitation of thought.mp4,01 - Public meetings.md#SA78T1-7,
SA78T4,1D,Public Meetings (Switzerland),Is thought necessary in relationship?,video,75,SA,Saanen,16 July 1978,1978,T,Public Talk,4,talk,SA78T1-7,D1-5 Is it possible to observe the whole movement of,library/1D-public-meetings-switzerland/SA78T1-7/SA78T4 - Is thought necessary in relationship.mp4,01 - Public meetings.md#SA78T1-7,
SA78T5,1D,Public Meetings (Switzerland),Is love a movement of time and thought?,video,68,SA,Saanen,18 July 1978,1978,T,Public Talk,5,talk,SA78T1-7,D1-5 Is it possible to observe the whole movement of,library/1D-public-meetings-switzerland/SA78T1-7/SA78T5 - Is love a movement of time and thought.mp4,01 - Public meetings.md#SA78T1-7,
SA78T6,1D,Public Meetings (Switzerland),Can consciousness go beyond itself?,video,76,SA,Saanen,20 July 1978,1978,T,Public Talk,6,talk,SA78T1-7,D1-5 Is it possible to observe the whole movement of,library/1D-public-meetings-switzerland/SA78T1-7/SA78T6 - Can consciousness go beyond itself.mp4,01 - Public meetings.md#SA78T1-7,
SA78T7,1D,Public Meetings (Switzerland),"If you are not occupied, are you nothing?",video,87,SA,Saanen,23 July 1978,1978,T,Public Talk,7,talk,SA78T1-7,D1-5 Is it possible to observe the whole movement of,"library/1D-public-meetings-switzerland/SA78T1-7/SA78T7 - If you are not occupied, are you nothing.mp4",01 - Public meetings.md#SA78T1-7,
SA79D1,1D,Public Meetings (Switzerland),Is there an action that doesn't bring sorrow?,video,86,SA,Saanen,25 July 1979,1979,D,Public Discussion,1,discussion,SA79T1-7,D1-5 What love is not,library/1D-public-meetings-switzerland/SA79T1-7/SA79D1 - Is there an action that doesn't bring sorrow.mp4,01 - Public meetings.md#SA79T1-7,
SA79D2,1D,Public Meetings (Switzerland),Finding out what love is,video,81,SA,Saanen,26 July 1979,1979,D,Public Discussion,2,discussion,SA79T1-7,D1-5 What love is not,library/1D-public-meetings-switzerland/SA79T1-7/SA79D2 - Finding out what love is.mp4,01 - Public meetings.md#SA79T1-7,
SA79D3,1D,Public Meetings (Switzerland),Meditation is giving thought its right place,video,88,SA,Saanen,27 July 1979,1979,D,Public Discussion,3,discussion,SA79T1-7,D1-5 What love is not,library/1D-public-meetings-switzerland/SA79T1-7/SA79D3 - Meditation is giving thought its right place.mp4,01 - Public meetings.md#SA79T1-7,
SA79D4,1D,Public Meetings (Switzerland),What is the central issue of our life?,video,81,SA,Saanen,28 July 1979,1979,D,Public Discussion,4,discussion,SA79T1-7,D1-5 What love is not,library/1D-public-meetings-switzerland/SA79T1-7/SA79D4 - What is the central issue of our life.mp4,01 - Public meetings.md#SA79T1-7,
SA79D5,1D,Public Meetings (Switzerland),How can we bring about a good society?,video,80,SA,Saanen,29 July 1979,1979,D,Public Discussion,5,discussion,SA79T1-7,D1-5 What love is not,library/1D-public-meetings-switzerland/SA79T1-7/SA79D5 - How can we bring about a good society.mp4,01 - Public meetings.md#SA79T1-7,
SA79T1,1D,Public Meetings (Switzerland),Is there a way out of the crisis in the world?,video,62,SA,Saanen,8 July 1979,1979,T,Public Talk,1,talk,SA79T1-7,D1-5 What love is not,library/1D-public-meetings-switzerland/SA79T1-7/SA79T1 - Is there a way out of the crisis in the world.mp4,01 - Public meetings.md#SA79T1-7,
SA79T2,1D,Public Meetings (Switzerland),Can we together create a good society?,video,65,SA,Saanen,10 July 1979,1979,T,Public Talk,2,talk,SA79T1-7,D1-5 What love is not,library/1D-public-meetings-switzerland/SA79T1-7/SA79T2 - Can we together create a good society.mp4,01 - Public meetings.md#SA79T1-7,
SA79T3,1D,Public Meetings (Switzerland),Is there security at all psychologically?,video,59,SA,Saanen,12 July 1979,1979,T,Public Talk,3,talk,SA79T1-7,D1-5 What love is not,library/1D-public-meetings-switzerland/SA79T1-7/SA79T3 - Is there security at all psychologically.mp4,01 - Public meetings.md#SA79T1-7,
SA79T4,1D,Public Meetings (Switzerland),"Can goodness, love and truth be born of discipline?",video,63,SA,Saanen,15 July 1979,1979,T,Public Talk,4,talk,SA79T1-7,D1-5 What love is not,"library/1D-public-meetings-switzerland/SA79T1-7/SA79T4 - Can goodness, love and truth be born of discipline.mp4",01 - Public meetings.md#SA79T1-7,
SA79T5,1D,Public Meetings (Switzerland),Are desire and time responsible for fear?,video,64,SA,Saanen,17 July 1979,1979,T,Public Talk,5,talk,SA79T1-7,D1-5 What love is not,library/1D-public-meetings-switzerland/SA79T1-7/SA79T5 - Are desire and time responsible for fear.mp4,01 - Public meetings.md#SA79T1-7,
SA79T6,1D,Public Meetings (Switzerland),"Intelligence, love, and compassion",video,61,SA,Saanen,19 July 1979,1979,T,Public Talk,6,talk,SA79T1-7,D1-5 What love is not,"library/1D-public-meetings-switzerland/SA79T1-7/SA79T6 - Intelligence, love, and compassion.mp4",01 - Public meetings.md#SA79T1-7,
SA79T7,1D,Public Meetings (Switzerland),In total silence the mind comes upon the eternal,video,68,SA,Saanen,22 July 1979,1979,T,Public Talk,7,talk,SA79T1-7,D1-5 What love is not,library/1D-public-meetings-switzerland/SA79T1-7/SA79T7 - In total silence the mind comes upon the eternal.mp4,01 - Public meetings.md#SA79T1-7,
SA80Q1,1D,Public Meetings (Switzerland),1st Question & Answer Meeting,video,79,SA,Saanen,23 July 1980,1980,Q,Question & Answer Meeting,1,qa,SA80T1-7,Q1-5 When there is freedom,library/1D-public-meetings-switzerland/SA80T1-7/SA80Q1 - 1st Question & Answer Meeting.mp4,01 - Public meetings.md#SA80T1-7,
SA80Q2,1D,Public Meetings (Switzerland),2nd Question & Answer Meeting,video,81,SA,Saanen,24 July 1980,1980,Q,Question & Answer Meeting,2,qa,SA80T1-7,Q1-5 When there is freedom,library/1D-public-meetings-switzerland/SA80T1-7/SA80Q2 - 2nd Question & Answer Meeting.mp4,01 - Public meetings.md#SA80T1-7,
SA80Q3,1D,Public Meetings (Switzerland),3rd Question & Answer Meeting,video,86,SA,Saanen,25 July 1980,1980,Q,Question & Answer Meeting,3,qa,SA80T1-7,Q1-5 When there is freedom,library/1D-public-meetings-switzerland/SA80T1-7/SA80Q3 - 3rd Question & Answer Meeting.mp4,01 - Public meetings.md#SA80T1-7,
SA80Q4,1D,Public Meetings (Switzerland),4th Question & Answer Meeting,video,86,SA,Saanen,26 July 1980,1980,Q,Question & Answer Meeting,4,qa,SA80T1-7,Q1-5 When there is freedom,library/1D-public-meetings-switzerland/SA80T1-7/SA80Q4 - 4th Question & Answer Meeting.mp4,01 - Public meetings.md#SA80T1-7,
SA80Q5,1D,Public Meetings (Switzerland),5th Question & Answer Meeting,video,98,SA,Saanen,27 July 1980,1980,Q,Question & Answer Meeting,5,qa,SA80T1-7,Q1-5 When there is freedom,library/1D-public-meetings-switzerland/SA80T1-7/SA80Q5 - 5th Question & Answer Meeting.mp4,01 - Public meetings.md#SA80T1-7,
SA80T1,1D,Public Meetings (Switzerland),Why is there such chaos in the world?,video,72,SA,Saanen,6 July 1980,1980,T,Public Talk,1,talk,SA80T1-7,Q1-5 When there is freedom,library/1D-public-meetings-switzerland/SA80T1-7/SA80T1 - Why is there such chaos in the world.mp4,01 - Public meetings.md#SA80T1-7,
SA80T2,1D,Public Meetings (Switzerland),The movement of thought and becoming,video,81,SA,Saanen,8 July 1980,1980,T,Public Talk,2,talk,SA80T1-7,Q1-5 When there is freedom,library/1D-public-meetings-switzerland/SA80T1-7/SA80T2 - The movement of thought and becoming.mp4,01 - Public meetings.md#SA80T1-7,
SA80T3,1D,Public Meetings (Switzerland),Action that is always correct,video,65,SA,Saanen,10 July 1980,1980,T,Public Talk,3,talk,SA80T1-7,Q1-5 When there is freedom,library/1D-public-meetings-switzerland/SA80T1-7/SA80T3 - Action that is always correct.mp4,01 - Public meetings.md#SA80T1-7,
SA80T4,1D,Public Meetings (Switzerland),Breaking the pattern of conditioning,video,80,SA,Saanen,13 July 1980,1980,T,Public Talk,4,talk,SA80T1-7,Q1-5 When there is freedom,library/1D-public-meetings-switzerland/SA80T1-7/SA80T4 - Breaking the pattern of conditioning.mp4,01 - Public meetings.md#SA80T1-7,
SA80T5,1D,Public Meetings (Switzerland),"The relationship of desire, will and love",video,82,SA,Saanen,15 July 1980,1980,T,Public Talk,5,talk,SA80T1-7,Q1-5 When there is freedom,"library/1D-public-meetings-switzerland/SA80T1-7/SA80T5 - The relationship of desire, will and love.mp4",01 - Public meetings.md#SA80T1-7,
SA80T6,1D,Public Meetings (Switzerland),The ending of sorrow brings love and compassion,video,79,SA,Saanen,17 July 1980,1980,T,Public Talk,6,talk,SA80T1-7,Q1-5 When there is freedom,library/1D-public-meetings-switzerland/SA80T1-7/SA80T6 - The ending of sorrow brings love and compassion.mp4,01 - Public meetings.md#SA80T1-7,
SA80T7,1D,Public Meetings (Switzerland),Is there anything sacred in life?,video,82,SA,Saanen,20 July 1980,1980,T,Public Talk,7,talk,SA80T1-7,Q1-5 When there is freedom,library/1D-public-meetings-switzerland/SA80T1-7/SA80T7 - Is there anything sacred in life.mp4,01 - Public meetings.md#SA80T1-7,
SA81Q1,1D,Public Meetings (Switzerland),1st Question & Answer Meeting,video,79,SA,Saanen,29 July 1981,1981,Q,Question & Answer Meeting,1,qa,SA81T1-7,Q1-3 The turning point,library/1D-public-meetings-switzerland/SA81T1-7/SA81Q1 - 1st Question & Answer Meeting.mp4,01 - Public meetings.md#SA81T1-7,
SA81Q2,1D,Public Meetings (Switzerland),2nd Question & Answer Meeting,video,84,SA,Saanen,30 July 1981,1981,Q,Question & Answer Meeting,2,qa,SA81T1-7,Q1-3 The turning point,library/1D-public-meetings-switzerland/SA81T1-7/SA81Q2 - 2nd Question & Answer Meeting.mp4,01 - Public meetings.md#SA81T1-7,
SA81Q3,1D,Public Meetings (Switzerland),3rd Question & Answer Meeting,video,99,SA,Saanen,31 July 1981,1981,Q,Question & Answer Meeting,3,qa,SA81T1-7,Q1-3 The turning point,library/1D-public-meetings-switzerland/SA81T1-7/SA81Q3 - 3rd Question & Answer Meeting.mp4,01 - Public meetings.md#SA81T1-7,
SA81T1,1D,Public Meetings (Switzerland),What is the nature of our consciousness?,video,73,SA,Saanen,12 July 1981,1981,T,Public Talk,1,talk,SA81T1-7,Q1-3 The turning point,library/1D-public-meetings-switzerland/SA81T1-7/SA81T1 - What is the nature of our consciousness.mp4,01 - Public meetings.md#SA81T1-7,
SA81T2,1D,Public Meetings (Switzerland),Learning that transforms consciousness,video,71,SA,Saanen,14 July 1981,1981,T,Public Talk,2,talk,SA81T1-7,Q1-3 The turning point,library/1D-public-meetings-switzerland/SA81T1-7/SA81T2 - Learning that transforms consciousness.mp4,01 - Public meetings.md#SA81T1-7,
SA81T3,1D,Public Meetings (Switzerland),The ending of conflict,video,61,SA,Saanen,16 July 1981,1981,T,Public Talk,3,talk,SA81T1-7,Q1-3 The turning point,library/1D-public-meetings-switzerland/SA81T1-7/SA81T3 - The ending of conflict.mp4,01 - Public meetings.md#SA81T1-7,
SA81T4,1D,Public Meetings (Switzerland),Living without images,video,77,SA,Saanen,19 July 1981,1981,T,Public Talk,4,talk,SA81T1-7,Q1-3 The turning point,library/1D-public-meetings-switzerland/SA81T1-7/SA81T4 - Living without images.mp4,01 - Public meetings.md#SA81T1-7,
SA81T5,1D,Public Meetings (Switzerland),Can the brain be totally free?,video,71,SA,Saanen,21 July 1981,1981,T,Public Talk,5,talk,SA81T1-7,Q1-3 The turning point,library/1D-public-meetings-switzerland/SA81T1-7/SA81T5 - Can the brain be totally free.mp4,01 - Public meetings.md#SA81T1-7,
SA81T6,1D,Public Meetings (Switzerland),Love and freedom,video,67,SA,Saanen,23 July 1981,1981,T,Public Talk,6,talk,SA81T1-7,Q1-3 The turning point,library/1D-public-meetings-switzerland/SA81T1-7/SA81T6 - Love and freedom.mp4,01 - Public meetings.md#SA81T1-7,
SA81T7,1D,Public Meetings (Switzerland),To live without a shadow of control,video,70,SA,Saanen,26 July 1981,1981,T,Public Talk,7,talk,SA81T1-7,Q1-3 The turning point,library/1D-public-meetings-switzerland/SA81T1-7/SA81T7 - To live without a shadow of control.mp4,01 - Public meetings.md#SA81T1-7,
SA82Q1,1D,Public Meetings (Switzerland),1st Question & Answer Meeting,video,76,SA,Saanen,25 July 1982,1982,Q,Question & Answer Meeting,1,qa,SA82T1-6,Q1-3 Is there an intelligence which has no cause?,library/1D-public-meetings-switzerland/SA82T1-6/SA82Q1 - 1st Question & Answer Meeting.mp4,01 - Public meetings.md#SA82T1-6,
SA82Q2,1D,Public Meetings (Switzerland),2nd Question & Answer Meeting,video,82,SA,Saanen,26 July 1982,1982,Q,Question & Answer Meeting,2,qa,SA82T1-6,Q1-3 Is there an intelligence which has no cause?,library/1D-public-meetings-switzerland/SA82T1-6/SA82Q2 - 2nd Question & Answer Meeting.mp4,01 - Public meetings.md#SA82T1-6,
SA82Q3,1D,Public Meetings (Switzerland),3rd Question & Answer Meeting,video,82,SA,Saanen,27 July 1982,1982,Q,Question & Answer Meeting,3,qa,SA82T1-6,Q1-3 Is there an intelligence which has no cause?,library/1D-public-meetings-switzerland/SA82T1-6/SA82Q3 - 3rd Question & Answer Meeting.mp4,01 - Public meetings.md#SA82T1-6,
SA82T1,1D,Public Meetings (Switzerland),Isolation brings conflict,audio,79,SA,Saanen,11 July 1982,1982,T,Public Talk,1,talk,SA82T1-6,Q1-3 Is there an intelligence which has no cause?,library/1D-public-meetings-switzerland/SA82T1-6/SA82T1 - Isolation brings conflict.m4a,01 - Public meetings.md#SA82T1-6,
SA82T2,1D,Public Meetings (Switzerland),What makes our lives so fragmented?,video,73,SA,Saanen,13 July 1982,1982,T,Public Talk,2,talk,SA82T1-6,Q1-3 Is there an intelligence which has no cause?,library/1D-public-meetings-switzerland/SA82T1-6/SA82T2 - What makes our lives so fragmented.mp4,01 - Public meetings.md#SA82T1-6,
SA82T3,1D,Public Meetings (Switzerland),An intelligence beyond cause,video,74,SA,Saanen,15 July 1982,1982,T,Public Talk,3,talk,SA82T1-6,Q1-3 Is there an intelligence which has no cause?,library/1D-public-meetings-switzerland/SA82T1-6/SA82T3 - An intelligence beyond cause.mp4,01 - Public meetings.md#SA82T1-6,
SA82T4,1D,Public Meetings (Switzerland),What are we human beings trying to become?,video,74,SA,Saanen,18 July 1982,1982,T,Public Talk,4,talk,SA82T1-6,Q1-3 Is there an intelligence which has no cause?,library/1D-public-meetings-switzerland/SA82T1-6/SA82T4 - What are we human beings trying to become.mp4,01 - Public meetings.md#SA82T1-6,
SA82T5,1D,Public Meetings (Switzerland),"What is it to listen, to learn and to observe?",video,65,SA,Saanen,20 July 1982,1982,T,Public Talk,5,talk,SA82T1-6,Q1-3 Is there an intelligence which has no cause?,"library/1D-public-meetings-switzerland/SA82T1-6/SA82T5 - What is it to listen, to learn and to observe.mp4",01 - Public meetings.md#SA82T1-6,
SA82T6,1D,Public Meetings (Switzerland),Meditation and the ending of the self,video,68,SA,Saanen,22 July 1982,1982,T,Public Talk,6,talk,SA82T1-6,Q1-3 Is there an intelligence which has no cause?,library/1D-public-meetings-switzerland/SA82T1-6/SA82T6 - Meditation and the ending of the self.mp4,01 - Public meetings.md#SA82T1-6,
SA83Q1,1D,Public Meetings (Switzerland),1st Question & Answer Meeting,video,77,SA,Saanen,24 July 1983,1983,Q,Question & Answer Meeting,1,qa,SA83T1-6,Q1-3 Why has the brain got caught in the narrow circle of the self?,library/1D-public-meetings-switzerland/SA83T1-6/SA83Q1 - 1st Question & Answer Meeting.mp4,01 - Public meetings.md#SA83T1-6,
SA83Q2,1D,Public Meetings (Switzerland),2nd Question & Answer Meeting,video,81,SA,Saanen,25 July 1983,1983,Q,Question & Answer Meeting,2,qa,SA83T1-6,Q1-3 Why has the brain got caught in the narrow circle of the self?,library/1D-public-meetings-switzerland/SA83T1-6/SA83Q2 - 2nd Question & Answer Meeting.mp4,01 - Public meetings.md#SA83T1-6,
SA83Q3,1D,Public Meetings (Switzerland),3rd Question & Answer Meeting,video,93,SA,Saanen,26 July 1983,1983,Q,Question & Answer Meeting,3,qa,SA83T1-6,Q1-3 Why has the brain got caught in the narrow circle of the self?,library/1D-public-meetings-switzerland/SA83T1-6/SA83Q3 - 3rd Question & Answer Meeting.mp4,01 - Public meetings.md#SA83T1-6,
SA83T1,1D,Public Meetings (Switzerland),Is it possible to live in peace?,video,69,SA,Saanen,10 July 1983,1983,T,Public Talk,1,talk,SA83T1-6,Q1-3 Why has the brain got caught in the narrow circle of the self?,library/1D-public-meetings-switzerland/SA83T1-6/SA83T1 - Is it possible to live in peace.mp4,01 - Public meetings.md#SA83T1-6,
SA83T2,1D,Public Meetings (Switzerland),The function of the brain,video,67,SA,Saanen,12 July 1983,1983,T,Public Talk,2,talk,SA83T1-6,Q1-3 Why has the brain got caught in the narrow circle of the self?,library/1D-public-meetings-switzerland/SA83T1-6/SA83T2 - The function of the brain.mp4,01 - Public meetings.md#SA83T1-6,
SA83T3,1D,Public Meetings (Switzerland),Where does one find complete security?,video,69,SA,Saanen,14 July 1983,1983,T,Public Talk,3,talk,SA83T1-6,Q1-3 Why has the brain got caught in the narrow circle of the self?,library/1D-public-meetings-switzerland/SA83T1-6/SA83T3 - Where does one find complete security.mp4,01 - Public meetings.md#SA83T1-6,
SA83T4,1D,Public Meetings (Switzerland),What is supreme intelligence?,video,69,SA,Saanen,17 July 1983,1983,T,Public Talk,4,talk,SA83T1-6,Q1-3 Why has the brain got caught in the narrow circle of the self?,library/1D-public-meetings-switzerland/SA83T1-6/SA83T4 - What is supreme intelligence.mp4,01 - Public meetings.md#SA83T1-6,
SA83T5,1D,Public Meetings (Switzerland),Unconditioning the brain cells,video,64,SA,Saanen,19 July 1983,1983,T,Public Talk,5,talk,SA83T1-6,Q1-3 Why has the brain got caught in the narrow circle of the self?,library/1D-public-meetings-switzerland/SA83T1-6/SA83T5 - Unconditioning the brain cells.mp4,01 - Public meetings.md#SA83T1-6,
SA83T6,1D,Public Meetings (Switzerland),Religion and meditation,video,75,SA,Saanen,21 July 1983,1983,T,Public Talk,6,talk,SA83T1-6,Q1-3 Why has the brain got caught in the narrow circle of the self?,library/1D-public-meetings-switzerland/SA83T1-6/SA83T6 - Religion and meditation.mp4,01 - Public meetings.md#SA83T1-6,
SA84Q1,1D,Public Meetings (Switzerland),1st Question & Answer Meeting,video,90,SA,Saanen,22 July 1984,1984,Q,Question & Answer Meeting,1,qa,SA84T1-6,Q1-3 Why has man after thousands of years not found peace?,library/1D-public-meetings-switzerland/SA84T1-6/SA84Q1 - 1st Question & Answer Meeting.mp4,01 - Public meetings.md#SA84T1-6,
SA84Q2,1D,Public Meetings (Switzerland),2nd Question & Answer Meeting,video,82,SA,Saanen,24 July 1984,1984,Q,Question & Answer Meeting,2,qa,SA84T1-6,Q1-3 Why has man after thousands of years not found peace?,library/1D-public-meetings-switzerland/SA84T1-6/SA84Q2 - 2nd Question & Answer Meeting.mp4,01 - Public meetings.md#SA84T1-6,
SA84Q3,1D,Public Meetings (Switzerland),3rd Question & Answer Meeting,video,84,SA,Saanen,26 July 1984,1984,Q,Question & Answer Meeting,3,qa,SA84T1-6,Q1-3 Why has man after thousands of years not found peace?,library/1D-public-meetings-switzerland/SA84T1-6/SA84Q3 - 3rd Question & Answer Meeting.mp4,01 - Public meetings.md#SA84T1-6,
SA84T1,1D,Public Meetings (Switzerland),"If all time is now, what is action?",video,76,SA,Saanen,8 July 1984,1984,T,Public Talk,1,talk,SA84T1-6,Q1-3 Why has man after thousands of years not found peace?,"library/1D-public-meetings-switzerland/SA84T1-6/SA84T1 - If all time is now, what is action.mp4",01 - Public meetings.md#SA84T1-6,
SA84T2,1D,Public Meetings (Switzerland),The relationship of health to freedom,video,70,SA,Saanen,10 July 1984,1984,T,Public Talk,2,talk,SA84T1-6,Q1-3 Why has man after thousands of years not found peace?,library/1D-public-meetings-switzerland/SA84T1-6/SA84T2 - The relationship of health to freedom.mp4,01 - Public meetings.md#SA84T1-6,
SA84T3,1D,Public Meetings (Switzerland),Thought and the divisive process,video,75,SA,Saanen,12 July 1984,1984,T,Public Talk,3,talk,SA84T1-6,Q1-3 Why has man after thousands of years not found peace?,library/1D-public-meetings-switzerland/SA84T1-6/SA84T3 - Thought and the divisive process.mp4,01 - Public meetings.md#SA84T1-6,
SA84T4,1D,Public Meetings (Switzerland),Ending disorder now,video,73,SA,Saanen,15 July 1984,1984,T,Public Talk,4,talk,SA84T1-6,Q1-3 Why has man after thousands of years not found peace?,library/1D-public-meetings-switzerland/SA84T1-6/SA84T4 - Ending disorder now.mp4,01 - Public meetings.md#SA84T1-6,
SA84T5,1D,Public Meetings (Switzerland),Why do we live with unresolved problems?,video,70,SA,Saanen,17 July 1984,1984,T,Public Talk,5,talk,SA84T1-6,Q1-3 Why has man after thousands of years not found peace?,library/1D-public-meetings-switzerland/SA84T1-6/SA84T5 - Why do we live with unresolved problems.mp4,01 - Public meetings.md#SA84T1-6,
SA84T6,1D,Public Meetings (Switzerland),Living with death and life together,video,82,SA,Saanen,19 July 1984,1984,T,Public Talk,6,talk,SA84T1-6,Q1-3 Why has man after thousands of years not found peace?,library/1D-public-meetings-switzerland/SA84T1-6/SA84T6 - Living with death and life together.mp4,01 - Public meetings.md#SA84T1-6,
SA85Q1,1D,Public Meetings (Switzerland),1st Question & Answer Meeting,video,76,SA,Saanen,23 July 1985,1985,Q,Question & Answer Meeting,1,qa,SA85T1-5,Q1-3 Without beauty and love there is no truth,library/1D-public-meetings-switzerland/SA85T1-5/SA85Q1 - 1st Question & Answer Meeting.mp4,01 - Public meetings.md#SA85T1-5,
SA85Q2,1D,Public Meetings (Switzerland),2nd Question & Answer Meeting,video,79,SA,Saanen,24 July 1985,1985,Q,Question & Answer Meeting,2,qa,SA85T1-5,Q1-3 Without beauty and love there is no truth,library/1D-public-meetings-switzerland/SA85T1-5/SA85Q2 - 2nd Question & Answer Meeting.mp4,01 - Public meetings.md#SA85T1-5,
SA85Q3,1D,Public Meetings (Switzerland),3rd Question & Answer Meeting,video,79,SA,Saanen,25 July 1985,1985,Q,Question & Answer Meeting,3,qa,SA85T1-5,Q1-3 Without beauty and love there is no truth,library/1D-public-meetings-switzerland/SA85T1-5/SA85Q3 - 3rd Question & Answer Meeting.mp4,01 - Public meetings.md#SA85T1-5,
SA85T1,1D,Public Meetings (Switzerland),Why does man live in conflict?,video,74,SA,Saanen,7 July 1985,1985,T,Public Talk,1,talk,SA85T1-5,Q1-3 Without beauty and love there is no truth,library/1D-public-meetings-switzerland/SA85T1-5/SA85T1 - Why does man live in conflict.mp4,01 - Public meetings.md#SA85T1-5,
SA85T2,1D,Public Meetings (Switzerland),To be utterly free of disorder,video,78,SA,Saanen,10 July 1985,1985,T,Public Talk,2,talk,SA85T1-5,Q1-3 Without beauty and love there is no truth,library/1D-public-meetings-switzerland/SA85T1-5/SA85T2 - To be utterly free of disorder.mp4,01 - Public meetings.md#SA85T1-5,
SA85T3,1D,Public Meetings (Switzerland),Seeing self-interest as the root of fear,video,74,SA,Saanen,14 July 1985,1985,T,Public Talk,3,talk,SA85T1-5,Q1-3 Without beauty and love there is no truth,library/1D-public-meetings-switzerland/SA85T1-5/SA85T3 - Seeing self-interest as the root of fear.mp4,01 - Public meetings.md#SA85T1-5,
SA85T4,1D,Public Meetings (Switzerland),Beauty is the quiet of the self forgotten,video,73,SA,Saanen,17 July 1985,1985,T,Public Talk,4,talk,SA85T1-5,Q1-3 Without beauty and love there is no truth,library/1D-public-meetings-switzerland/SA85T1-5/SA85T4 - Beauty is the quiet of the self forgotten.mp4,01 - Public meetings.md#SA85T1-5,
SA85T5,1D,Public Meetings (Switzerland),Silence as the ground of the eternal,video,77,SA,Saanen,21 July 1985,1985,T,Public Talk,5,talk,SA85T1-5,Q1-3 Without beauty and love there is no truth,library/1D-public-meetings-switzerland/SA85T1-5/SA85T5 - Silence as the ground of the eternal.mp4,01 - Public meetings.md#SA85T1-5,
AM67T1,1E,Public Meetings (Misc.),To look without a concept is to be aware of the observer and the thing observed,audio,88,AM,Amsterdam,20 May 1967,1967,T,Public Talk,1,talk,AM67T1-5,One sees or understands only when the mind is quiet,library/1E-public-meetings-misc/AM67T1-5/AM67T1 - To look without a concept is to be aware of the observer and the thing observed.m4a,01 - Public meetings.md#AM67T1-5,
AM67T2,1E,Public Meetings (Misc.),Where there is pleasure there is the shadow of pain,audio,83,AM,Amsterdam,21 May 1967,1967,T,Public Talk,2,talk,AM67T1-5,One sees or understands only when the mind is quiet,library/1E-public-meetings-misc/AM67T1-5/AM67T2 - Where there is pleasure there is the shadow of pain.m4a,01 - Public meetings.md#AM67T1-5,
AM67T3,1E,Public Meetings (Misc.),Is it possible to renew the mind?,audio,81,AM,Amsterdam,24 May 1967,1967,T,Public Talk,3,talk,AM67T1-5,One sees or understands only when the mind is quiet,library/1E-public-meetings-misc/AM67T1-5/AM67T3 - Is it possible to renew the mind.m4a,01 - Public meetings.md#AM67T1-5,
AM67T4,1E,Public Meetings (Misc.),Can thought stop?,audio,72,AM,Amsterdam,28 May 1967,1967,T,Public Talk,4,talk,AM67T1-5,One sees or understands only when the mind is quiet,library/1E-public-meetings-misc/AM67T1-5/AM67T4 - Can thought stop.m4a,01 - Public meetings.md#AM67T1-5,
AM67T5,1E,Public Meetings (Misc.),It is only a very silent mind that can actually see,audio,82,AM,Amsterdam,30 May 1967,1967,T,Public Talk,5,talk,AM67T1-5,One sees or understands only when the mind is quiet,library/1E-public-meetings-misc/AM67T1-5/AM67T5 - It is only a very silent mind that can actually see.m4a,01 - Public meetings.md#AM67T1-5,
AM68T1,1E,Public Meetings (Misc.),Can one establish a relationship with reality?,audio,65,AM,Amsterdam,11 May 1968,1968,T,Public Talk,1,talk,AM68T1-5,Can thought become quiet?,library/1E-public-meetings-misc/AM68T1-5/AM68T1 - Can one establish a relationship with reality.m4a,01 - Public meetings.md#AM68T1-5,
AM68T2,1E,Public Meetings (Misc.),Is it possible to end thought?,audio,66,AM,Amsterdam,12 May 1968,1968,T,Public Talk,2,talk,AM68T1-5,Can thought become quiet?,library/1E-public-meetings-misc/AM68T1-5/AM68T2 - Is it possible to end thought.m4a,01 - Public meetings.md#AM68T1-5,
AM68T3,1E,Public Meetings (Misc.),In acting completely there is no fragmentation,audio,55,AM,Amsterdam,18 May 1968,1968,T,Public Talk,3,talk,AM68T1-5,Can thought become quiet?,library/1E-public-meetings-misc/AM68T1-5/AM68T3 - In acting completely there is no fragmentation.m4a,01 - Public meetings.md#AM68T1-5,
AM68T4,1E,Public Meetings (Misc.),This light in oneself,audio,51,AM,Amsterdam,19 May 1968,1968,T,Public Talk,4,talk,AM68T1-5,Can thought become quiet?,library/1E-public-meetings-misc/AM68T1-5/AM68T4 - This light in oneself.m4a,01 - Public meetings.md#AM68T1-5,
AM68T5,1E,Public Meetings (Misc.),The meaning of life,audio,66,AM,Amsterdam,22 May 1968,1968,T,Public Talk,5,talk,AM68T1-5,Can thought become quiet?,library/1E-public-meetings-misc/AM68T1-5/AM68T5 - The meaning of life.m4a,01 - Public meetings.md#AM68T1-5,
AM69T1,1E,Public Meetings (Misc.),Why don’t we have the energy to change?,audio,93,AM,Amsterdam,3 May 1969,1969,T,Public Talk,1,talk,AM69T1-5,The flame of change,library/1E-public-meetings-misc/AM69T1-5/AM69T1 - Why don’t we have the energy to change.m4a,01 - Public meetings.md#AM69T1-5,
AM69T2,1E,Public Meetings (Misc.),How is conditioning to be understood?,audio,83,AM,Amsterdam,4 May 1969,1969,T,Public Talk,2,talk,AM69T1-5,The flame of change,library/1E-public-meetings-misc/AM69T1-5/AM69T2 - How is conditioning to be understood.m4a,01 - Public meetings.md#AM69T1-5,
AM69T3,1E,Public Meetings (Misc.),In the demand for freedom is fear,audio,77,AM,Amsterdam,10 May 1969,1969,T,Public Talk,3,talk,AM69T1-5,The flame of change,library/1E-public-meetings-misc/AM69T1-5/AM69T3 - In the demand for freedom is fear.m4a,01 - Public meetings.md#AM69T1-5,
AM69T4,1E,Public Meetings (Misc.),"Looking at life, loving and dying as one movement",audio,85,AM,Amsterdam,11 May 1969,1969,T,Public Talk,4,talk,AM69T1-5,The flame of change,"library/1E-public-meetings-misc/AM69T1-5/AM69T4 - Looking at life, loving and dying as one movement.m4a",01 - Public meetings.md#AM69T1-5,
AM69T5,1E,Public Meetings (Misc.),What is a religious life?,audio,93,AM,Amsterdam,14 May 1969,1969,T,Public Talk,5,talk,AM69T1-5,The flame of change,library/1E-public-meetings-misc/AM69T1-5/AM69T5 - What is a religious life.m4a,01 - Public meetings.md#AM69T1-5,
AM71T1,1E,Public Meetings (Misc.),Change without analysis,audio,105,AM,Amsterdam,22 May 1971,1971,T,Public Talk,1,talk,AM71DYP,T1-4 - Amsterdam 1971 - Public Meetings - How do you observe a,library/1E-public-meetings-misc/AM71DYP/AM71T1 - Change without analysis.m4a,01 - Public meetings.md#AM71DYP,
AM71T2,1E,Public Meetings (Misc.),Can one end sorrow?,audio,104,AM,Amsterdam,23 May 1971,1971,T,Public Talk,2,talk,AM71DYP,T1-4 - Amsterdam 1971 - Public Meetings - How do you observe a,library/1E-public-meetings-misc/AM71DYP/AM71T2 - Can one end sorrow.m4a,01 - Public meetings.md#AM71DYP,
AM71T3,1E,Public Meetings (Misc.),I cannot assume anything about myself,audio,84,AM,Amsterdam,24 May 1971,1971,T,Public Talk,3,talk,AM71DYP,T1-4 - Amsterdam 1971 - Public Meetings - How do you observe a,library/1E-public-meetings-misc/AM71DYP/AM71T3 - I cannot assume anything about myself.m4a,01 - Public meetings.md#AM71DYP,
AM71T4,1E,Public Meetings (Misc.),What is the meaning of religion?,audio,96,AM,Amsterdam,25 May 1971,1971,T,Public Talk,4,talk,AM71DYP,T1-4 - Amsterdam 1971 - Public Meetings - How do you observe a,library/1E-public-meetings-misc/AM71DYP/AM71T4 - What is the meaning of religion.m4a,01 - Public meetings.md#AM71DYP,
AM81T1,1E,Public Meetings (Misc.),Thought and time are the root of fear,video,88,AM,Amsterdam,19 September 1981,1981,T,Public Talk,1,talk,AM81T1-2,Compassion is freedom from sorrow,library/1E-public-meetings-misc/AM81T1-2/AM81T1 - Thought and time are the root of fear.mp4,01 - Public meetings.md#AM81T1-2,
AM81T2,1E,Public Meetings (Misc.),A religious mind is a very factual mind,video,65,AM,Amsterdam,20 September 1981,1981,T,Public Talk,2,talk,AM81T1-2,Compassion is freedom from sorrow,library/1E-public-meetings-misc/AM81T1-2/AM81T2 - A religious mind is a very factual mind.mp4,01 - Public meetings.md#AM81T1-2,
FL70T,1E,Public Meetings (Misc.),"Looking directly, free from analysis",audio,95,FL,Florence,29 October 1970,1970,T,Public Talk,,talk,FL70T,TYP A way of living that constantly renews itself,"library/1E-public-meetings-misc/FL70T/FL70T - Looking directly, free from analysis.m4a",01 - Public meetings.md#FL70T,
PA69T1,1E,Public Meetings (Misc.),Change and fear,audio,69,PA,Paris,10 April 1969,1969,T,Public Talk,1,talk,PA69T1-5,DYP1-4 Looking at the totality of life,library/1E-public-meetings-misc/PA69T1-5/PA69T1 - Change and fear.m4a,01 - Public meetings.md#PA69T1-5,
PA69T2,1E,Public Meetings (Misc.),Uncovering the content of consciousness,audio,77,PA,Paris,13 April 1969,1969,T,Public Talk,2,talk,PA69T1-5,DYP1-4 Looking at the totality of life,library/1E-public-meetings-misc/PA69T1-5/PA69T2 - Uncovering the content of consciousness.m4a,01 - Public meetings.md#PA69T1-5,
PA69T3,1E,Public Meetings (Misc.),"Fear, time and silence",audio,67,PA,Paris,17 April 1969,1969,T,Public Talk,3,talk,PA69T1-5,DYP1-4 Looking at the totality of life,"library/1E-public-meetings-misc/PA69T1-5/PA69T3 - Fear, time and silence.m4a",01 - Public meetings.md#PA69T1-5,
PA69T4,1E,Public Meetings (Misc.),Can we live without division?,audio,72,PA,Paris,20 April 1969,1969,T,Public Talk,4,talk,PA69T1-5,DYP1-4 Looking at the totality of life,library/1E-public-meetings-misc/PA69T1-5/PA69T4 - Can we live without division.m4a,01 - Public meetings.md#PA69T1-5,
PA69T5,1E,Public Meetings (Misc.),A reality of a different dimension,audio,68,PA,Paris,24 April 1969,1969,T,Public Talk,5,talk,PA69T1-5,DYP1-4 Looking at the totality of life,library/1E-public-meetings-misc/PA69T1-5/PA69T5 - A reality of a different dimension.m4a,01 - Public meetings.md#PA69T1-5,
RO69T,1E,Public Meetings (Misc.),What is one to do confronted with deterioration in the world?,audio,79,RO,Rome,4 November 1969,1969,T,Public Talk,,talk,,,library/1E-public-meetings-misc/RO69T - What is one to do confronted with deterioration in the world.m4a,01 - Public meetings.md#standalone,
RO71T,1E,Public Meetings (Misc.),How is man to change?,audio,95,RO,Rome,31 October 1971,1971,T,Public Talk,,talk,,,library/1E-public-meetings-misc/RO71T - How is man to change.m4a,01 - Public meetings.md#standalone,
RO72T,1E,Public Meetings (Misc.),The action of insight and perception,audio,91,RO,Rome,29 October 1972,1972,T,Public Talk,,talk,,,library/1E-public-meetings-misc/RO72T - The action of insight and perception.m4a,01 - Public meetings.md#standalone,
RO73T,1E,Public Meetings (Misc.),When the mind realises the observer is the observed there is a release of energy,audio,108,RO,Rome,28 October 1973,1973,T,Public Talk,,talk,RO73T,DSG1-2 When the observer is the observed,library/1E-public-meetings-misc/RO73T/RO73T - When the mind realises the observer is the observed there is a release of energy.m4a,01 - Public meetings.md#RO73T,
SY70D1,1E,Public Meetings (Misc.),Why don’t we see our conditioning?,audio,82,SY,Sydney,17 November 1970,1970,D,Public Discussion,1,discussion,SY70T1-5,D1-2 Seeing the whole spectrum of life,library/1E-public-meetings-misc/SY70T1-5/SY70D1 - Why don’t we see our conditioning.m4a,01 - Public meetings.md#SY70T1-5,
SY70D2,1E,Public Meetings (Misc.),Learning about the movement of the self,audio,80,SY,Sydney,19 November 1970,1970,D,Public Discussion,2,discussion,SY70T1-5,D1-2 Seeing the whole spectrum of life,library/1E-public-meetings-misc/SY70T1-5/SY70D2 - Learning about the movement of the self.m4a,01 - Public meetings.md#SY70T1-5,
SY70T1,1E,Public Meetings (Misc.),"Psychological revolution is possible now, not in the future",audio,85,SY,Sydney,21 November 1970,1970,T,Public Talk,1,talk,SY70T1-5,D1-2 Seeing the whole spectrum of life,"library/1E-public-meetings-misc/SY70T1-5/SY70T1 - Psychological revolution is possible now, not in the future.m4a",01 - Public meetings.md#SY70T1-5,
SY70T2,1E,Public Meetings (Misc.),"Dreams, conformity and fear",audio,82,SY,Sydney,22 November 1970,1970,T,Public Talk,2,talk,SY70T1-5,D1-2 Seeing the whole spectrum of life,"library/1E-public-meetings-misc/SY70T1-5/SY70T2 - Dreams, conformity and fear.m4a",01 - Public meetings.md#SY70T1-5,
SY70T3,1E,Public Meetings (Misc.),"A mind inquiring into pleasure, fear and joy must find out what it is to love",audio,86,SY,Sydney,25 November 1970,1970,T,Public Talk,3,talk,SY70T1-5,D1-2 Seeing the whole spectrum of life,"library/1E-public-meetings-misc/SY70T1-5/SY70T3 - A mind inquiring into pleasure, fear and joy must find out what it is to love.m4a",01 - Public meetings.md#SY70T1-5,
SY70T4,1E,Public Meetings (Misc.),"Habits and time, living and death",audio,88,SY,Sydney,28 November 1970,1970,T,Public Talk,4,talk,SY70T1-5,D1-2 Seeing the whole spectrum of life,"library/1E-public-meetings-misc/SY70T1-5/SY70T4 - Habits and time, living and death.m4a",01 - Public meetings.md#SY70T1-5,
SY70T5,1E,Public Meetings (Misc.),"Religion, attention and meditation",audio,90,SY,Sydney,29 November 1970,1970,T,Public Talk,5,talk,SY70T1-5,D1-2 Seeing the whole spectrum of life,"library/1E-public-meetings-misc/SY70T1-5/SY70T5 - Religion, attention and meditation.m4a",01 - Public meetings.md#SY70T1-5,
AM67DYP1,2A,Meetings with Young People (USA and Europe),What does it mean to be totally free?,audio,96,AM,Amsterdam,24 May 1967,1967,DYP,Discussion with Young People,1,school,AM67DYP1-3,One sees or understands only when the mind is quiet,library/2A-meetings-with-young-people-usa-and-europe/AM67DYP1-3/AM67DYP1 - What does it mean to be totally free.m4a,02 - Young people.md#AM67DYP1-3,
AM67DYP2,2A,Meetings with Young People (USA and Europe),When one observes a fact without knowledge then one can learn,audio,82,AM,Amsterdam,28 May 1967,1967,DYP,Discussion with Young People,2,school,AM67DYP1-3,One sees or understands only when the mind is quiet,library/2A-meetings-with-young-people-usa-and-europe/AM67DYP1-3/AM67DYP2 - When one observes a fact without knowledge then one can learn.m4a,02 - Young people.md#AM67DYP1-3,
AM67DYP3,2A,Meetings with Young People (USA and Europe),Is there such thing as free will?,audio,80,AM,Amsterdam,31 May 1967,1967,DYP,Discussion with Young People,3,school,AM67DYP1-3,One sees or understands only when the mind is quiet,library/2A-meetings-with-young-people-usa-and-europe/AM67DYP1-3/AM67DYP3 - Is there such thing as free will.m4a,02 - Young people.md#AM67DYP1-3,
AM68DYP1,2A,Meetings with Young People (USA and Europe),"When I say I must know myself, what is ‘myself’?",audio,83,AM,Amsterdam,14 May 1968,1968,DYP,Discussion with Young People,1,school,AM68DYP1-4,Can thought become quiet?,"library/2A-meetings-with-young-people-usa-and-europe/AM68DYP1-4/AM68DYP1 - When I say I must know myself, what is ‘myself’.m4a",02 - Young people.md#AM68DYP1-4,
AM68DYP2,2A,Meetings with Young People (USA and Europe),To change without effort,audio,87,AM,Amsterdam,16 May 1968,1968,DYP,Discussion with Young People,2,school,AM68DYP1-4,Can thought become quiet?,library/2A-meetings-with-young-people-usa-and-europe/AM68DYP1-4/AM68DYP2 - To change without effort.m4a,02 - Young people.md#AM68DYP1-4,
AM68DYP3,2A,Meetings with Young People (USA and Europe),Thought operates in the present having its root in the past,audio,76,AM,Amsterdam,21 May 1968,1968,DYP,Discussion with Young People,3,school,AM68DYP1-4,Can thought become quiet?,library/2A-meetings-with-young-people-usa-and-europe/AM68DYP1-4/AM68DYP3 - Thought operates in the present having its root in the past.m4a,02 - Young people.md#AM68DYP1-4,
AM68DYP4,2A,Meetings with Young People (USA and Europe),It is only in freedom that there can be love,audio,83,AM,Amsterdam,23 May 1968,1968,DYP,Discussion with Young People,4,school,AM68DYP1-4,Can thought become quiet?,library/2A-meetings-with-young-people-usa-and-europe/AM68DYP1-4/AM68DYP4 - It is only in freedom that there can be love.m4a,02 - Young people.md#AM68DYP1-4,
AM69DYP1,2A,Meetings with Young People (USA and Europe),Can I live harmoniously?,audio,88,AM,Amsterdam,6 May 1969,1969,DYP,Discussion with Young People,1,school,AM69DYP1-4,Can the mind bring in itself the flame of change?,library/2A-meetings-with-young-people-usa-and-europe/AM69DYP1-4/AM69DYP1 - Can I live harmoniously.m4a,02 - Young people.md#AM69DYP1-4,
AM69DYP2,2A,Meetings with Young People (USA and Europe),What am I to watch when all is me?,audio,78,AM,Amsterdam,8 May 1969,1969,DYP,Discussion with Young People,2,school,AM69DYP1-4,Can the mind bring in itself the flame of change?,library/2A-meetings-with-young-people-usa-and-europe/AM69DYP1-4/AM69DYP2 - What am I to watch when all is me.m4a,02 - Young people.md#AM69DYP1-4,
AM69DYP3,2A,Meetings with Young People (USA and Europe),Learning has nothing to do with criticism or experiencing,audio,71,AM,Amsterdam,13 May 1969,1969,DYP,Discussion with Young People,3,school,AM69DYP1-4,Can the mind bring in itself the flame of change?,library/2A-meetings-with-young-people-usa-and-europe/AM69DYP1-4/AM69DYP3 - Learning has nothing to do with criticism or experiencing.m4a,02 - Young people.md#AM69DYP1-4,
AM69DYP4,2A,Meetings with Young People (USA and Europe),Thought is a movement in fear and pleasure,audio,95,AM,Amsterdam,15 May 1969,1969,DYP,Discussion with Young People,4,school,AM69DYP1-4,Can the mind bring in itself the flame of change?,library/2A-meetings-with-young-people-usa-and-europe/AM69DYP1-4/AM69DYP4 - Thought is a movement in fear and pleasure.m4a,02 - Young people.md#AM69DYP1-4,
AM71DYP,2A,Meetings with Young People (USA and Europe),What is the root of isolation?,audio,97,AM,Amsterdam,26 May 1971,1971,DYP,Discussion with Young People,,school,AM71DYP,T1-4 - Amsterdam 1971 - Public Meetings - How do you observe a,library/2A-meetings-with-young-people-usa-and-europe/AM71DYP/AM71DYP - What is the root of isolation.m4a,02 - Young people.md#AM71DYP,
BN68DYP1,2A,Meetings with Young People (USA and Europe),A mind caught in thought,audio,73,BN,"Brandeis, Massachusetts",21 October 1968,1968,DYP,Discussion with Young People,1,school,BN68TYP1-3,DYP1-2 A mind purged of the past knows love,library/2A-meetings-with-young-people-usa-and-europe/BN68TYP1-3/BN68DYP1 - A mind caught in thought.m4a,02 - Young people.md#BN68TYP1-3,
BN68DYP2,2A,Meetings with Young People (USA and Europe),A life without fragmentation,audio,65,BN,"Brandeis, Massachusetts",22 October 1968,1968,DYP,Discussion with Young People,2,school,BN68TYP1-3,DYP1-2 A mind purged of the past knows love,library/2A-meetings-with-young-people-usa-and-europe/BN68TYP1-3/BN68DYP2 - A life without fragmentation.m4a,02 - Young people.md#BN68TYP1-3,
BN68S,2A,Meetings with Young People (USA and Europe),A way of living that cannot be taught by another,audio,88,BN,"Brandeis, Massachusetts",23 October 1968,1968,S,Seminar,,seminar,,,library/2A-meetings-with-young-people-usa-and-europe/BN68S - A way of living that cannot be taught by another.m4a,02 - Young people.md#standalone,
BN68TYP1,2A,Meetings with Young People (USA and Europe),Psychological revolution without time,audio,89,BN,"Brandeis, Massachusetts",18 October 1968,1968,TYP,Public Talk,1,recording,BN68TYP1-3,DYP1-2 A mind purged of the past knows love,library/2A-meetings-with-young-people-usa-and-europe/BN68TYP1-3/BN68TYP1 - Psychological revolution without time.m4a,02 - Young people.md#BN68TYP1-3,
BN68TYP2,2A,Meetings with Young People (USA and Europe),Fear and awareness,audio,71,BN,"Brandeis, Massachusetts",21 October 1968,1968,TYP,Public Talk,2,recording,BN68TYP1-3,DYP1-2 A mind purged of the past knows love,library/2A-meetings-with-young-people-usa-and-europe/BN68TYP1-3/BN68TYP2 - Fear and awareness.m4a,02 - Young people.md#BN68TYP1-3,
BN68TYP3,2A,Meetings with Young People (USA and Europe),"Meditation, virtue, love and order",audio,74,BN,"Brandeis, Massachusetts",22 October 1968,1968,TYP,Public Talk,3,recording,BN68TYP1-3,DYP1-2 A mind purged of the past knows love,"library/2A-meetings-with-young-people-usa-and-europe/BN68TYP1-3/BN68TYP3 - Meditation, virtue, love and order.m4a",02 - Young people.md#BN68TYP1-3,
BR69DSG,2A,Meetings with Young People (USA and Europe),The central cause of all conflict,audio,77,BR,Brockwood Park,22 June 1969,1969,DSG,Discussion with Small Group,,school,,,library/2A-meetings-with-young-people-usa-and-europe/BR69DSG - The central cause of all conflict.m4a,02 - Young people.md#standalone,
CL68DYP1,2A,Meetings with Young People (USA and Europe),Freedom of choice is not freedom,audio,83,CL,"Claremont, California",11 November 1968,1968,DYP,Discussion with Young People,1,school,CL68TYP1-3,DYP1-6 Knowledge and learning are two different things,library/2A-meetings-with-young-people-usa-and-europe/CL68TYP1-3/CL68DYP1 - Freedom of choice is not freedom.m4a,02 - Young people.md#CL68TYP1-3,
CL68DYP2,2A,Meetings with Young People (USA and Europe),Learning is action,audio,56,CL,"Claremont, California",12 November 1968,1968,DYP,Discussion with Young People,2,school,CL68TYP1-3,DYP1-6 Knowledge and learning are two different things,library/2A-meetings-with-young-people-usa-and-europe/CL68TYP1-3/CL68DYP2 - Learning is action.m4a,02 - Young people.md#CL68TYP1-3,
CL68DYP3,2A,Meetings with Young People (USA and Europe),Is it possible to end the thousand yesterdays?,audio,88,CL,"Claremont, California",13 November 1968,1968,DYP,Discussion with Young People,3,school,CL68TYP1-3,DYP1-6 Knowledge and learning are two different things,library/2A-meetings-with-young-people-usa-and-europe/CL68TYP1-3/CL68DYP3 - Is it possible to end the thousand yesterdays.m4a,02 - Young people.md#CL68TYP1-3,
CL68DYP4,2A,Meetings with Young People (USA and Europe),Can the mind be free of thought?,audio,80,CL,"Claremont, California",14 November 1968,1968,DYP,Discussion with Young People,4,school,CL68TYP1-3,DYP1-6 Knowledge and learning are two different things,library/2A-meetings-with-young-people-usa-and-europe/CL68TYP1-3/CL68DYP4 - Can the mind be free of thought.m4a,02 - Young people.md#CL68TYP1-3,
CL68DYP5,2A,Meetings with Young People (USA and Europe),"The mind that is free of authority is a very intense, alive mind",audio,77,CL,"Claremont, California",15 November 1968,1968,DYP,Discussion with Young People,5,school,CL68TYP1-3,DYP1-6 Knowledge and learning are two different things,"library/2A-meetings-with-young-people-usa-and-europe/CL68TYP1-3/CL68DYP5 - The mind that is free of authority is a very intense, alive mind.m4a",02 - Young people.md#CL68TYP1-3,
CL68TYP1,2A,Meetings with Young People (USA and Europe),A radical transformation in the psyche itself,audio,80,CL,"Claremont, California",8 November 1968,1968,TYP,Public Talk,1,recording,CL68TYP1-3,DYP1-6 Knowledge and learning are two different things,library/2A-meetings-with-young-people-usa-and-europe/CL68TYP1-3/CL68TYP1 - A radical transformation in the psyche itself.m4a,02 - Young people.md#CL68TYP1-3,
CL68TYP2,2A,Meetings with Young People (USA and Europe),Thought is the cause of fear,audio,76,CL,"Claremont, California",10 November 1968,1968,TYP,Public Talk,2,recording,CL68TYP1-3,DYP1-6 Knowledge and learning are two different things,library/2A-meetings-with-young-people-usa-and-europe/CL68TYP1-3/CL68TYP2 - Thought is the cause of fear.m4a,02 - Young people.md#CL68TYP1-3,
CL68TYP3,2A,Meetings with Young People (USA and Europe),The benediction of meditation,audio,67,CL,"Claremont, California",17 November 1968,1968,TYP,Public Talk,3,recording,CL68TYP1-3,DYP1-6 Knowledge and learning are two different things,library/2A-meetings-with-young-people-usa-and-europe/CL68TYP1-3/CL68TYP3 - The benediction of meditation.m4a,02 - Young people.md#CL68TYP1-3,
FL70TYP,2A,Meetings with Young People (USA and Europe),What is totally harmonious action?,audio,73,FL,Florence,27 October 1970,1970,TYP,Public Talk,,recording,FL70T,TYP A way of living that constantly renews itself,library/2A-meetings-with-young-people-usa-and-europe/FL70T/FL70TYP - What is totally harmonious action.m4a,02 - Young people.md#FL70T,
GS66DYP1,2A,Meetings with Young People (USA and Europe),Is it possible to be free of fear?,audio,89,GS,Gstaad,15 July 1966,1966,DYP,Discussion with Young People,1,school,GS66DYP1-3,Ideas increase confusion,library/2A-meetings-with-young-people-usa-and-europe/GS66DYP1-3/GS66DYP1 - Is it possible to be free of fear.m4a,02 - Young people.md#GS66DYP1-3,
GS66DYP2,2A,Meetings with Young People (USA and Europe),Why don’t you see violence as danger?,audio,86,GS,Gstaad,22 July 1966,1966,DYP,Discussion with Young People,2,school,GS66DYP1-3,Ideas increase confusion,library/2A-meetings-with-young-people-usa-and-europe/GS66DYP1-3/GS66DYP2 - Why don’t you see violence as danger.m4a,02 - Young people.md#GS66DYP1-3,
GS66DYP3,2A,Meetings with Young People (USA and Europe),Why don’t you stop when you are confused?,audio,87,GS,Gstaad,29 July 1966,1966,DYP,Discussion with Young People,3,school,GS66DYP1-3,Ideas increase confusion,library/2A-meetings-with-young-people-usa-and-europe/GS66DYP1-3/GS66DYP3 - Why don’t you stop when you are confused.m4a,02 - Young people.md#GS66DYP1-3,
GS67DYP1,2A,Meetings with Young People (USA and Europe),A state which is always moving,audio,47,GS,Gstaad,13 August 1967,1967,DYP,Discussion with Young People,1,school,GS67DYP1-2,"Can the mind move like a river, without anchorage?",library/2A-meetings-with-young-people-usa-and-europe/GS67DYP1-2/GS67DYP1 - A state which is always moving.m4a,02 - Young people.md#GS67DYP1-2,
GS67DYP2,2A,Meetings with Young People (USA and Europe),An action that is not a projection of the past,audio,50,GS,Gstaad,15 August 1967,1967,DYP,Discussion with Young People,2,school,GS67DYP1-2,"Can the mind move like a river, without anchorage?",library/2A-meetings-with-young-people-usa-and-europe/GS67DYP1-2/GS67DYP2 - An action that is not a projection of the past.m4a,02 - Young people.md#GS67DYP1-2,
ML6869DYP1,2A,Meetings with Young People (USA and Europe),Is analysis the way for the mind to learn about itself?,audio,82,ML,"Malibu, California",14 December 1968,6869,DYP,Discussion with Young People,1,school,ML6869DYP1-14,Can the mind function out of silence?,library/2A-meetings-with-young-people-usa-and-europe/ML6869DYP1-14/ML6869DYP1 - Is analysis the way for the mind to learn about itself.m4a,02 - Young people.md#ML6869DYP1-14,
ML6869DYP10,2A,Meetings with Young People (USA and Europe),What is the relationship between a free mind and an organized mind?,audio,96,ML,"Malibu, California",12 January 1969,6869,DYP,Discussion with Young People,10,school,ML6869DYP1-14,Can the mind function out of silence?,library/2A-meetings-with-young-people-usa-and-europe/ML6869DYP1-14/ML6869DYP10 - What is the relationship between a free mind and an organized mind.m4a,02 - Young people.md#ML6869DYP1-14,
ML6869DYP11,2A,Meetings with Young People (USA and Europe),Living without assumption,audio,78,ML,"Malibu, California",18 January 1969,6869,DYP,Discussion with Young People,11,school,ML6869DYP1-14,Can the mind function out of silence?,library/2A-meetings-with-young-people-usa-and-europe/ML6869DYP1-14/ML6869DYP11 - Living without assumption.m4a,02 - Young people.md#ML6869DYP1-14,
ML6869DYP12,2A,Meetings with Young People (USA and Europe),What is the element that brings about a tremendous instant revolution?,audio,62,ML,"Malibu, California",19 January 1969,6869,DYP,Discussion with Young People,12,school,ML6869DYP1-14,Can the mind function out of silence?,library/2A-meetings-with-young-people-usa-and-europe/ML6869DYP1-14/ML6869DYP12 - What is the element that brings about a tremendous instant revolution.m4a,02 - Young people.md#ML6869DYP1-14,
ML6869DYP13,2A,Meetings with Young People (USA and Europe),How do we gather the energy needed to change?,audio,66,ML,"Malibu, California",25 January 1969,6869,DYP,Discussion with Young People,13,school,ML6869DYP1-14,Can the mind function out of silence?,library/2A-meetings-with-young-people-usa-and-europe/ML6869DYP1-14/ML6869DYP13 - How do we gather the energy needed to change.m4a,02 - Young people.md#ML6869DYP1-14,
ML6869DYP14,2A,Meetings with Young People (USA and Europe),The possible and the impossible,audio,94,ML,"Malibu, California",26 January 1969,6869,DYP,Discussion with Young People,14,school,ML6869DYP1-14,Can the mind function out of silence?,library/2A-meetings-with-young-people-usa-and-europe/ML6869DYP1-14/ML6869DYP14 - The possible and the impossible.m4a,02 - Young people.md#ML6869DYP1-14,
ML6869DYP2,2A,Meetings with Young People (USA and Europe),How do I become aware of my conditioning?,audio,87,ML,"Malibu, California",15 December 1968,6869,DYP,Discussion with Young People,2,school,ML6869DYP1-14,Can the mind function out of silence?,library/2A-meetings-with-young-people-usa-and-europe/ML6869DYP1-14/ML6869DYP2 - How do I become aware of my conditioning.m4a,02 - Young people.md#ML6869DYP1-14,
ML6869DYP3,2A,Meetings with Young People (USA and Europe),Thought creates fear of the pain of tomorrow,audio,95,ML,"Malibu, California",21 December 1968,6869,DYP,Discussion with Young People,3,school,ML6869DYP1-14,Can the mind function out of silence?,library/2A-meetings-with-young-people-usa-and-europe/ML6869DYP1-14/ML6869DYP3 - Thought creates fear of the pain of tomorrow.m4a,02 - Young people.md#ML6869DYP1-14,
ML6869DYP4,2A,Meetings with Young People (USA and Europe),A brain overcrowded with memories becomes confused,audio,77,ML,"Malibu, California",22 December 1968,6869,DYP,Discussion with Young People,4,school,ML6869DYP1-14,Can the mind function out of silence?,library/2A-meetings-with-young-people-usa-and-europe/ML6869DYP1-14/ML6869DYP4 - A brain overcrowded with memories becomes confused.m4a,02 - Young people.md#ML6869DYP1-14,
ML6869DYP5,2A,Meetings with Young People (USA and Europe),"Can the mind be free of fear, pain and pleasure?",audio,95,ML,"Malibu, California",28 December 1968,6869,DYP,Discussion with Young People,5,school,ML6869DYP1-14,Can the mind function out of silence?,"library/2A-meetings-with-young-people-usa-and-europe/ML6869DYP1-14/ML6869DYP5 - Can the mind be free of fear, pain and pleasure.m4a",02 - Young people.md#ML6869DYP1-14,
ML6869DYP6,2A,Meetings with Young People (USA and Europe),"Can the mind look at violence as it arises, as though for the first time?",audio,72,ML,"Malibu, California",29 December 1968,6869,DYP,Discussion with Young People,6,school,ML6869DYP1-14,Can the mind function out of silence?,"library/2A-meetings-with-young-people-usa-and-europe/ML6869DYP1-14/ML6869DYP6 - Can the mind look at violence as it arises, as though for the first time.m4a",02 - Young people.md#ML6869DYP1-14,
ML6869DYP7,2A,Meetings with Young People (USA and Europe),Is there a discipline without the act of will?,audio,108,ML,"Malibu, California",4 January 1969,6869,DYP,Discussion with Young People,7,school,ML6869DYP1-14,Can the mind function out of silence?,library/2A-meetings-with-young-people-usa-and-europe/ML6869DYP1-14/ML6869DYP7 - Is there a discipline without the act of will.m4a,02 - Young people.md#ML6869DYP1-14,
ML6869DYP8,2A,Meetings with Young People (USA and Europe),What is the state of a mind that is necessary to learn?,audio,68,ML,"Malibu, California",5 January 1969,6869,DYP,Discussion with Young People,8,school,ML6869DYP1-14,Can the mind function out of silence?,library/2A-meetings-with-young-people-usa-and-europe/ML6869DYP1-14/ML6869DYP8 - What is the state of a mind that is necessary to learn.m4a,02 - Young people.md#ML6869DYP1-14,
ML6869DYP9,2A,Meetings with Young People (USA and Europe),Loneliness and intelligence,audio,88,ML,"Malibu, California",11 January 1969,6869,DYP,Discussion with Young People,9,school,ML6869DYP1-14,Can the mind function out of silence?,library/2A-meetings-with-young-people-usa-and-europe/ML6869DYP1-14/ML6869DYP9 - Loneliness and intelligence.m4a,02 - Young people.md#ML6869DYP1-14,
ML70DYP,2A,Meetings with Young People (USA and Europe),Relationship without the past interfering,audio,80,ML,"Malibu, California",14 April 1970,1970,DYP,Discussion with Young People,,school,,,library/2A-meetings-with-young-people-usa-and-europe/ML70DYP - Relationship without the past interfering.m4a,02 - Young people.md#standalone,
OJ66TYP1,2A,Meetings with Young People (USA and Europe),Education is the cultivation of the total person,audio,65,OJ,"Ojai, California",3 November 1966,1966,TYP,Public Talk,1,recording,,,library/2A-meetings-with-young-people-usa-and-europe/OJ66TYP1 - Education is the cultivation of the total person.m4a,02 - Young people.md#standalone,
OJ72DYP,2A,Meetings with Young People (USA and Europe),Questioning everything,audio,91,OJ,"Ojai, California",23 January 1972,1972,DYP,Discussion with Young People,,school,,,library/2A-meetings-with-young-people-usa-and-europe/OJ72DYP - Questioning everything.m4a,02 - Young people.md#standalone,
PA69DYP1,2A,Meetings with Young People (USA and Europe),What is the state of the mind when the observer is not?,audio,86,PA,Paris,12 April 1969,1969,DYP,Discussion with Young People,1,school,PA69T1-5,DYP1-4 Looking at the totality of life,library/2A-meetings-with-young-people-usa-and-europe/PA69T1-5/PA69DYP1 - What is the state of the mind when the observer is not.m4a,02 - Young people.md#PA69T1-5,
PA69DYP2,2A,Meetings with Young People (USA and Europe),What am I to do in life?,audio,73,PA,Paris,16 April 1969,1969,DYP,Discussion with Young People,2,school,PA69T1-5,DYP1-4 Looking at the totality of life,library/2A-meetings-with-young-people-usa-and-europe/PA69T1-5/PA69DYP2 - What am I to do in life.m4a,02 - Young people.md#PA69T1-5,
PA69DYP3,2A,Meetings with Young People (USA and Europe),Why are we confused?,audio,75,PA,Paris,19 April 1969,1969,DYP,Discussion with Young People,3,school,PA69T1-5,DYP1-4 Looking at the totality of life,library/2A-meetings-with-young-people-usa-and-europe/PA69T1-5/PA69DYP3 - Why are we confused.m4a,02 - Young people.md#PA69T1-5,
PA69DYP4,2A,Meetings with Young People (USA and Europe),Looking at pleasure and pain,audio,71,PA,Paris,22 April 1969,1969,DYP,Discussion with Young People,4,school,PA69T1-5,DYP1-4 Looking at the totality of life,library/2A-meetings-with-young-people-usa-and-europe/PA69T1-5/PA69DYP4 - Looking at pleasure and pain.m4a,02 - Young people.md#PA69T1-5,
SA68DYP1,2A,Meetings with Young People (USA and Europe),Why do I want to fulfil myself?,audio,72,SA,Saanen,17 July 1968,1968,DYP,Discussion with Young People,1,school,SA68DYP1-4,Without images we are capable of listening to each other,library/2A-meetings-with-young-people-usa-and-europe/SA68DYP1-4/SA68DYP1 - Why do I want to fulfil myself.m4a,02 - Young people.md#SA68DYP1-4,
SA68DYP2,2A,Meetings with Young People (USA and Europe),When are we aware of the image-making process?,audio,71,SA,Saanen,19 July 1968,1968,DYP,Discussion with Young People,2,school,SA68DYP1-4,Without images we are capable of listening to each other,library/2A-meetings-with-young-people-usa-and-europe/SA68DYP1-4/SA68DYP2 - When are we aware of the image-making process.m4a,02 - Young people.md#SA68DYP1-4,
SA68DYP3,2A,Meetings with Young People (USA and Europe),Non-fragmentary action in a fragmented world,audio,76,SA,Saanen,24 July 1968,1968,DYP,Discussion with Young People,3,school,SA68DYP1-4,Without images we are capable of listening to each other,library/2A-meetings-with-young-people-usa-and-europe/SA68DYP1-4/SA68DYP3 - Non-fragmentary action in a fragmented world.m4a,02 - Young people.md#SA68DYP1-4,
SA68DYP4,2A,Meetings with Young People (USA and Europe),Do we build images to protect ourselves?,audio,74,SA,Saanen,26 July 1968,1968,DYP,Discussion with Young People,4,school,SA68DYP1-4,Without images we are capable of listening to each other,library/2A-meetings-with-young-people-usa-and-europe/SA68DYP1-4/SA68DYP4 - Do we build images to protect ourselves.m4a,02 - Young people.md#SA68DYP1-4,
SA70DYP1,2A,Meetings with Young People (USA and Europe),What is your vocation?,audio,71,SA,Saanen,24 July 1970,1970,DYP,Discussion with Young People,1,school,SA70DYP1-2,What am I to do in this world?,library/2A-meetings-with-young-people-usa-and-europe/SA70DYP1-2/SA70DYP1 - What is your vocation.m4a,02 - Young people.md#SA70DYP1-2,
SA70DYP2,2A,Meetings with Young People (USA and Europe),How do you know you are confused?,audio,76,SA,Saanen,31 July 1970,1970,DYP,Discussion with Young People,2,school,SA70DYP1-2,What am I to do in this world?,library/2A-meetings-with-young-people-usa-and-europe/SA70DYP1-2/SA70DYP2 - How do you know you are confused.m4a,02 - Young people.md#SA70DYP1-2,
SC69DYP1,2A,Meetings with Young People (USA and Europe),Conflict and meditation,audio,82,SC,Schönried,8 July 1969,1969,DYP,Discussion with Young People,1,school,SC69DYP1-3,Freedom from conflict,library/2A-meetings-with-young-people-usa-and-europe/SC69DYP1-3/SC69DYP1 - Conflict and meditation.m4a,02 - Young people.md#SC69DYP1-3,
SC69DYP2,2A,Meetings with Young People (USA and Europe),Conflict and conclusions,audio,92,SC,Schönried,10 July 1969,1969,DYP,Discussion with Young People,2,school,SC69DYP1-3,Freedom from conflict,library/2A-meetings-with-young-people-usa-and-europe/SC69DYP1-3/SC69DYP2 - Conflict and conclusions.m4a,02 - Young people.md#SC69DYP1-3,
SC69DYP3,2A,Meetings with Young People (USA and Europe),"On religious life, change and fear",audio,81,SC,Schönried,13 July 1969,1969,DYP,Discussion with Young People,3,school,SC69DYP1-3,Freedom from conflict,"library/2A-meetings-with-young-people-usa-and-europe/SC69DYP1-3/SC69DYP3 - On religious life, change and fear.m4a",02 - Young people.md#SC69DYP1-3,
SD70DYP,2A,Meetings with Young People (USA and Europe),How can the mind free itself of its accumulated violence?,audio,92,SD,"San Diego, California",8 April 1970,1970,DYP,Discussion with Young People,,school,SD70DYP,T1-4 Ending all fear,library/2A-meetings-with-young-people-usa-and-europe/SD70DYP/SD70DYP - How can the mind free itself of its accumulated violence.m4a,02 - Young people.md#SD70DYP,
SD71DYP1,2A,Meetings with Young People (USA and Europe),Can human beings radically bring about in themselves a psychological revolution?,video,63,SD,"San Diego, California",25 March 1971,1971,DYP,Discussion with Young People,1,school,SD71DYP1-2,"Unless we change, the world cannot possibly change",library/2A-meetings-with-young-people-usa-and-europe/SD71DYP1-2/SD71DYP1 - Can human beings radically bring about in themselves a psychological revolution.mp4,02 - Young people.md#SD71DYP1-2,Note: a total of 5 minutes and 41 seconds of missing video is replaced by audio only.
SD71DYP2,2A,Meetings with Young People (USA and Europe),A possibility of change,video,58,SD,"San Diego, California",29 March 1971,1971,DYP,Discussion with Young People,2,school,SD71DYP1-2,"Unless we change, the world cannot possibly change",library/2A-meetings-with-young-people-usa-and-europe/SD71DYP1-2/SD71DYP2 - A possibility of change.mp4,02 - Young people.md#SD71DYP1-2,Note: a total of 1 minute and 20 seconds of video and audio is missing from the original recording.
BO84IIT,2B,Meetings with Young People (India),What place has knowledge in human relationship?,video,86,BO,Bombay (Mumbai),7 February 1984,1984,IIT,Interview,,interview,,,library/2B-meetings-with-young-people-india/BO84IIT - What place has knowledge in human relationship.mp4,02 - Young people.md#standalone,
MA71DYP,2B,Meetings with Young People (India),Looking without conclusion,audio,76,MA,Madras (Chennai),18 January 1971,1971,DYP,Discussion with Young People,,school,,,library/2B-meetings-with-young-people-india/MA71DYP - Looking without conclusion.m4a,02 - Young people.md#standalone,
MA84DYP1,2B,Meetings with Young People (India),It is more important to understand violence than to become nonviolent,audio,91,MA,Madras (Chennai),10 January 1984,1984,DYP,Discussion with Young People,1,school,MA84DYP1-2,A brain full of knowledge is not sensitive to learn something,library/2B-meetings-with-young-people-india/MA84DYP1-2/MA84DYP1 - It is more important to understand violence than to become nonviolent.m4a,02 - Young people.md#MA84DYP1-2,
MA84DYP2,2B,Meetings with Young People (India),"What is the relationship between highly educated, specialised people and the rest of the world?",video,91,MA,Madras (Chennai),18 January 1984,1984,DYP,Discussion with Young People,2,school,MA84DYP1-2,A brain full of knowledge is not sensitive to learn something,"library/2B-meetings-with-young-people-india/MA84DYP1-2/MA84DYP2 - What is the relationship between highly educated, specialised people and the rest of the world.mp4",02 - Young people.md#MA84DYP1-2,
MA85DYP,2B,Meetings with Young People (India),What causes war? A discussion with IIT students,audio,85,MA,Madras (Chennai),16 January 1985,1985,DYP,Discussion with Young People,,school,,,library/2B-meetings-with-young-people-india/MA85DYP - What causes war A discussion with IIT students.m4a,02 - Young people.md#standalone,
BR73DSG1,3A,"Small Group Discussions (Australia, Europe and USA)",We can only learn about ourselves in the mirror of relationship,audio,112,BR,Brockwood Park,29 September 1973,1973,DSG,Discussion with Small Group,1,school,BR73DSG1-4,Can the brain look at itself and not create the observer?,library/3A-small-group-discussions-australia-europe-and-usa/BR73DSG1-4/BR73DSG1 - We can only learn about ourselves in the mirror of relationship.m4a,03 - Small group discussions.md#BR73DSG1-4,Note: Some content is missing from the original recording.
BR73DSG2,3A,"Small Group Discussions (Australia, Europe and USA)",The brain trying to find security creates the image,audio,98,BR,Brockwood Park,30 September 1973,1973,DSG,Discussion with Small Group,2,school,BR73DSG1-4,Can the brain look at itself and not create the observer?,library/3A-small-group-discussions-australia-europe-and-usa/BR73DSG1-4/BR73DSG2 - The brain trying to find security creates the image.m4a,03 - Small group discussions.md#BR73DSG1-4,
BR73DSG3,3A,"Small Group Discussions (Australia, Europe and USA)","Duality, envy and sorrow",audio,101,BR,Brockwood Park,6 October 1973,1973,DSG,Discussion with Small Group,3,school,BR73DSG1-4,Can the brain look at itself and not create the observer?,"library/3A-small-group-discussions-australia-europe-and-usa/BR73DSG1-4/BR73DSG3 - Duality, envy and sorrow.m4a",03 - Small group discussions.md#BR73DSG1-4,
BR73DSG4,3A,"Small Group Discussions (Australia, Europe and USA)","Meditation, control, belief and not knowing",audio,119,BR,Brockwood Park,7 October 1973,1973,DSG,Discussion with Small Group,4,school,BR73DSG1-4,Can the brain look at itself and not create the observer?,"library/3A-small-group-discussions-australia-europe-and-usa/BR73DSG1-4/BR73DSG4 - Meditation, control, belief and not knowing.m4a",03 - Small group discussions.md#BR73DSG1-4,
BR76CTM0,3A,"Small Group Discussions (Australia, Europe and USA)",Introduction to 'The transformation of man' series,video,10,BR,Brockwood Park,21 May 1976,1976,CTM,Conversation,0,conversation,BR76CTM1-7,The transformation of man,library/3A-small-group-discussions-australia-europe-and-usa/BR76CTM1-7/BR76CTM0 - Introduction to 'The transformation of man' series.mp4,03 - Small group discussions.md#BR76CTM1-7,
BR76CTM1,3A,"Small Group Discussions (Australia, Europe and USA)",Are we aware that we are fragmented?,video,61,BR,Brockwood Park,17 May 1976,1976,CTM,Conversation,1,conversation,BR76CTM1-7,The transformation of man,library/3A-small-group-discussions-australia-europe-and-usa/BR76CTM1-7/BR76CTM1 - Are we aware that we are fragmented.mp4,03 - Small group discussions.md#BR76CTM1-7,
BR76CTM2,3A,"Small Group Discussions (Australia, Europe and USA)",A mechanical way of living leads to disorder,video,61,BR,Brockwood Park,18 May 1976,1976,CTM,Conversation,2,conversation,BR76CTM1-7,The transformation of man,library/3A-small-group-discussions-australia-europe-and-usa/BR76CTM1-7/BR76CTM2 - A mechanical way of living leads to disorder.mp4,03 - Small group discussions.md#BR76CTM1-7,
BR76CTM3,3A,"Small Group Discussions (Australia, Europe and USA)",Can I completely change at the very root?,video,50,BR,Brockwood Park,18 May 1976,1976,CTM,Conversation,3,conversation,BR76CTM1-7,The transformation of man,library/3A-small-group-discussions-australia-europe-and-usa/BR76CTM1-7/BR76CTM3 - Can I completely change at the very root.mp4,03 - Small group discussions.md#BR76CTM1-7,
BR76CTM4,3A,"Small Group Discussions (Australia, Europe and USA)",In aloneness you can be completely secure,video,58,BR,Brockwood Park,19 May 1976,1976,CTM,Conversation,4,conversation,BR76CTM1-7,The transformation of man,library/3A-small-group-discussions-australia-europe-and-usa/BR76CTM1-7/BR76CTM4 - In aloneness you can be completely secure.mp4,03 - Small group discussions.md#BR76CTM1-7,
BR76CTM5,3A,"Small Group Discussions (Australia, Europe and USA)",Your image of yourself prevents relationship with others,video,58,BR,Brockwood Park,19 May 1976,1976,CTM,Conversation,5,conversation,BR76CTM1-7,The transformation of man,library/3A-small-group-discussions-australia-europe-and-usa/BR76CTM1-7/BR76CTM5 - Your image of yourself prevents relationship with others.mp4,03 - Small group discussions.md#BR76CTM1-7,
BR76CTM6,3A,"Small Group Discussions (Australia, Europe and USA)",Any form of image prevents the beauty of relationship,video,57,BR,Brockwood Park,20 May 1976,1976,CTM,Conversation,6,conversation,BR76CTM1-7,The transformation of man,library/3A-small-group-discussions-australia-europe-and-usa/BR76CTM1-7/BR76CTM6 - Any form of image prevents the beauty of relationship.mp4,03 - Small group discussions.md#BR76CTM1-7,
BR76CTM7,3A,"Small Group Discussions (Australia, Europe and USA)",Life is sacred,video,57,BR,Brockwood Park,20 May 1976,1976,CTM,Conversation,7,conversation,BR76CTM1-7,The transformation of man,library/3A-small-group-discussions-australia-europe-and-usa/BR76CTM1-7/BR76CTM7 - Life is sacred.mp4,03 - Small group discussions.md#BR76CTM1-7,
BR77DSG,3A,"Small Group Discussions (Australia, Europe and USA)",What is preventing change?,audio,112,BR,Brockwood Park,29 August 1977,1977,DSG,Discussion with Small Group,,school,,,library/3A-small-group-discussions-australia-europe-and-usa/BR77DSG - What is preventing change.m4a,03 - Small group discussions.md#standalone,
BR7879CBS1,3A,"Small Group Discussions (Australia, Europe and USA)",Are you not saying what the Buddha said?,video,97,BR,Brockwood Park,22 June 1978,7879,CBS,Conversation,1,conversation,BR7879CBS1-5,Can humanity change?,library/3A-small-group-discussions-australia-europe-and-usa/BR7879CBS1-5/BR7879CBS1 - Are you not saying what the Buddha said.mp4,03 - Small group discussions.md#BR7879CBS1-5,
BR7879CBS2,3A,"Small Group Discussions (Australia, Europe and USA)",Is there a state of mind without the self?,video,92,BR,Brockwood Park,23 June 1978,7879,CBS,Conversation,2,conversation,BR7879CBS1-5,Can humanity change?,library/3A-small-group-discussions-australia-europe-and-usa/BR7879CBS1-5/BR7879CBS2 - Is there a state of mind without the self.mp4,03 - Small group discussions.md#BR7879CBS1-5,
BR7879CBS3,3A,"Small Group Discussions (Australia, Europe and USA)",Does free will exist?,video,113,BR,Brockwood Park,23 June 1978,7879,CBS,Conversation,3,conversation,BR7879CBS1-5,Can humanity change?,library/3A-small-group-discussions-australia-europe-and-usa/BR7879CBS1-5/BR7879CBS3 - Does free will exist.mp4,03 - Small group discussions.md#BR7879CBS1-5,
BR7879CBS4,3A,"Small Group Discussions (Australia, Europe and USA)",What is truth?,video,93,BR,Brockwood Park,28 June 1979,7879,CBS,Conversation,4,conversation,BR7879CBS1-5,Can humanity change?,library/3A-small-group-discussions-australia-europe-and-usa/BR7879CBS1-5/BR7879CBS4 - What is truth.mp4,03 - Small group discussions.md#BR7879CBS1-5,
BR7879CBS5,3A,"Small Group Discussions (Australia, Europe and USA)",Is there life after death?,video,106,BR,Brockwood Park,28 June 1979,7879,CBS,Conversation,5,conversation,BR7879CBS1-5,Can humanity change?,library/3A-small-group-discussions-australia-europe-and-usa/BR7879CBS1-5/BR7879CBS5 - Is there life after death.mp4,03 - Small group discussions.md#BR7879CBS1-5,
BR80DCO1,3A,"Small Group Discussions (Australia, Europe and USA)",Why haven't we changed?,video,75,BR,Brockwood Park,15 September 1980,1980,DCO,Public Discussion,1,recording,BR80DCO1-2,Why has the mind become so extraordinarily mechanical?,library/3A-small-group-discussions-australia-europe-and-usa/BR80DCO1-2/BR80DCO1 - Why haven't we changed.mp4,03 - Small group discussions.md#BR80DCO1-2,
BR80DCO2,3A,"Small Group Discussions (Australia, Europe and USA)",Are you aware that your mind is functioning in a groove?,video,83,BR,Brockwood Park,19 September 1980,1980,DCO,Public Discussion,2,recording,BR80DCO1-2,Why has the mind become so extraordinarily mechanical?,library/3A-small-group-discussions-australia-europe-and-usa/BR80DCO1-2/BR80DCO2 - Are you aware that your mind is functioning in a groove.mp4,03 - Small group discussions.md#BR80DCO1-2,
BR80DSG1.0,3A,"Small Group Discussions (Australia, Europe and USA)",Stepping out of the stream of consciousness,audio,126,BR,Brockwood Park,25 May 1980,1980,DSG,Discussion with Small Group,1.0,school,,,library/3A-small-group-discussions-australia-europe-and-usa/BR80DSG1.0 - Stepping out of the stream of consciousness.m4a,03 - Small group discussions.md#standalone,
BR85DSG1.1,3A,"Small Group Discussions (Australia, Europe and USA)",Why don’t you listen?,video,66,BR,Brockwood Park,14 October 1985,1985,DSG,Discussion with Small Group,1.1,school,BR85DSG1-2,Two Discussions with Mary Zimbalist and Scott Forbes,library/3A-small-group-discussions-australia-europe-and-usa/BR85DSG1-2/BR85DSG1.1 - Why don’t you listen.mp4,03 - Small group discussions.md#BR85DSG1-2,"Note: an unknown amount of footage is missing in the original recording, starting at 21m 21s."
BR85DSG1.2,3A,"Small Group Discussions (Australia, Europe and USA)",Will Brockwood be a place where people come to listen to something very deep?,video,64,BR,Brockwood Park,19 October 1985,1985,DSG,Discussion with Small Group,1.2,school,BR85DSG1-2,Two Discussions with Mary Zimbalist and Scott Forbes,library/3A-small-group-discussions-australia-europe-and-usa/BR85DSG1-2/BR85DSG1.2 - Will Brockwood be a place where people come to listen to something very deep.mp4,03 - Small group discussions.md#BR85DSG1-2,
GS62DSG1,3A,"Small Group Discussions (Australia, Europe and USA)",A passion which has no motive,audio,77,GS,Gstaad,14 August 1962,1962,DSG,Discussion with Small Group,1,school,GS62DSG1-8,The extraordinary state of mind when there is no authority,library/3A-small-group-discussions-australia-europe-and-usa/GS62DSG1-8/GS62DSG1 - A passion which has no motive.m4a,03 - Small group discussions.md#GS62DSG1-8,
GS62DSG2,3A,"Small Group Discussions (Australia, Europe and USA)",Imitation and negative thinking,audio,76,GS,Gstaad,15 August 1962,1962,DSG,Discussion with Small Group,2,school,GS62DSG1-8,The extraordinary state of mind when there is no authority,library/3A-small-group-discussions-australia-europe-and-usa/GS62DSG1-8/GS62DSG2 - Imitation and negative thinking.m4a,03 - Small group discussions.md#GS62DSG1-8,
GS62DSG3,3A,"Small Group Discussions (Australia, Europe and USA)",Do we go to the end of anything?,audio,80,GS,Gstaad,16 August 1962,1962,DSG,Discussion with Small Group,3,school,GS62DSG1-8,The extraordinary state of mind when there is no authority,library/3A-small-group-discussions-australia-europe-and-usa/GS62DSG1-8/GS62DSG3 - Do we go to the end of anything.m4a,03 - Small group discussions.md#GS62DSG1-8,
GS62DSG4,3A,"Small Group Discussions (Australia, Europe and USA)",Authority and imitation,audio,65,GS,Gstaad,17 August 1962,1962,DSG,Discussion with Small Group,4,school,GS62DSG1-8,The extraordinary state of mind when there is no authority,library/3A-small-group-discussions-australia-europe-and-usa/GS62DSG1-8/GS62DSG4 - Authority and imitation.m4a,03 - Small group discussions.md#GS62DSG1-8,
GS62DSG5,3A,"Small Group Discussions (Australia, Europe and USA)",Seeing authority as a poison,audio,83,GS,Gstaad,18 August 1962,1962,DSG,Discussion with Small Group,5,school,GS62DSG1-8,The extraordinary state of mind when there is no authority,library/3A-small-group-discussions-australia-europe-and-usa/GS62DSG1-8/GS62DSG5 - Seeing authority as a poison.m4a,03 - Small group discussions.md#GS62DSG1-8,
GS62DSG6,3A,"Small Group Discussions (Australia, Europe and USA)",What is the state of the mind that discovers?,audio,72,GS,Gstaad,19 August 1962,1962,DSG,Discussion with Small Group,6,school,GS62DSG1-8,The extraordinary state of mind when there is no authority,library/3A-small-group-discussions-australia-europe-and-usa/GS62DSG1-8/GS62DSG6 - What is the state of the mind that discovers.m4a,03 - Small group discussions.md#GS62DSG1-8,
GS62DSG7,3A,"Small Group Discussions (Australia, Europe and USA)",Fear is preventing us from looking,audio,70,GS,Gstaad,20 August 1962,1962,DSG,Discussion with Small Group,7,school,GS62DSG1-8,The extraordinary state of mind when there is no authority,library/3A-small-group-discussions-australia-europe-and-usa/GS62DSG1-8/GS62DSG7 - Fear is preventing us from looking.m4a,03 - Small group discussions.md#GS62DSG1-8,
GS62DSG8,3A,"Small Group Discussions (Australia, Europe and USA)",Once discovery is deeply taking place there is nothing more to discover,audio,63,GS,Gstaad,21 August 1962,1962,DSG,Discussion with Small Group,8,school,GS62DSG1-8,The extraordinary state of mind when there is no authority,library/3A-small-group-discussions-australia-europe-and-usa/GS62DSG1-8/GS62DSG8 - Once discovery is deeply taking place there is nothing more to discover.m4a,03 - Small group discussions.md#GS62DSG1-8,
GS64DSG1,3A,"Small Group Discussions (Australia, Europe and USA)",Start at the very depth of things,audio,102,GS,Gstaad,15 August 1964,1964,DSG,Discussion with Small Group,1,school,GS64DSG1-8,Learning is without accumulation,library/3A-small-group-discussions-australia-europe-and-usa/GS64DSG1-8/GS64DSG1 - Start at the very depth of things.m4a,03 - Small group discussions.md#GS64DSG1-8,
GS64DSG2,3A,"Small Group Discussions (Australia, Europe and USA)",Action from the unknown,audio,91,GS,Gstaad,16 August 1964,1964,DSG,Discussion with Small Group,2,school,GS64DSG1-8,Learning is without accumulation,library/3A-small-group-discussions-australia-europe-and-usa/GS64DSG1-8/GS64DSG2 - Action from the unknown.m4a,03 - Small group discussions.md#GS64DSG1-8,
GS64DSG3,3A,"Small Group Discussions (Australia, Europe and USA)",An action beyond the bondage of time,audio,90,GS,Gstaad,17 August 1964,1964,DSG,Discussion with Small Group,3,school,GS64DSG1-8,Learning is without accumulation,library/3A-small-group-discussions-australia-europe-and-usa/GS64DSG1-8/GS64DSG3 - An action beyond the bondage of time.m4a,03 - Small group discussions.md#GS64DSG1-8,
GS64DSG4,3A,"Small Group Discussions (Australia, Europe and USA)",The mind that sees the whole,audio,87,GS,Gstaad,18 August 1964,1964,DSG,Discussion with Small Group,4,school,GS64DSG1-8,Learning is without accumulation,library/3A-small-group-discussions-australia-europe-and-usa/GS64DSG1-8/GS64DSG4 - The mind that sees the whole.m4a,03 - Small group discussions.md#GS64DSG1-8,
GS64DSG5,3A,"Small Group Discussions (Australia, Europe and USA)",Where there is accumulation there is fragmentation,audio,98,GS,Gstaad,19 August 1964,1964,DSG,Discussion with Small Group,5,school,GS64DSG1-8,Learning is without accumulation,library/3A-small-group-discussions-australia-europe-and-usa/GS64DSG1-8/GS64DSG5 - Where there is accumulation there is fragmentation.m4a,03 - Small group discussions.md#GS64DSG1-8,
GS64DSG6,3A,"Small Group Discussions (Australia, Europe and USA)",Is there action apart from animalistic action?,audio,99,GS,Gstaad,20 August 1964,1964,DSG,Discussion with Small Group,6,school,GS64DSG1-8,Learning is without accumulation,library/3A-small-group-discussions-australia-europe-and-usa/GS64DSG1-8/GS64DSG6 - Is there action apart from animalistic action.m4a,03 - Small group discussions.md#GS64DSG1-8,
GS64DSG7,3A,"Small Group Discussions (Australia, Europe and USA)",Learning is the act of intelligence,audio,88,GS,Gstaad,21 August 1964,1964,DSG,Discussion with Small Group,7,school,GS64DSG1-8,Learning is without accumulation,library/3A-small-group-discussions-australia-europe-and-usa/GS64DSG1-8/GS64DSG7 - Learning is the act of intelligence.m4a,03 - Small group discussions.md#GS64DSG1-8,
GS64DSG8,3A,"Small Group Discussions (Australia, Europe and USA)",Knowing without experiencing,audio,73,GS,Gstaad,22 August 1964,1964,DSG,Discussion with Small Group,8,school,GS64DSG1-8,Learning is without accumulation,library/3A-small-group-discussions-australia-europe-and-usa/GS64DSG1-8/GS64DSG8 - Knowing without experiencing.m4a,03 - Small group discussions.md#GS64DSG1-8,
GS65DSG1.1,3A,"Small Group Discussions (Australia, Europe and USA)",Choice and its relationship to time,audio,68,GS,Gstaad,30 June 1965,1965,DSG,Discussion with Small Group,1.1,school,GS65DSG1.1-1.3,Awareness creates energy,library/3A-small-group-discussions-australia-europe-and-usa/GS65DSG1.1-1.3/GS65DSG1.1 - Choice and its relationship to time.m4a,03 - Small group discussions.md#GS65DSG1.1-1.3,
GS65DSG1.2,3A,"Small Group Discussions (Australia, Europe and USA)",Is it possible for the mind to be free of the process of habit?,audio,66,GS,Gstaad,23 July 1965,1965,DSG,Discussion with Small Group,1.2,school,GS65DSG1.1-1.3,Awareness creates energy,library/3A-small-group-discussions-australia-europe-and-usa/GS65DSG1.1-1.3/GS65DSG1.2 - Is it possible for the mind to be free of the process of habit.m4a,03 - Small group discussions.md#GS65DSG1.1-1.3,
GS65DSG1.3,3A,"Small Group Discussions (Australia, Europe and USA)",Going deeply into the unconscious,audio,95,GS,Gstaad,30 July 1965,1965,DSG,Discussion with Small Group,1.3,school,GS65DSG1.1-1.3,Awareness creates energy,library/3A-small-group-discussions-australia-europe-and-usa/GS65DSG1.1-1.3/GS65DSG1.3 - Going deeply into the unconscious.m4a,03 - Small group discussions.md#GS65DSG1.1-1.3,
GS65DSG2.1,3A,"Small Group Discussions (Australia, Europe and USA)",Is thought detrimental?,audio,63,GS,Gstaad,15 August 1965,1965,DSG,Discussion with Small Group,2.1,school,GS65DSG2.1-2.6,"Thought, stillness and time",library/3A-small-group-discussions-australia-europe-and-usa/GS65DSG2.1-2.6/GS65DSG2.1 - Is thought detrimental.m4a,03 - Small group discussions.md#GS65DSG2.1-2.6,
GS65DSG2.2,3A,"Small Group Discussions (Australia, Europe and USA)",Am I aware of the process of thinking?,audio,60,GS,Gstaad,18 August 1965,1965,DSG,Discussion with Small Group,2.2,school,GS65DSG2.1-2.6,"Thought, stillness and time",library/3A-small-group-discussions-australia-europe-and-usa/GS65DSG2.1-2.6/GS65DSG2.2 - Am I aware of the process of thinking.m4a,03 - Small group discussions.md#GS65DSG2.1-2.6,
GS65DSG2.3,3A,"Small Group Discussions (Australia, Europe and USA)",What will make me see that thought breeds frustration?,audio,78,GS,Gstaad,21 August 1965,1965,DSG,Discussion with Small Group,2.3,school,GS65DSG2.1-2.6,"Thought, stillness and time",library/3A-small-group-discussions-australia-europe-and-usa/GS65DSG2.1-2.6/GS65DSG2.3 - What will make me see that thought breeds frustration.m4a,03 - Small group discussions.md#GS65DSG2.1-2.6,
GS65DSG2.4,3A,"Small Group Discussions (Australia, Europe and USA)",From where do attachment and detachment come?,audio,65,GS,Gstaad,24 August 1965,1965,DSG,Discussion with Small Group,2.4,school,GS65DSG2.1-2.6,"Thought, stillness and time",library/3A-small-group-discussions-australia-europe-and-usa/GS65DSG2.1-2.6/GS65DSG2.4 - From where do attachment and detachment come.m4a,03 - Small group discussions.md#GS65DSG2.1-2.6,
GS65DSG2.5,3A,"Small Group Discussions (Australia, Europe and USA)",A complete stillness,audio,65,GS,Gstaad,25 August 1965,1965,DSG,Discussion with Small Group,2.5,school,GS65DSG2.1-2.6,"Thought, stillness and time",library/3A-small-group-discussions-australia-europe-and-usa/GS65DSG2.1-2.6/GS65DSG2.5 - A complete stillness.m4a,03 - Small group discussions.md#GS65DSG2.1-2.6,
GS65DSG2.6,3A,"Small Group Discussions (Australia, Europe and USA)","When the mind is completely quiet, how can there be time?",audio,85,GS,Gstaad,29 August 1965,1965,DSG,Discussion with Small Group,2.6,school,GS65DSG2.1-2.6,"Thought, stillness and time","library/3A-small-group-discussions-australia-europe-and-usa/GS65DSG2.1-2.6/GS65DSG2.6 - When the mind is completely quiet, how can there be time.m4a",03 - Small group discussions.md#GS65DSG2.1-2.6,
LO67DSG1.1,3A,"Small Group Discussions (Australia, Europe and USA)",Thought is the observer,audio,61,LO,London,19 September 1967,1967,DSG,Discussion with Small Group,1.1,school,LO67DSG1.1-1.3,If there is an observer there must be duality,library/3A-small-group-discussions-australia-europe-and-usa/LO67DSG1.1-1.3/LO67DSG1.1 - Thought is the observer.m4a,03 - Small group discussions.md#LO67DSG1.1-1.3,
LO67DSG1.2,3A,"Small Group Discussions (Australia, Europe and USA)",Can I look at myself without thought?,audio,63,LO,London,26 September 1967,1967,DSG,Discussion with Small Group,1.2,school,LO67DSG1.1-1.3,If there is an observer there must be duality,library/3A-small-group-discussions-australia-europe-and-usa/LO67DSG1.1-1.3/LO67DSG1.2 - Can I look at myself without thought.m4a,03 - Small group discussions.md#LO67DSG1.1-1.3,
LO67DSG1.3,3A,"Small Group Discussions (Australia, Europe and USA)","Images, change, the observer and the observed",audio,67,LO,London,28 September 1967,1967,DSG,Discussion with Small Group,1.3,school,LO67DSG1.1-1.3,If there is an observer there must be duality,"library/3A-small-group-discussions-australia-europe-and-usa/LO67DSG1.1-1.3/LO67DSG1.3 - Images, change, the observer and the observed.m4a",03 - Small group discussions.md#LO67DSG1.1-1.3,
LO67DSG2.1,3A,"Small Group Discussions (Australia, Europe and USA)",What is sacred?,audio,96,LO,London,20 September 1967,1967,DSG,Discussion with Small Group,2.1,school,LO67DSG2.1-2.2,The sacred,library/3A-small-group-discussions-australia-europe-and-usa/LO67DSG2.1-2.2/LO67DSG2.1 - What is sacred.m4a,03 - Small group discussions.md#LO67DSG2.1-2.2,
LO67DSG2.2,3A,"Small Group Discussions (Australia, Europe and USA)",Meditation and experience,audio,50,LO,London,21 September 1967,1967,DSG,Discussion with Small Group,2.2,school,LO67DSG2.1-2.2,The sacred,library/3A-small-group-discussions-australia-europe-and-usa/LO67DSG2.1-2.2/LO67DSG2.2 - Meditation and experience.m4a,03 - Small group discussions.md#LO67DSG2.1-2.2,
LO67DSG3.1,3A,"Small Group Discussions (Australia, Europe and USA)",How will you live a different kind of life?,audio,71,LO,London,29 September 1967,1967,DSG,Discussion with Small Group,3.1,school,LO67DSG3.1-3.2,Education and the purpose of life,library/3A-small-group-discussions-australia-europe-and-usa/LO67DSG3.1-3.2/LO67DSG3.1 - How will you live a different kind of life.m4a,03 - Small group discussions.md#LO67DSG3.1-3.2,
LO67DSG3.2,3A,"Small Group Discussions (Australia, Europe and USA)",What are we educated for?,audio,74,LO,London,1 October 1967,1967,DSG,Discussion with Small Group,3.2,school,LO67DSG3.1-3.2,Education and the purpose of life,library/3A-small-group-discussions-australia-europe-and-usa/LO67DSG3.1-3.2/LO67DSG3.2 - What are we educated for.m4a,03 - Small group discussions.md#LO67DSG3.1-3.2,
ML70DSG1,3A,"Small Group Discussions (Australia, Europe and USA)",Living with a sustained seriousness,audio,91,ML,"Malibu, California",21 February 1970,1970,DSG,Discussion with Small Group,1,school,ML70DSG1-8,Can the mind observe without comparison?,library/3A-small-group-discussions-australia-europe-and-usa/ML70DSG1-8/ML70DSG1 - Living with a sustained seriousness.m4a,03 - Small group discussions.md#ML70DSG1-8,
ML70DSG2,3A,"Small Group Discussions (Australia, Europe and USA)",Can the brain operate without recourse to the past?,audio,92,ML,"Malibu, California",22 February 1970,1970,DSG,Discussion with Small Group,2,school,ML70DSG1-8,Can the mind observe without comparison?,library/3A-small-group-discussions-australia-europe-and-usa/ML70DSG1-8/ML70DSG2 - Can the brain operate without recourse to the past.m4a,03 - Small group discussions.md#ML70DSG1-8,
ML70DSG3,3A,"Small Group Discussions (Australia, Europe and USA)",What makes one control?,video,107,ML,"Malibu, California",14 March 1970,1970,DSG,Discussion with Small Group,3,school,ML70DSG1-8,Can the mind observe without comparison?,library/3A-small-group-discussions-australia-europe-and-usa/ML70DSG1-8/ML70DSG3 - What makes one control.mp4,03 - Small group discussions.md#ML70DSG1-8,
ML70DSG4,3A,"Small Group Discussions (Australia, Europe and USA)",Being serious without belief,video,75,ML,"Malibu, California",15 March 1970,1970,DSG,Discussion with Small Group,4,school,ML70DSG1-8,Can the mind observe without comparison?,library/3A-small-group-discussions-australia-europe-and-usa/ML70DSG1-8/ML70DSG4 - Being serious without belief.mp4,03 - Small group discussions.md#ML70DSG1-8,
ML70DSG5,3A,"Small Group Discussions (Australia, Europe and USA)",Attention leads to learning,video,91,ML,"Malibu, California",21 March 1970,1970,DSG,Discussion with Small Group,5,school,ML70DSG1-8,Can the mind observe without comparison?,library/3A-small-group-discussions-australia-europe-and-usa/ML70DSG1-8/ML70DSG5 - Attention leads to learning.mp4,03 - Small group discussions.md#ML70DSG1-8,
ML70DSG6,3A,"Small Group Discussions (Australia, Europe and USA)",Fear in consciousness,video,88,ML,"Malibu, California",22 March 1970,1970,DSG,Discussion with Small Group,6,school,ML70DSG1-8,Can the mind observe without comparison?,library/3A-small-group-discussions-australia-europe-and-usa/ML70DSG1-8/ML70DSG6 - Fear in consciousness.mp4,03 - Small group discussions.md#ML70DSG1-8,
ML70DSG7,3A,"Small Group Discussions (Australia, Europe and USA)",What is order?,video,80,ML,"Malibu, California",28 March 1970,1970,DSG,Discussion with Small Group,7,school,ML70DSG1-8,Can the mind observe without comparison?,library/3A-small-group-discussions-australia-europe-and-usa/ML70DSG1-8/ML70DSG7 - What is order.mp4,03 - Small group discussions.md#ML70DSG1-8,
ML70DSG8,3A,"Small Group Discussions (Australia, Europe and USA)",How is one to be entirely free of fear?,video,86,ML,"Malibu, California",29 March 1970,1970,DSG,Discussion with Small Group,8,school,ML70DSG1-8,Can the mind observe without comparison?,library/3A-small-group-discussions-australia-europe-and-usa/ML70DSG1-8/ML70DSG8 - How is one to be entirely free of fear.mp4,03 - Small group discussions.md#ML70DSG1-8,
NY84DSG,3A,"Small Group Discussions (Australia, Europe and USA)","What blocks us, and what is the ultimate fear?",audio,118,NY,New York,16 April 1984,1984,DSG,Discussion with Small Group,,school,,,"library/3A-small-group-discussions-australia-europe-and-usa/NY84DSG - What blocks us, and what is the ultimate fear.m4a",03 - Small group discussions.md#standalone,
OJ70DSG1,3A,"Small Group Discussions (Australia, Europe and USA)",Change and comparison,audio,81,OJ,"Ojai, California",12 March 1970,1970,DSG,Discussion with Small Group,1,school,OJ70DSG1-3,Comparison prevents looking at ‘what is’,library/3A-small-group-discussions-australia-europe-and-usa/OJ70DSG1-3/OJ70DSG1 - Change and comparison.m4a,03 - Small group discussions.md#OJ70DSG1-3,
OJ70DSG2,3A,"Small Group Discussions (Australia, Europe and USA)",Can one free the mind of all images?,audio,93,OJ,"Ojai, California",19 March 1970,1970,DSG,Discussion with Small Group,2,school,OJ70DSG1-3,Comparison prevents looking at ‘what is’,library/3A-small-group-discussions-australia-europe-and-usa/OJ70DSG1-3/OJ70DSG2 - Can one free the mind of all images.m4a,03 - Small group discussions.md#OJ70DSG1-3,
OJ70DSG3,3A,"Small Group Discussions (Australia, Europe and USA)","Energy, disorder, action, meditation",audio,93,OJ,"Ojai, California",26 March 1970,1970,DSG,Discussion with Small Group,3,school,OJ70DSG1-3,Comparison prevents looking at ‘what is’,"library/3A-small-group-discussions-australia-europe-and-usa/OJ70DSG1-3/OJ70DSG3 - Energy, disorder, action, meditation.m4a",03 - Small group discussions.md#OJ70DSG1-3,
OJ72DSG1,3A,"Small Group Discussions (Australia, Europe and USA)",Conflict and choice,audio,95,OJ,"Ojai, California",29 March 1972,1972,DSG,Discussion with Small Group,1,school,OJ72DSG1-4,Being a light to oneself,library/3A-small-group-discussions-australia-europe-and-usa/OJ72DSG1-4/OJ72DSG1 - Conflict and choice.m4a,03 - Small group discussions.md#OJ72DSG1-4,
OJ72DSG2,3A,"Small Group Discussions (Australia, Europe and USA)",A life without measurement,audio,87,OJ,"Ojai, California",30 March 1972,1972,DSG,Discussion with Small Group,2,school,OJ72DSG1-4,Being a light to oneself,library/3A-small-group-discussions-australia-europe-and-usa/OJ72DSG1-4/OJ72DSG2 - A life without measurement.m4a,03 - Small group discussions.md#OJ72DSG1-4,
OJ72DSG3,3A,"Small Group Discussions (Australia, Europe and USA)",Direct perception,audio,92,OJ,"Ojai, California",31 March 1972,1972,DSG,Discussion with Small Group,3,school,OJ72DSG1-4,Being a light to oneself,library/3A-small-group-discussions-australia-europe-and-usa/OJ72DSG1-4/OJ72DSG3 - Direct perception.m4a,03 - Small group discussions.md#OJ72DSG1-4,
OJ72DSG4,3A,"Small Group Discussions (Australia, Europe and USA)",Can thought bring about a change in our daily life?,audio,100,OJ,"Ojai, California",1 April 1972,1972,DSG,Discussion with Small Group,4,school,OJ72DSG1-4,Being a light to oneself,library/3A-small-group-discussions-australia-europe-and-usa/OJ72DSG1-4/OJ72DSG4 - Can thought bring about a change in our daily life.m4a,03 - Small group discussions.md#OJ72DSG1-4,
OJ79DSG,3A,"Small Group Discussions (Australia, Europe and USA)",Can conditioning be totally dissolved?,audio,59,OJ,"Ojai, California",16 March 1979,1979,DSG,Discussion with Small Group,,school,,,library/3A-small-group-discussions-australia-europe-and-usa/OJ79DSG - Can conditioning be totally dissolved.m4a,03 - Small group discussions.md#standalone,
OJ81DSG,3A,"Small Group Discussions (Australia, Europe and USA)","Computers, thought and insight",audio,88,OJ,"Ojai, California",1 April 1981,1981,DSG,Discussion with Small Group,,school,,,"library/3A-small-group-discussions-australia-europe-and-usa/OJ81DSG - Computers, thought and insight.m4a",03 - Small group discussions.md#standalone,
OJ82CNM1,3A,"Small Group Discussions (Australia, Europe and USA)",The roots of psychological disorder,video,58,OJ,"Ojai, California",16 April 1982,1982,CNM,Conversation,1,conversation,OJ82CNM1-4,The nature of the mind,library/3A-small-group-discussions-australia-europe-and-usa/OJ82CNM1-4/OJ82CNM1 - The roots of psychological disorder.mp4,03 - Small group discussions.md#OJ82CNM1-4,
OJ82CNM2,3A,"Small Group Discussions (Australia, Europe and USA)",Psychological suffering,video,58,OJ,"Ojai, California",17 April 1982,1982,CNM,Conversation,2,conversation,OJ82CNM1-4,The nature of the mind,library/3A-small-group-discussions-australia-europe-and-usa/OJ82CNM1-4/OJ82CNM2 - Psychological suffering.mp4,03 - Small group discussions.md#OJ82CNM1-4,
OJ82CNM3,3A,"Small Group Discussions (Australia, Europe and USA)",The need for security,video,59,OJ,"Ojai, California",17 April 1982,1982,CNM,Conversation,3,conversation,OJ82CNM1-4,The nature of the mind,library/3A-small-group-discussions-australia-europe-and-usa/OJ82CNM1-4/OJ82CNM3 - The need for security.mp4,03 - Small group discussions.md#OJ82CNM1-4,
OJ82CNM4,3A,"Small Group Discussions (Australia, Europe and USA)",What is a healthy mind?,video,55,OJ,"Ojai, California",18 April 1982,1982,CNM,Conversation,4,conversation,OJ82CNM1-4,The nature of the mind,library/3A-small-group-discussions-australia-europe-and-usa/OJ82CNM1-4/OJ82CNM4 - What is a healthy mind.mp4,03 - Small group discussions.md#OJ82CNM1-4,
RO72DSG1,3A,"Small Group Discussions (Australia, Europe and USA)",Can I live a life which is totally harmonious?,audio,87,RO,Rome,31 October 1972,1972,DSG,Discussion with Small Group,1,school,RO72DSG1-3,Seeing in freedom,library/3A-small-group-discussions-australia-europe-and-usa/RO72DSG1-3/RO72DSG1 - Can I live a life which is totally harmonious.m4a,03 - Small group discussions.md#RO72DSG1-3,
RO72DSG2,3A,"Small Group Discussions (Australia, Europe and USA)",The world is on fire,audio,88,RO,Rome,2 November 1972,1972,DSG,Discussion with Small Group,2,school,RO72DSG1-3,Seeing in freedom,library/3A-small-group-discussions-australia-europe-and-usa/RO72DSG1-3/RO72DSG2 - The world is on fire.m4a,03 - Small group discussions.md#RO72DSG1-3,
RO72DSG3,3A,"Small Group Discussions (Australia, Europe and USA)",Is there anything new at all?,audio,82,RO,Rome,4 November 1972,1972,DSG,Discussion with Small Group,3,school,RO72DSG1-3,Seeing in freedom,library/3A-small-group-discussions-australia-europe-and-usa/RO72DSG1-3/RO72DSG3 - Is there anything new at all.m4a,03 - Small group discussions.md#RO72DSG1-3,
RO73DSG1,3A,"Small Group Discussions (Australia, Europe and USA)",The division between the observer and the observed,audio,87,RO,Rome,30 October 1973,1973,DSG,Discussion with Small Group,1,school,RO73T,DSG1-2 When the observer is the observed,library/3A-small-group-discussions-australia-europe-and-usa/RO73T/RO73DSG1 - The division between the observer and the observed.m4a,03 - Small group discussions.md#RO73T,
RO73DSG2,3A,"Small Group Discussions (Australia, Europe and USA)",Ending the chattering of the mind,audio,87,RO,Rome,31 October 1973,1973,DSG,Discussion with Small Group,2,school,RO73T,DSG1-2 When the observer is the observed,library/3A-small-group-discussions-australia-europe-and-usa/RO73T/RO73DSG2 - Ending the chattering of the mind.m4a,03 - Small group discussions.md#RO73T,
SY70DSG1,3A,"Small Group Discussions (Australia, Europe and USA)",What does it mean to look at something as a whole?,audio,93,SY,Sydney,23 November 1970,1970,DSG,Discussion with Small Group,1,school,SY70DSG1-2,Action and conformity,library/3A-small-group-discussions-australia-europe-and-usa/SY70DSG1-2/SY70DSG1 - What does it mean to look at something as a whole.m4a,03 - Small group discussions.md#SY70DSG1-2,
SY70DSG2,3A,"Small Group Discussions (Australia, Europe and USA)",Comparison and conformity,audio,100,SY,Sydney,30 November 1970,1970,DSG,Discussion with Small Group,2,school,SY70DSG1-2,Action and conformity,library/3A-small-group-discussions-australia-europe-and-usa/SY70DSG1-2/SY70DSG2 - Comparison and conformity.m4a,03 - Small group discussions.md#SY70DSG1-2,
BA71DSG,3B,Small Group Discussions (India and Sri Lanka),Can the past be wiped away through effort?,audio,72,BA,Bangalore,1 February 1971,1971,DSG,Discussion with Small Group,,school,,,library/3B-small-group-discussions-india-and-sri-lanka/BA71DSG - Can the past be wiped away through effort.m4a,03 - Small group discussions.md#standalone,
BA73DSG1,3B,Small Group Discussions (India and Sri Lanka),What is the function of thought in life?,audio,84,BA,Bangalore,11 January 1973,1973,DSG,Discussion with Small Group,1,school,BA73DSG1-2,"If I have a belief, I cannot inquire",library/3B-small-group-discussions-india-and-sri-lanka/BA73DSG1-2/BA73DSG1 - What is the function of thought in life.m4a,03 - Small group discussions.md#BA73DSG1-2,
BA73DSG2,3B,Small Group Discussions (India and Sri Lanka),"Where there is division, there must be conflict",audio,93,BA,Bangalore,12 January 1973,1973,DSG,Discussion with Small Group,2,school,BA73DSG1-2,"If I have a belief, I cannot inquire","library/3B-small-group-discussions-india-and-sri-lanka/BA73DSG1-2/BA73DSG2 - Where there is division, there must be conflict.m4a",03 - Small group discussions.md#BA73DSG1-2,
BA75DSG,3B,Small Group Discussions (India and Sri Lanka),Education and the transformation of consciousness,audio,86,BA,Bangalore,10 January 1975,1975,DSG,Discussion with Small Group,,school,,,library/3B-small-group-discussions-india-and-sri-lanka/BA75DSG - Education and the transformation of consciousness.m4a,03 - Small group discussions.md#standalone,
BO77DSG1.1,3B,Small Group Discussions (India and Sri Lanka),What is the root cause of fragmentation?,audio,79,BO,Bombay (Mumbai),7 January 1977,1977,DSG,Discussion with Small Group,1.1,school,BO77DSG1.1-1.5,Holistic living without dissipation of energy,library/3B-small-group-discussions-india-and-sri-lanka/BO77DSG1.1-1.5/BO77DSG1.1 - What is the root cause of fragmentation.m4a,03 - Small group discussions.md#BO77DSG1.1-1.5,
BO77DSG1.2,3B,Small Group Discussions (India and Sri Lanka),The self and the vast stream of sorrow,audio,90,BO,Bombay (Mumbai),10 January 1977,1977,DSG,Discussion with Small Group,1.2,school,BO77DSG1.1-1.5,Holistic living without dissipation of energy,library/3B-small-group-discussions-india-and-sri-lanka/BO77DSG1.1-1.5/BO77DSG1.2 - The self and the vast stream of sorrow.m4a,03 - Small group discussions.md#BO77DSG1.1-1.5,
BO77DSG1.3,3B,Small Group Discussions (India and Sri Lanka),Self-knowing and Krishnamurti’s teachings,audio,78,BO,Bombay (Mumbai),14 January 1977,1977,DSG,Discussion with Small Group,1.3,school,BO77DSG1.1-1.5,Holistic living without dissipation of energy,library/3B-small-group-discussions-india-and-sri-lanka/BO77DSG1.1-1.5/BO77DSG1.3 - Self-knowing and Krishnamurti’s teachings.m4a,03 - Small group discussions.md#BO77DSG1.1-1.5,
BO77DSG1.4,3B,Small Group Discussions (India and Sri Lanka),The holistic life and society,audio,91,BO,Bombay (Mumbai),18 January 1977,1977,DSG,Discussion with Small Group,1.4,school,BO77DSG1.1-1.5,Holistic living without dissipation of energy,library/3B-small-group-discussions-india-and-sri-lanka/BO77DSG1.1-1.5/BO77DSG1.4 - The holistic life and society.m4a,03 - Small group discussions.md#BO77DSG1.1-1.5,
BO77DSG1.5,3B,Small Group Discussions (India and Sri Lanka),Self-centred activity and kundalini,audio,92,BO,Bombay (Mumbai),19 January 1977,1977,DSG,Discussion with Small Group,1.5,school,BO77DSG1.1-1.5,Holistic living without dissipation of energy,library/3B-small-group-discussions-india-and-sri-lanka/BO77DSG1.1-1.5/BO77DSG1.5 - Self-centred activity and kundalini.m4a,03 - Small group discussions.md#BO77DSG1.1-1.5,
MA72DSG1,3B,Small Group Discussions (India and Sri Lanka),There is no individuality in the stream of consciousness,audio,63,MA,Madras (Chennai),8 December 1972,1972,DSG,Discussion with Small Group,1,school,,,library/3B-small-group-discussions-india-and-sri-lanka/MA72DSG1 - There is no individuality in the stream of consciousness.m4a,03 - Small group discussions.md#standalone,
MA72DSG2,3B,Small Group Discussions (India and Sri Lanka),Is there a division between the mind and heart?,audio,66,MA,Madras (Chennai),15 December 1972,1972,DSG,Discussion with Small Group,2,school,,,library/3B-small-group-discussions-india-and-sri-lanka/MA72DSG2 - Is there a division between the mind and heart.m4a,03 - Small group discussions.md#standalone,
MA73DSG1,3B,Small Group Discussions (India and Sri Lanka),In awareness there is no direction,audio,83,MA,Madras (Chennai),21 December 1973,1973,DSG,Discussion with Small Group,1,school,MA73DSG1-2,Freedom has nothing to do with the brain,library/3B-small-group-discussions-india-and-sri-lanka/MA73DSG1-2/MA73DSG1 - In awareness there is no direction.m4a,03 - Small group discussions.md#MA73DSG1-2,
MA73DSG2,3B,Small Group Discussions (India and Sri Lanka),The difference between the brain and the mind,audio,94,MA,Madras (Chennai),24 December 1973,1973,DSG,Discussion with Small Group,2,school,MA73DSG1-2,Freedom has nothing to do with the brain,library/3B-small-group-discussions-india-and-sri-lanka/MA73DSG1-2/MA73DSG2 - The difference between the brain and the mind.m4a,03 - Small group discussions.md#MA73DSG1-2,
MA79DSG1.1,3B,Small Group Discussions (India and Sri Lanka),What is the nature of the religious life?,video,81,MA,Madras (Chennai),2 January 1979,1979,DSG,Discussion with Small Group,1.1,school,MA79DSG1.1-1.3,What is a religious life?,library/3B-small-group-discussions-india-and-sri-lanka/MA79DSG1.1-1.3/MA79DSG1.1 - What is the nature of the religious life.mp4,03 - Small group discussions.md#MA79DSG1.1-1.3,
MA79DSG1.2,3B,Small Group Discussions (India and Sri Lanka),What is a religious mind?,video,80,MA,Madras (Chennai),3 January 1979,1979,DSG,Discussion with Small Group,1.2,school,MA79DSG1.1-1.3,What is a religious life?,library/3B-small-group-discussions-india-and-sri-lanka/MA79DSG1.1-1.3/MA79DSG1.2 - What is a religious mind.mp4,03 - Small group discussions.md#MA79DSG1.1-1.3,
MA79DSG1.3,3B,Small Group Discussions (India and Sri Lanka),What is a holistic perception?,video,81,MA,Madras (Chennai),4 January 1979,1979,DSG,Discussion with Small Group,1.3,school,MA79DSG1.1-1.3,What is a religious life?,library/3B-small-group-discussions-india-and-sri-lanka/MA79DSG1.1-1.3/MA79DSG1.3 - What is a holistic perception.mp4,03 - Small group discussions.md#MA79DSG1.1-1.3,
MA82DSG,3B,Small Group Discussions (India and Sri Lanka),Is it possible for the brain to act totally?,video,83,MA,Madras (Chennai),1 January 1982,1982,DSG,Discussion with Small Group,,school,,,library/3B-small-group-discussions-india-and-sri-lanka/MA82DSG - Is it possible for the brain to act totally.mp4,03 - Small group discussions.md#standalone,
MA84DSG1.0,3B,Small Group Discussions (India and Sri Lanka),Ideas have divided people,video,92,MA,Madras (Chennai),11 January 1984,1984,DSG,Discussion with Small Group,1.0,school,,,library/3B-small-group-discussions-india-and-sri-lanka/MA84DSG1.0 - Ideas have divided people.mp4,03 - Small group discussions.md#standalone,Note: a total of 22 minutes and 3 seconds of missing video is replaced by audio only.
MA84DSG1.1,3B,Small Group Discussions (India and Sri Lanka),Living is a constant movement,video,99,MA,Madras (Chennai),2 January 1984,1984,DSG,Discussion with Small Group,1.1,school,MA84DSG1.1-1.2,Living and dying at the same time,library/3B-small-group-discussions-india-and-sri-lanka/MA84DSG1.1-1.2/MA84DSG1.1 - Living is a constant movement.mp4,03 - Small group discussions.md#MA84DSG1.1-1.2,Note: One participant speaks in Hindi and is translated.
MA84DSG1.2,3B,Small Group Discussions (India and Sri Lanka),Understanding death,video,105,MA,Madras (Chennai),4 January 1984,1984,DSG,Discussion with Small Group,1.2,school,MA84DSG1.1-1.2,Living and dying at the same time,library/3B-small-group-discussions-india-and-sri-lanka/MA84DSG1.1-1.2/MA84DSG1.2 - Understanding death.mp4,03 - Small group discussions.md#MA84DSG1.1-1.2,Note: One participant speaks in Hindi and is translated.
MA84DSG3.0,3B,Small Group Discussions (India and Sri Lanka),Knowledge is the enemy of love,audio,95,MA,Madras (Chennai),19 January 1984,1984,DSG,Discussion with Small Group,3.0,school,,,library/3B-small-group-discussions-india-and-sri-lanka/MA84DSG3.0 - Knowledge is the enemy of love.m4a,03 - Small group discussions.md#standalone,
ND69DSG,3B,Small Group Discussions (India and Sri Lanka),Inquiring into the unconscious,audio,95,ND,New Delhi,20 November 1969,1969,DSG,Discussion with Small Group,,school,,,library/3B-small-group-discussions-india-and-sri-lanka/ND69DSG - Inquiring into the unconscious.m4a,03 - Small group discussions.md#standalone,
ND81DTV,3B,Small Group Discussions (India and Sri Lanka),About God,video,46,ND,"New Delhi, India",1 December 1981,1981,DTV,Discussion with Teachers,,recording,,,library/3B-small-group-discussions-india-and-sri-lanka/ND81DTV - About God.mp4,03 - Small group discussions.md#standalone,Note: several gaps of unknown duration are missing from the original recording.
RV72DSG,3B,Small Group Discussions (India and Sri Lanka),"Dreams, order and space",audio,44,RV,Rishi Valley,30 December 1972,1972,DSG,Discussion with Small Group,,school,,,"library/3B-small-group-discussions-india-and-sri-lanka/RV72DSG - Dreams, order and space.m4a",03 - Small group discussions.md#standalone,
RV78DSG,3B,Small Group Discussions (India and Sri Lanka),The mind of Krishnamurti,audio,78,RV,Rishi Valley,11 December 1978,1978,DSG,Discussion with Small Group,,school,,,library/3B-small-group-discussions-india-and-sri-lanka/RV78DSG - The mind of Krishnamurti.m4a,03 - Small group discussions.md#standalone,
RV82CPA,3B,Small Group Discussions (India and Sri Lanka),Reading the book of mankind,video,63,RV,Rishi Valley,18 December 1982,1982,CPA,Conversation,,conversation,,,library/3B-small-group-discussions-india-and-sri-lanka/RV82CPA - Reading the book of mankind.mp4,03 - Small group discussions.md#standalone,
RV84DSG1.1,3B,Small Group Discussions (India and Sri Lanka),Have you ever looked with all your senses?,audio,40,RV,Rishi Valley,16 December 1984,1984,DSG,Discussion with Small Group,1.1,school,RV84DSG1.1-1.2,What will change man?,library/3B-small-group-discussions-india-and-sri-lanka/RV84DSG1.1-1.2/RV84DSG1.1 - Have you ever looked with all your senses.m4a,03 - Small group discussions.md#RV84DSG1.1-1.2,
RV84DSG1.2,3B,Small Group Discussions (India and Sri Lanka),Why have I not radically changed?,video,56,RV,Rishi Valley,19 December 1984,1984,DSG,Discussion with Small Group,1.2,school,RV84DSG1.1-1.2,What will change man?,library/3B-small-group-discussions-india-and-sri-lanka/RV84DSG1.1-1.2/RV84DSG1.2 - Why have I not radically changed.mp4,03 - Small group discussions.md#RV84DSG1.1-1.2,Note: a total of 1 minute and 13 seconds of missing video is replaced by audio only.
SD72CA1,4A,Conversations (Allan W Anderson),Listening is a great miracle,video,57,SD,"San Diego, California",16 February 1972,1972,CA,Conversation,1,conversation,SD72CA1-2,It’s only when the mind is quiet you see things clearly,library/4A-conversations-allan-w-anderson/SD72CA1-2/SD72CA1 - Listening is a great miracle.mp4,04 - Conversations.md#SD72CA1-2,
SD72CA2,4A,Conversations (Allan W Anderson),What is the point of education?,video,60,SD,"San Diego, California",16 February 1972,1972,CA,Conversation,2,conversation,SD72CA1-2,It’s only when the mind is quiet you see things clearly,library/4A-conversations-allan-w-anderson/SD72CA1-2/SD72CA2 - What is the point of education.mp4,04 - Conversations.md#SD72CA1-2,
SD74CA1,4A,Conversations (Allan W Anderson),Knowledge and the transformation of man,video,59,SD,"San Diego, California",18 February 1974,1974,CA,Conversation,1,conversation,SD74CA1-18,A wholly different way of living,library/4A-conversations-allan-w-anderson/SD74CA1-18/SD74CA1 - Knowledge and the transformation of man.mp4,04 - Conversations.md#SD74CA1-18,
SD74CA10,4A,Conversations (Allan W Anderson),The art of listening,video,59,SD,"San Diego, California",22 February 1974,1974,CA,Conversation,10,conversation,SD74CA1-18,A wholly different way of living,library/4A-conversations-allan-w-anderson/SD74CA1-18/SD74CA10 - The art of listening.mp4,04 - Conversations.md#SD74CA1-18,
SD74CA11,4A,Conversations (Allan W Anderson),Being hurt and hurting others,video,59,SD,"San Diego, California",25 February 1974,1974,CA,Conversation,11,conversation,SD74CA1-18,A wholly different way of living,library/4A-conversations-allan-w-anderson/SD74CA1-18/SD74CA11 - Being hurt and hurting others.mp4,04 - Conversations.md#SD74CA1-18,
SD74CA12,4A,Conversations (Allan W Anderson),"Love, sex and pleasure",video,59,SD,"San Diego, California",25 February 1974,1974,CA,Conversation,12,conversation,SD74CA1-18,A wholly different way of living,"library/4A-conversations-allan-w-anderson/SD74CA1-18/SD74CA12 - Love, sex and pleasure.mp4",04 - Conversations.md#SD74CA1-18,
SD74CA13,4A,Conversations (Allan W Anderson),A different way of living,video,59,SD,"San Diego, California",26 February 1974,1974,CA,Conversation,13,conversation,SD74CA1-18,A wholly different way of living,library/4A-conversations-allan-w-anderson/SD74CA1-18/SD74CA13 - A different way of living.mp4,04 - Conversations.md#SD74CA1-18,
SD74CA14,4A,Conversations (Allan W Anderson),"Death, life and love are indivisible",video,59,SD,"San Diego, California",26 February 1974,1974,CA,Conversation,14,conversation,SD74CA1-18,A wholly different way of living,"library/4A-conversations-allan-w-anderson/SD74CA1-18/SD74CA14 - Death, life and love are indivisible.mp4",04 - Conversations.md#SD74CA1-18,
SD74CA15,4A,Conversations (Allan W Anderson),"Religion, authority and education - Part 1",video,59,SD,"San Diego, California",27 February 1974,1974,CA,Conversation,15,conversation,SD74CA1-18,A wholly different way of living,"library/4A-conversations-allan-w-anderson/SD74CA1-18/SD74CA15 - Religion, authority and education - Part 1.mp4",04 - Conversations.md#SD74CA1-18,
SD74CA16,4A,Conversations (Allan W Anderson),"Religion, authority and education - Part 2",video,59,SD,"San Diego, California",27 February 1974,1974,CA,Conversation,16,conversation,SD74CA1-18,A wholly different way of living,"library/4A-conversations-allan-w-anderson/SD74CA1-18/SD74CA16 - Religion, authority and education - Part 2.mp4",04 - Conversations.md#SD74CA1-18,
SD74CA17,4A,Conversations (Allan W Anderson),"Meditation, a quality of attention that pervades all of one’s life",video,59,SD,"San Diego, California",28 February 1974,1974,CA,Conversation,17,conversation,SD74CA1-18,A wholly different way of living,"library/4A-conversations-allan-w-anderson/SD74CA1-18/SD74CA17 - Meditation, a quality of attention that pervades all of one’s life.mp4",04 - Conversations.md#SD74CA1-18,
SD74CA18,4A,Conversations (Allan W Anderson),Meditation and the sacred mind,video,59,SD,"San Diego, California",28 February 1974,1974,CA,Conversation,18,conversation,SD74CA1-18,A wholly different way of living,library/4A-conversations-allan-w-anderson/SD74CA1-18/SD74CA18 - Meditation and the sacred mind.mp4,04 - Conversations.md#SD74CA1-18,
SD74CA2,4A,Conversations (Allan W Anderson),Knowledge and conflict in human relationships,video,59,SD,"San Diego, California",18 February 1974,1974,CA,Conversation,2,conversation,SD74CA1-18,A wholly different way of living,library/4A-conversations-allan-w-anderson/SD74CA1-18/SD74CA2 - Knowledge and conflict in human relationships.mp4,04 - Conversations.md#SD74CA1-18,
SD74CA3,4A,Conversations (Allan W Anderson),What is communication with others?,video,59,SD,"San Diego, California",19 February 1974,1974,CA,Conversation,3,conversation,SD74CA1-18,A wholly different way of living,library/4A-conversations-allan-w-anderson/SD74CA1-18/SD74CA3 - What is communication with others.mp4,04 - Conversations.md#SD74CA1-18,
SD74CA4,4A,Conversations (Allan W Anderson),What is a responsible human being?,video,59,SD,"San Diego, California",19 February 1974,1974,CA,Conversation,4,conversation,SD74CA1-18,A wholly different way of living,library/4A-conversations-allan-w-anderson/SD74CA1-18/SD74CA4 - What is a responsible human being.mp4,04 - Conversations.md#SD74CA1-18,
SD74CA5,4A,Conversations (Allan W Anderson),Order comes from the understanding of our disorder,video,60,SD,"San Diego, California",20 February 1974,1974,CA,Conversation,5,conversation,SD74CA1-18,A wholly different way of living,library/4A-conversations-allan-w-anderson/SD74CA1-18/SD74CA5 - Order comes from the understanding of our disorder.mp4,04 - Conversations.md#SD74CA1-18,
SD74CA6,4A,Conversations (Allan W Anderson),The nature and total eradication of fear,video,58,SD,"San Diego, California",20 February 1974,1974,CA,Conversation,6,conversation,SD74CA1-18,A wholly different way of living,library/4A-conversations-allan-w-anderson/SD74CA1-18/SD74CA6 - The nature and total eradication of fear.mp4,04 - Conversations.md#SD74CA1-18,
SD74CA7,4A,Conversations (Allan W Anderson),"Understanding, not controlling, desire",video,59,SD,"San Diego, California",21 February 1974,1974,CA,Conversation,7,conversation,SD74CA1-18,A wholly different way of living,"library/4A-conversations-allan-w-anderson/SD74CA1-18/SD74CA7 - Understanding, not controlling, desire.mp4",04 - Conversations.md#SD74CA1-18,
SD74CA8,4A,Conversations (Allan W Anderson),Does pleasure bring happiness?,video,60,SD,"San Diego, California",21 February 1974,1974,CA,Conversation,8,conversation,SD74CA1-18,A wholly different way of living,library/4A-conversations-allan-w-anderson/SD74CA1-18/SD74CA8 - Does pleasure bring happiness.mp4,04 - Conversations.md#SD74CA1-18,
SD74CA9,4A,Conversations (Allan W Anderson),"Sorrow, passion and beauty",video,59,SD,"San Diego, California",22 February 1974,1974,CA,Conversation,9,conversation,SD74CA1-18,A wholly different way of living,"library/4A-conversations-allan-w-anderson/SD74CA1-18/SD74CA9 - Sorrow, passion and beauty.mp4",04 - Conversations.md#SD74CA1-18,
BR72CB,4B,Conversations (David Bohm),On intelligence,audio,90,BR,Brockwood Park,7 October 1972,1972,CB,Conversation,,conversation,,,library/4B-conversations-david-bohm/BR72CB - On intelligence.m4a,04 - Conversations.md#standalone,
BR83CB1,4B,Conversations (David Bohm),Is there an action not touched by thought?,video,80,BR,Brockwood Park,11 June 1983,1983,CB,Conversation,1,conversation,BR83CB1-2,The future of humanity,library/4B-conversations-david-bohm/BR83CB1-2/BR83CB1 - Is there an action not touched by thought.mp4,04 - Conversations.md#BR83CB1-2,
BR83CB2,4B,Conversations (David Bohm),Is there evolution of consciousness?,video,66,BR,Brockwood Park,20 June 1983,1983,CB,Conversation,2,conversation,BR83CB1-2,The future of humanity,library/4B-conversations-david-bohm/BR83CB1-2/BR83CB2 - Is there evolution of consciousness.mp4,04 - Conversations.md#BR83CB1-2,
OJ81CB,4B,Conversations (David Bohm),A feeling for something sacred,audio,92,OJ,"Ojai, California",14 April 1981,1981,CB,Conversation,,conversation,,,library/4B-conversations-david-bohm/OJ81CB - A feeling for something sacred.m4a,04 - Conversations.md#standalone,
BR78CPJ1,4C,Conversations (Pupul Jayakar),Has there been a radical change in Krishnamurti’s teaching?,audio,78,BR,Brockwood Park,11 June 1978,1978,CPJ,Conversation,1,conversation,BR78CPJ1-2,"Two Conversations with Pupul Jayakar, 1978",library/4C-conversations-pupul-jayakar/BR78CPJ1-2/BR78CPJ1 - Has there been a radical change in Krishnamurti’s teaching.m4a,04 - Conversations.md#BR78CPJ1-2,
BR78CPJ2,4C,Conversations (Pupul Jayakar),Thought cannot fundamentally perceive or comprehend the totality of consciousness,audio,86,BR,Brockwood Park,12 June 1978,1978,CPJ,Conversation,2,conversation,BR78CPJ1-2,"Two Conversations with Pupul Jayakar, 1978",library/4C-conversations-pupul-jayakar/BR78CPJ1-2/BR78CPJ2 - Thought cannot fundamentally perceive or comprehend the totality of consciousness.m4a,04 - Conversations.md#BR78CPJ1-2,
BR81CPJ1,4C,Conversations (Pupul Jayakar),On God,audio,83,BR,Brockwood Park,27 May 1981,1981,CPJ,Conversation,1,conversation,BR81CPJ1-2,"Two Conversations with Pupul Jayakar, 1981",library/4C-conversations-pupul-jayakar/BR81CPJ1-2/BR81CPJ1 - On God.m4a,04 - Conversations.md#BR81CPJ1-2,
BR81CPJ2,4C,Conversations (Pupul Jayakar),Living with death,video,60,BR,Brockwood Park,7 June 1981,1981,CPJ,Conversation,2,conversation,BR81CPJ1-2,"Two Conversations with Pupul Jayakar, 1981",library/4C-conversations-pupul-jayakar/BR81CPJ1-2/BR81CPJ2 - Living with death.mp4,04 - Conversations.md#BR81CPJ1-2,
BR82CPJ1,4C,Conversations (Pupul Jayakar),How does one inquire into the source of all life?,video,89,BR,Brockwood Park,21 June 1982,1982,CPJ,Conversation,1,conversation,BR82CPJ1-2,"Two Conversations with Pupul Jayakar, 1982",library/4C-conversations-pupul-jayakar/BR82CPJ1-2/BR82CPJ1 - How does one inquire into the source of all life.mp4,04 - Conversations.md#BR82CPJ1-2,
BR82CPJ2,4C,Conversations (Pupul Jayakar),Can we live without the burden of a thousand yesterdays?,video,66,BR,Brockwood Park,23 June 1982,1982,CPJ,Conversation,2,conversation,BR82CPJ1-2,"Two Conversations with Pupul Jayakar, 1982",library/4C-conversations-pupul-jayakar/BR82CPJ1-2/BR82CPJ2 - Can we live without the burden of a thousand yesterdays.mp4,04 - Conversations.md#BR82CPJ1-2,
BR83CPJ1,4C,Conversations (Pupul Jayakar),What will bring about change in the brain?,video,76,BR,Brockwood Park,24 June 1983,1983,CPJ,Conversation,1,conversation,BR83CPJ1-2,"Two Conversations with Pupul Jayakar, 1983",library/4C-conversations-pupul-jayakar/BR83CPJ1-2/BR83CPJ1 - What will bring about change in the brain.mp4,04 - Conversations.md#BR83CPJ1-2,
BR83CPJ2,4C,Conversations (Pupul Jayakar),Why are we frightened to be nothing?,video,66,BR,Brockwood Park,25 June 1983,1983,CPJ,Conversation,2,conversation,BR83CPJ1-2,"Two Conversations with Pupul Jayakar, 1983",library/4C-conversations-pupul-jayakar/BR83CPJ1-2/BR83CPJ2 - Why are we frightened to be nothing.mp4,04 - Conversations.md#BR83CPJ1-2,
MA79CPJ,4C,Conversations (Pupul Jayakar),Is there a way which will make man free of suffering?,audio,60,MA,Madras (Chennai),19 December 1979,1979,CPJ,Conversation,,conversation,,,library/4C-conversations-pupul-jayakar/MA79CPJ - Is there a way which will make man free of suffering.m4a,04 - Conversations.md#standalone,
OJ84CPJ,4C,Conversations (Pupul Jayakar),What is the summation of Krishnamurti’s teaching and who are you?,audio,57,OJ,"Ojai, California",28 April 1984,1984,CPJ,Conversation,,conversation,,,library/4C-conversations-pupul-jayakar/OJ84CPJ - What is the summation of Krishnamurti’s teaching and who are you.m4a,04 - Conversations.md#standalone,
BR79CJLD1,4D,Conversations (Misc.),Thought and observation,video,52,BR,Brockwood Park,28 September 1979,1979,CJLD,Conversation,1,conversation,BR79CJLD1-2,Conversations with Jean-Louis Dewez,library/4D-conversations-misc/BR79CJLD1-2/BR79CJLD1 - Thought and observation.mp4,04 - Conversations.md#BR79CJLD1-2,
BR79CJLD2,4D,Conversations (Misc.),Why do we get educated?,video,59,BR,Brockwood Park,28 September 1979,1979,CJLD,Conversation,2,conversation,BR79CJLD1-2,Conversations with Jean-Louis Dewez,library/4D-conversations-misc/BR79CJLD1-2/BR79CJLD2 - Why do we get educated.mp4,04 - Conversations.md#BR79CJLD1-2,
BR80CJLD,4D,Conversations (Misc.),What is it to be serious?,video,58,BR,Brockwood Park,6 October 1980,1980,CJLD,Conversation,,conversation,,,library/4D-conversations-misc/BR80CJLD - What is it to be serious.mp4,04 - Conversations.md#standalone,
BR82CAC,4D,Conversations (Misc.),Thought cannot investigate into intelligence,audio,68,BR,Brockwood Park,24 June 1982,1982,CAC,Conversation,,conversation,,,library/4D-conversations-misc/BR82CAC - Thought cannot investigate into intelligence.m4a,04 - Conversations.md#standalone,
BR84CCT,4D,Conversations (Misc.),Inquiring into meditation,audio,43,BR,Brockwood Park,26 September 1984,1984,CCT,Conversation,,conversation,,,library/4D-conversations-misc/BR84CCT - Inquiring into meditation.m4a,04 - Conversations.md#standalone,
BR84CIM1,4D,Conversations (Misc.),Where there is self-interest love is not,video,61,BR,Brockwood Park,18 October 1984,1984,CIM,Conversation,1,interview,BR84CIM1-2,Why are we fragmented?,library/4D-conversations-misc/BR84CIM1-2/BR84CIM1 - Where there is self-interest love is not.mp4,04 - Conversations.md#BR84CIM1-2,
BR84CIM2,4D,Conversations (Misc.),When there is love there is truth and beauty,video,38,BR,Brockwood Park,18 October 1984,1984,CIM,Conversation,2,interview,BR84CIM1-2,Why are we fragmented?,library/4D-conversations-misc/BR84CIM1-2/BR84CIM2 - When there is love there is truth and beauty.mp4,04 - Conversations.md#BR84CIM1-2,
BR84CMZ1,4D,Conversations (Misc.),What do we mean by conditioning?,video,28,BR,Brockwood Park,5 October 1984,1984,CMZ,Conversation,1,conversation,BR84CMZ1-3,Knowledge is conditioning,library/4D-conversations-misc/BR84CMZ1-3/BR84CMZ1 - What do we mean by conditioning.mp4,04 - Conversations.md#BR84CMZ1-3,
BR84CMZ2,4D,Conversations (Misc.),What is the fact of fear?,video,28,BR,Brockwood Park,5 October 1984,1984,CMZ,Conversation,2,conversation,BR84CMZ1-3,Knowledge is conditioning,library/4D-conversations-misc/BR84CMZ1-3/BR84CMZ2 - What is the fact of fear.mp4,04 - Conversations.md#BR84CMZ1-3,
BR84CMZ3,4D,Conversations (Misc.),What is religion to you?,video,29,BR,Brockwood Park,14 October 1984,1984,CMZ,Conversation,3,conversation,BR84CMZ1-3,Knowledge is conditioning,library/4D-conversations-misc/BR84CMZ1-3/BR84CMZ3 - What is religion to you.mp4,04 - Conversations.md#BR84CMZ1-3,
BR84CRE,4D,Conversations (Misc.),Can fear be completely wiped away?,video,85,BR,Brockwood Park,24 June 1984,1984,CRE,Conversation,,conversation,,,library/4D-conversations-misc/BR84CRE - Can fear be completely wiped away.mp4,04 - Conversations.md#standalone,
CL68CHS,4D,Conversations (Misc.),Authority is destructive,video,62,CL,"Claremont, California",15 November 1968,1968,CHS,Conversation,,conversation,,,library/4D-conversations-misc/CL68CHS - Authority is destructive.mp4,04 - Conversations.md#standalone,
MA84DSG2.0,4D,Conversations (Misc.),On beauty and creation,audio,57,MA,Madras (Chennai),27 January 1984,1984,DSG,Discussion with Small Group,2.0,school,,,library/4D-conversations-misc/MA84DSG2.0 - On beauty and creation.m4a,04 - Conversations.md#standalone,
ML7172CAN1,4D,Conversations (Misc.),The circus of man’s struggle,audio,56,ML,"Malibu, California",27 March 1971,7172,CAN,Conversation,1,conversation,ML7172CAN1-7,A religious life is a life in which the self is not,library/4D-conversations-misc/ML7172CAN1-7/ML7172CAN1 - The circus of man’s struggle.m4a,04 - Conversations.md#ML7172CAN1-7,
ML7172CAN2,4D,Conversations (Misc.),On good and evil,audio,54,ML,"Malibu, California",28 March 1971,7172,CAN,Conversation,2,conversation,ML7172CAN1-7,A religious life is a life in which the self is not,library/4D-conversations-misc/ML7172CAN1-7/ML7172CAN2 - On good and evil.m4a,04 - Conversations.md#ML7172CAN1-7,
ML7172CAN3,4D,Conversations (Misc.),Is there a permanent ego?,audio,47,ML,"Malibu, California",24 January 1972,7172,CAN,Conversation,3,conversation,ML7172CAN1-7,A religious life is a life in which the self is not,library/4D-conversations-misc/ML7172CAN1-7/ML7172CAN3 - Is there a permanent ego.m4a,04 - Conversations.md#ML7172CAN1-7,
ML7172CAN4,4D,Conversations (Misc.),Masters and hierarchy,audio,44,ML,"Malibu, California",25 January 1972,7172,CAN,Conversation,4,conversation,ML7172CAN1-7,A religious life is a life in which the self is not,library/4D-conversations-misc/ML7172CAN1-7/ML7172CAN4 - Masters and hierarchy.m4a,04 - Conversations.md#ML7172CAN1-7,
ML7172CAN5,4D,Conversations (Misc.),Stepping out of the stream of the self,audio,78,ML,"Malibu, California",26 January 1972,7172,CAN,Conversation,5,conversation,ML7172CAN1-7,A religious life is a life in which the self is not,library/4D-conversations-misc/ML7172CAN1-7/ML7172CAN5 - Stepping out of the stream of the self.m4a,04 - Conversations.md#ML7172CAN1-7,
ML7172CAN6,4D,Conversations (Misc.),A mind that is not empty can never find truth,audio,76,ML,"Malibu, California",27 January 1972,7172,CAN,Conversation,6,conversation,ML7172CAN1-7,A religious life is a life in which the self is not,library/4D-conversations-misc/ML7172CAN1-7/ML7172CAN6 - A mind that is not empty can never find truth.m4a,04 - Conversations.md#ML7172CAN1-7,
ML7172CAN7,4D,Conversations (Misc.),Religion and meditation,audio,41,ML,"Malibu, California",28 January 1972,7172,CAN,Conversation,7,conversation,ML7172CAN1-7,A religious life is a life in which the self is not,library/4D-conversations-misc/ML7172CAN1-7/ML7172CAN7 - Religion and meditation.m4a,04 - Conversations.md#ML7172CAN1-7,
ML71CJN1,4D,Conversations (Misc.),The role of the teacher,audio,56,ML,"Malibu, California",26 March 1971,1971,CJN,Conversation,1,conversation,ML71CJN1-2,The state of not-knowing is intelligence,library/4D-conversations-misc/ML71CJN1-2/ML71CJN1 - The role of the teacher.m4a,04 - Conversations.md#ML71CJN1-2,
ML71CJN2,4D,Conversations (Misc.),Inner space,audio,61,ML,"Malibu, California",26 March 1971,1971,CJN,Conversation,2,conversation,ML71CJN1-2,The state of not-knowing is intelligence,library/4D-conversations-misc/ML71CJN1-2/ML71CJN2 - Inner space.m4a,04 - Conversations.md#ML71CJN1-2,
ML72CDO,4D,Conversations (Misc.),Beyond organised religion,audio,86,ML,"Malibu, California",18 February 1972,1972,CDO,Conversation,,conversation,,,library/4D-conversations-misc/ML72CDO - Beyond organised religion.m4a,04 - Conversations.md#standalone,
NY83CDS,4D,Conversations (Misc.),"Memory, thought and the illusion of continuity",video,60,NY,New York,14 April 1983,1983,CDS,Conversation,,conversation,,,"library/4D-conversations-misc/NY83CDS - Memory, thought and the illusion of continuity.mp4",04 - Conversations.md#standalone,
OJ77CDI,4D,Conversations (Misc.),Awareness is a mirror in which the movement of thought is perceived,audio,52,OJ,"Ojai, California",14 April 1977,1977,CDI,Conversation,,conversation,,,library/4D-conversations-misc/OJ77CDI - Awareness is a mirror in which the movement of thought is perceived.m4a,04 - Conversations.md#standalone,
OJ80CDI,4D,Conversations (Misc.),"What is living, actually?",audio,45,OJ,"Ojai, California",14 May 1980,1980,CDI,Conversation,,conversation,,,"library/4D-conversations-misc/OJ80CDI - What is living, actually.m4a",04 - Conversations.md#standalone,
OJ83CJS,4D,Conversations (Misc.),What makes us change?,video,64,OJ,"Ojai, California",27 March 1983,1983,CJS,Conversation,,conversation,,,library/4D-conversations-misc/OJ83CJS - What makes us change.mp4,04 - Conversations.md#standalone,Note: a total of 6 minutes and 15 seconds of missing video is replaced by audio only.
OJ84CLS,4D,Conversations (Misc.),We live in conflict with everything,audio,96,OJ,"Ojai, California",1 May 1984,1984,CLS,Conversation,,conversation,,,library/4D-conversations-misc/OJ84CLS - We live in conflict with everything.m4a,04 - Conversations.md#standalone,
OJ85CRR,4D,Conversations (Misc.),"Is death a matter of continuity, or ending?",audio,65,OJ,"Ojai, California",29 April 1985,1985,CRR,Conversation,,conversation,,,"library/4D-conversations-misc/OJ85CRR - Is death a matter of continuity, or ending.m4a",04 - Conversations.md#standalone,
RA69CDI,4D,Conversations (Misc.),Flowering is only possible in freedom,audio,44,RA,Rajghat,1 December 1969,1969,CDI,Conversation,,conversation,,,library/4D-conversations-misc/RA69CDI - Flowering is only possible in freedom.m4a,04 - Conversations.md#standalone,
RV80TSS,4D,Conversations (Misc.),Short talks given by Krishnamurti and Indira Gandhi,audio,15,RV,Rishi Valley,20 December 1980,1980,TSS,Talk to Students,,recording,,,library/4D-conversations-misc/RV80TSS - Short talks given by Krishnamurti and Indira Gandhi.m4a,04 - Conversations.md#standalone,
SA69CV1,4D,Conversations (Misc.),Can another dispel the darkness in oneself?,audio,79,SA,Saanen,25 July 1969,1969,CV,Conversation,1,conversation,SA69CV1-2,Two conversations with Swami Venkatesananda,library/4D-conversations-misc/SA69CV1-2/SA69CV1 - Can another dispel the darkness in oneself.m4a,04 - Conversations.md#SA69CV1-2,
SA69CV2,4D,Conversations (Misc.),Can one experience the infinite?,audio,56,SA,Gstaad,26 July 1969,1969,CV,Conversation,2,conversation,SA69CV1-2,Two conversations with Swami Venkatesananda,library/4D-conversations-misc/SA69CV1-2/SA69CV2 - Can one experience the infinite.m4a,04 - Conversations.md#SA69CV1-2,
SC84CRB1,4D,Conversations (Misc.),Sound and silence,audio,74,SC,Schönried,12 August 1984,1984,CRB,Conversation,1,conversation,SC84CRB1-2,Thought cannot achieve silence,library/4D-conversations-misc/SC84CRB1-2/SC84CRB1 - Sound and silence.m4a,04 - Conversations.md#SC84CRB1-2,
SC84CRB2,4D,Conversations (Misc.),The holistic way of life is outside of the brain,audio,58,SC,Schönried,13 August 1984,1984,CRB,Conversation,2,conversation,SC84CRB1-2,Thought cannot achieve silence,library/4D-conversations-misc/SC84CRB1-2/SC84CRB2 - The holistic way of life is outside of the brain.m4a,04 - Conversations.md#SC84CRB1-2,
SD72CCTR,4D,Conversations (Misc.),J. Krishnamurti What is meditation?,video,38,SD,"San Diego, California",15 February 1972,1972,CCTR,Conversation,,conversation,,,library/4D-conversations-misc/SD72CCTR - J. Krishnamurti What is meditation.mp4,04 - Conversations.md#standalone,
SD72CES1,4D,Conversations (Misc.),Goodness only flowers in freedom,video,56,SD,"San Diego, California",17 February 1972,1972,CES,Conversation,1,conversation,SD72CES1-2,Goodness only flowers in freedom,library/4D-conversations-misc/SD72CES1-2/SD72CES1 - Goodness only flowers in freedom.mp4,04 - Conversations.md#SD72CES1-2,
SD72CES2,4D,Conversations (Misc.),Ending disorder is the ending of death,video,55,SD,"San Diego, California",17 February 1972,1972,CES,Conversation,2,conversation,SD72CES1-2,Goodness only flowers in freedom,library/4D-conversations-misc/SD72CES1-2/SD72CES2 - Ending disorder is the ending of death.mp4,04 - Conversations.md#SD72CES1-2,
BR70S1,5A,Seminars (Europe and USA),Violence and the ‘me’,video,73,BR,Brockwood Park,6 June 1970,1970,S,Seminar,1,seminar,BR70S1-6,Freedom means a quality of mind which has no division in itself,library/5A-seminars-europe-and-usa/BR70S1-6/BR70S1 - Violence and the ‘me’.mp4,05 - Seminars.md#BR70S1-6,Note: a total of 15 minutes and 49 seconds of missing video is replaced by audio only.
BR70S2,5A,Seminars (Europe and USA),Is there a living in which there is no violence?,audio,84,BR,Brockwood Park,7 June 1970,1970,S,Seminar,2,seminar,BR70S1-6,Freedom means a quality of mind which has no division in itself,library/5A-seminars-europe-and-usa/BR70S1-6/BR70S2 - Is there a living in which there is no violence.m4a,05 - Seminars.md#BR70S1-6,
BR70S3,5A,Seminars (Europe and USA),When there is complete attention thought does not interfere,audio,88,BR,Brockwood Park,13 June 1970,1970,S,Seminar,3,seminar,BR70S1-6,Freedom means a quality of mind which has no division in itself,library/5A-seminars-europe-and-usa/BR70S1-6/BR70S3 - When there is complete attention thought does not interfere.m4a,05 - Seminars.md#BR70S1-6,
BR70S4,5A,Seminars (Europe and USA),Can a mind in contradiction know what harmony is?,audio,94,BR,Brockwood Park,14 June 1970,1970,S,Seminar,4,seminar,BR70S1-6,Freedom means a quality of mind which has no division in itself,library/5A-seminars-europe-and-usa/BR70S1-6/BR70S4 - Can a mind in contradiction know what harmony is.m4a,05 - Seminars.md#BR70S1-6,
BR70S5,5A,Seminars (Europe and USA),Can a divided mind perceive the wholeness of life?,audio,95,BR,Brockwood Park,20 June 1970,1970,S,Seminar,5,seminar,BR70S1-6,Freedom means a quality of mind which has no division in itself,library/5A-seminars-europe-and-usa/BR70S1-6/BR70S5 - Can a divided mind perceive the wholeness of life.m4a,05 - Seminars.md#BR70S1-6,
BR70S6,5A,Seminars (Europe and USA),What is the quality of the mind that has seen the effects of division?,audio,91,BR,Brockwood Park,21 June 1970,1970,S,Seminar,6,seminar,BR70S1-6,Freedom means a quality of mind which has no division in itself,library/5A-seminars-europe-and-usa/BR70S1-6/BR70S6 - What is the quality of the mind that has seen the effects of division.m4a,05 - Seminars.md#BR70S1-6,
BR74S1,5A,Seminars (Europe and USA),Preparatory meeting (without Krishnamurti),audio,78,BR,Brockwood Park,13 October 1974,1974,S,Seminar,1,seminar,BR74S1-12,The place of knowledge in the transformation of man and society,library/5A-seminars-europe-and-usa/BR74S1-12/BR74S1 - Preparatory meeting (without Krishnamurti).m4a,05 - Seminars.md#BR74S1-12,
BR74S10,5A,Seminars (Europe and USA),"The masters, Krishnamurti, meditation and silence",audio,111,BR,Brockwood Park,18 October 1974,1974,S,Seminar,10,seminar,BR74S1-12,The place of knowledge in the transformation of man and society,"library/5A-seminars-europe-and-usa/BR74S1-12/BR74S10 - The masters, Krishnamurti, meditation and silence.m4a",05 - Seminars.md#BR74S1-12,
BR74S11,5A,Seminars (Europe and USA),"Meditation, death, the mind when the self is not",audio,129,BR,Brockwood Park,19 October 1974,1974,S,Seminar,11,seminar,BR74S1-12,The place of knowledge in the transformation of man and society,"library/5A-seminars-europe-and-usa/BR74S1-12/BR74S11 - Meditation, death, the mind when the self is not.m4a",05 - Seminars.md#BR74S1-12,
BR74S12,5A,Seminars (Europe and USA),Cooperation and action not based on ideals,audio,96,BR,Brockwood Park,19 October 1974,1974,S,Seminar,12,seminar,BR74S1-12,The place of knowledge in the transformation of man and society,library/5A-seminars-europe-and-usa/BR74S1-12/BR74S12 - Cooperation and action not based on ideals.m4a,05 - Seminars.md#BR74S1-12,
BR74S2,5A,Seminars (Europe and USA),"Modern physics and Eastern mysticism, the self and seeing",audio,128,BR,Brockwood Park,14 October 1974,1974,S,Seminar,2,seminar,BR74S1-12,The place of knowledge in the transformation of man and society,"library/5A-seminars-europe-and-usa/BR74S1-12/BR74S2 - Modern physics and Eastern mysticism, the self and seeing.m4a",05 - Seminars.md#BR74S1-12,
BR74S3,5A,Seminars (Europe and USA),"Defining being human, compassion, feeling special",audio,123,BR,Brockwood Park,14 October 1974,1974,S,Seminar,3,seminar,BR74S1-12,The place of knowledge in the transformation of man and society,"library/5A-seminars-europe-and-usa/BR74S1-12/BR74S3 - Defining being human, compassion, feeling special.m4a",05 - Seminars.md#BR74S1-12,
BR74S4,5A,Seminars (Europe and USA),"The brain, images in relationship, yoga",audio,128,BR,Brockwood Park,15 October 1974,1974,S,Seminar,4,seminar,BR74S1-12,The place of knowledge in the transformation of man and society,"library/5A-seminars-europe-and-usa/BR74S1-12/BR74S4 - The brain, images in relationship, yoga.m4a",05 - Seminars.md#BR74S1-12,
BR74S5,5A,Seminars (Europe and USA),"Transformation, feeling responsible, being attached",audio,93,BR,Brockwood Park,15 October 1974,1974,S,Seminar,5,seminar,BR74S1-12,The place of knowledge in the transformation of man and society,"library/5A-seminars-europe-and-usa/BR74S1-12/BR74S5 - Transformation, feeling responsible, being attached.m4a",05 - Seminars.md#BR74S1-12,
BR74S6,5A,Seminars (Europe and USA),"Dreaming, meditation and laziness",audio,121,BR,Brockwood Park,16 October 1974,1974,S,Seminar,6,seminar,BR74S1-12,The place of knowledge in the transformation of man and society,"library/5A-seminars-europe-and-usa/BR74S1-12/BR74S6 - Dreaming, meditation and laziness.m4a",05 - Seminars.md#BR74S1-12,
BR74S7,5A,Seminars (Europe and USA),"The brain, meditation, compassion in science",audio,132,BR,Brockwood Park,17 October 1974,1974,S,Seminar,7,seminar,BR74S1-12,The place of knowledge in the transformation of man and society,"library/5A-seminars-europe-and-usa/BR74S1-12/BR74S7 - The brain, meditation, compassion in science.m4a",05 - Seminars.md#BR74S1-12,
BR74S8,5A,Seminars (Europe and USA),Alternative medicine and holism,audio,72,BR,Brockwood Park,17 October 1974,1974,S,Seminar,8,seminar,BR74S1-12,The place of knowledge in the transformation of man and society,library/5A-seminars-europe-and-usa/BR74S1-12/BR74S8 - Alternative medicine and holism.m4a,05 - Seminars.md#BR74S1-12,
BR74S9,5A,Seminars (Europe and USA),"The immeasurable, non-verbal communication, love, Krishnamurti’s youth",audio,127,BR,Brockwood Park,18 October 1974,1974,S,Seminar,9,seminar,BR74S1-12,The place of knowledge in the transformation of man and society,"library/5A-seminars-europe-and-usa/BR74S1-12/BR74S9 - The immeasurable, non-verbal communication, love, Krishnamurti’s youth.m4a",05 - Seminars.md#BR74S1-12,
BR75S1,5A,Seminars (Europe and USA),"Reality, actuality and truth",audio,119,BR,Brockwood Park,6 June 1975,1975,S,Seminar,1,seminar,BR75S1-8,A new quality of energy is needed for transformation,"library/5A-seminars-europe-and-usa/BR75S1-8/BR75S1 - Reality, actuality and truth.m4a",05 - Seminars.md#BR75S1-8,
BR75S2,5A,Seminars (Europe and USA),Holistic energy,audio,94,BR,Brockwood Park,6 June 1975,1975,S,Seminar,2,seminar,BR75S1-8,A new quality of energy is needed for transformation,library/5A-seminars-europe-and-usa/BR75S1-8/BR75S2 - Holistic energy.m4a,05 - Seminars.md#BR75S1-8,
BR75S3,5A,Seminars (Europe and USA),Becoming implies time and fear,audio,109,BR,Brockwood Park,7 June 1975,1975,S,Seminar,3,seminar,BR75S1-8,A new quality of energy is needed for transformation,library/5A-seminars-europe-and-usa/BR75S1-8/BR75S3 - Becoming implies time and fear.m4a,05 - Seminars.md#BR75S1-8,
BR75S4,5A,Seminars (Europe and USA),Is creation in or out of time; is love in the field of reality?,audio,89,BR,Brockwood Park,7 June 1975,1975,S,Seminar,4,seminar,BR75S1-8,A new quality of energy is needed for transformation,library/5A-seminars-europe-and-usa/BR75S1-8/BR75S4 - Is creation in or out of time; is love in the field of reality.m4a,05 - Seminars.md#BR75S1-8,
BR75S5,5A,Seminars (Europe and USA),"Beauty, love, reality and suffering",audio,113,BR,Brockwood Park,8 June 1975,1975,S,Seminar,5,seminar,BR75S1-8,A new quality of energy is needed for transformation,"library/5A-seminars-europe-and-usa/BR75S1-8/BR75S5 - Beauty, love, reality and suffering.m4a",05 - Seminars.md#BR75S1-8,
BR75S6,5A,Seminars (Europe and USA),Can suffering be solved?,audio,95,BR,Brockwood Park,8 June 1975,1975,S,Seminar,6,seminar,BR75S1-8,A new quality of energy is needed for transformation,library/5A-seminars-europe-and-usa/BR75S1-8/BR75S6 - Can suffering be solved.m4a,05 - Seminars.md#BR75S1-8,
BR75S7,5A,Seminars (Europe and USA),Can thought discover something non-mechanical?,audio,110,BR,Brockwood Park,9 June 1975,1975,S,Seminar,7,seminar,BR75S1-8,A new quality of energy is needed for transformation,library/5A-seminars-europe-and-usa/BR75S1-8/BR75S7 - Can thought discover something non-mechanical.m4a,05 - Seminars.md#BR75S1-8,
BR75S8,5A,Seminars (Europe and USA),Am I aware of the centre from which I operate?,audio,114,BR,Brockwood Park,9 June 1975,1975,S,Seminar,8,seminar,BR75S1-8,A new quality of energy is needed for transformation,library/5A-seminars-europe-and-usa/BR75S1-8/BR75S8 - Am I aware of the centre from which I operate.m4a,05 - Seminars.md#BR75S1-8,
BR78S1,5A,Seminars (Europe and USA),The art of questioning,video,93,BR,Brockwood Park,12 September 1978,1978,S,Seminar,1,seminar,BR78S1-7,How can one be a light to oneself if there is any kind of,library/5A-seminars-europe-and-usa/BR78S1-7/BR78S1 - The art of questioning.mp4,05 - Seminars.md#BR78S1-7,
BR78S2,5A,Seminars (Europe and USA),Is it possible never to be hurt?,video,102,BR,Brockwood Park,13 September 1978,1978,S,Seminar,2,seminar,BR78S1-7,How can one be a light to oneself if there is any kind of,library/5A-seminars-europe-and-usa/BR78S1-7/BR78S2 - Is it possible never to be hurt.mp4,05 - Seminars.md#BR78S1-7,
BR78S3,5A,Seminars (Europe and USA),Can you face the fact that you are absolutely nothing?,video,103,BR,Brockwood Park,14 September 1978,1978,S,Seminar,3,seminar,BR78S1-7,How can one be a light to oneself if there is any kind of,library/5A-seminars-europe-and-usa/BR78S1-7/BR78S3 - Can you face the fact that you are absolutely nothing.mp4,05 - Seminars.md#BR78S1-7,
BR78S4,5A,Seminars (Europe and USA),Observing fear as it happens,video,99,BR,Brockwood Park,16 September 1978,1978,S,Seminar,4,seminar,BR78S1-7,How can one be a light to oneself if there is any kind of,library/5A-seminars-europe-and-usa/BR78S1-7/BR78S4 - Observing fear as it happens.mp4,05 - Seminars.md#BR78S1-7,
BR78S5,5A,Seminars (Europe and USA),Pain is the reaction to attachment,video,95,BR,Brockwood Park,17 September 1978,1978,S,Seminar,5,seminar,BR78S1-7,How can one be a light to oneself if there is any kind of,library/5A-seminars-europe-and-usa/BR78S1-7/BR78S5 - Pain is the reaction to attachment.mp4,05 - Seminars.md#BR78S1-7,
BR78S6,5A,Seminars (Europe and USA),Can I be a light globally?,video,86,BR,Brockwood Park,18 September 1978,1978,S,Seminar,6,seminar,BR78S1-7,How can one be a light to oneself if there is any kind of,library/5A-seminars-europe-and-usa/BR78S1-7/BR78S6 - Can I be a light globally.mp4,05 - Seminars.md#BR78S1-7,
BR78S7,5A,Seminars (Europe and USA),What is it that flowers?,video,105,BR,Brockwood Park,19 September 1978,1978,S,Seminar,7,seminar,BR78S1-7,How can one be a light to oneself if there is any kind of,library/5A-seminars-europe-and-usa/BR78S1-7/BR78S7 - What is it that flowers.mp4,05 - Seminars.md#BR78S1-7,
BR79S1,5A,Seminars (Europe and USA),What is one to do in a world of increasing violence?,video,90,BR,Brockwood Park,13 September 1979,1979,S,Seminar,1,seminar,BR79S1-6,What is correct action in a deteriorating world?,library/5A-seminars-europe-and-usa/BR79S1-6/BR79S1 - What is one to do in a world of increasing violence.mp4,05 - Seminars.md#BR79S1-6,
BR79S2,5A,Seminars (Europe and USA),Observing my prejudice,video,91,BR,Brockwood Park,14 September 1979,1979,S,Seminar,2,seminar,BR79S1-6,What is correct action in a deteriorating world?,library/5A-seminars-europe-and-usa/BR79S1-6/BR79S2 - Observing my prejudice.mp4,05 - Seminars.md#BR79S1-6,
BR79S3,5A,Seminars (Europe and USA),What is the root cause of the disorder in the world?,video,85,BR,Brockwood Park,15 September 1979,1979,S,Seminar,3,seminar,BR79S1-6,What is correct action in a deteriorating world?,library/5A-seminars-europe-and-usa/BR79S1-6/BR79S3 - What is the root cause of the disorder in the world.mp4,05 - Seminars.md#BR79S1-6,
BR79S4,5A,Seminars (Europe and USA),When the illusion of individuality ends,video,87,BR,Brockwood Park,16 September 1979,1979,S,Seminar,4,seminar,BR79S1-6,What is correct action in a deteriorating world?,library/5A-seminars-europe-and-usa/BR79S1-6/BR79S4 - When the illusion of individuality ends.mp4,05 - Seminars.md#BR79S1-6,
BR79S5,5A,Seminars (Europe and USA),What do I do in a deteriorating world?,video,88,BR,Brockwood Park,17 September 1979,1979,S,Seminar,5,seminar,BR79S1-6,What is correct action in a deteriorating world?,library/5A-seminars-europe-and-usa/BR79S1-6/BR79S5 - What do I do in a deteriorating world.mp4,05 - Seminars.md#BR79S1-6,
BR79S6,5A,Seminars (Europe and USA),Can you have insight if there is a centre?,video,84,BR,Brockwood Park,18 September 1979,1979,S,Seminar,6,seminar,BR79S1-6,What is correct action in a deteriorating world?,library/5A-seminars-europe-and-usa/BR79S1-6/BR79S6 - Can you have insight if there is a centre.mp4,05 - Seminars.md#BR79S1-6,
BR81S1,5A,Seminars (Europe and USA),Immediate change,video,103,BR,Brockwood Park,11 September 1981,1981,S,Seminar,1,seminar,BR81S1-5,I am the rest of mankind,library/5A-seminars-europe-and-usa/BR81S1-5/BR81S1 - Immediate change.mp4,05 - Seminars.md#BR81S1-5,Note: a total of 42 seconds of missing video is replaced by audio only.
BR81S2,5A,Seminars (Europe and USA),The division between the observer and the observed is illusory,video,96,BR,Brockwood Park,12 September 1981,1981,S,Seminar,2,seminar,BR81S1-5,I am the rest of mankind,library/5A-seminars-europe-and-usa/BR81S1-5/BR81S2 - The division between the observer and the observed is illusory.mp4,05 - Seminars.md#BR81S1-5,
BR81S3,5A,Seminars (Europe and USA),Can thought see itself?,video,100,BR,Brockwood Park,13 September 1981,1981,S,Seminar,3,seminar,BR81S1-5,I am the rest of mankind,library/5A-seminars-europe-and-usa/BR81S1-5/BR81S3 - Can thought see itself.mp4,05 - Seminars.md#BR81S1-5,
BR81S4,5A,Seminars (Europe and USA),You are humanity,video,97,BR,Brockwood Park,14 September 1981,1981,S,Seminar,4,seminar,BR81S1-5,I am the rest of mankind,library/5A-seminars-europe-and-usa/BR81S1-5/BR81S4 - You are humanity.mp4,05 - Seminars.md#BR81S1-5,
BR81S5,5A,Seminars (Europe and USA),Communication,video,89,BR,Brockwood Park,15 September 1981,1981,S,Seminar,5,seminar,BR81S1-5,I am the rest of mankind,library/5A-seminars-europe-and-usa/BR81S1-5/BR81S5 - Communication.mp4,05 - Seminars.md#BR81S1-5,
BR84SBR1,5A,Seminars (Europe and USA),What is thought?,video,81,BR,Brockwood Park,8 June 1984,1984,SBR,Seminar,1,recording,BR84SBR1-3,Can the brain ever be quiet?,library/5A-seminars-europe-and-usa/BR84SBR1-3/BR84SBR1 - What is thought.mp4,05 - Seminars.md#BR84SBR1-3,
BR84SBR2,5A,Seminars (Europe and USA),Is there an action in which there is no limitation?,video,77,BR,Brockwood Park,9 June 1984,1984,SBR,Seminar,2,recording,BR84SBR1-3,Can the brain ever be quiet?,library/5A-seminars-europe-and-usa/BR84SBR1-3/BR84SBR2 - Is there an action in which there is no limitation.mp4,05 - Seminars.md#BR84SBR1-3,
BR84SBR3,5A,Seminars (Europe and USA),Can thought come to an end?,video,86,BR,Brockwood Park,10 June 1984,1984,SBR,Seminar,3,recording,BR84SBR1-3,Can the brain ever be quiet?,library/5A-seminars-europe-and-usa/BR84SBR1-3/BR84SBR3 - Can thought come to an end.mp4,05 - Seminars.md#BR84SBR1-3,
LS84S1,5A,Seminars (Europe and USA),Can thought be creative?,video,86,LS,"Los Alamos, New Mexico",20 March 1984,1984,S,Seminar,1,seminar,LS84S1-2,Creativity in science,library/5A-seminars-europe-and-usa/LS84S1-2/LS84S1 - Can thought be creative.mp4,05 - Seminars.md#LS84S1-2,Note: a total of 39 seconds of missing video is replaced by audio only.
LS84S2,5A,Seminars (Europe and USA),Creation comes out of meditation,video,95,LS,"Los Alamos, New Mexico",21 March 1984,1984,S,Seminar,2,seminar,LS84S1-2,Creativity in science,library/5A-seminars-europe-and-usa/LS84S1-2/LS84S2 - Creation comes out of meditation.mp4,05 - Seminars.md#LS84S1-2,"Note: an unknown amount of footage is missing in the original recording, starting at 1h 2m."
OJ81S2.1,5A,Seminars (Europe and USA),There is no individual consciousness,audio,104,OJ,"Ojai, California",3 April 1981,1981,S,Seminar,2.1,seminar,OJ81S2.1-2.3,The crisis in human consciousness,library/5A-seminars-europe-and-usa/OJ81S2.1-2.3/OJ81S2.1 - There is no individual consciousness.m4a,05 - Seminars.md#OJ81S2.1-2.3,
OJ81S2.2,5A,Seminars (Europe and USA),Consciousness and learning,audio,95,OJ,"Ojai, California",4 April 1981,1981,S,Seminar,2.2,seminar,OJ81S2.1-2.3,The crisis in human consciousness,library/5A-seminars-europe-and-usa/OJ81S2.1-2.3/OJ81S2.2 - Consciousness and learning.m4a,05 - Seminars.md#OJ81S2.1-2.3,
OJ81S2.3,5A,Seminars (Europe and USA),Have we lost all sense of religion?,audio,103,OJ,"Ojai, California",5 April 1981,1981,S,Seminar,2.3,seminar,OJ81S2.1-2.3,The crisis in human consciousness,library/5A-seminars-europe-and-usa/OJ81S2.1-2.3/OJ81S2.3 - Have we lost all sense of religion.m4a,05 - Seminars.md#OJ81S2.1-2.3,
BA74S,5B,Seminars (India),Is it possible for the mind not to be hurt?,audio,94,BA,Bangalore,9 January 1974,1974,S,Seminar,,seminar,,,library/5B-seminars-india/BA74S - Is it possible for the mind not to be hurt.m4a,05 - Seminars.md#standalone,
MA79S1,5B,Seminars (India),"How can a human being bring about a radical change, not only in himself but outside?",video,88,MA,Madras (Chennai),26 December 1979,1979,S,Seminar,1,seminar,MA79S1-4,"Can the mind, without any pressure or motive, transform itself?","library/5B-seminars-india/MA79S1-4/MA79S1 - How can a human being bring about a radical change, not only in himself but outside.mp4",05 - Seminars.md#MA79S1-4,Note: a total of 1 minute and 27 seconds of missing video is replaced by audio only.
MA79S2,5B,Seminars (India),As a human being caught in the structure of society what is right action?,video,77,MA,Madras (Chennai),26 December 1979,1979,S,Seminar,2,seminar,MA79S1-4,"Can the mind, without any pressure or motive, transform itself?",library/5B-seminars-india/MA79S1-4/MA79S2 - As a human being caught in the structure of society what is right action.mp4,05 - Seminars.md#MA79S1-4,Note: Poor picture and audio quality from original recording
MA79S3,5B,Seminars (India),Can you give all your energy to understanding the image-making machinery?,video,82,MA,Madras (Chennai),27 December 1979,1979,S,Seminar,3,seminar,MA79S1-4,"Can the mind, without any pressure or motive, transform itself?",library/5B-seminars-india/MA79S1-4/MA79S3 - Can you give all your energy to understanding the image-making machinery.mp4,05 - Seminars.md#MA79S1-4,Note: Poor picture and audio quality from original recording
MA79S4,5B,Seminars (India),Can a human problem be resolved instantly?,video,64,MA,Madras (Chennai),27 December 1979,1979,S,Seminar,4,seminar,MA79S1-4,"Can the mind, without any pressure or motive, transform itself?",library/5B-seminars-india/MA79S1-4/MA79S4 - Can a human problem be resolved instantly.mp4,05 - Seminars.md#MA79S1-4,Note: Poor picture and audio quality from original recording
MA81S1,5B,Seminars (India),What will break the chain in which the brain is caught?,video,125,MA,Madras (Chennai),14 January 1981,1981,S,Seminar,1,seminar,MA81S1-3,Why is the brain incapable of perceiving the whole?,library/5B-seminars-india/MA81S1-3/MA81S1 - What will break the chain in which the brain is caught.mp4,05 - Seminars.md#MA81S1-3,Note: One participant speaks in Hindi and is translated.
MA81S2,5B,Seminars (India),Remaining with the stream of sorrow,video,107,MA,Madras (Chennai),15 January 1981,1981,S,Seminar,2,seminar,MA81S1-3,Why is the brain incapable of perceiving the whole?,library/5B-seminars-india/MA81S1-3/MA81S2 - Remaining with the stream of sorrow.mp4,05 - Seminars.md#MA81S1-3,"Note: One participant speaks in Hindi and is translated.
Note: a total of 39 seconds of missing video is replaced by audio only."
MA81S3,5B,Seminars (India),Do you ever come to a point where your brain is in a state of not knowing?,video,127,MA,Madras (Chennai),16 January 1981,1981,S,Seminar,3,seminar,MA81S1-3,Why is the brain incapable of perceiving the whole?,library/5B-seminars-india/MA81S1-3/MA81S3 - Do you ever come to a point where your brain is in a state of not knowing.mp4,05 - Seminars.md#MA81S1-3,"Note: One participant speaks in Hindi and is translated.
Note: a total of 16 seconds of missing video is replaced by audio only."
MA82S1,5B,Seminars (India),Is there a movement totally apart from time?,video,98,MA,Madras (Chennai),5 January 1982,1982,S,Seminar,1,seminar,MA82S1-2,Time and thought are not different,library/5B-seminars-india/MA82S1-2/MA82S1 - Is there a movement totally apart from time.mp4,05 - Seminars.md#MA82S1-2,Note: a total of 54 seconds of missing video is replaced by audio only.
MA82S2,5B,Seminars (India),"Desire, time and thought are the basic elements of fear",video,113,MA,Madras (Chennai),6 January 1982,1982,S,Seminar,2,seminar,MA82S1-2,Time and thought are not different,"library/5B-seminars-india/MA82S1-2/MA82S2 - Desire, time and thought are the basic elements of fear.mp4",05 - Seminars.md#MA82S1-2,Note: a total of 26 seconds of missing video is replaced by audio only.
MA83S1,5B,Seminars (India),What creates division?,video,112,MA,Madras (Chennai),4 January 1983,1983,S,Seminar,1,seminar,MA83S1-2,Conditioning is broken down when there is no interference of,library/5B-seminars-india/MA83S1-2/MA83S1 - What creates division.mp4,05 - Seminars.md#MA83S1-2,Note: a total of 1 minute and 27 seconds of missing video is replaced by audio only.
MA83S2,5B,Seminars (India),What is intelligence?,video,106,MA,Madras (Chennai),5 January 1983,1983,S,Seminar,2,seminar,MA83S1-2,Conditioning is broken down when there is no interference of,library/5B-seminars-india/MA83S1-2/MA83S2 - What is intelligence.mp4,05 - Seminars.md#MA83S1-2,
ND81S1,5B,Seminars (India),The crisis in consciousness,video,105,ND,New Delhi,4 November 1981,1981,S,Seminar,1,seminar,ND81S1-3,Fear will continue as long as there is a division between you and,library/5B-seminars-india/ND81S1-3/ND81S1 - The crisis in consciousness.mp4,05 - Seminars.md#ND81S1-3,Note: a total of about a minute of missing footage is replaced by on-screen text.
ND81S2,5B,Seminars (India),Can fear come to an end?,video,124,ND,New Delhi,5 November 1981,1981,S,Seminar,2,seminar,ND81S1-3,Fear will continue as long as there is a division between you and,library/5B-seminars-india/ND81S1-3/ND81S2 - Can fear come to an end.mp4,05 - Seminars.md#ND81S1-3,Note: a total of about a minute of missing footage is replaced by on-screen text.
ND81S3,5B,Seminars (India),"When I observe fear, that fear is me",video,77,ND,New Delhi,5 November 1981,1981,S,Seminar,3,seminar,ND81S1-3,Fear will continue as long as there is a division between you and,"library/5B-seminars-india/ND81S1-3/ND81S3 - When I observe fear, that fear is me.mp4",05 - Seminars.md#ND81S1-3,Note: a total of about 20 seconds of missing footage is replaced by on-screen text.
RV83S1,5B,Seminars (India),Why are you educating your children?,video,102,RV,Rishi Valley,24 November 1983,1983,S,Seminar,1,seminar,RV83S1-2,Rishi Valley Educational Conference,library/5B-seminars-india/RV83S1-2/RV83S1 - Why are you educating your children.mp4,05 - Seminars.md#RV83S1-2,
RV83S2,5B,Seminars (India),From whom are we learning?,video,95,RV,Rishi Valley,26 November 1983,1983,S,Seminar,2,seminar,RV83S1-2,Rishi Valley Educational Conference,library/5B-seminars-india/RV83S1-2/RV83S2 - From whom are we learning.mp4,05 - Seminars.md#RV83S1-2,
BR69DSS1,6A,K School Discussions (England and Switzerland),"Freedom, peace and compassion",audio,61,BR,Brockwood Park,28 September 1969,1969,DSS,Discussion with Staff and Students,1,school,BR69DSS1-10,Learning is intelligence,"library/6A-k-school-discussions-england-and-switzerland/BR69DSS1-10/BR69DSS1 - Freedom, peace and compassion.m4a",06 - K School discussions.md#BR69DSS1-10,
BR69DSS10,6A,K School Discussions (England and Switzerland),"Pleasure, fear and love",audio,71,BR,Brockwood Park,25 October 1969,1969,DSS,Discussion with Staff and Students,10,school,BR69DSS1-10,Learning is intelligence,"library/6A-k-school-discussions-england-and-switzerland/BR69DSS1-10/BR69DSS10 - Pleasure, fear and love.m4a",06 - K School discussions.md#BR69DSS1-10,
BR69DSS2,6A,K School Discussions (England and Switzerland),How do we awaken intelligence?,audio,57,BR,Brockwood Park,1 October 1969,1969,DSS,Discussion with Staff and Students,2,school,BR69DSS1-10,Learning is intelligence,library/6A-k-school-discussions-england-and-switzerland/BR69DSS1-10/BR69DSS2 - How do we awaken intelligence.m4a,06 - K School discussions.md#BR69DSS1-10,
BR69DSS3,6A,K School Discussions (England and Switzerland),Living without harming,audio,68,BR,Brockwood Park,4 October 1969,1969,DSS,Discussion with Staff and Students,3,school,BR69DSS1-10,Learning is intelligence,library/6A-k-school-discussions-england-and-switzerland/BR69DSS1-10/BR69DSS3 - Living without harming.m4a,06 - K School discussions.md#BR69DSS1-10,
BR69DSS4,6A,K School Discussions (England and Switzerland),An awareness in which ‘to be’ is non-existent,audio,90,BR,Brockwood Park,5 October 1969,1969,DSS,Discussion with Staff and Students,4,school,BR69DSS1-10,Learning is intelligence,library/6A-k-school-discussions-england-and-switzerland/BR69DSS1-10/BR69DSS4 - An awareness in which ‘to be’ is non-existent.m4a,06 - K School discussions.md#BR69DSS1-10,
BR69DSS5,6A,K School Discussions (England and Switzerland),"Authority, freedom, intelligence and responsibility",audio,41,BR,Brockwood Park,7 October 1969,1969,DSS,Discussion with Staff and Students,5,school,BR69DSS1-10,Learning is intelligence,"library/6A-k-school-discussions-england-and-switzerland/BR69DSS1-10/BR69DSS5 - Authority, freedom, intelligence and responsibility.m4a",06 - K School discussions.md#BR69DSS1-10,
BR69DSS6,6A,K School Discussions (England and Switzerland),There is no prejudice in awareness,audio,86,BR,Brockwood Park,12 October 1969,1969,DSS,Discussion with Staff and Students,6,school,BR69DSS1-10,Learning is intelligence,library/6A-k-school-discussions-england-and-switzerland/BR69DSS1-10/BR69DSS6 - There is no prejudice in awareness.m4a,06 - K School discussions.md#BR69DSS1-10,
BR69DSS7,6A,K School Discussions (England and Switzerland),At what time should we go to bed?,audio,83,BR,Brockwood Park,19 October 1969,1969,DSS,Discussion with Staff and Students,7,school,BR69DSS1-10,Learning is intelligence,library/6A-k-school-discussions-england-and-switzerland/BR69DSS1-10/BR69DSS7 - At what time should we go to bed.m4a,06 - K School discussions.md#BR69DSS1-10,
BR69DSS8,6A,K School Discussions (England and Switzerland),Do you know that society and friends influence you?,audio,84,BR,Brockwood Park,21 October 1969,1969,DSS,Discussion with Staff and Students,8,school,BR69DSS1-10,Learning is intelligence,library/6A-k-school-discussions-england-and-switzerland/BR69DSS1-10/BR69DSS8 - Do you know that society and friends influence you.m4a,06 - K School discussions.md#BR69DSS1-10,
BR69DSS9,6A,K School Discussions (England and Switzerland),Do you see the danger of fragmentation?,audio,83,BR,Brockwood Park,23 October 1969,1969,DSS,Discussion with Staff and Students,9,school,BR69DSS1-10,Learning is intelligence,library/6A-k-school-discussions-england-and-switzerland/BR69DSS1-10/BR69DSS9 - Do you see the danger of fragmentation.m4a,06 - K School discussions.md#BR69DSS1-10,
BR70DSS,6A,K School Discussions (England and Switzerland),Feeling secure,audio,87,BR,Brockwood Park,31 January 1970,1970,DSS,Discussion with Staff and Students,,school,,,library/6A-k-school-discussions-england-and-switzerland/BR70DSS - Feeling secure.m4a,06 - K School discussions.md#standalone,
BR70DT,6A,K School Discussions (England and Switzerland),The spirit of cooperation,audio,60,BR,Brockwood Park,28 August 1970,1970,DT,Discussion with Teachers,,school,,,library/6A-k-school-discussions-england-and-switzerland/BR70DT - The spirit of cooperation.m4a,06 - K School discussions.md#standalone,
BR71DT1,6A,K School Discussions (England and Switzerland),Creating a good mind,audio,71,BR,Brockwood Park,16 September 1971,1971,DT,Discussion with Teachers,1,school,BR71DT1-2,An intelligent mind,library/6A-k-school-discussions-england-and-switzerland/BR71DT1-2/BR71DT1 - Creating a good mind.m4a,06 - K School discussions.md#BR71DT1-2,
BR71DT2,6A,K School Discussions (England and Switzerland),Action and intelligence,audio,79,BR,Brockwood Park,18 September 1971,1971,DT,Discussion with Teachers,2,school,BR71DT1-2,An intelligent mind,library/6A-k-school-discussions-england-and-switzerland/BR71DT1-2/BR71DT2 - Action and intelligence.m4a,06 - K School discussions.md#BR71DT1-2,
BR72DSS1.01,6A,K School Discussions (England and Switzerland),Are you revolutionary?,audio,85,BR,Brockwood Park,21 May 1972,1972,DSS,Discussion with Staff and Students,1.01,school,BR72DSS1.1-1.10,We are here to learn,library/6A-k-school-discussions-england-and-switzerland/BR72DSS1.1-1.10/BR72DSS1.01 - Are you revolutionary.m4a,06 - K School discussions.md#BR72DSS1.1-1.10,
BR72DSS1.02,6A,K School Discussions (England and Switzerland),You can live without an image,audio,90,BR,Brockwood Park,23 May 1972,1972,DSS,Discussion with Staff and Students,1.02,school,BR72DSS1.1-1.10,We are here to learn,library/6A-k-school-discussions-england-and-switzerland/BR72DSS1.1-1.10/BR72DSS1.02 - You can live without an image.m4a,06 - K School discussions.md#BR72DSS1.1-1.10,
BR72DSS1.03,6A,K School Discussions (England and Switzerland),The trap of mediocrity,audio,78,BR,Brockwood Park,1 June 1972,1972,DSS,Discussion with Staff and Students,1.03,school,BR72DSS1.1-1.10,We are here to learn,library/6A-k-school-discussions-england-and-switzerland/BR72DSS1.1-1.10/BR72DSS1.03 - The trap of mediocrity.m4a,06 - K School discussions.md#BR72DSS1.1-1.10,
BR72DSS1.04,6A,K School Discussions (England and Switzerland),Refreshing the mind,audio,99,BR,Brockwood Park,4 June 1972,1972,DSS,Discussion with Staff and Students,1.04,school,BR72DSS1.1-1.10,We are here to learn,library/6A-k-school-discussions-england-and-switzerland/BR72DSS1.1-1.10/BR72DSS1.04 - Refreshing the mind.m4a,06 - K School discussions.md#BR72DSS1.1-1.10,
BR72DSS1.05,6A,K School Discussions (England and Switzerland),Prejudice,audio,73,BR,Brockwood Park,8 June 1972,1972,DSS,Discussion with Staff and Students,1.05,school,BR72DSS1.1-1.10,We are here to learn,library/6A-k-school-discussions-england-and-switzerland/BR72DSS1.1-1.10/BR72DSS1.05 - Prejudice.m4a,06 - K School discussions.md#BR72DSS1.1-1.10,
BR72DSS1.06,6A,K School Discussions (England and Switzerland),What am I?,audio,92,BR,Brockwood Park,11 June 1972,1972,DSS,Discussion with Staff and Students,1.06,school,BR72DSS1.1-1.10,We are here to learn,library/6A-k-school-discussions-england-and-switzerland/BR72DSS1.1-1.10/BR72DSS1.06 - What am I.m4a,06 - K School discussions.md#BR72DSS1.1-1.10,
BR72DSS1.07,6A,K School Discussions (England and Switzerland),Fragmentation,audio,83,BR,Brockwood Park,15 June 1972,1972,DSS,Discussion with Staff and Students,1.07,school,BR72DSS1.1-1.10,We are here to learn,library/6A-k-school-discussions-england-and-switzerland/BR72DSS1.1-1.10/BR72DSS1.07 - Fragmentation.m4a,06 - K School discussions.md#BR72DSS1.1-1.10,
BR72DSS1.08,6A,K School Discussions (England and Switzerland),Seeing a fact together,audio,83,BR,Brockwood Park,18 June 1972,1972,DSS,Discussion with Staff and Students,1.08,school,BR72DSS1.1-1.10,We are here to learn,library/6A-k-school-discussions-england-and-switzerland/BR72DSS1.1-1.10/BR72DSS1.08 - Seeing a fact together.m4a,06 - K School discussions.md#BR72DSS1.1-1.10,
BR72DSS1.09,6A,K School Discussions (England and Switzerland),The danger of hurts,audio,72,BR,Brockwood Park,22 June 1972,1972,DSS,Discussion with Staff and Students,1.09,school,BR72DSS1.1-1.10,We are here to learn,library/6A-k-school-discussions-england-and-switzerland/BR72DSS1.1-1.10/BR72DSS1.09 - The danger of hurts.m4a,06 - K School discussions.md#BR72DSS1.1-1.10,
BR72DSS1.10,6A,K School Discussions (England and Switzerland),Love and beauty,audio,80,BR,Brockwood Park,25 June 1972,1972,DSS,Discussion with Staff and Students,1.10,school,BR72DSS1.1-1.10,We are here to learn,library/6A-k-school-discussions-england-and-switzerland/BR72DSS1.1-1.10/BR72DSS1.10 - Love and beauty.m4a,06 - K School discussions.md#BR72DSS1.1-1.10,
BR72DSS2.1,6A,K School Discussions (England and Switzerland),Why Brockwood exists,audio,80,BR,Brockwood Park,26 September 1972,1972,DSS,Discussion with Staff and Students,2.1,school,BR72DSS2.1-2.7,The listening mind,library/6A-k-school-discussions-england-and-switzerland/BR72DSS2.1-2.7/BR72DSS2.1 - Why Brockwood exists.m4a,06 - K School discussions.md#BR72DSS2.1-2.7,
BR72DSS2.2,6A,K School Discussions (England and Switzerland),Division is deadly,audio,84,BR,Brockwood Park,29 September 1972,1972,DSS,Discussion with Staff and Students,2.2,school,BR72DSS2.1-2.7,The listening mind,library/6A-k-school-discussions-england-and-switzerland/BR72DSS2.1-2.7/BR72DSS2.2 - Division is deadly.m4a,06 - K School discussions.md#BR72DSS2.1-2.7,
BR72DSS2.3,6A,K School Discussions (England and Switzerland),Communication without the blockage of images,audio,83,BR,Brockwood Park,1 October 1972,1972,DSS,Discussion with Staff and Students,2.3,school,BR72DSS2.1-2.7,The listening mind,library/6A-k-school-discussions-england-and-switzerland/BR72DSS2.1-2.7/BR72DSS2.3 - Communication without the blockage of images.m4a,06 - K School discussions.md#BR72DSS2.1-2.7,
BR72DSS2.4,6A,K School Discussions (England and Switzerland),Is life a battle?,audio,99,BR,Brockwood Park,6 October 1972,1972,DSS,Discussion with Staff and Students,2.4,school,BR72DSS2.1-2.7,The listening mind,library/6A-k-school-discussions-england-and-switzerland/BR72DSS2.1-2.7/BR72DSS2.4 - Is life a battle.m4a,06 - K School discussions.md#BR72DSS2.1-2.7,
BR72DSS2.5,6A,K School Discussions (England and Switzerland),Fear of death,audio,85,BR,Brockwood Park,8 October 1972,1972,DSS,Discussion with Staff and Students,2.5,school,BR72DSS2.1-2.7,The listening mind,library/6A-k-school-discussions-england-and-switzerland/BR72DSS2.1-2.7/BR72DSS2.5 - Fear of death.m4a,06 - K School discussions.md#BR72DSS2.1-2.7,
BR72DSS2.6,6A,K School Discussions (England and Switzerland),What is your responsibility in a sick society?,audio,83,BR,Brockwood Park,10 October 1972,1972,DSS,Discussion with Staff and Students,2.6,school,BR72DSS2.1-2.7,The listening mind,library/6A-k-school-discussions-england-and-switzerland/BR72DSS2.1-2.7/BR72DSS2.6 - What is your responsibility in a sick society.m4a,06 - K School discussions.md#BR72DSS2.1-2.7,
BR72DSS2.7,6A,K School Discussions (England and Switzerland),Listening without resistance,audio,85,BR,Brockwood Park,13 October 1972,1972,DSS,Discussion with Staff and Students,2.7,school,BR72DSS2.1-2.7,The listening mind,library/6A-k-school-discussions-england-and-switzerland/BR72DSS2.1-2.7/BR72DSS2.7 - Listening without resistance.m4a,06 - K School discussions.md#BR72DSS2.1-2.7,
BR72DT1.1,6A,K School Discussions (England and Switzerland),The fountain of sanity,audio,74,BR,Brockwood Park,26 May 1972,1972,DT,Discussion with Teachers,1.1,school,BR72DT1.1-1.2,Sanity and responsibility,library/6A-k-school-discussions-england-and-switzerland/BR72DT1.1-1.2/BR72DT1.1 - The fountain of sanity.m4a,06 - K School discussions.md#BR72DT1.1-1.2,
BR72DT1.2,6A,K School Discussions (England and Switzerland),Do we collectively feel responsibility?,audio,90,BR,Brockwood Park,7 June 1972,1972,DT,Discussion with Teachers,1.2,school,BR72DT1.1-1.2,Sanity and responsibility,library/6A-k-school-discussions-england-and-switzerland/BR72DT1.1-1.2/BR72DT1.2 - Do we collectively feel responsibility.m4a,06 - K School discussions.md#BR72DT1.1-1.2,
BR72DT2.0,6A,K School Discussions (England and Switzerland),A flame of seriousness,audio,77,BR,Brockwood Park,22 September 1972,1972,DT,Discussion with Teachers,2.0,school,,,library/6A-k-school-discussions-england-and-switzerland/BR72DT2.0 - A flame of seriousness.m4a,06 - K School discussions.md#standalone,
BR73DSS,6A,K School Discussions (England and Switzerland),Don’t be smothered by the world,audio,73,BR,Brockwood Park,7 February 1973,1973,DSS,Discussion with Staff and Students,,school,,,library/6A-k-school-discussions-england-and-switzerland/BR73DSS - Don’t be smothered by the world.m4a,06 - K School discussions.md#standalone,
BR73DSS1.01,6A,K School Discussions (England and Switzerland),What place has knowledge in the transformation of society and man?,audio,78,BR,Brockwood Park,6 May 1973,1973,DSS,Discussion with Staff and Students,1.01,school,BR73DSS1.01-1.12,Learning is the most important thing,library/6A-k-school-discussions-england-and-switzerland/BR73DSS1.01-1.12/BR73DSS1.01 - What place has knowledge in the transformation of society and man.m4a,06 - K School discussions.md#BR73DSS1.01-1.12,
BR73DSS1.02,6A,K School Discussions (England and Switzerland),Images in relationship,audio,103,BR,Brockwood Park,13 May 1973,1973,DSS,Discussion with Staff and Students,1.02,school,BR73DSS1.01-1.12,Learning is the most important thing,library/6A-k-school-discussions-england-and-switzerland/BR73DSS1.01-1.12/BR73DSS1.02 - Images in relationship.m4a,06 - K School discussions.md#BR73DSS1.01-1.12,
BR73DSS1.03,6A,K School Discussions (England and Switzerland),The pressure of authority,audio,110,BR,Brockwood Park,20 May 1973,1973,DSS,Discussion with Staff and Students,1.03,school,BR73DSS1.01-1.12,Learning is the most important thing,library/6A-k-school-discussions-england-and-switzerland/BR73DSS1.01-1.12/BR73DSS1.03 - The pressure of authority.m4a,06 - K School discussions.md#BR73DSS1.01-1.12,
BR73DSS1.04,6A,K School Discussions (England and Switzerland),Affection and responsibility,audio,81,BR,Brockwood Park,22 May 1973,1973,DSS,Discussion with Staff and Students,1.04,school,BR73DSS1.01-1.12,Learning is the most important thing,library/6A-k-school-discussions-england-and-switzerland/BR73DSS1.01-1.12/BR73DSS1.04 - Affection and responsibility.m4a,06 - K School discussions.md#BR73DSS1.01-1.12,
BR73DSS1.05,6A,K School Discussions (England and Switzerland),Meditation,audio,102,BR,Brockwood Park,3 June 1973,1973,DSS,Discussion with Staff and Students,1.05,school,BR73DSS1.01-1.12,Learning is the most important thing,library/6A-k-school-discussions-england-and-switzerland/BR73DSS1.01-1.12/BR73DSS1.05 - Meditation.m4a,06 - K School discussions.md#BR73DSS1.01-1.12,
BR73DSS1.06,6A,K School Discussions (England and Switzerland),Perpetual learning is real revolution,audio,90,BR,Brockwood Park,5 June 1973,1973,DSS,Discussion with Staff and Students,1.06,school,BR73DSS1.01-1.12,Learning is the most important thing,library/6A-k-school-discussions-england-and-switzerland/BR73DSS1.01-1.12/BR73DSS1.06 - Perpetual learning is real revolution.m4a,06 - K School discussions.md#BR73DSS1.01-1.12,
BR73DSS1.07,6A,K School Discussions (England and Switzerland),Wanting to be different is still the same,audio,97,BR,Brockwood Park,10 June 1973,1973,DSS,Discussion with Staff and Students,1.07,school,BR73DSS1.01-1.12,Learning is the most important thing,library/6A-k-school-discussions-england-and-switzerland/BR73DSS1.01-1.12/BR73DSS1.07 - Wanting to be different is still the same.m4a,06 - K School discussions.md#BR73DSS1.01-1.12,
BR73DSS1.08,6A,K School Discussions (England and Switzerland),Total attention,audio,98,BR,Brockwood Park,13 June 1973,1973,DSS,Discussion with Staff and Students,1.08,school,BR73DSS1.01-1.12,Learning is the most important thing,library/6A-k-school-discussions-england-and-switzerland/BR73DSS1.01-1.12/BR73DSS1.08 - Total attention.m4a,06 - K School discussions.md#BR73DSS1.01-1.12,
BR73DSS1.09,6A,K School Discussions (England and Switzerland),Living sanely in this insane world,audio,86,BR,Brockwood Park,17 June 1973,1973,DSS,Discussion with Staff and Students,1.09,school,BR73DSS1.01-1.12,Learning is the most important thing,library/6A-k-school-discussions-england-and-switzerland/BR73DSS1.01-1.12/BR73DSS1.09 - Living sanely in this insane world.m4a,06 - K School discussions.md#BR73DSS1.01-1.12,
BR73DSS1.10,6A,K School Discussions (England and Switzerland),"Love, relationship and images - 1",audio,102,BR,Brockwood Park,19 June 1973,1973,DSS,Discussion with Staff and Students,1.10,school,BR73DSS1.01-1.12,Learning is the most important thing,"library/6A-k-school-discussions-england-and-switzerland/BR73DSS1.01-1.12/BR73DSS1.10 - Love, relationship and images - 1.m4a",06 - K School discussions.md#BR73DSS1.01-1.12,
BR73DSS1.11,6A,K School Discussions (England and Switzerland),"Love, relationship and images - 2",audio,103,BR,Brockwood Park,24 June 1973,1973,DSS,Discussion with Staff and Students,1.11,school,BR73DSS1.01-1.12,Learning is the most important thing,"library/6A-k-school-discussions-england-and-switzerland/BR73DSS1.01-1.12/BR73DSS1.11 - Love, relationship and images - 2.m4a",06 - K School discussions.md#BR73DSS1.01-1.12,
BR73DSS1.12,6A,K School Discussions (England and Switzerland),Pleasure and pain,audio,102,BR,Brockwood Park,1 July 1973,1973,DSS,Discussion with Staff and Students,1.12,school,BR73DSS1.01-1.12,Learning is the most important thing,library/6A-k-school-discussions-england-and-switzerland/BR73DSS1.01-1.12/BR73DSS1.12 - Pleasure and pain.m4a,06 - K School discussions.md#BR73DSS1.01-1.12,
BR73DT1.2,6A,K School Discussions (England and Switzerland),Unconditioning yourself and the student while teaching,audio,84,BR,Brockwood Park,21 May 1973,1973,DT,Discussion with Teachers,1.2,school,BR73DT1.1-1.4,A seed of sanity,library/6A-k-school-discussions-england-and-switzerland/BR73DT1.1-1.4/BR73DT1.2 - Unconditioning yourself and the student while teaching.m4a,06 - K School discussions.md#BR73DT1.1-1.4,
BR73DT1.3,6A,K School Discussions (England and Switzerland),The place of knowledge,audio,74,BR,Brockwood Park,25 May 1973,1973,DT,Discussion with Teachers,1.3,school,BR73DT1.1-1.4,A seed of sanity,library/6A-k-school-discussions-england-and-switzerland/BR73DT1.1-1.4/BR73DT1.3 - The place of knowledge.m4a,06 - K School discussions.md#BR73DT1.1-1.4,
BR73DT1.4,6A,K School Discussions (England and Switzerland),Sanity in an insane world,audio,89,BR,Brockwood Park,1 June 1973,1973,DT,Discussion with Teachers,1.4,school,BR73DT1.1-1.4,A seed of sanity,library/6A-k-school-discussions-england-and-switzerland/BR73DT1.1-1.4/BR73DT1.4 - Sanity in an insane world.m4a,06 - K School discussions.md#BR73DT1.1-1.4,
BR74DSS1.1,6A,K School Discussions (England and Switzerland),The nature of compulsion,audio,95,BR,Brockwood Park,2 June 1974,1974,DSS,Discussion with Staff and Students,1.1,school,BR74DSS1.1-1-8,Thought is never free,library/6A-k-school-discussions-england-and-switzerland/BR74DSS1.1-1-8/BR74DSS1.1 - The nature of compulsion.m4a,06 - K School discussions.md#BR74DSS1.1-1-8,
BR74DSS1.2,6A,K School Discussions (England and Switzerland),Never to be hurt,audio,113,BR,Brockwood Park,6 June 1974,1974,DSS,Discussion with Staff and Students,1.2,school,BR74DSS1.1-1-8,Thought is never free,library/6A-k-school-discussions-england-and-switzerland/BR74DSS1.1-1-8/BR74DSS1.2 - Never to be hurt.m4a,06 - K School discussions.md#BR74DSS1.1-1-8,
BR74DSS1.3,6A,K School Discussions (England and Switzerland),Thought creates fear,audio,87,BR,Brockwood Park,9 June 1974,1974,DSS,Discussion with Staff and Students,1.3,school,BR74DSS1.1-1-8,Thought is never free,library/6A-k-school-discussions-england-and-switzerland/BR74DSS1.1-1-8/BR74DSS1.3 - Thought creates fear.m4a,06 - K School discussions.md#BR74DSS1.1-1-8,
BR74DSS1.4,6A,K School Discussions (England and Switzerland),The problem of influence,audio,90,BR,Brockwood Park,13 June 1974,1974,DSS,Discussion with Staff and Students,1.4,school,BR74DSS1.1-1-8,Thought is never free,library/6A-k-school-discussions-england-and-switzerland/BR74DSS1.1-1-8/BR74DSS1.4 - The problem of influence.m4a,06 - K School discussions.md#BR74DSS1.1-1-8,
BR74DSS1.5,6A,K School Discussions (England and Switzerland),Consciousness and attention,audio,76,BR,Brockwood Park,16 June 1974,1974,DSS,Discussion with Staff and Students,1.5,school,BR74DSS1.1-1-8,Thought is never free,library/6A-k-school-discussions-england-and-switzerland/BR74DSS1.1-1-8/BR74DSS1.5 - Consciousness and attention.m4a,06 - K School discussions.md#BR74DSS1.1-1-8,
BR74DSS1.6,6A,K School Discussions (England and Switzerland),Death and intelligence,audio,77,BR,Brockwood Park,20 June 1974,1974,DSS,Discussion with Staff and Students,1.6,school,BR74DSS1.1-1-8,Thought is never free,library/6A-k-school-discussions-england-and-switzerland/BR74DSS1.1-1-8/BR74DSS1.6 - Death and intelligence.m4a,06 - K School discussions.md#BR74DSS1.1-1-8,
BR74DSS1.7,6A,K School Discussions (England and Switzerland),The field of thought,audio,89,BR,Brockwood Park,23 June 1974,1974,DSS,Discussion with Staff and Students,1.7,school,BR74DSS1.1-1-8,Thought is never free,library/6A-k-school-discussions-england-and-switzerland/BR74DSS1.1-1-8/BR74DSS1.7 - The field of thought.m4a,06 - K School discussions.md#BR74DSS1.1-1-8,
BR74DSS1.8,6A,K School Discussions (England and Switzerland),Order and disorder,audio,89,BR,Brockwood Park,27 June 1974,1974,DSS,Discussion with Staff and Students,1.8,school,BR74DSS1.1-1-8,Thought is never free,library/6A-k-school-discussions-england-and-switzerland/BR74DSS1.1-1-8/BR74DSS1.8 - Order and disorder.m4a,06 - K School discussions.md#BR74DSS1.1-1-8,
BR75DSS1.01,6A,K School Discussions (England and Switzerland),Freedom to learn,audio,92,BR,Brockwood Park,5 May 1975,1975,DSS,Discussion with Staff and Students,1.01,school,BR75DSS1.1-1.15,Learn while you are young,library/6A-k-school-discussions-england-and-switzerland/BR75DSS1.1-1.15/BR75DSS1.01 - Freedom to learn.m4a,06 - K School discussions.md#BR75DSS1.1-1.15,
BR75DSS1.02,6A,K School Discussions (England and Switzerland),Authority and influence,audio,108,BR,Brockwood Park,9 May 1975,1975,DSS,Discussion with Staff and Students,1.02,school,BR75DSS1.1-1.15,Learn while you are young,library/6A-k-school-discussions-england-and-switzerland/BR75DSS1.1-1.15/BR75DSS1.02 - Authority and influence.m4a,06 - K School discussions.md#BR75DSS1.1-1.15,
BR75DSS1.03,6A,K School Discussions (England and Switzerland),What is the most important thing in life?,audio,100,BR,Brockwood Park,11 May 1975,1975,DSS,Discussion with Staff and Students,1.03,school,BR75DSS1.1-1.15,Learn while you are young,library/6A-k-school-discussions-england-and-switzerland/BR75DSS1.1-1.15/BR75DSS1.03 - What is the most important thing in life.m4a,06 - K School discussions.md#BR75DSS1.1-1.15,
BR75DSS1.04,6A,K School Discussions (England and Switzerland),Excellence,audio,90,BR,Brockwood Park,15 May 1975,1975,DSS,Discussion with Staff and Students,1.04,school,BR75DSS1.1-1.15,Learn while you are young,library/6A-k-school-discussions-england-and-switzerland/BR75DSS1.1-1.15/BR75DSS1.04 - Excellence.m4a,06 - K School discussions.md#BR75DSS1.1-1.15,
BR75DSS1.05,6A,K School Discussions (England and Switzerland),Like and dislike,audio,95,BR,Brockwood Park,18 May 1975,1975,DSS,Discussion with Staff and Students,1.05,school,BR75DSS1.1-1.15,Learn while you are young,library/6A-k-school-discussions-england-and-switzerland/BR75DSS1.1-1.15/BR75DSS1.05 - Like and dislike.m4a,06 - K School discussions.md#BR75DSS1.1-1.15,
BR75DSS1.06,6A,K School Discussions (England and Switzerland),Meditation and yoga,audio,83,BR,Brockwood Park,22 May 1975,1975,DSS,Discussion with Staff and Students,1.06,school,BR75DSS1.1-1.15,Learn while you are young,library/6A-k-school-discussions-england-and-switzerland/BR75DSS1.1-1.15/BR75DSS1.06 - Meditation and yoga.m4a,06 - K School discussions.md#BR75DSS1.1-1.15,
BR75DSS1.07,6A,K School Discussions (England and Switzerland),Thinking,audio,89,BR,Brockwood Park,25 May 1975,1975,DSS,Discussion with Staff and Students,1.07,school,BR75DSS1.1-1.15,Learn while you are young,library/6A-k-school-discussions-england-and-switzerland/BR75DSS1.1-1.15/BR75DSS1.07 - Thinking.m4a,06 - K School discussions.md#BR75DSS1.1-1.15,
BR75DSS1.08,6A,K School Discussions (England and Switzerland),The untidy mind,audio,86,BR,Brockwood Park,29 May 1975,1975,DSS,Discussion with Staff and Students,1.08,school,BR75DSS1.1-1.15,Learn while you are young,library/6A-k-school-discussions-england-and-switzerland/BR75DSS1.1-1.15/BR75DSS1.08 - The untidy mind.m4a,06 - K School discussions.md#BR75DSS1.1-1.15,
BR75DSS1.09,6A,K School Discussions (England and Switzerland),What silence is,audio,89,BR,Brockwood Park,1 June 1975,1975,DSS,Discussion with Staff and Students,1.09,school,BR75DSS1.1-1.15,Learn while you are young,library/6A-k-school-discussions-england-and-switzerland/BR75DSS1.1-1.15/BR75DSS1.09 - What silence is.m4a,06 - K School discussions.md#BR75DSS1.1-1.15,
BR75DSS1.10,6A,K School Discussions (England and Switzerland),Death and ending,audio,93,BR,Brockwood Park,3 June 1975,1975,DSS,Discussion with Staff and Students,1.10,school,BR75DSS1.1-1.15,Learn while you are young,library/6A-k-school-discussions-england-and-switzerland/BR75DSS1.1-1.15/BR75DSS1.10 - Death and ending.m4a,06 - K School discussions.md#BR75DSS1.1-1.15,
BR75DSS1.11,6A,K School Discussions (England and Switzerland),What will change man?,audio,103,BR,Brockwood Park,12 June 1975,1975,DSS,Discussion with Staff and Students,1.11,school,BR75DSS1.1-1.15,Learn while you are young,library/6A-k-school-discussions-england-and-switzerland/BR75DSS1.1-1.15/BR75DSS1.11 - What will change man.m4a,06 - K School discussions.md#BR75DSS1.1-1.15,
BR75DSS1.12,6A,K School Discussions (England and Switzerland),The superficial mind,audio,96,BR,Brockwood Park,15 June 1975,1975,DSS,Discussion with Staff and Students,1.12,school,BR75DSS1.1-1.15,Learn while you are young,library/6A-k-school-discussions-england-and-switzerland/BR75DSS1.1-1.15/BR75DSS1.12 - The superficial mind.m4a,06 - K School discussions.md#BR75DSS1.1-1.15,
BR75DSS1.13,6A,K School Discussions (England and Switzerland),Respect,audio,109,BR,Brockwood Park,19 June 1975,1975,DSS,Discussion with Staff and Students,1.13,school,BR75DSS1.1-1.15,Learn while you are young,library/6A-k-school-discussions-england-and-switzerland/BR75DSS1.1-1.15/BR75DSS1.13 - Respect.m4a,06 - K School discussions.md#BR75DSS1.1-1.15,
BR75DSS1.14,6A,K School Discussions (England and Switzerland),The whole content of my consciousness is me,audio,103,BR,Brockwood Park,22 June 1975,1975,DSS,Discussion with Staff and Students,1.14,school,BR75DSS1.1-1.15,Learn while you are young,library/6A-k-school-discussions-england-and-switzerland/BR75DSS1.1-1.15/BR75DSS1.14 - The whole content of my consciousness is me.m4a,06 - K School discussions.md#BR75DSS1.1-1.15,
BR75DSS1.15,6A,K School Discussions (England and Switzerland),Knowledge does not change man,audio,87,BR,Brockwood Park,26 June 1975,1975,DSS,Discussion with Staff and Students,1.15,school,BR75DSS1.1-1.15,Learn while you are young,library/6A-k-school-discussions-england-and-switzerland/BR75DSS1.1-1.15/BR75DSS1.15 - Knowledge does not change man.m4a,06 - K School discussions.md#BR75DSS1.1-1.15,
BR76DSS2.1,6A,K School Discussions (England and Switzerland),Acting without contradiction,video,63,BR,Brockwood Park,26 September 1976,1976,DSS,Discussion with Staff and Students,2.1,school,BR76DSS2.1-2.6,Learning is not competition,library/6A-k-school-discussions-england-and-switzerland/BR76DSS2.1-2.6/BR76DSS2.1 - Acting without contradiction.mp4,06 - K School discussions.md#BR76DSS2.1-2.6,Note: a total of 5 minutes and 40 seconds of missing video is replaced by audio only.
BR76DSS2.2,6A,K School Discussions (England and Switzerland),Is there a different way of helping the student to learn?,video,85,BR,Brockwood Park,30 September 1976,1976,DSS,Discussion with Staff and Students,2.2,school,BR76DSS2.1-2.6,Learning is not competition,library/6A-k-school-discussions-england-and-switzerland/BR76DSS2.1-2.6/BR76DSS2.2 - Is there a different way of helping the student to learn.mp4,06 - K School discussions.md#BR76DSS2.1-2.6,Note: a total of 3 minutes and 12 seconds of missing video is replaced by audio only.
BR76DSS2.3,6A,K School Discussions (England and Switzerland),What is love?,video,77,BR,Brockwood Park,3 October 1976,1976,DSS,Discussion with Staff and Students,2.3,school,BR76DSS2.1-2.6,Learning is not competition,library/6A-k-school-discussions-england-and-switzerland/BR76DSS2.1-2.6/BR76DSS2.3 - What is love.mp4,06 - K School discussions.md#BR76DSS2.1-2.6,Note: a total of 9 minutes and 21 seconds of missing video is replaced by audio only.
BR76DSS2.4,6A,K School Discussions (England and Switzerland),"If you radically, psychologically change, you affect the consciousness of the world",video,81,BR,Brockwood Park,8 October 1976,1976,DSS,Discussion with Staff and Students,2.4,school,BR76DSS2.1-2.6,Learning is not competition,"library/6A-k-school-discussions-england-and-switzerland/BR76DSS2.1-2.6/BR76DSS2.4 - If you radically, psychologically change, you affect the consciousness of the world.mp4",06 - K School discussions.md#BR76DSS2.1-2.6,
BR76DSS2.5,6A,K School Discussions (England and Switzerland),Inward flowering,video,81,BR,Brockwood Park,10 October 1976,1976,DSS,Discussion with Staff and Students,2.5,school,BR76DSS2.1-2.6,Learning is not competition,library/6A-k-school-discussions-england-and-switzerland/BR76DSS2.1-2.6/BR76DSS2.5 - Inward flowering.mp4,06 - K School discussions.md#BR76DSS2.1-2.6,
BR76DSS2.6,6A,K School Discussions (England and Switzerland),Can the constant movement of thought come to an end?,video,74,BR,Brockwood Park,14 October 1976,1976,DSS,Discussion with Staff and Students,2.6,school,BR76DSS2.1-2.6,Learning is not competition,library/6A-k-school-discussions-england-and-switzerland/BR76DSS2.1-2.6/BR76DSS2.6 - Can the constant movement of thought come to an end.mp4,06 - K School discussions.md#BR76DSS2.1-2.6,Note: a total of 4 minutes and 10 seconds of missing video is replaced by audio only.
BR76DT1,6A,K School Discussions (England and Switzerland),What is my relationship with the students?,video,103,BR,Brockwood Park,9 September 1976,1976,DT,Discussion with Teachers,1,school,BR76DT1-6,How will you awaken intelligence in a student?,library/6A-k-school-discussions-england-and-switzerland/BR76DT1-6/BR76DT1 - What is my relationship with the students.mp4,06 - K School discussions.md#BR76DT1-6,Note: a total of 47 minutes and 48 seconds of missing video is replaced by audio only.
BR76DT2,6A,K School Discussions (England and Switzerland),How do you bring about order without authority?,video,99,BR,Brockwood Park,11 September 1976,1976,DT,Discussion with Teachers,2,school,BR76DT1-6,How will you awaken intelligence in a student?,library/6A-k-school-discussions-england-and-switzerland/BR76DT1-6/BR76DT2 - How do you bring about order without authority.mp4,06 - K School discussions.md#BR76DT1-6,Note: a total of 32 seconds of missing video is replaced by audio only.
BR76DT3,6A,K School Discussions (England and Switzerland),In the ending of violence is the flowering of intelligence,video,110,BR,Brockwood Park,16 September 1976,1976,DT,Discussion with Teachers,3,school,BR76DT1-6,How will you awaken intelligence in a student?,library/6A-k-school-discussions-england-and-switzerland/BR76DT1-6/BR76DT3 - In the ending of violence is the flowering of intelligence.mp4,06 - K School discussions.md#BR76DT1-6,Note: a total of 39 seconds of missing video is replaced by audio only.
BR76DT4,6A,K School Discussions (England and Switzerland),Intelligence is to see something very clearly and act instantly,video,108,BR,Brockwood Park,18 September 1976,1976,DT,Discussion with Teachers,4,school,BR76DT1-6,How will you awaken intelligence in a student?,library/6A-k-school-discussions-england-and-switzerland/BR76DT1-6/BR76DT4 - Intelligence is to see something very clearly and act instantly.mp4,06 - K School discussions.md#BR76DT1-6,
BR76DT5,6A,K School Discussions (England and Switzerland),Investigating fear,video,122,BR,Brockwood Park,20 September 1976,1976,DT,Discussion with Teachers,5,school,BR76DT1-6,How will you awaken intelligence in a student?,library/6A-k-school-discussions-england-and-switzerland/BR76DT1-6/BR76DT5 - Investigating fear.mp4,06 - K School discussions.md#BR76DT1-6,Note: a total of 4 minutes and 42 seconds of missing video is replaced by audio only.
BR76DT6,6A,K School Discussions (England and Switzerland),Do we see the importance of the radical transformation of the human mind?,video,86,BR,Brockwood Park,24 September 1976,1976,DT,Discussion with Teachers,6,school,BR76DT1-6,How will you awaken intelligence in a student?,library/6A-k-school-discussions-england-and-switzerland/BR76DT1-6/BR76DT6 - Do we see the importance of the radical transformation of the human mind.mp4,06 - K School discussions.md#BR76DT1-6,Note: a total of 23 seconds of missing video is replaced by audio only.
BR77DSS1.1,6A,K School Discussions (England and Switzerland),"Sex, money, power and relationship",video,80,BR,Brockwood Park,24 January 1977,1977,DSS,Discussion with Staff and Students,1.1,school,BR77DSS1.1-1.2,Can you act in the world without any pressure from,"library/6A-k-school-discussions-england-and-switzerland/BR77DSS1.1-1.2/BR77DSS1.1 - Sex, money, power and relationship.mp4",06 - K School discussions.md#BR77DSS1.1-1.2,
BR77DSS1.2,6A,K School Discussions (England and Switzerland),"Order, influence, intelligence and watching",video,83,BR,Brockwood Park,28 January 1977,1977,DSS,Discussion with Staff and Students,1.2,school,BR77DSS1.1-1.2,Can you act in the world without any pressure from,"library/6A-k-school-discussions-england-and-switzerland/BR77DSS1.1-1.2/BR77DSS1.2 - Order, influence, intelligence and watching.mp4",06 - K School discussions.md#BR77DSS1.1-1.2,
BR77DSS2.1,6A,K School Discussions (England and Switzerland),What is the common factor amongst all of us?,video,47,BR,Brockwood Park,24 September 1977,1977,DSS,Discussion with Staff and Students,2.1,school,BR77DSS2.1-2.8,What happens to the brain that is completely free from all,library/6A-k-school-discussions-england-and-switzerland/BR77DSS2.1-2.8/BR77DSS2.1 - What is the common factor amongst all of us.mp4,06 - K School discussions.md#BR77DSS2.1-2.8,
BR77DSS2.2,6A,K School Discussions (England and Switzerland),Are you aware that you are conditioned?,video,90,BR,Brockwood Park,2 October 1977,1977,DSS,Discussion with Staff and Students,2.2,school,BR77DSS2.1-2.8,What happens to the brain that is completely free from all,library/6A-k-school-discussions-england-and-switzerland/BR77DSS2.1-2.8/BR77DSS2.2 - Are you aware that you are conditioned.mp4,06 - K School discussions.md#BR77DSS2.1-2.8,
BR77DSS2.3,6A,K School Discussions (England and Switzerland),"Freedom, authority and responsibility",video,84,BR,Brockwood Park,6 October 1977,1977,DSS,Discussion with Staff and Students,2.3,school,BR77DSS2.1-2.8,What happens to the brain that is completely free from all,"library/6A-k-school-discussions-england-and-switzerland/BR77DSS2.1-2.8/BR77DSS2.3 - Freedom, authority and responsibility.mp4",06 - K School discussions.md#BR77DSS2.1-2.8,Note: a total of 8 seconds of missing video is replaced by audio only.
BR77DSS2.4,6A,K School Discussions (England and Switzerland),Why does the brain register?,video,80,BR,Brockwood Park,9 October 1977,1977,DSS,Discussion with Staff and Students,2.4,school,BR77DSS2.1-2.8,What happens to the brain that is completely free from all,library/6A-k-school-discussions-england-and-switzerland/BR77DSS2.1-2.8/BR77DSS2.4 - Why does the brain register.mp4,06 - K School discussions.md#BR77DSS2.1-2.8,
BR77DSS2.5,6A,K School Discussions (England and Switzerland),Is there a way of living with no shadow of fear?,video,89,BR,Brockwood Park,13 October 1977,1977,DSS,Discussion with Staff and Students,2.5,school,BR77DSS2.1-2.8,What happens to the brain that is completely free from all,library/6A-k-school-discussions-england-and-switzerland/BR77DSS2.1-2.8/BR77DSS2.5 - Is there a way of living with no shadow of fear.mp4,06 - K School discussions.md#BR77DSS2.1-2.8,Note: a total of 19 seconds of missing video is replaced by audio only.
BR77DSS2.6,6A,K School Discussions (England and Switzerland),The difference between duty and responsibility,video,97,BR,Brockwood Park,16 October 1977,1977,DSS,Discussion with Staff and Students,2.6,school,BR77DSS2.1-2.8,What happens to the brain that is completely free from all,library/6A-k-school-discussions-england-and-switzerland/BR77DSS2.1-2.8/BR77DSS2.6 - The difference between duty and responsibility.mp4,06 - K School discussions.md#BR77DSS2.1-2.8,Note: a total of 44 minutes and 10 seconds of missing video is replaced by audio only.
BR77DSS2.7,6A,K School Discussions (England and Switzerland),"The importance of living a life that is whole, not fragmented",video,74,BR,Brockwood Park,23 October 1977,1977,DSS,Discussion with Staff and Students,2.7,school,BR77DSS2.1-2.8,What happens to the brain that is completely free from all,"library/6A-k-school-discussions-england-and-switzerland/BR77DSS2.1-2.8/BR77DSS2.7 - The importance of living a life that is whole, not fragmented.mp4",06 - K School discussions.md#BR77DSS2.1-2.8,Note: a total of 55 minutes and 42 seconds of missing video is replaced by audio only.
BR77DSS2.8,6A,K School Discussions (England and Switzerland),Can the brain be aware of its movement of accumulation?,video,85,BR,Brockwood Park,30 October 1977,1977,DSS,Discussion with Staff and Students,2.8,school,BR77DSS2.1-2.8,What happens to the brain that is completely free from all,library/6A-k-school-discussions-england-and-switzerland/BR77DSS2.1-2.8/BR77DSS2.8 - Can the brain be aware of its movement of accumulation.mp4,06 - K School discussions.md#BR77DSS2.1-2.8,Note: a total of 21 seconds of missing video is replaced by audio only.
BR78DSS1.1,6A,K School Discussions (England and Switzerland),Can you give equal importance to all the things in your life?,video,78,BR,Brockwood Park,9 May 1978,1978,DSS,Discussion with Staff and Students,1.1,school,BR78DSS1.1-1.5,What is the real beauty of relationship?,library/6A-k-school-discussions-england-and-switzerland/BR78DSS1.1-1.5/BR78DSS1.1 - Can you give equal importance to all the things in your life.mp4,06 - K School discussions.md#BR78DSS1.1-1.5,Note: a total of 21 minutes and 44 seconds of missing video is replaced by audio only.
BR78DSS1.2,6A,K School Discussions (England and Switzerland),Can thought bring about a life that is totally harmonious?,video,69,BR,Brockwood Park,14 May 1978,1978,DSS,Discussion with Staff and Students,1.2,school,BR78DSS1.1-1.5,What is the real beauty of relationship?,library/6A-k-school-discussions-england-and-switzerland/BR78DSS1.1-1.5/BR78DSS1.2 - Can thought bring about a life that is totally harmonious.mp4,06 - K School discussions.md#BR78DSS1.1-1.5,Note: a total of 2 minutes and 52 seconds of missing video is replaced by audio only.
BR78DSS1.3,6A,K School Discussions (England and Switzerland),What is the essence of relationship?,video,75,BR,Brockwood Park,21 May 1978,1978,DSS,Discussion with Staff and Students,1.3,school,BR78DSS1.1-1.5,What is the real beauty of relationship?,library/6A-k-school-discussions-england-and-switzerland/BR78DSS1.1-1.5/BR78DSS1.3 - What is the essence of relationship.mp4,06 - K School discussions.md#BR78DSS1.1-1.5,
BR78DSS1.4,6A,K School Discussions (England and Switzerland),Can you learn about yourself totally independently from others?,video,62,BR,Brockwood Park,28 May 1978,1978,DSS,Discussion with Staff and Students,1.4,school,BR78DSS1.1-1.5,What is the real beauty of relationship?,library/6A-k-school-discussions-england-and-switzerland/BR78DSS1.1-1.5/BR78DSS1.4 - Can you learn about yourself totally independently from others.mp4,06 - K School discussions.md#BR78DSS1.1-1.5,Note: a total of 3 minutes and 29 seconds of missing video is replaced by audio only.
BR78DSS1.5,6A,K School Discussions (England and Switzerland),Why do we make sex into a problem?,video,63,BR,Brockwood Park,19 June 1978,1978,DSS,Discussion with Staff and Students,1.5,school,BR78DSS1.1-1.5,What is the real beauty of relationship?,library/6A-k-school-discussions-england-and-switzerland/BR78DSS1.1-1.5/BR78DSS1.5 - Why do we make sex into a problem.mp4,06 - K School discussions.md#BR78DSS1.1-1.5,
BR78DSS2.1,6A,K School Discussions (England and Switzerland),Is there an awakening of intelligence in you?,video,74,BR,Brockwood Park,1 October 1978,1978,DSS,Discussion with Staff and Students,2.1,school,BR78DSS2.1-2.4,Demanding intelligence,library/6A-k-school-discussions-england-and-switzerland/BR78DSS2.1-2.4/BR78DSS2.1 - Is there an awakening of intelligence in you.mp4,06 - K School discussions.md#BR78DSS2.1-2.4,
BR78DSS2.2,6A,K School Discussions (England and Switzerland),Intelligence is not personal,video,73,BR,Brockwood Park,15 October 1978,1978,DSS,Discussion with Staff and Students,2.2,school,BR78DSS2.1-2.4,Demanding intelligence,library/6A-k-school-discussions-england-and-switzerland/BR78DSS2.1-2.4/BR78DSS2.2 - Intelligence is not personal.mp4,06 - K School discussions.md#BR78DSS2.1-2.4,
BR78DSS2.3,6A,K School Discussions (England and Switzerland),Desire,video,77,BR,Brockwood Park,22 October 1978,1978,DSS,Discussion with Staff and Students,2.3,school,BR78DSS2.1-2.4,Demanding intelligence,library/6A-k-school-discussions-england-and-switzerland/BR78DSS2.1-2.4/BR78DSS2.3 - Desire.mp4,06 - K School discussions.md#BR78DSS2.1-2.4,Note: a total of 6 seconds of missing video is replaced by audio only.
BR78DSS2.4,6A,K School Discussions (England and Switzerland),The flame of discontent,video,60,BR,Brockwood Park,29 October 1978,1978,DSS,Discussion with Staff and Students,2.4,school,BR78DSS2.1-2.4,Demanding intelligence,library/6A-k-school-discussions-england-and-switzerland/BR78DSS2.1-2.4/BR78DSS2.4 - The flame of discontent.mp4,06 - K School discussions.md#BR78DSS2.1-2.4,
BR78DT1,6A,K School Discussions (England and Switzerland),What is intelligent action?,video,89,BR,Brockwood Park,20 October 1978,1978,DT,Discussion with Teachers,1,school,BR78DT1-2,Is it possible to educate the students to be totally non-selfish?,library/6A-k-school-discussions-england-and-switzerland/BR78DT1-2/BR78DT1 - What is intelligent action.mp4,06 - K School discussions.md#BR78DT1-2,
BR79DSS1.1,6A,K School Discussions (England and Switzerland),Preoccupation and security,audio,108,BR,Brockwood Park,20 May 1979,1979,DSS,Discussion with Staff and Students,1.1,school,BR79DSS1.1-1.6,How do we bring about a harmonious life?,library/6A-k-school-discussions-england-and-switzerland/BR79DSS1.1-1.6/BR79DSS1.1 - Preoccupation and security.m4a,06 - K School discussions.md#BR79DSS1.1-1.6,
BR79DSS1.2,6A,K School Discussions (England and Switzerland),On being good,video,75,BR,Brockwood Park,27 May 1979,1979,DSS,Discussion with Staff and Students,1.2,school,BR79DSS1.1-1.6,How do we bring about a harmonious life?,library/6A-k-school-discussions-england-and-switzerland/BR79DSS1.1-1.6/BR79DSS1.2 - On being good.mp4,06 - K School discussions.md#BR79DSS1.1-1.6,Note: a total of 13 minutes and 46 seconds of missing video is replaced by audio only.
BR79DSS1.3,6A,K School Discussions (England and Switzerland),What has man made of himself psychologically?,audio,74,BR,Brockwood Park,3 June 1979,1979,DSS,Discussion with Staff and Students,1.3,school,BR79DSS1.1-1.6,How do we bring about a harmonious life?,library/6A-k-school-discussions-england-and-switzerland/BR79DSS1.1-1.6/BR79DSS1.3 - What has man made of himself psychologically.m4a,06 - K School discussions.md#BR79DSS1.1-1.6,
BR79DSS1.4,6A,K School Discussions (England and Switzerland),What is the purpose of life?,audio,88,BR,Brockwood Park,10 June 1979,1979,DSS,Discussion with Staff and Students,1.4,school,BR79DSS1.1-1.6,How do we bring about a harmonious life?,library/6A-k-school-discussions-england-and-switzerland/BR79DSS1.1-1.6/BR79DSS1.4 - What is the purpose of life.m4a,06 - K School discussions.md#BR79DSS1.1-1.6,
BR79DSS1.5,6A,K School Discussions (England and Switzerland),Why is the mind always occupied?,video,80,BR,Brockwood Park,17 June 1979,1979,DSS,Discussion with Staff and Students,1.5,school,BR79DSS1.1-1.6,How do we bring about a harmonious life?,library/6A-k-school-discussions-england-and-switzerland/BR79DSS1.1-1.6/BR79DSS1.5 - Why is the mind always occupied.mp4,06 - K School discussions.md#BR79DSS1.1-1.6,Note: a total of 13 seconds of missing video is replaced by audio only.
BR79DSS1.6,6A,K School Discussions (England and Switzerland),Thinking together,video,67,BR,Brockwood Park,24 June 1979,1979,DSS,Discussion with Staff and Students,1.6,school,BR79DSS1.1-1.6,How do we bring about a harmonious life?,library/6A-k-school-discussions-england-and-switzerland/BR79DSS1.1-1.6/BR79DSS1.6 - Thinking together.mp4,06 - K School discussions.md#BR79DSS1.1-1.6,
BR79DSS2.1,6A,K School Discussions (England and Switzerland),Freedom and responsibility,video,62,BR,Brockwood Park,30 September 1979,1979,DSS,Discussion with Staff and Students,2.1,school,BR79DSS2.1-2.2,Freedom implies love and responsibility,library/6A-k-school-discussions-england-and-switzerland/BR79DSS2.1-2.2/BR79DSS2.1 - Freedom and responsibility.mp4,06 - K School discussions.md#BR79DSS2.1-2.2,
BR79DSS2.2,6A,K School Discussions (England and Switzerland),What does it mean to live an intelligent life?,video,76,BR,Brockwood Park,7 October 1979,1979,DSS,Discussion with Staff and Students,2.2,school,BR79DSS2.1-2.2,Freedom implies love and responsibility,library/6A-k-school-discussions-england-and-switzerland/BR79DSS2.1-2.2/BR79DSS2.2 - What does it mean to live an intelligent life.mp4,06 - K School discussions.md#BR79DSS2.1-2.2,
BR79DT2.1,6A,K School Discussions (England and Switzerland),The relationship between teacher and student,video,54,BR,Brockwood Park,17 June 1979,1979,DT,Discussion with Teachers,2.1,school,BR79DT2.1-2.3,How can we help the student to understand the nature of,library/6A-k-school-discussions-england-and-switzerland/BR79DT2.1-2.3/BR79DT2.1 - The relationship between teacher and student.mp4,06 - K School discussions.md#BR79DT2.1-2.3,
BR79DT2.2,6A,K School Discussions (England and Switzerland),We have divided life as the outer and the inner,video,57,BR,Brockwood Park,20 June 1979,1979,DT,Discussion with Teachers,2.2,school,BR79DT2.1-2.3,How can we help the student to understand the nature of,library/6A-k-school-discussions-england-and-switzerland/BR79DT2.1-2.3/BR79DT2.2 - We have divided life as the outer and the inner.mp4,06 - K School discussions.md#BR79DT2.1-2.3,
BR79DT2.3,6A,K School Discussions (England and Switzerland),The art of listening,video,56,BR,Brockwood Park,23 June 1979,1979,DT,Discussion with Teachers,2.3,school,BR79DT2.1-2.3,How can we help the student to understand the nature of,library/6A-k-school-discussions-england-and-switzerland/BR79DT2.1-2.3/BR79DT2.3 - The art of listening.mp4,06 - K School discussions.md#BR79DT2.1-2.3,
BR80DSG2.0,6A,K School Discussions (England and Switzerland),Thought is the beginning of desire,video,60,BR,Brockwood Park,7 October 1980,1980,DSG,Discussion with Small Group,2.0,school,,,library/6A-k-school-discussions-england-and-switzerland/BR80DSG2.0 - Thought is the beginning of desire.mp4,06 - K School discussions.md#standalone,
BR80DSS1.1,6A,K School Discussions (England and Switzerland),Intelligence is to observe authority not revolt against it,video,55,BR,Brockwood Park,1 June 1980,1980,DSS,Discussion with Staff and Students,1.1,school,BR80DSS1.1-1.4,Is Brockwood helping you to be totally responsible for,library/6A-k-school-discussions-england-and-switzerland/BR80DSS1.1-1.4/BR80DSS1.1 - Intelligence is to observe authority not revolt against it.mp4,06 - K School discussions.md#BR80DSS1.1-1.4,
BR80DSS1.2,6A,K School Discussions (England and Switzerland),Are we helping each other not to be mediocre?,video,77,BR,Brockwood Park,8 June 1980,1980,DSS,Discussion with Staff and Students,1.2,school,BR80DSS1.1-1.4,Is Brockwood helping you to be totally responsible for,library/6A-k-school-discussions-england-and-switzerland/BR80DSS1.1-1.4/BR80DSS1.2 - Are we helping each other not to be mediocre.mp4,06 - K School discussions.md#BR80DSS1.1-1.4,Note: a total of 4 seconds of missing video is replaced by audio only.
BR80DSS1.3,6A,K School Discussions (England and Switzerland),What is desire and what is thinking?,audio,89,BR,Brockwood Park,15 June 1980,1980,DSS,Discussion with Staff and Students,1.3,school,BR80DSS1.1-1.4,Is Brockwood helping you to be totally responsible for,library/6A-k-school-discussions-england-and-switzerland/BR80DSS1.1-1.4/BR80DSS1.3 - What is desire and what is thinking.m4a,06 - K School discussions.md#BR80DSS1.1-1.4,
BR80DSS1.4,6A,K School Discussions (England and Switzerland),Is there such thing as right action?,audio,74,BR,Brockwood Park,22 June 1980,1980,DSS,Discussion with Staff and Students,1.4,school,BR80DSS1.1-1.4,Is Brockwood helping you to be totally responsible for,library/6A-k-school-discussions-england-and-switzerland/BR80DSS1.1-1.4/BR80DSS1.4 - Is there such thing as right action.m4a,06 - K School discussions.md#BR80DSS1.1-1.4,
BR80DSS2.1,6A,K School Discussions (England and Switzerland),Is it possible to grow up without any kind of fear?,audio,56,BR,Brockwood Park,28 September 1980,1980,DSS,Discussion with Staff and Students,2.1,school,BR80DSS2.1-2.2,Learning through listening,library/6A-k-school-discussions-england-and-switzerland/BR80DSS2.1-2.2/BR80DSS2.1 - Is it possible to grow up without any kind of fear.m4a,06 - K School discussions.md#BR80DSS2.1-2.2,
BR80DSS2.2,6A,K School Discussions (England and Switzerland),Why don't we flower?,video,92,BR,Brockwood Park,5 October 1980,1980,DSS,Discussion with Staff and Students,2.2,school,BR80DSS2.1-2.2,Learning through listening,library/6A-k-school-discussions-england-and-switzerland/BR80DSS2.1-2.2/BR80DSS2.2 - Why don't we flower.mp4,06 - K School discussions.md#BR80DSS2.1-2.2,Note: a total of 40 seconds of missing video is replaced by audio only.
BR80DT2.1,6A,K School Discussions (England and Switzerland),Do we want a children’s school at Brockwood?,video,115,BR,Brockwood Park,16 September 1980,1980,DT,Discussion with Teachers,2.1,school,BR80DT2.1-2.8,What makes us think and cooperate together?,library/6A-k-school-discussions-england-and-switzerland/BR80DT2.1-2.8/BR80DT2.1 - Do we want a children’s school at Brockwood.mp4,06 - K School discussions.md#BR80DT2.1-2.8,Note: a total of 4 minutes and 30 seconds of missing video is replaced by audio only.
BR80DT2.2,6A,K School Discussions (England and Switzerland),Do we think together?,video,71,BR,Brockwood Park,18 September 1980,1980,DT,Discussion with Teachers,2.2,school,BR80DT2.1-2.8,What makes us think and cooperate together?,library/6A-k-school-discussions-england-and-switzerland/BR80DT2.1-2.8/BR80DT2.2 - Do we think together.mp4,06 - K School discussions.md#BR80DT2.1-2.8,
BR80DT2.3,6A,K School Discussions (England and Switzerland),On cooperation and feeling isolated,audio,105,BR,Brockwood Park,21 September 1980,1980,DT,Discussion with Teachers,2.3,school,BR80DT2.1-2.8,What makes us think and cooperate together?,library/6A-k-school-discussions-england-and-switzerland/BR80DT2.1-2.8/BR80DT2.3 - On cooperation and feeling isolated.m4a,06 - K School discussions.md#BR80DT2.1-2.8,
BR80DT2.4,6A,K School Discussions (England and Switzerland),Investigating the burden of anxiety,audio,90,BR,Brockwood Park,23 September 1980,1980,DT,Discussion with Teachers,2.4,school,BR80DT2.1-2.8,What makes us think and cooperate together?,library/6A-k-school-discussions-england-and-switzerland/BR80DT2.1-2.8/BR80DT2.4 - Investigating the burden of anxiety.m4a,06 - K School discussions.md#BR80DT2.1-2.8,
BR80DT2.5,6A,K School Discussions (England and Switzerland),On being limited and having problems,audio,84,BR,Brockwood Park,26 September 1980,1980,DT,Discussion with Teachers,2.5,school,BR80DT2.1-2.8,What makes us think and cooperate together?,library/6A-k-school-discussions-england-and-switzerland/BR80DT2.1-2.8/BR80DT2.5 - On being limited and having problems.m4a,06 - K School discussions.md#BR80DT2.1-2.8,
BR80DT2.6,6A,K School Discussions (England and Switzerland),Where there is a psychological image you inevitably produce conflict,audio,96,BR,Brockwood Park,2 October 1980,1980,DT,Discussion with Teachers,2.6,school,BR80DT2.1-2.8,What makes us think and cooperate together?,library/6A-k-school-discussions-england-and-switzerland/BR80DT2.1-2.8/BR80DT2.6 - Where there is a psychological image you inevitably produce conflict.m4a,06 - K School discussions.md#BR80DT2.1-2.8,
BR80DT2.7,6A,K School Discussions (England and Switzerland),Do we want a school where leisure is used for a serious purpose?,audio,79,BR,Brockwood Park,4 October 1980,1980,DT,Discussion with Teachers,2.7,school,BR80DT2.1-2.8,What makes us think and cooperate together?,library/6A-k-school-discussions-england-and-switzerland/BR80DT2.1-2.8/BR80DT2.7 - Do we want a school where leisure is used for a serious purpose.m4a,06 - K School discussions.md#BR80DT2.1-2.8,
BR80DT2.8,6A,K School Discussions (England and Switzerland),What is the intention of Brockwood if we don’t have young students?,audio,71,BR,Brockwood Park,25 October 1980,1980,DT,Discussion with Teachers,2.8,school,BR80DT2.1-2.8,What makes us think and cooperate together?,library/6A-k-school-discussions-england-and-switzerland/BR80DT2.1-2.8/BR80DT2.8 - What is the intention of Brockwood if we don’t have young students.m4a,06 - K School discussions.md#BR80DT2.1-2.8,
BR81DSS1,6A,K School Discussions (England and Switzerland),Why are we being educated?,audio,71,BR,Brockwood Park,31 May 1981,1981,DSS,Discussion with Staff and Students,1,school,BR81DSS1-3,Is there a solution to all psychological problems?,library/6A-k-school-discussions-england-and-switzerland/BR81DSS1-3/BR81DSS1 - Why are we being educated.m4a,06 - K School discussions.md#BR81DSS1-3,
BR81DSS2,6A,K School Discussions (England and Switzerland),Thought and knowledge,video,75,BR,Brockwood Park,14 June 1981,1981,DSS,Discussion with Staff and Students,2,school,BR81DSS1-3,Is there a solution to all psychological problems?,library/6A-k-school-discussions-england-and-switzerland/BR81DSS1-3/BR81DSS2 - Thought and knowledge.mp4,06 - K School discussions.md#BR81DSS1-3,
BR81DSS3,6A,K School Discussions (England and Switzerland),Why haven't we been able to resolve our problems?,video,73,BR,Brockwood Park,21 June 1981,1981,DSS,Discussion with Staff and Students,3,school,BR81DSS1-3,Is there a solution to all psychological problems?,library/6A-k-school-discussions-england-and-switzerland/BR81DSS1-3/BR81DSS3 - Why haven't we been able to resolve our problems.mp4,06 - K School discussions.md#BR81DSS1-3,
BR81DT1,6A,K School Discussions (England and Switzerland),What place has knowledge in life?,video,100,BR,Brockwood Park,5 June 1981,1981,DT,Discussion with Teachers,1,school,BR81DT1-6,Can we educate ourselves and students to understand conflict,library/6A-k-school-discussions-england-and-switzerland/BR81DT1-6/BR81DT1 - What place has knowledge in life.mp4,06 - K School discussions.md#BR81DT1-6,Note: a total of 30 seconds of missing video is replaced by audio only.
BR81DT2,6A,K School Discussions (England and Switzerland),Is it possible to end conflict?,video,118,BR,Brockwood Park,6 June 1981,1981,DT,Discussion with Teachers,2,school,BR81DT1-6,Can we educate ourselves and students to understand conflict,library/6A-k-school-discussions-england-and-switzerland/BR81DT1-6/BR81DT2 - Is it possible to end conflict.mp4,06 - K School discussions.md#BR81DT1-6,Note: a total of 20 seconds of missing video is replaced by audio only.
BR81DT3,6A,K School Discussions (England and Switzerland),Is there a deep change taking place in us?,video,126,BR,Brockwood Park,12 June 1981,1981,DT,Discussion with Teachers,3,school,BR81DT1-6,Can we educate ourselves and students to understand conflict,library/6A-k-school-discussions-england-and-switzerland/BR81DT1-6/BR81DT3 - Is there a deep change taking place in us.mp4,06 - K School discussions.md#BR81DT1-6,"Note: a total of 1 hour, 3 minutes and 11 seconds of missing video is replaced by audio only."
BR81DT4,6A,K School Discussions (England and Switzerland),Leisure,video,119,BR,Brockwood Park,19 June 1981,1981,DT,Discussion with Teachers,4,school,BR81DT1-6,Can we educate ourselves and students to understand conflict,library/6A-k-school-discussions-england-and-switzerland/BR81DT1-6/BR81DT4 - Leisure.mp4,06 - K School discussions.md#BR81DT1-6,
BR81DT5,6A,K School Discussions (England and Switzerland),What is the quality of your mind?,video,91,BR,Brockwood Park,20 June 1981,1981,DT,Discussion with Teachers,5,school,BR81DT1-6,Can we educate ourselves and students to understand conflict,library/6A-k-school-discussions-england-and-switzerland/BR81DT1-6/BR81DT5 - What is the quality of your mind.mp4,06 - K School discussions.md#BR81DT1-6,
BR81DT6,6A,K School Discussions (England and Switzerland),Individuality,video,104,BR,Brockwood Park,23 June 1981,1981,DT,Discussion with Teachers,6,school,BR81DT1-6,Can we educate ourselves and students to understand conflict,library/6A-k-school-discussions-england-and-switzerland/BR81DT1-6/BR81DT6 - Individuality.mp4,06 - K School discussions.md#BR81DT1-6,
BR82DSS1.1,6A,K School Discussions (England and Switzerland),Can you live without a single problem?,video,76,BR,Brockwood Park,30 May 1982,1982,DSS,Discussion with Staff and Students,1.1,school,BR82DSS1.1-1.4,What does it mean to be a good human being?,library/6A-k-school-discussions-england-and-switzerland/BR82DSS1.1-1.4/BR82DSS1.1 - Can you live without a single problem.mp4,06 - K School discussions.md#BR82DSS1.1-1.4,Note: a total of 33 seconds of missing video is replaced by audio only.
BR82DSS1.2,6A,K School Discussions (England and Switzerland),Opposites,video,97,BR,Brockwood Park,13 June 1982,1982,DSS,Discussion with Staff and Students,1.2,school,BR82DSS1.1-1.4,What does it mean to be a good human being?,library/6A-k-school-discussions-england-and-switzerland/BR82DSS1.1-1.4/BR82DSS1.2 - Opposites.mp4,06 - K School discussions.md#BR82DSS1.1-1.4,Note: a total of 21 minutes and 2 seconds of missing video is replaced by audio only.
BR82DSS1.3,6A,K School Discussions (England and Switzerland),Is there energy which is not at all wasted?,audio,99,BR,Brockwood Park,20 June 1982,1982,DSS,Discussion with Staff and Students,1.3,school,BR82DSS1.1-1.4,What does it mean to be a good human being?,library/6A-k-school-discussions-england-and-switzerland/BR82DSS1.1-1.4/BR82DSS1.3 - Is there energy which is not at all wasted.m4a,06 - K School discussions.md#BR82DSS1.1-1.4,
BR82DSS1.4,6A,K School Discussions (England and Switzerland),What are the factors that bring about a good human being?,audio,99,BR,Brockwood Park,27 June 1982,1982,DSS,Discussion with Staff and Students,1.4,school,BR82DSS1.1-1.4,What does it mean to be a good human being?,library/6A-k-school-discussions-england-and-switzerland/BR82DSS1.1-1.4/BR82DSS1.4 - What are the factors that bring about a good human being.m4a,06 - K School discussions.md#BR82DSS1.1-1.4,
BR82DSS2.1,6A,K School Discussions (England and Switzerland),Love has no hurt,audio,82,BR,Brockwood Park,3 October 1982,1982,DSS,Discussion with Staff and Students,2.1,school,BR82DSS2.1-2.3,Can you live a life of great intelligence and integrity?,library/6A-k-school-discussions-england-and-switzerland/BR82DSS2.1-2.3/BR82DSS2.1 - Love has no hurt.m4a,06 - K School discussions.md#BR82DSS2.1-2.3,
BR82DSS2.2,6A,K School Discussions (England and Switzerland),Self-centredness,video,75,BR,Brockwood Park,10 October 1982,1982,DSS,Discussion with Staff and Students,2.2,school,BR82DSS2.1-2.3,Can you live a life of great intelligence and integrity?,library/6A-k-school-discussions-england-and-switzerland/BR82DSS2.1-2.3/BR82DSS2.2 - Self-centredness.mp4,06 - K School discussions.md#BR82DSS2.1-2.3,
BR82DSS2.3,6A,K School Discussions (England and Switzerland),Discovering something totally new,video,83,BR,Brockwood Park,17 October 1982,1982,DSS,Discussion with Staff and Students,2.3,school,BR82DSS2.1-2.3,Can you live a life of great intelligence and integrity?,library/6A-k-school-discussions-england-and-switzerland/BR82DSS2.1-2.3/BR82DSS2.3 - Discovering something totally new.mp4,06 - K School discussions.md#BR82DSS2.1-2.3,Note: a total of 7 minutes and 13 seconds of missing video is replaced by audio only.
BR82DT,6A,K School Discussions (England and Switzerland),To educate is to bring about a new generation,video,90,BR,Brockwood Park,8 October 1982,1982,DT,Discussion with Teachers,,school,,,library/6A-k-school-discussions-england-and-switzerland/BR82DT - To educate is to bring about a new generation.mp4,06 - K School discussions.md#standalone,
BR83DSS1.1,6A,K School Discussions (England and Switzerland),What are the factors of jealousy?,audio,116,BR,Brockwood Park,2 June 1983,1983,DSS,Discussion with Staff and Students,1.1,school,BR83DSS1.1-1.6,The brain cannot deteriorate when it is free,library/6A-k-school-discussions-england-and-switzerland/BR83DSS1.1-1.6/BR83DSS1.1 - What are the factors of jealousy.m4a,06 - K School discussions.md#BR83DSS1.1-1.6,
BR83DSS1.2,6A,K School Discussions (England and Switzerland),What will you do to have peace in the world?,audio,87,BR,Brockwood Park,5 June 1983,1983,DSS,Discussion with Staff and Students,1.2,school,BR83DSS1.1-1.6,The brain cannot deteriorate when it is free,library/6A-k-school-discussions-england-and-switzerland/BR83DSS1.1-1.6/BR83DSS1.2 - What will you do to have peace in the world.m4a,06 - K School discussions.md#BR83DSS1.1-1.6,
BR83DSS1.3,6A,K School Discussions (England and Switzerland),Conflict is a wastage of energy,video,102,BR,Brockwood Park,12 June 1983,1983,DSS,Discussion with Staff and Students,1.3,school,BR83DSS1.1-1.6,The brain cannot deteriorate when it is free,library/6A-k-school-discussions-england-and-switzerland/BR83DSS1.1-1.6/BR83DSS1.3 - Conflict is a wastage of energy.mp4,06 - K School discussions.md#BR83DSS1.1-1.6,
BR83DSS1.4,6A,K School Discussions (England and Switzerland),Can our brains not be programmed?,audio,106,BR,Brockwood Park,16 June 1983,1983,DSS,Discussion with Staff and Students,1.4,school,BR83DSS1.1-1.6,The brain cannot deteriorate when it is free,library/6A-k-school-discussions-england-and-switzerland/BR83DSS1.1-1.6/BR83DSS1.4 - Can our brains not be programmed.m4a,06 - K School discussions.md#BR83DSS1.1-1.6,
BR83DSS1.5,6A,K School Discussions (England and Switzerland),How will you stop being mediocre?,video,99,BR,Brockwood Park,19 June 1983,1983,DSS,Discussion with Staff and Students,1.5,school,BR83DSS1.1-1.6,The brain cannot deteriorate when it is free,library/6A-k-school-discussions-england-and-switzerland/BR83DSS1.1-1.6/BR83DSS1.5 - How will you stop being mediocre.mp4,06 - K School discussions.md#BR83DSS1.1-1.6,Note: a total of 36 minutes and 38 seconds of missing video is replaced by audio only.
BR83DSS1.6,6A,K School Discussions (England and Switzerland),What makes the brain deteriorate?,audio,87,BR,Brockwood Park,23 June 1983,1983,DSS,Discussion with Staff and Students,1.6,school,BR83DSS1.1-1.6,The brain cannot deteriorate when it is free,library/6A-k-school-discussions-england-and-switzerland/BR83DSS1.1-1.6/BR83DSS1.6 - What makes the brain deteriorate.m4a,06 - K School discussions.md#BR83DSS1.1-1.6,
BR83DSS2.0,6A,K School Discussions (England and Switzerland),Supreme intelligence is to have no illusions,video,76,BR,Brockwood Park,16 October 1983,1983,DSS,Discussion with Staff and Students,2.0,school,,,library/6A-k-school-discussions-england-and-switzerland/BR83DSS2.0 - Supreme intelligence is to have no illusions.mp4,06 - K School discussions.md#standalone,
BR83DT2.1,6A,K School Discussions (England and Switzerland),Helping the students to meet the violence in the world,audio,87,BR,Brockwood Park,15 October 1983,1983,DT,Discussion with Teachers,2.1,school,BR83DT2.1-2.2,Affection means there is no authority,library/6A-k-school-discussions-england-and-switzerland/BR83DT2.1-2.2/BR83DT2.1 - Helping the students to meet the violence in the world.m4a,06 - K School discussions.md#BR83DT2.1-2.2,
BR83DT2.2,6A,K School Discussions (England and Switzerland),Why can’t we think together?,video,78,BR,Brockwood Park,18 October 1983,1983,DT,Discussion with Teachers,2.2,school,BR83DT2.1-2.2,Affection means there is no authority,library/6A-k-school-discussions-england-and-switzerland/BR83DT2.1-2.2/BR83DT2.2 - Why can’t we think together.mp4,06 - K School discussions.md#BR83DT2.1-2.2,Note: a total of 1 minute and 47 seconds of missing video is replaced by audio only.
BR85DS1.1,6A,K School Discussions (England and Switzerland),What was your background like?,video,60,BR,Brockwood Park,2 June 1985,1985,DS,Discussion with Students,1.1,school,BR85DS1.1-1.3,There is freedom when there is learning,library/6A-k-school-discussions-england-and-switzerland/BR85DS1.1-1.3/BR85DS1.1 - What was your background like.mp4,06 - K School discussions.md#BR85DS1.1-1.3,
BR85DS1.2,6A,K School Discussions (England and Switzerland),There is freedom when there is learning,video,62,BR,Brockwood Park,9 June 1985,1985,DS,Discussion with Students,1.2,school,BR85DS1.1-1.3,There is freedom when there is learning,library/6A-k-school-discussions-england-and-switzerland/BR85DS1.1-1.3/BR85DS1.2 - There is freedom when there is learning.mp4,06 - K School discussions.md#BR85DS1.1-1.3,
BR85DS1.3,6A,K School Discussions (England and Switzerland),Isn't comparison a form of violence?,video,60,BR,Brockwood Park,18 June 1985,1985,DS,Discussion with Students,1.3,school,BR85DS1.1-1.3,There is freedom when there is learning,library/6A-k-school-discussions-england-and-switzerland/BR85DS1.1-1.3/BR85DS1.3 - Isn't comparison a form of violence.mp4,06 - K School discussions.md#BR85DS1.1-1.3,
SA67DT1,6A,K School Discussions (England and Switzerland),Can the educator and the educated learn together?,audio,54,SA,Saanen,26 July 1967,1967,DT,Discussion with Teachers,1,school,SA67DT1-7,In un-educating ourselves is a new kind of education,library/6A-k-school-discussions-england-and-switzerland/SA67DT1-7/SA67DT1 - Can the educator and the educated learn together.m4a,06 - K School discussions.md#SA67DT1-7,
SA67DT2,6A,K School Discussions (England and Switzerland),A different kind of education,audio,86,SA,Saanen,8 August 1967,1967,DT,Discussion with Teachers,2,school,SA67DT1-7,In un-educating ourselves is a new kind of education,library/6A-k-school-discussions-england-and-switzerland/SA67DT1-7/SA67DT2 - A different kind of education.m4a,06 - K School discussions.md#SA67DT1-7,
SA67DT3,6A,K School Discussions (England and Switzerland),"Discipline, freedom and comparison",audio,84,SA,Saanen,9 August 1967,1967,DT,Discussion with Teachers,3,school,SA67DT1-7,In un-educating ourselves is a new kind of education,"library/6A-k-school-discussions-england-and-switzerland/SA67DT1-7/SA67DT3 - Discipline, freedom and comparison.m4a",06 - K School discussions.md#SA67DT1-7,
SA67DT4,6A,K School Discussions (England and Switzerland),How do you bring about feeling of non-comparison?,audio,76,SA,Saanen,10 August 1967,1967,DT,Discussion with Teachers,4,school,SA67DT1-7,In un-educating ourselves is a new kind of education,library/6A-k-school-discussions-england-and-switzerland/SA67DT1-7/SA67DT4 - How do you bring about feeling of non-comparison.m4a,06 - K School discussions.md#SA67DT1-7,
SA67DT5,6A,K School Discussions (England and Switzerland),Radical mutation takes place when there is no comparison or pattern for change,audio,65,SA,Saanen,11 August 1967,1967,DT,Discussion with Teachers,5,school,SA67DT1-7,In un-educating ourselves is a new kind of education,library/6A-k-school-discussions-england-and-switzerland/SA67DT1-7/SA67DT5 - Radical mutation takes place when there is no comparison or pattern for change.m4a,06 - K School discussions.md#SA67DT1-7,
SA67DT6,6A,K School Discussions (England and Switzerland),"Bringing about a deeper, wider feeling for life",audio,63,SA,Saanen,12 August 1967,1967,DT,Discussion with Teachers,6,school,SA67DT1-7,In un-educating ourselves is a new kind of education,"library/6A-k-school-discussions-england-and-switzerland/SA67DT1-7/SA67DT6 - Bringing about a deeper, wider feeling for life.m4a",06 - K School discussions.md#SA67DT1-7,
SA67DT7,6A,K School Discussions (England and Switzerland),"Living in this world, what am I to do?",audio,34,SA,Saanen,13 August 1967,1967,DT,Discussion with Teachers,7,school,SA67DT1-7,In un-educating ourselves is a new kind of education,"library/6A-k-school-discussions-england-and-switzerland/SA67DT1-7/SA67DT7 - Living in this world, what am I to do.m4a",06 - K School discussions.md#SA67DT1-7,
SA67DYP,6A,K School Discussions (England and Switzerland),How do I find out what love is?,audio,74,SA,Saanen,19 July 1967,1967,DYP,Discussion with Young People,,school,,,library/6A-k-school-discussions-england-and-switzerland/SA67DYP - How do I find out what love is.m4a,06 - K School discussions.md#standalone,
BA74DT,6B,K School Discussions (India),A relationship where teacher and taught don’t exist,audio,77,BA,Bangalore,10 January 1974,1974,DT,Discussion with Teachers,,school,,,library/6B-k-school-discussions-india/BA74DT - A relationship where teacher and taught don’t exist.m4a,06 - K School discussions.md#standalone,
RA65TS1,6B,K School Discussions (India),Why are you being educated?,audio,75,RA,Rajghat,1 December 1965,1965,TS,Talk to Students,1,school,RA65TS1-4,One can learn easily when there is an atmosphere of freedom,library/6B-k-school-discussions-india/RA65TS1-4/RA65TS1 - Why are you being educated.m4a,06 - K School discussions.md#RA65TS1-4,
RA65TS2,6B,K School Discussions (India),You can understand yourself very simply when you are quiet,audio,71,RA,Rajghat,4 December 1965,1965,TS,Talk to Students,2,school,RA65TS1-4,One can learn easily when there is an atmosphere of freedom,library/6B-k-school-discussions-india/RA65TS1-4/RA65TS2 - You can understand yourself very simply when you are quiet.m4a,06 - K School discussions.md#RA65TS1-4,
RA65TS3,6B,K School Discussions (India),Why does one have to have order in life?,audio,74,RA,Rajghat,7 December 1965,1965,TS,Talk to Students,3,school,RA65TS1-4,One can learn easily when there is an atmosphere of freedom,library/6B-k-school-discussions-india/RA65TS1-4/RA65TS3 - Why does one have to have order in life.m4a,06 - K School discussions.md#RA65TS1-4,
RA65TS4,6B,K School Discussions (India),To understand death we must understand living,audio,75,RA,Rajghat,10 December 1965,1965,TS,Talk to Students,4,school,RA65TS1-4,One can learn easily when there is an atmosphere of freedom,library/6B-k-school-discussions-india/RA65TS1-4/RA65TS4 - To understand death we must understand living.m4a,06 - K School discussions.md#RA65TS1-4,
RA67TS1.1,6B,K School Discussions (India),We must create a new social structure,audio,77,RA,Rajghat,1 January 1967,1967,TS,Talk to Students,1.1,school,RA67TS1.1-1.3,Can we change the whole structure of society?,library/6B-k-school-discussions-india/RA67TS1.1-1.3/RA67TS1.1 - We must create a new social structure.m4a,06 - K School discussions.md#RA67TS1.1-1.3,
RA67TS1.2,6B,K School Discussions (India),Is it possible to bring about the unity of man?,audio,80,RA,Rajghat,4 January 1967,1967,TS,Talk to Students,1.2,school,RA67TS1.1-1.3,Can we change the whole structure of society?,library/6B-k-school-discussions-india/RA67TS1.1-1.3/RA67TS1.2 - Is it possible to bring about the unity of man.m4a,06 - K School discussions.md#RA67TS1.1-1.3,
RA67TS1.3,6B,K School Discussions (India),The world is divided by ideas and ideologies,audio,82,RA,Rajghat,7 January 1967,1967,TS,Talk to Students,1.3,school,RA67TS1.1-1.3,Can we change the whole structure of society?,library/6B-k-school-discussions-india/RA67TS1.1-1.3/RA67TS1.3 - The world is divided by ideas and ideologies.m4a,06 - K School discussions.md#RA67TS1.1-1.3,
RA69DT,6B,K School Discussions (India),Can the mind function not in the old pattern?,audio,92,RA,Rajghat,28 November 1969,1969,DT,Discussion with Teachers,,school,,,library/6B-k-school-discussions-india/RA69DT - Can the mind function not in the old pattern.m4a,06 - K School discussions.md#standalone,
RA69TS1,6B,K School Discussions (India),"The world is on fire, what is one to do?",audio,82,RA,Rajghat,23 November 1969,1969,TS,Talk to Students,1,school,RA69TS1-3,Can the human mind mutate?,"library/6B-k-school-discussions-india/RA69TS1-3/RA69TS1 - The world is on fire, what is one to do.m4a",06 - K School discussions.md#RA69TS1-3,
RA69TS2,6B,K School Discussions (India),Knowledge and love,audio,98,RA,Rajghat,26 November 1969,1969,TS,Talk to Students,2,school,RA69TS1-3,Can the human mind mutate?,library/6B-k-school-discussions-india/RA69TS1-3/RA69TS2 - Knowledge and love.m4a,06 - K School discussions.md#RA69TS1-3,
RA69TS3,6B,K School Discussions (India),Great freedom is needed to perceive truth,audio,85,RA,Rajghat,30 November 1969,1969,TS,Talk to Students,3,school,RA69TS1-3,Can the human mind mutate?,library/6B-k-school-discussions-india/RA69TS1-3/RA69TS3 - Great freedom is needed to perceive truth.m4a,06 - K School discussions.md#RA69TS1-3,
RA81DS1,6B,K School Discussions (India),Learning and sorrow,audio,53,RA,Rajghat,17 November 1981,1981,DS,Discussion with Students,1,school,RA81DS1-2,Learning and sensitivity,library/6B-k-school-discussions-india/RA81DS1-2/RA81DS1 - Learning and sorrow.m4a,06 - K School discussions.md#RA81DS1-2,
RA81DS2,6B,K School Discussions (India),You become insensitive if you get used to anything,audio,54,RA,Rajghat,19 November 1981,1981,DS,Discussion with Students,2,school,RA81DS1-2,Learning and sensitivity,library/6B-k-school-discussions-india/RA81DS1-2/RA81DS2 - You become insensitive if you get used to anything.m4a,06 - K School discussions.md#RA81DS1-2,
RV78DS1,6B,K School Discussions (India),Don’t compare yourself with anybody,audio,56,RV,Rishi Valley,30 November 1978,1978,DS,Discussion with Students,1,school,RV78DS1-7,Thinking about the future is the beginning of fear,library/6B-k-school-discussions-india/RV78DS1-7/RV78DS1 - Don’t compare yourself with anybody.m4a,06 - K School discussions.md#RV78DS1-7,
RV78DS2,6B,K School Discussions (India),Do you see the importance of not being frightened?,video,64,RV,Rishi Valley,5 December 1978,1978,DS,Discussion with Students,2,school,RV78DS1-7,Thinking about the future is the beginning of fear,library/6B-k-school-discussions-india/RV78DS1-7/RV78DS2 - Do you see the importance of not being frightened.mp4,06 - K School discussions.md#RV78DS1-7,Note: a total of 2 minutes and 39 seconds of missing video is replaced by audio only.
RV78DS3,6B,K School Discussions (India),Can you observe your thinking?,video,58,RV,Rishi Valley,7 December 1978,1978,DS,Discussion with Students,3,school,RV78DS1-7,Thinking about the future is the beginning of fear,library/6B-k-school-discussions-india/RV78DS1-7/RV78DS3 - Can you observe your thinking.mp4,06 - K School discussions.md#RV78DS1-7,
RV78DS4,6B,K School Discussions (India),To behave rightly is to have consideration and respect,video,60,RV,Rishi Valley,12 December 1978,1978,DS,Discussion with Students,4,school,RV78DS1-7,Thinking about the future is the beginning of fear,library/6B-k-school-discussions-india/RV78DS1-7/RV78DS4 - To behave rightly is to have consideration and respect.mp4,06 - K School discussions.md#RV78DS1-7,
RV78DS5,6B,K School Discussions (India),"Look at the human being, not the word",video,77,RV,Rishi Valley,14 December 1978,1978,DS,Discussion with Students,5,school,RV78DS1-7,Thinking about the future is the beginning of fear,"library/6B-k-school-discussions-india/RV78DS1-7/RV78DS5 - Look at the human being, not the word.mp4",06 - K School discussions.md#RV78DS1-7,
RV78DS6,6B,K School Discussions (India),Intelligence is total security,audio,77,RV,Rishi Valley,18 December 1978,1978,DS,Discussion with Students,6,school,RV78DS1-7,Thinking about the future is the beginning of fear,library/6B-k-school-discussions-india/RV78DS1-7/RV78DS6 - Intelligence is total security.m4a,06 - K School discussions.md#RV78DS1-7,
RV78DS7,6B,K School Discussions (India),Love means having no fear,audio,70,RV,Rishi Valley,19 December 1978,1978,DS,Discussion with Students,7,school,RV78DS1-7,Thinking about the future is the beginning of fear,library/6B-k-school-discussions-india/RV78DS1-7/RV78DS7 - Love means having no fear.m4a,06 - K School discussions.md#RV78DS1-7,
RV78DT1,6B,K School Discussions (India),Is there a way of living not based on thought?,audio,100,RV,Rishi Valley,28 November 1978,1978,DT,Discussion with Teachers,1,school,RV78DT1-7,What is the function of a good teacher?,library/6B-k-school-discussions-india/RV78DT1-7/RV78DT1 - Is there a way of living not based on thought.m4a,06 - K School discussions.md#RV78DT1-7,
RV78DT2,6B,K School Discussions (India),Learning the art of attention,audio,110,RV,Rishi Valley,2 December 1978,1978,DT,Discussion with Teachers,2,school,RV78DT1-7,What is the function of a good teacher?,library/6B-k-school-discussions-india/RV78DT1-7/RV78DT2 - Learning the art of attention.m4a,06 - K School discussions.md#RV78DT1-7,
RV78DT3,6B,K School Discussions (India),"How will you, as educators, help the student to listen?",audio,95,RV,Rishi Valley,3 December 1978,1978,DT,Discussion with Teachers,3,school,RV78DT1-7,What is the function of a good teacher?,"library/6B-k-school-discussions-india/RV78DT1-7/RV78DT3 - How will you, as educators, help the student to listen.m4a",06 - K School discussions.md#RV78DT1-7,
RV78DT4,6B,K School Discussions (India),What will bring about total relationship in our life?,audio,80,RV,Rishi Valley,9 December 1978,1978,DT,Discussion with Teachers,4,school,RV78DT1-7,What is the function of a good teacher?,library/6B-k-school-discussions-india/RV78DT1-7/RV78DT4 - What will bring about total relationship in our life.m4a,06 - K School discussions.md#RV78DT1-7,
RV78DT5,6B,K School Discussions (India),What is our responsibility as educators and human beings?,audio,85,RV,Rishi Valley,10 December 1978,1978,DT,Discussion with Teachers,5,school,RV78DT1-7,What is the function of a good teacher?,library/6B-k-school-discussions-india/RV78DT1-7/RV78DT5 - What is our responsibility as educators and human beings.m4a,06 - K School discussions.md#RV78DT1-7,
RV78DT6,6B,K School Discussions (India),How can we bring about human beings who are flowering deeply?,audio,100,RV,Rishi Valley,16 December 1978,1978,DT,Discussion with Teachers,6,school,RV78DT1-7,What is the function of a good teacher?,library/6B-k-school-discussions-india/RV78DT1-7/RV78DT6 - How can we bring about human beings who are flowering deeply.m4a,06 - K School discussions.md#RV78DT1-7,
RV78DT7,6B,K School Discussions (India),How will you bring about a group of people who are helping each other to uncondition themselves?,audio,87,RV,Rishi Valley,17 December 1978,1978,DT,Discussion with Teachers,7,school,RV78DT1-7,What is the function of a good teacher?,library/6B-k-school-discussions-india/RV78DT1-7/RV78DT7 - How will you bring about a group of people who are helping each other to uncondition themselves.m4a,06 - K School discussions.md#RV78DT1-7,
RV79DS1,6B,K School Discussions (India),To be sensitive is to be aware of what you are doing,video,56,RV,Rishi Valley,17 November 1979,1979,DS,Discussion with Students,1,school,RV79DS1-4,Begin to learn how to learn,library/6B-k-school-discussions-india/RV79DS1-4/RV79DS1 - To be sensitive is to be aware of what you are doing.mp4,06 - K School discussions.md#RV79DS1-4,Note: a total of 2 minutes and 46 seconds of missing video is replaced by audio only.
RV79DS2,6B,K School Discussions (India),Do you lead a life of hypocrisy?,audio,66,RV,Rishi Valley,19 November 1979,1979,DS,Discussion with Students,2,school,RV79DS1-4,Begin to learn how to learn,library/6B-k-school-discussions-india/RV79DS1-4/RV79DS2 - Do you lead a life of hypocrisy.m4a,06 - K School discussions.md#RV79DS1-4,
RV79DS3,6B,K School Discussions (India),Can you be free of the image?,video,73,RV,Rishi Valley,21 November 1979,1979,DS,Discussion with Students,3,school,RV79DS1-4,Begin to learn how to learn,library/6B-k-school-discussions-india/RV79DS1-4/RV79DS3 - Can you be free of the image.mp4,06 - K School discussions.md#RV79DS1-4,Note: a total of 4 minutes and 5 seconds of missing video is replaced by audio only.
RV79DS4,6B,K School Discussions (India),Do you have confidence or trust in anybody?,video,69,RV,Rishi Valley,27 November 1979,1979,DS,Discussion with Students,4,school,RV79DS1-4,Begin to learn how to learn,library/6B-k-school-discussions-india/RV79DS1-4/RV79DS4 - Do you have confidence or trust in anybody.mp4,06 - K School discussions.md#RV79DS1-4,
RV80DS1,6B,K School Discussions (India),What happens when you are concerned only with yourself?,video,73,RV,Rishi Valley,11 December 1980,1980,DS,Discussion with Students,1,school,RV80DS1-4,Never stop learning,library/6B-k-school-discussions-india/RV80DS1-4/RV80DS1 - What happens when you are concerned only with yourself.mp4,06 - K School discussions.md#RV80DS1-4,
RV80DS2,6B,K School Discussions (India),Are you aware of what is happening in the technological world?,video,71,RV,Rishi Valley,13 December 1980,1980,DS,Discussion with Students,2,school,RV80DS1-4,Never stop learning,library/6B-k-school-discussions-india/RV80DS1-4/RV80DS2 - Are you aware of what is happening in the technological world.mp4,06 - K School discussions.md#RV80DS1-4,Note: a total of 10 minutes and 54 seconds of missing video is replaced by audio only.
RV80DS3,6B,K School Discussions (India),Thinking about the future causes fear,video,61,RV,Rishi Valley,15 December 1980,1980,DS,Discussion with Students,3,school,RV80DS1-4,Never stop learning,library/6B-k-school-discussions-india/RV80DS1-4/RV80DS3 - Thinking about the future causes fear.mp4,06 - K School discussions.md#RV80DS1-4,
RV80DS4,6B,K School Discussions (India),"Freedom, responsibility and discipline",video,64,RV,Rishi Valley,17 December 1980,1980,DS,Discussion with Students,4,school,RV80DS1-4,Never stop learning,"library/6B-k-school-discussions-india/RV80DS1-4/RV80DS4 - Freedom, responsibility and discipline.mp4",06 - K School discussions.md#RV80DS1-4,
RV81DS1,6B,K School Discussions (India),Have you ever asked yourself what knowledge is?,video,62,RV,Rishi Valley,10 December 1981,1981,DS,Discussion with Students,1,school,RV81DS1-2,Is there a learning that’s not restricted to a particular point of,library/6B-k-school-discussions-india/RV81DS1-2/RV81DS1 - Have you ever asked yourself what knowledge is.mp4,06 - K School discussions.md#RV81DS1-2,
RV81DS2,6B,K School Discussions (India),Will you be responsible not to be corrupt?,video,74,RV,Rishi Valley,15 December 1981,1981,DS,Discussion with Students,2,school,RV81DS1-2,Is there a learning that’s not restricted to a particular point of,library/6B-k-school-discussions-india/RV81DS1-2/RV81DS2 - Will you be responsible not to be corrupt.mp4,06 - K School discussions.md#RV81DS1-2,
RV82DS1,6B,K School Discussions (India),Have you noticed how your brain is conditioned?,audio,65,RV,Rishi Valley,8 December 1982,1982,DS,Discussion with Students,1,school,RV82DS1-3,Is it possible to uncondition the brain?,library/6B-k-school-discussions-india/RV82DS1-3/RV82DS1 - Have you noticed how your brain is conditioned.m4a,06 - K School discussions.md#RV82DS1-3,
RV82DS2,6B,K School Discussions (India),Discipline means to learn,video,60,RV,Rishi Valley,13 December 1982,1982,DS,Discussion with Students,2,school,RV82DS1-3,Is it possible to uncondition the brain?,library/6B-k-school-discussions-india/RV82DS1-3/RV82DS2 - Discipline means to learn.mp4,06 - K School discussions.md#RV82DS1-3,
RV82DS3,6B,K School Discussions (India),What are the factors which bring about a deterioration of the brain?,video,53,RV,Rishi Valley,16 December 1982,1982,DS,Discussion with Students,3,school,RV82DS1-3,Is it possible to uncondition the brain?,library/6B-k-school-discussions-india/RV82DS1-3/RV82DS3 - What are the factors which bring about a deterioration of the brain.mp4,06 - K School discussions.md#RV82DS1-3,
RV83DS1,6B,K School Discussions (India),What is your future?,video,69,RV,Rishi Valley,12 December 1983,1983,DS,Discussion with Students,1,school,RV83DS1-4,A good human being is one who is not fragmented,library/6B-k-school-discussions-india/RV83DS1-4/RV83DS1 - What is your future.mp4,06 - K School discussions.md#RV83DS1-4,Note: a total of 31 seconds of missing video is replaced by audio only.
RV83DS2,6B,K School Discussions (India),The function of an educator is to help students have a good academic brain and be good human beings,video,69,RV,Rishi Valley,14 December 1983,1983,DS,Discussion with Students,2,school,RV83DS1-4,A good human being is one who is not fragmented,library/6B-k-school-discussions-india/RV83DS1-4/RV83DS2 - The function of an educator is to help students have a good academic brain and be good human beings.mp4,06 - K School discussions.md#RV83DS1-4,Note: a total of 2 minutes and 41 seconds of missing video is replaced by audio only.
RV83DS3,6B,K School Discussions (India),Where do I look to see what I am?,video,67,RV,Rishi Valley,16 December 1983,1983,DS,Discussion with Students,3,school,RV83DS1-4,A good human being is one who is not fragmented,library/6B-k-school-discussions-india/RV83DS1-4/RV83DS3 - Where do I look to see what I am.mp4,06 - K School discussions.md#RV83DS1-4,Note: a total of 1 minute and 15 seconds of missing video is replaced by audio only.
RV83DS4,6B,K School Discussions (India),Why do images about oneself and others arise?,audio,94,RV,Rishi Valley,18 December 1983,1983,DS,Discussion with Students,4,school,RV83DS1-4,A good human being is one who is not fragmented,library/6B-k-school-discussions-india/RV83DS1-4/RV83DS4 - Why do images about oneself and others arise.m4a,06 - K School discussions.md#RV83DS1-4,
RV84DS1,6B,K School Discussions (India),Can we stop thinking about ourselves?,audio,77,RV,Rishi Valley,7 December 1984,1984,DS,Discussion with Students,1,school,RV84DS1-3,Each time you watch you are learning,library/6B-k-school-discussions-india/RV84DS1-3/RV84DS1 - Can we stop thinking about ourselves.m4a,06 - K School discussions.md#RV84DS1-3,
RV84DS2,6B,K School Discussions (India),The brain is always recording,video,64,RV,Rishi Valley,18 December 1984,1984,DS,Discussion with Students,2,school,RV84DS1-3,Each time you watch you are learning,library/6B-k-school-discussions-india/RV84DS1-3/RV84DS2 - The brain is always recording.mp4,06 - K School discussions.md#RV84DS1-3,
RV84DS3,6B,K School Discussions (India),What is the cause of corruption?,video,64,RV,Rishi Valley,20 December 1984,1984,DS,Discussion with Students,3,school,RV84DS1-3,Each time you watch you are learning,library/6B-k-school-discussions-india/RV84DS1-3/RV84DS3 - What is the cause of corruption.mp4,06 - K School discussions.md#RV84DS1-3,
RV85DS1,6B,K School Discussions (India),What is the taste of fear?,video,67,RV,Rishi Valley,5 December 1985,1985,DS,Discussion with Students,1,school,RV85DS1-2,In attention there is no effort,library/6B-k-school-discussions-india/RV85DS1-2/RV85DS1 - What is the taste of fear.mp4,06 - K School discussions.md#RV85DS1-2,
RV85DS2,6B,K School Discussions (India),Thinking about myself all day long,video,60,RV,Rishi Valley,11 December 1985,1985,DS,Discussion with Students,2,school,RV85DS1-2,In attention there is no effort,library/6B-k-school-discussions-india/RV85DS1-2/RV85DS2 - Thinking about myself all day long.mp4,06 - K School discussions.md#RV85DS1-2,
RV85DT1,6B,K School Discussions (India),A different human being,audio,77,RV,Rishi Valley,3 December 1985,1985,DT,Discussion with Teachers,1,school,RV85DT1-3,Can the mind be in a state of not-knowing?,library/6B-k-school-discussions-india/RV85DT1-3/RV85DT1 - A different human being.m4a,06 - K School discussions.md#RV85DT1-3,
RV85DT2,6B,K School Discussions (India),Can education bring a holistic way of living?,video,63,RV,Rishi Valley,7 December 1985,1985,DT,Discussion with Teachers,2,school,RV85DT1-3,Can the mind be in a state of not-knowing?,library/6B-k-school-discussions-india/RV85DT1-3/RV85DT2 - Can education bring a holistic way of living.mp4,06 - K School discussions.md#RV85DT1-3,
RV85DT3,6B,K School Discussions (India),If you stand alone you are related,video,69,RV,Rishi Valley,9 December 1985,1985,DT,Discussion with Teachers,3,school,RV85DT1-3,Can the mind be in a state of not-knowing?,library/6B-k-school-discussions-india/RV85DT1-3/RV85DT3 - If you stand alone you are related.mp4,06 - K School discussions.md#RV85DT1-3,
RV85S1,6B,K School Discussions (India),Are we bringing about good brains in our schools?,audio,77,RV,Rishi Valley,16 December 1985,1985,S,Seminar,1,seminar,RV85S1-2,Can educators bring about a mutation?,library/6B-k-school-discussions-india/RV85S1-2/RV85S1 - Are we bringing about good brains in our schools.m4a,06 - K School discussions.md#RV85S1-2,
RV85S2,6B,K School Discussions (India),"The origin of life, the brain and the mind, and goodness",audio,77,RV,Rishi Valley,17 December 1985,1985,S,Seminar,2,seminar,RV85S1-2,Can educators bring about a mutation?,"library/6B-k-school-discussions-india/RV85S1-2/RV85S2 - The origin of life, the brain and the mind, and goodness.m4a",06 - K School discussions.md#RV85S1-2,
AM67IMB,6C,K School Discussions (USA and Canada),"To find reality, renounce all gods – Krishnamurti interviewed by Martin van Buuren",audio,13,AM,Amsterdam,21 May 1967,1967,IMB,Interview,,interview,,,"library/6C-k-school-discussions-usa-and-canada/AM67IMB - To find reality, renounce all gods – Krishnamurti interviewed by Martin van Buuren.m4a",06 - K School discussions.md#standalone,
AM68I,6C,K School Discussions (USA and Canada),Interview by a Rosicrucian group,audio,28,AM,Noordwijk,20 May 1968,1968,I,Interview,,interview,,,library/6C-k-school-discussions-usa-and-canada/AM68I - Interview by a Rosicrucian group.m4a,06 - K School discussions.md#standalone,
BR70ITM,6C,K School Discussions (USA and Canada),Why are human beings so divided? Krishnamurti interviewed by Tara McCarthy,audio,40,BR,Brockwood Park,1 June 1970,1970,ITM,Interview,,interview,,,library/6C-k-school-discussions-usa-and-canada/BR70ITM - Why are human beings so divided Krishnamurti interviewed by Tara McCarthy.m4a,06 - K School discussions.md#standalone,
BR70IWT,6C,K School Discussions (USA and Canada),Interview by Wilfred Thomas,audio,28,BR,Brockwood Park,5 October 1970,1970,IWT,Interview,,interview,,,library/6C-k-school-discussions-usa-and-canada/BR70IWT - Interview by Wilfred Thomas.m4a,06 - K School discussions.md#standalone,
BR76IGP,6C,K School Discussions (USA and Canada),Krishnamurti interviewed by Gerard Priestland for the BBC,audio,7,BR,Brockwood Park,24 May 1976,1976,IGP,Interview,,interview,,,library/6C-k-school-discussions-usa-and-canada/BR76IGP - Krishnamurti interviewed by Gerard Priestland for the BBC.m4a,06 - K School discussions.md#standalone,
BR84IEO,6C,K School Discussions (USA and Canada),Why do human beings depend?,audio,45,BR,Brockwood Park,15 October 1984,1984,IEO,Interview,,interview,,,library/6C-k-school-discussions-usa-and-canada/BR84IEO - Why do human beings depend.m4a,06 - K School discussions.md#standalone,
GS80I,6C,K School Discussions (USA and Canada),Be a light to oneself – Krishnamurti interviewed by Swiss TV,audio,15,GS,Gstaad,15 July 1980,1980,I,Interview,,interview,,,library/6C-k-school-discussions-usa-and-canada/GS80I - Be a light to oneself – Krishnamurti interviewed by Swiss TV.m4a,06 - K School discussions.md#standalone,
GS83IHG,6C,K School Discussions (USA and Canada),Doubt opens doors–Krishnamurti interviewed for radio,audio,61,GS,Gstaad,28 July 1983,1983,IHG,Interview,,interview,,,library/6C-k-school-discussions-usa-and-canada/GS83IHG - Doubt opens doors–Krishnamurti interviewed for radio.m4a,06 - K School discussions.md#standalone,
LA70IBA,6C,K School Discussions (USA and Canada),Understanding violence - Krishnamurti interviewed by Bob Abernethy,audio,7,LA,"Los Angeles, California",26 February 1970,1970,IBA,Interview,,interview,,,library/6C-k-school-discussions-usa-and-canada/LA70IBA - Understanding violence - Krishnamurti interviewed by Bob Abernethy.m4a,06 - K School discussions.md#standalone,
LO66IFW,6C,K School Discussions (USA and Canada),Dying is living and living is dying – Krishnamurti interviewed by the BBC,audio,29,LO,London,29 April 1966,1966,IFW,Interview,,interview,,,library/6C-k-school-discussions-usa-and-canada/LO66IFW - Dying is living and living is dying – Krishnamurti interviewed by the BBC.m4a,06 - K School discussions.md#standalone,
LO69IMD,6C,K School Discussions (USA and Canada),You are society - Krishnamurti interviewed by the BBC,audio,13,LO,London,18 March 1969,1969,IMD,Interview,,interview,,,library/6C-k-school-discussions-usa-and-canada/LO69IMD - You are society - Krishnamurti interviewed by the BBC.m4a,06 - K School discussions.md#standalone,
MA80IPC,6C,K School Discussions (USA and Canada),Why has the human mind deteriorated? Krishnamurti press conference in Madras,audio,87,MA,Madras (Chennai),24 December 1980,1980,IPC,Interview,,interview,,,library/6C-k-school-discussions-usa-and-canada/MA80IPC - Why has the human mind deteriorated Krishnamurti press conference in Madras.m4a,06 - K School discussions.md#standalone,
ML70I,6C,K School Discussions (USA and Canada),A short interview about the future of the foundations and schools,video,16,ML,"Malibu, California",29 March 1970,1970,I,Interview,,interview,,,library/6C-k-school-discussions-usa-and-canada/ML70I - A short interview about the future of the foundations and schools.mp4,06 - K School discussions.md#standalone,
ML72IFW,6C,K School Discussions (USA and Canada),Interview by Frank Waters,audio,87,ML,"Malibu, California",27 March 1972,1972,IFW,Interview,,interview,,,library/6C-k-school-discussions-usa-and-canada/ML72IFW - Interview by Frank Waters.m4a,06 - K School discussions.md#standalone,
ML75DT,6C,K School Discussions (USA and Canada),Creating stability and security,audio,121,ML,"Malibu, California",23 April 1975,1975,DT,Discussion with Teachers,,school,,,library/6C-k-school-discussions-usa-and-canada/ML75DT - Creating stability and security.m4a,06 - K School discussions.md#standalone,
ND66IDI,6C,K School Discussions (USA and Canada),Power is invariably evil,audio,48,ND,New Delhi,24 December 1966,1966,IDI,Interview,,interview,,,library/6C-k-school-discussions-usa-and-canada/ND66IDI - Power is invariably evil.m4a,06 - K School discussions.md#standalone,
NY66IDS,6C,K School Discussions (USA and Canada),We are not individuals – Krishnamurti interviewed by Dusty Sklar,audio,46,NY,New York,24 September 1966,1966,IDS,Interview,,interview,,,library/6C-k-school-discussions-usa-and-canada/NY66IDS - We are not individuals – Krishnamurti interviewed by Dusty Sklar.m4a,06 - K School discussions.md#standalone,
NY82IGN,6C,K School Discussions (USA and Canada),What are you? – Krishnamurti interviewed by Gary Null,audio,57,NY,New York,25 March 1982,1982,IGN,Interview,,interview,,,library/6C-k-school-discussions-usa-and-canada/NY82IGN - What are you – Krishnamurti interviewed by Gary Null.m4a,06 - K School discussions.md#standalone,
NY82ILH,6C,K School Discussions (USA and Canada),Conditioning and the activities of the self – Krishnamurti interviewed by Lex Hixon,audio,46,NY,New York,31 March 1982,1982,ILH,Interview,,interview,,,library/6C-k-school-discussions-usa-and-canada/NY82ILH - Conditioning and the activities of the self – Krishnamurti interviewed by Lex Hixon.m4a,06 - K School discussions.md#standalone,
OJ66DS,6C,K School Discussions (USA and Canada),To live peacefully requires right education,audio,78,OJ,"Ojai, California",7 November 1966,1966,DS,Discussion with Students,,school,,,library/6C-k-school-discussions-usa-and-canada/OJ66DS - To live peacefully requires right education.m4a,06 - K School discussions.md#standalone,
OJ72IFV,6C,K School Discussions (USA and Canada),The Ojai Valley - Krishnamurti interviewed by Fred Volz,audio,34,OJ,"Ojai, California",6 April 1972,1972,IFV,Interview,,interview,,,library/6C-k-school-discussions-usa-and-canada/OJ72IFV - The Ojai Valley - Krishnamurti interviewed by Fred Volz.m4a,06 - K School discussions.md#standalone,
OJ75IDI,6C,K School Discussions (USA and Canada),On freedom - Krishnamurti interviewed by Donald Ingram Smith,audio,53,OJ,"Ojai, California",14 April 1975,1975,IDI,Interview,,interview,,,library/6C-k-school-discussions-usa-and-canada/OJ75IDI - On freedom - Krishnamurti interviewed by Donald Ingram Smith.m4a,06 - K School discussions.md#standalone,
OJ75IFH,6C,K School Discussions (USA and Canada),Interview on education by Fred Hall,video,42,OJ,"Ojai, California",9 April 1975,1975,IFH,Interview,,interview,,,library/6C-k-school-discussions-usa-and-canada/OJ75IFH - Interview on education by Fred Hall.mp4,06 - K School discussions.md#standalone,
OJ77DT1,6C,K School Discussions (USA and Canada),How does one help a child to understand the immense problem of conditioning?,video,110,OJ,"Ojai, California",25 February 1977,1977,DT,Discussion with Teachers,1,school,OJ77DT1-4,What is the meaning of education?,library/6C-k-school-discussions-usa-and-canada/OJ77DT1-4/OJ77DT1 - How does one help a child to understand the immense problem of conditioning.mp4,06 - K School discussions.md#OJ77DT1-4,Note: a total of 30 seconds of missing video is replaced by audio only.
OJ77DT2,6C,K School Discussions (USA and Canada),Is it possible to bring about a different human being through right education?,video,115,OJ,"Ojai, California",25 March 1977,1977,DT,Discussion with Teachers,2,school,OJ77DT1-4,What is the meaning of education?,library/6C-k-school-discussions-usa-and-canada/OJ77DT1-4/OJ77DT2 - Is it possible to bring about a different human being through right education.mp4,06 - K School discussions.md#OJ77DT1-4,Note: a total of 1 minute and 20 seconds of missing video is replaced by audio only.
OJ77DT3,6C,K School Discussions (USA and Canada),How will you help a child not to have fear?,video,90,OJ,"Ojai, California",26 March 1977,1977,DT,Discussion with Teachers,3,school,OJ77DT1-4,What is the meaning of education?,library/6C-k-school-discussions-usa-and-canada/OJ77DT1-4/OJ77DT3 - How will you help a child not to have fear.mp4,06 - K School discussions.md#OJ77DT1-4,Note: a total of 4 minutes and 30 seconds of missing video is replaced by audio only.
OJ77DT4,6C,K School Discussions (USA and Canada),Observation is partial when you identify with a group,video,106,OJ,"Ojai, California",27 March 1977,1977,DT,Discussion with Teachers,4,school,OJ77DT1-4,What is the meaning of education?,library/6C-k-school-discussions-usa-and-canada/OJ77DT1-4/OJ77DT4 - Observation is partial when you identify with a group.mp4,06 - K School discussions.md#OJ77DT1-4,Note: a total of 30 seconds of missing video is replaced by audio only.
OJ83IRT,6C,K School Discussions (USA and Canada),The future is what you are now – Krishnamurti interviewed by Roy Tuckman,audio,46,OJ,"Ojai, California",17 March 1983,1983,IRT,Interview,,interview,,,library/6C-k-school-discussions-usa-and-canada/OJ83IRT - The future is what you are now – Krishnamurti interviewed by Roy Tuckman.m4a,06 - K School discussions.md#standalone,
OJ84IPH,6C,K School Discussions (USA and Canada),Death and Krishnamurti’s effect on the stream of humanity,audio,89,OJ,"Ojai, California",24 April 1984,1984,IPH,Interview,,interview,,,library/6C-k-school-discussions-usa-and-canada/OJ84IPH - Death and Krishnamurti’s effect on the stream of humanity.m4a,06 - K School discussions.md#standalone,
OJ85DT2.0,6C,K School Discussions (USA and Canada),"Education, fear and breaking the cycle of time",audio,113,OJ,"Ojai, California",5 May 1985,1985,DT,Discussion with Teachers,2.0,school,,,"library/6C-k-school-discussions-usa-and-canada/OJ85DT2.0 - Education, fear and breaking the cycle of time.m4a",06 - K School discussions.md#standalone,
WO78DSS1,6C,K School Discussions (USA and Canada),The purpose of a Krishnamurti school,video,84,WO,"Wolf Lake School, Victoria, British Columbia",20 April 1978,1978,DSS,Discussion with Staff and Students,1,school,WO78DSS1-3,Proper education is the cultivation of the wholeness of man,library/6C-k-school-discussions-usa-and-canada/WO78DSS1-3/WO78DSS1 - The purpose of a Krishnamurti school.mp4,06 - K School discussions.md#WO78DSS1-3,Note: a total of 5 minutes and 33 seconds of missing video is replaced by audio only.
WO78DSS2,6C,K School Discussions (USA and Canada),Is it possible to be free of pressure?,video,91,WO,"Wolf Lake School, Victoria, British Columbia",21 April 1978,1978,DSS,Discussion with Staff and Students,2,school,WO78DSS1-3,Proper education is the cultivation of the wholeness of man,library/6C-k-school-discussions-usa-and-canada/WO78DSS1-3/WO78DSS2 - Is it possible to be free of pressure.mp4,06 - K School discussions.md#WO78DSS1-3,Note: a total of 11 minutes and 5 seconds of missing video is replaced by audio only.
WO78DSS3,6C,K School Discussions (USA and Canada),The arts of listening and learning,video,92,WO,"Wolf Lake School, Victoria, British Columbia",23 April 1978,1978,DSS,Discussion with Staff and Students,3,school,WO78DSS1-3,Proper education is the cultivation of the wholeness of man,library/6C-k-school-discussions-usa-and-canada/WO78DSS1-3/WO78DSS3 - The arts of listening and learning.mp4,06 - K School discussions.md#WO78DSS1-3,Note: a total of 9 minutes and 7 seconds of missing video is replaced by audio only.
US97EBM1,8A,Excerpts,Conflict,video,29,US,USA,1 January 1997,1997,EBM,Excerpt (compiled series),1,film,US97EBM1-12,Beyond myth & tradition,library/8A-excerpts/US97EBM1-12/US97EBM1 - Conflict.mp4,08 - Excerpts.md#US97EBM1-12,
US97EBM10,8A,Excerpts,Death: Leaving the stream,video,29,US,USA,1 January 1997,1997,EBM,Excerpt (compiled series),10,film,US97EBM1-12,Beyond myth & tradition,library/8A-excerpts/US97EBM1-12/US97EBM10 - Death Leaving the stream.mp4,08 - Excerpts.md#US97EBM1-12,
US97EBM11,8A,Excerpts,Love: The flame without smoke,video,29,US,USA,1 January 1997,1997,EBM,Excerpt (compiled series),11,film,US97EBM1-12,Beyond myth & tradition,library/8A-excerpts/US97EBM1-12/US97EBM11 - Love The flame without smoke.mp4,08 - Excerpts.md#US97EBM1-12,
US97EBM12,8A,Excerpts,What is the religious mind?,video,29,US,USA,1 January 1997,1997,EBM,Excerpt (compiled series),12,film,US97EBM1-12,Beyond myth & tradition,library/8A-excerpts/US97EBM1-12/US97EBM12 - What is the religious mind.mp4,08 - Excerpts.md#US97EBM1-12,
US97EBM2,8A,Excerpts,Change,video,29,US,USA,1 January 1997,1997,EBM,Excerpt (compiled series),2,film,US97EBM1-12,Beyond myth & tradition,library/8A-excerpts/US97EBM1-12/US97EBM2 - Change.mp4,08 - Excerpts.md#US97EBM1-12,
US97EBM3,8A,Excerpts,Freedom and authority,video,29,US,USA,1 January 1997,1997,EBM,Excerpt (compiled series),3,film,US97EBM1-12,Beyond myth & tradition,library/8A-excerpts/US97EBM1-12/US97EBM3 - Freedom and authority.mp4,08 - Excerpts.md#US97EBM1-12,
US97EBM4,8A,Excerpts,The sacred,video,29,US,USA,1 January 1997,1997,EBM,Excerpt (compiled series),4,film,US97EBM1-12,Beyond myth & tradition,library/8A-excerpts/US97EBM1-12/US97EBM4 - The sacred.mp4,08 - Excerpts.md#US97EBM1-12,
US97EBM5,8A,Excerpts,Choiceless awareness,video,29,US,USA,1 January 1997,1997,EBM,Excerpt (compiled series),5,film,US97EBM1-12,Beyond myth & tradition,library/8A-excerpts/US97EBM1-12/US97EBM5 - Choiceless awareness.mp4,08 - Excerpts.md#US97EBM1-12,
US97EBM6,8A,Excerpts,Meditation,video,29,US,USA,1 January 1997,1997,EBM,Excerpt (compiled series),6,film,US97EBM1-12,Beyond myth & tradition,library/8A-excerpts/US97EBM1-12/US97EBM6 - Meditation.mp4,08 - Excerpts.md#US97EBM1-12,
US97EBM7,8A,Excerpts,Mirror of relationship,video,29,US,USA,1 January 1997,1997,EBM,Excerpt (compiled series),7,film,US97EBM1-12,Beyond myth & tradition,library/8A-excerpts/US97EBM1-12/US97EBM7 - Mirror of relationship.mp4,08 - Excerpts.md#US97EBM1-12,
US97EBM8,8A,Excerpts,Conditioning: Prisoners of the past,video,29,US,USA,1 January 1997,1997,EBM,Excerpt (compiled series),8,film,US97EBM1-12,Beyond myth & tradition,library/8A-excerpts/US97EBM1-12/US97EBM8 - Conditioning Prisoners of the past.mp4,08 - Excerpts.md#US97EBM1-12,
US97EBM9,8A,Excerpts,The violent self,video,29,US,USA,1 January 1997,1997,EBM,Excerpt (compiled series),9,film,US97EBM1-12,Beyond myth & tradition,library/8A-excerpts/US97EBM1-12/US97EBM9 - The violent self.mp4,08 - Excerpts.md#US97EBM1-12,
BR71FCLW,9A,Films and Documentaries,Can you live that way?,video,46,BR,Brockwood Park,1 January 1971,1971,FCLW,Film documentary,,film,,,library/9A-films-and-documentaries/BR71FCLW - Can you live that way.mp4,09 - Films and documentaries.md#standalone,
BR74FPL,9A,Films and Documentaries,Problems of living,video,28,BR,Brockwood Park,1 October 1974,1974,FPL,Film,,film,,,library/9A-films-and-documentaries/BR74FPL - Problems of living.mp4,09 - Films and documentaries.md#standalone,
BR85IRF,9A,Films and Documentaries,The role of a flower,video,26,BR,Brockwood Park,10 September 1985,1985,IRF,Film interview,,interview,,,library/9A-films-and-documentaries/BR85IRF - The role of a flower.mp4,09 - Films and documentaries.md#standalone,
BR95FOF,9A,Films and Documentaries,On Freedom,video,32,BR,Brockwood Park,1 January 1995,1995,FOF,Film,,film,,,library/9A-films-and-documentaries/BR95FOF - On Freedom.mp4,09 - Films and documentaries.md#standalone,
CO49HF,9A,Films and Documentaries,"Historical film, Sri Lanka 1949/50",video,3,CO,Colombo,1 December 1949,1949,HF,Historical film,,film,,,"library/9A-films-and-documentaries/CO49HF - Historical film, Sri Lanka 194950.mp4",09 - Films and documentaries.md#standalone,
KHF1&2,9A,Films and Documentaries,Compilation of 1920s film rolls,video,141,KH,KH,1 January 1920,,F,Film,1&2,film,,,library/9A-films-and-documentaries/KHF1&2 - Compilation of 1920s film rolls.mp4,09 - Films and documentaries.md#standalone,
LAT35HF,9A,Films and Documentaries,1935 Latin America tour - A silent film documentary,video,44,LAT,LAT,1 April 1935,1935,HF,Historical film,,film,,,library/9A-films-and-documentaries/LAT35HF - 1935 Latin America tour - A silent film documentary.mp4,09 - Films and documentaries.md#standalone,
NY28F,9A,Films and Documentaries,"Short interview in New York City, 1928",video,1,NY,New York,1 April 1928,2028,F,Film,,film,,,"library/9A-films-and-documentaries/NY28F - Short interview in New York City, 1928.mp4",09 - Films and documentaries.md#standalone,
OJ30FTPL,9A,Films and Documentaries,Krishnamurti reading ‘Truth is a Pathless Land’,video,5,OJ,"Ojai, California",30 May 1930,2030,FTPL,Film,,film,,,library/9A-films-and-documentaries/OJ30FTPL - Krishnamurti reading ‘Truth is a Pathless Land’.mp4,09 - Films and documentaries.md#standalone,Note: a total of 5 seconds of audio is missing.
OJ78FOE,9A,Films and Documentaries,Krishnamurti On Education,video,12,OJ,"Ojai, California",27 April 1978,1978,FOE,Film on education,,film,,,library/9A-films-and-documentaries/OJ78FOE - Krishnamurti On Education.mp4,09 - Films and documentaries.md#standalone,
OJ81FOG,9A,Films and Documentaries,The Oak Grove School: An exploration of learning,video,14,OJ,"Ojai, California",1 May 1981,1981,FOG,Film,,film,,,library/9A-films-and-documentaries/OJ81FOG - The Oak Grove School An exploration of learning.mp4,09 - Films and documentaries.md#standalone,
OJ81FQA,9A,Films and Documentaries,Krishnamurti on education: The quality of attention,video,20,OJ,"Ojai, California",1 May 1981,1981,FQA,Film,,film,,,library/9A-films-and-documentaries/OJ81FQA - Krishnamurti on education The quality of attention.mp4,09 - Films and documentaries.md#standalone,
OM2426F,9A,Films and Documentaries,Historical footage 1924 - 1926,video,35,OM,Ommen,1 January 1926,2426,F,Film,,film,,,library/9A-films-and-documentaries/OM2426F - Historical footage 1924 - 1926.mp4,09 - Films and documentaries.md#standalone,
OM24F,9A,Films and Documentaries,Historical Film of the Ommen Camp,video,10,OM,Ommen,23 July 1926,2024,F,Film,,film,,,library/9A-films-and-documentaries/OM24F - Historical Film of the Ommen Camp.mp4,09 - Films and documentaries.md#standalone,
SY34HF,9A,Films and Documentaries,Newsreel of Krishnamurti in Sydney,video,2,SY,Sydney,27 February 1934,1934,HF,Historical film,,film,,,library/9A-films-and-documentaries/SY34HF - Newsreel of Krishnamurti in Sydney.mp4,09 - Films and documentaries.md#standalone,
US66FRR1,9A,Films and Documentaries,Where are we going?,video,29,US,"Ojai, California",1 January 1966,1966,FRR,Film series episode,1,film,US66FRR1-8,The real revolution,library/9A-films-and-documentaries/US66FRR1-8/US66FRR1 - Where are we going.mp4,09 - Films and documentaries.md#US66FRR1-8,
US66FRR2,9A,Films and Documentaries,Observing ourselves,video,29,US,"Ojai, California",1 January 1966,1966,FRR,Film series episode,2,film,US66FRR1-8,The real revolution,library/9A-films-and-documentaries/US66FRR1-8/US66FRR2 - Observing ourselves.mp4,09 - Films and documentaries.md#US66FRR1-8,
US66FRR3,9A,Films and Documentaries,Freedom from fear,video,29,US,"Ojai, California",1 January 1966,1966,FRR,Film series episode,3,film,US66FRR1-8,The real revolution,library/9A-films-and-documentaries/US66FRR1-8/US66FRR3 - Freedom from fear.mp4,09 - Films and documentaries.md#US66FRR1-8,
US66FRR4,9A,Films and Documentaries,Meditation,video,29,US,"Ojai, California",1 January 1966,1966,FRR,Film series episode,4,film,US66FRR1-8,The real revolution,library/9A-films-and-documentaries/US66FRR1-8/US66FRR4 - Meditation.mp4,09 - Films and documentaries.md#US66FRR1-8,
US66FRR5,9A,Films and Documentaries,What is love?,video,29,US,"Ojai, California",1 January 1966,1966,FRR,Film series episode,5,film,US66FRR1-8,The real revolution,library/9A-films-and-documentaries/US66FRR1-8/US66FRR5 - What is love.mp4,09 - Films and documentaries.md#US66FRR1-8,
US66FRR6,9A,Films and Documentaries,Questioning,video,29,US,"Ojai, California",1 January 1966,1966,FRR,Film series episode,6,film,US66FRR1-8,The real revolution,library/9A-films-and-documentaries/US66FRR1-8/US66FRR6 - Questioning.mp4,09 - Films and documentaries.md#US66FRR1-8,
US66FRR7,9A,Films and Documentaries,Living and death,video,29,US,"Ojai, California",1 January 1966,1966,FRR,Film series episode,7,film,US66FRR1-8,The real revolution,library/9A-films-and-documentaries/US66FRR1-8/US66FRR7 - Living and death.mp4,09 - Films and documentaries.md#US66FRR1-8,
US66FRR8,9A,Films and Documentaries,The end of conflict,video,29,US,"Ojai, California",1 January 1966,1966,FRR,Film series episode,8,film,US66FRR1-8,The real revolution,library/9A-films-and-documentaries/US66FRR1-8/US66FRR8 - The end of conflict.mp4,09 - Films and documentaries.md#US66FRR1-8,
US80WOL,9A,Films and Documentaries,Ways of Learning - Reflections on the Oak Grove School,video,18,US,"Ojai, California",1 January 1980,1980,WOL,WOL,,recording,,,library/9A-films-and-documentaries/US80WOL - Ways of Learning - Reflections on the Oak Grove School.mp4,09 - Films and documentaries.md#standalone,
US84FCC,9A,Films and Documentaries,The challenge of change,video,77,US,USA,1 January 1984,1984,FCC,Film documentary,,film,,,library/9A-films-and-documentaries/US84FCC - The challenge of change.mp4,09 - Films and documentaries.md#standalone,
US89FSM,9A,Films and Documentaries,Krishnamurti: With a silent mind,video,105,US,USA,1 January 1989,1989,FSM,Film documentary,,film,,,library/9A-films-and-documentaries/US89FSM - Krishnamurti With a silent mind.mp4,09 - Films and documentaries.md#standalone,
