mega_group,code,section,title,media_type,minutes,place_code,place_name,year,event_date,type,media_kind,series_code,future_path
01,BR69D1,1A,How am I to become extraordinarily alert?,audio,78,BR,Brockwood Park,1969,9 September 1969,Public Discussion,discussion,BR69T1-4,library/1A-public-meetings-england/BR69D1 - How am I to become extraordinarily alert.mp3
01,BR69D2,1A,Can I live completely without resistance?,audio,83,BR,Brockwood Park,1969,11 September 1969,Public Discussion,discussion,BR69T1-4,library/1A-public-meetings-england/BR69D2 - Can I live completely without resistance.mp3
01,BR69T1,1A,Living without resistance,audio,59,BR,Brockwood Park,1969,6 September 1969,Public Talk,talk,BR69T1-4,library/1A-public-meetings-england/BR69T1 - Living without resistance.mp3
01,BR69T2,1A,Why are we not completely aware of the psychological dangers in which we live?,audio,70,BR,Brockwood Park,1969,7 September 1969,Public Talk,talk,BR69T1-4,library/1A-public-meetings-england/BR69T2 - Why are we not completely aware of the psychological dangers in which we live.mp3
01,BR69T3,1A,Knowing what love is,audio,71,BR,Brockwood Park,1969,13 September 1969,Public Talk,talk,BR69T1-4,library/1A-public-meetings-england/BR69T3 - Knowing what love is.mp3
01,BR69T4,1A,Meditation is the beginning of understanding oneself,audio,85,BR,Brockwood Park,1969,14 September 1969,Public Talk,talk,BR69T1-4,library/1A-public-meetings-england/BR69T4 - Meditation is the beginning of understanding oneself.mp3
01,BR70D1,1A,If one is conforming there is no freedom,audio,75,BR,Brockwood Park,1970,8 September 1970,Public Discussion,discussion,BR70T1-4,library/1A-public-meetings-england/BR70D1 - If one is conforming there is no freedom.mp3
01,BR70D2,1A,Maturity is freedom from conditioning,audio,84,BR,Brockwood Park,1970,10 September 1970,Public Discussion,discussion,BR70T1-4,library/1A-public-meetings-england/BR70D2 - Maturity is freedom from conditioning.mp3
01,BR70T1,1A,Observing without the ‘me’,audio,98,BR,Brockwood Park,1970,5 September 1970,Public Talk,talk,BR70T1-4,library/1A-public-meetings-england/BR70T1 - Observing without the ‘me’.mp3
01,BR70T2,1A,Can one live without psychological effort?,audio,78,BR,Brockwood Park,1970,6 September 1970,Public Talk,talk,BR70T1-4,library/1A-public-meetings-england/BR70T2 - Can one live without psychological effort.mp3
01,BR70T3,1A,Does a free mind choose?,audio,71,BR,Brockwood Park,1970,12 September 1970,Public Talk,talk,BR70T1-4,library/1A-public-meetings-england/BR70T3 - Does a free mind choose.mp3
01,BR70T4,1A,Acting without ideas,audio,66,BR,Brockwood Park,1970,13 September 1970,Public Talk,talk,BR70T1-4,library/1A-public-meetings-england/BR70T4 - Acting without ideas.mp3
01,BR71D1,1A,Can I live a harmonious life?,audio,82,BR,Brockwood Park,1971,7 September 1971,Public Discussion,discussion,BR71T1-4,library/1A-public-meetings-england/BR71D1 - Can I live a harmonious life.mp3
01,BR71D2,1A,Can habit end without decision or choice?,audio,76,BR,Brockwood Park,1971,9 September 1971,Public Discussion,discussion,BR71T1-4,library/1A-public-meetings-england/BR71D2 - Can habit end without decision or choice.mp3
01,BR71T1,1A,Being free of the deepest conditioning,audio,85,BR,Brockwood Park,1971,4 September 1971,Public Talk,talk,BR71T1-4,library/1A-public-meetings-england/BR71T1 - Being free of the deepest conditioning.mp3
01,BR71T2,1A,Action without the authority of the image,audio,70,BR,Brockwood Park,1971,5 September 1971,Public Talk,talk,BR71T1-4,library/1A-public-meetings-england/BR71T2 - Action without the authority of the image.mp3
01,BR71T3,1A,What is the relationship between the pursuit of pleasure and love?,audio,76,BR,Brockwood Park,1971,11 September 1971,Public Talk,talk,BR71T1-4,library/1A-public-meetings-england/BR71T3 - What is the relationship between the pursuit of pleasure and love.mp3
01,BR71T4,1A,Meditation is the total release of energy,audio,93,BR,Brockwood Park,1971,12 September 1971,Public Talk,talk,BR71T1-4,library/1A-public-meetings-england/BR71T4 - Meditation is the total release of energy.mp3
01,BR72D1,1A,You can learn only if you do not know,audio,90,BR,Brockwood Park,1972,12 September 1972,Public Discussion,discussion,BR72T1-4,library/1A-public-meetings-england/BR72D1 - You can learn only if you do not know.mp3
01,BR72D2,1A,The action of intelligence,audio,97,BR,Brockwood Park,1972,14 September 1972,Public Discussion,discussion,BR72T1-4,library/1A-public-meetings-england/BR72D2 - The action of intelligence.mp3
01,BR72T1,1A,Complete freedom from thought,audio,76,BR,Brockwood Park,1972,9 September 1972,Public Talk,talk,BR72T1-4,library/1A-public-meetings-england/BR72T1 - Complete freedom from thought.mp3
01,BR72T2,1A,If I don't change now what will the future be?,audio,86,BR,Brockwood Park,1972,10 September 1972,Public Talk,talk,BR72T1-4,library/1A-public-meetings-england/BR72T2 - If I don't change now what will the future be.mp3
01,BR72T3,1A,"If freedom is responsibility, how do I act?",audio,78,BR,Brockwood Park,1972,16 September 1972,Public Talk,talk,BR72T1-4,"library/1A-public-meetings-england/BR72T3 - If freedom is responsibility, how do I act.mp3"
01,BR72T4,1A,"To come upon the new, thought must be quiet",audio,66,BR,Brockwood Park,1972,17 September 1972,Public Talk,talk,BR72T1-4,"library/1A-public-meetings-england/BR72T4 - To come upon the new, thought must be quiet.mp3"
01,BR73D1,1A,The word is you,audio,102,BR,Brockwood Park,1973,4 September 1973,Public Discussion,discussion,BR73T1-4,library/1A-public-meetings-england/BR73D1 - The word is you.mp3
01,BR73D2,1A,Can the movement of the self end?,audio,84,BR,Brockwood Park,1973,6 September 1973,Public Discussion,discussion,BR73T1-4,library/1A-public-meetings-england/BR73D2 - Can the movement of the self end.mp3
01,BR73T1,1A,Can the fragmented mind be whole?,audio,87,BR,Brockwood Park,1973,1 September 1973,Public Talk,talk,BR73T1-4,library/1A-public-meetings-england/BR73T1 - Can the fragmented mind be whole.mp3
01,BR73T2,1A,Why does the mind always cling to the known?,audio,81,BR,Brockwood Park,1973,2 September 1973,Public Talk,talk,BR73T1-4,library/1A-public-meetings-england/BR73T2 - Why does the mind always cling to the known.mp3
01,BR73T3,1A,To live a life that is whole,audio,78,BR,Brockwood Park,1973,8 September 1973,Public Talk,talk,BR73T1-4,library/1A-public-meetings-england/BR73T3 - To live a life that is whole.mp3
01,BR73T4,1A,"Is there anything truly holy, sacred?",audio,72,BR,Brockwood Park,1973,9 September 1973,Public Talk,talk,BR73T1-4,"library/1A-public-meetings-england/BR73T4 - Is there anything truly holy, sacred.mp3"
01,BR74D1,1A,The place of pleasure,audio,102,BR,Brockwood Park,1974,3 September 1974,Public Discussion,discussion,BR74T1-4,library/1A-public-meetings-england/BR74D1 - The place of pleasure.mp3
01,BR74D2,1A,Is the mind capable of seeing thought?,audio,84,BR,Brockwood Park,1974,5 September 1974,Public Discussion,discussion,BR74T1-4,library/1A-public-meetings-england/BR74D2 - Is the mind capable of seeing thought.mp3
01,BR74T1,1A,Can the conditioned mind go beyond itself?,audio,87,BR,Brockwood Park,1974,31 August 1974,Public Talk,talk,BR74T1-4,library/1A-public-meetings-england/BR74T1 - Can the conditioned mind go beyond itself.mp3
01,BR74T2,1A,Is thought a slave to time?,audio,84,BR,Brockwood Park,1974,1 September 1974,Public Talk,talk,BR74T1-4,library/1A-public-meetings-england/BR74T2 - Is thought a slave to time.mp3
01,BR74T3,1A,Death means a total renewal,audio,79,BR,Brockwood Park,1974,7 September 1974,Public Talk,talk,BR74T1-4,library/1A-public-meetings-england/BR74T3 - Death means a total renewal.mp3
01,BR74T4,1A,The energy to meet problems,audio,92,BR,Brockwood Park,1974,8 September 1974,Public Talk,talk,BR74T1-4,library/1A-public-meetings-england/BR74T4 - The energy to meet problems.mp3
01,BR75D1,1A,The action of total awareness,audio,87,BR,Brockwood Park,1975,9 September 1975,Public Discussion,discussion,BR75T1-4,library/1A-public-meetings-england/BR75D1 - The action of total awareness.mp3
01,BR75D2,1A,Do you respond according to an image?,audio,90,BR,Brockwood Park,1975,11 September 1975,Public Discussion,discussion,BR75T1-4,library/1A-public-meetings-england/BR75D2 - Do you respond according to an image.mp3
01,BR75T1,1A,What is the function of thought?,audio,88,BR,Brockwood Park,1975,6 September 1975,Public Talk,talk,BR75T1-4,library/1A-public-meetings-england/BR75T1 - What is the function of thought.mp3
01,BR75T2,1A,Can suffering end totally?,audio,77,BR,Brockwood Park,1975,7 September 1975,Public Talk,talk,BR75T1-4,library/1A-public-meetings-england/BR75T2 - Can suffering end totally.mp3
01,BR75T3,1A,Is there something with no beginning or end?,audio,75,BR,Brockwood Park,1975,13 September 1975,Public Talk,talk,BR75T1-4,library/1A-public-meetings-england/BR75T3 - Is there something with no beginning or end.mp3
01,BR75T4,1A,Can we ever perceive truth?,audio,73,BR,Brockwood Park,1975,14 September 1975,Public Talk,talk,BR75T1-4,library/1A-public-meetings-england/BR75T4 - Can we ever perceive truth.mp3
01,BR76D1,1A,How do you observe your fears?,video,83,BR,Brockwood Park,1976,31 August 1976,Public Discussion,discussion,BR76T1-4,library/1A-public-meetings-england/BR76D1 - How do you observe your fears.mp4
01,BR76D2,1A,Can thought perceive the whole?,video,88,BR,Brockwood Park,1976,2 September 1976,Public Discussion,discussion,BR76T1-4,library/1A-public-meetings-england/BR76D2 - Can thought perceive the whole.mp4
01,BR76T1,1A,A transformation which implies freedom,video,66,BR,Brockwood Park,1976,28 August 1976,Public Talk,talk,BR76T1-4,library/1A-public-meetings-england/BR76T1 - A transformation which implies freedom.mp4
01,BR76T2,1A,Pleasure is a factor of conditioning,video,66,BR,Brockwood Park,1976,29 August 1976,Public Talk,talk,BR76T1-4,library/1A-public-meetings-england/BR76T2 - Pleasure is a factor of conditioning.mp4
01,BR76T3,1A,Is psychological time an invention of thought?,video,79,BR,Brockwood Park,1976,4 September 1976,Public Talk,talk,BR76T1-4,library/1A-public-meetings-england/BR76T3 - Is psychological time an invention of thought.mp4
01,BR76T4,1A,Freedom is the first and last step,video,70,BR,Brockwood Park,1976,5 September 1976,Public Talk,talk,BR76T1-4,library/1A-public-meetings-england/BR76T4 - Freedom is the first and last step.mp4
01,BR77D1,1A,Is there such a thing as love?,video,81,BR,Brockwood Park,1977,30 August 1977,Public Discussion,discussion,BR77T1-4,library/1A-public-meetings-england/BR77D1 - Is there such a thing as love.mp4
01,BR77D2,1A,Why is your mind chattering?,video,72,BR,Brockwood Park,1977,1 September 1977,Public Discussion,discussion,BR77T1-4,library/1A-public-meetings-england/BR77D2 - Why is your mind chattering.mp4
01,BR77T1,1A,Is it possible to see the limitation of thought?,video,62,BR,Brockwood Park,1977,27 August 1977,Public Talk,talk,BR77T1-4,library/1A-public-meetings-england/BR77T1 - Is it possible to see the limitation of thought.mp4
01,BR77T2,1A,What is the function of the brain?,video,58,BR,Brockwood Park,1977,28 August 1977,Public Talk,talk,BR77T1-4,library/1A-public-meetings-england/BR77T2 - What is the function of the brain.mp4
01,BR77T3,1A,What is at the very root of sorrow?,video,65,BR,Brockwood Park,1977,3 September 1977,Public Talk,talk,BR77T1-4,library/1A-public-meetings-england/BR77T3 - What is at the very root of sorrow.mp4
01,BR77T4,1A,Is the flowering of goodness a matter of time?,video,72,BR,Brockwood Park,1977,4 September 1977,Public Talk,talk,BR77T1-4,library/1A-public-meetings-england/BR77T4 - Is the flowering of goodness a matter of time.mp4
01,BR78D1,1A,Are you aware of the structure of yourself?,video,83,BR,Brockwood Park,1978,29 August 1978,Public Discussion,discussion,BR78T1-4,library/1A-public-meetings-england/BR78D1 - Are you aware of the structure of yourself.mp4
01,BR78D2,1A,Can one learn through relationship?,video,76,BR,Brockwood Park,1978,31 August 1978,Public Discussion,discussion,BR78T1-4,library/1A-public-meetings-england/BR78D2 - Can one learn through relationship.mp4
01,BR78T1,1A,Can I strip myself of the network of language?,video,90,BR,Brockwood Park,1978,26 August 1978,Public Talk,talk,BR78T1-4,library/1A-public-meetings-england/BR78T1 - Can I strip myself of the network of language.mp4
01,BR78T2,1A,How is one to have complete order?,video,69,BR,Brockwood Park,1978,27 August 1978,Public Talk,talk,BR78T1-4,library/1A-public-meetings-england/BR78T2 - How is one to have complete order.mp4
01,BR78T3,1A,How is freedom to be understood and lived?,video,78,BR,Brockwood Park,1978,2 September 1978,Public Talk,talk,BR78T1-4,library/1A-public-meetings-england/BR78T3 - How is freedom to be understood and lived.mp4
01,BR78T4,1A,The beginning of meditation,video,82,BR,Brockwood Park,1978,3 September 1978,Public Talk,talk,BR78T1-4,library/1A-public-meetings-england/BR78T4 - The beginning of meditation.mp4
01,BR79Q1,1A,1st Question & Answer Meeting,video,75,BR,Brockwood Park,1979,28 August 1979,Question & Answer Meeting,qa,BR79T1-4,library/1A-public-meetings-england/BR79Q1 - 1st Question & Answer Meeting.mp4
01,BR79Q2,1A,2nd Question & Answer Meeting,video,84,BR,Brockwood Park,1979,30 August 1979,Question & Answer Meeting,qa,BR79T1-4,library/1A-public-meetings-england/BR79Q2 - 2nd Question & Answer Meeting.mp4
01,BR79T1,1A,What will make us change?,video,66,BR,Brockwood Park,1979,25 August 1979,Public Talk,talk,BR79T1-4,library/1A-public-meetings-england/BR79T1 - What will make us change.mp4
01,BR79T2,1A,Is thought the instrument of right action?,video,65,BR,Brockwood Park,1979,26 August 1979,Public Talk,talk,BR79T1-4,library/1A-public-meetings-england/BR79T2 - Is thought the instrument of right action.mp4
01,BR79T3,1A,Can one know oneself completely?,video,67,BR,Brockwood Park,1979,1 September 1979,Public Talk,talk,BR79T1-4,library/1A-public-meetings-england/BR79T3 - Can one know oneself completely.mp4
01,BR79T4,1A,"Meditation, the timeless and love",video,72,BR,Brockwood Park,1979,2 September 1979,Public Talk,talk,BR79T1-4,"library/1A-public-meetings-england/BR79T4 - Meditation, the timeless and love.mp4"
01,BR80Q1,1A,1st Question & Answer Meeting,video,83,BR,Brockwood Park,1980,2 September 1980,Question & Answer Meeting,qa,BR80T1-4,library/1A-public-meetings-england/BR80Q1 - 1st Question & Answer Meeting.mp4
01,BR80Q2,1A,2nd Question & Answer Meeting,video,83,BR,Brockwood Park,1980,4 September 1980,Question & Answer Meeting,qa,BR80T1-4,library/1A-public-meetings-england/BR80Q2 - 2nd Question & Answer Meeting.mp4
01,BR80T1,1A,What is right action in this chaotic world?,video,63,BR,Brockwood Park,1980,30 August 1980,Public Talk,talk,BR80T1-4,library/1A-public-meetings-england/BR80T1 - What is right action in this chaotic world.mp4
01,BR80T2,1A,Can the brain transform itself?,video,76,BR,Brockwood Park,1980,31 August 1980,Public Talk,talk,BR80T1-4,library/1A-public-meetings-england/BR80T2 - Can the brain transform itself.mp4
01,BR80T3,1A,What is the relationship between the inner and outer confusion?,video,71,BR,Brockwood Park,1980,6 September 1980,Public Talk,talk,BR80T1-4,library/1A-public-meetings-england/BR80T3 - What is the relationship between the inner and outer confusion.mp4
01,BR80T4,1A,"Religion, death and meditation",video,84,BR,Brockwood Park,1980,7 September 1980,Public Talk,talk,BR80T1-4,"library/1A-public-meetings-england/BR80T4 - Religion, death and meditation.mp4"
01,BR81Q1,1A,1st Question & Answer Meeting,video,84,BR,Brockwood Park,1981,1 September 1981,Question & Answer Meeting,qa,BR81T1-4,library/1A-public-meetings-england/BR81Q1 - 1st Question & Answer Meeting.mp4
01,BR81Q2,1A,2nd Question & Answer Meeting,video,88,BR,Brockwood Park,1981,3 September 1981,Question & Answer Meeting,qa,BR81T1-4,library/1A-public-meetings-england/BR81Q2 - 2nd Question & Answer Meeting.mp4
01,BR81T1,1A,Thought and the problems of our world,video,69,BR,Brockwood Park,1981,29 August 1981,Public Talk,talk,BR81T1-4,library/1A-public-meetings-england/BR81T1 - Thought and the problems of our world.mp4
01,BR81T2,1A,Looking at the whole content of consciousness,video,72,BR,Brockwood Park,1981,30 August 1981,Public Talk,talk,BR81T1-4,library/1A-public-meetings-england/BR81T2 - Looking at the whole content of consciousness.mp4
01,BR81T3,1A,"Knowledge, sorrow, death, and to be free of the content of consciousness",video,77,BR,Brockwood Park,1981,5 September 1981,Public Talk,talk,BR81T1-4,"library/1A-public-meetings-england/BR81T3 - Knowledge, sorrow, death, and to be free of the content of consciousness.mp4"
01,BR81T4,1A,What is meditation?,video,70,BR,Brockwood Park,1981,6 September 1981,Public Talk,talk,BR81T1-4,library/1A-public-meetings-england/BR81T4 - What is meditation.mp4
01,BR82Q1,1A,1st Question & Answer Meeting,video,81,BR,Brockwood Park,1982,31 August 1982,Question & Answer Meeting,qa,BR82T1-4,library/1A-public-meetings-england/BR82Q1 - 1st Question & Answer Meeting.mp4
01,BR82Q2,1A,2nd Question & Answer Meeting,video,82,BR,Brockwood Park,1982,2 September 1982,Question & Answer Meeting,qa,BR82T1-4,library/1A-public-meetings-england/BR82Q2 - 2nd Question & Answer Meeting.mp4
01,BR82T1,1A,What can we do in this world?,video,73,BR,Brockwood Park,1982,28 August 1982,Public Talk,talk,BR82T1-4,library/1A-public-meetings-england/BR82T1 - What can we do in this world.mp4
01,BR82T2,1A,What has happened to mankind?,video,72,BR,Brockwood Park,1982,29 August 1982,Public Talk,talk,BR82T1-4,library/1A-public-meetings-england/BR82T2 - What has happened to mankind.mp4
01,BR82T3,1A,The intelligence which brings order and peace,video,65,BR,Brockwood Park,1982,4 September 1982,Public Talk,talk,BR82T1-4,library/1A-public-meetings-england/BR82T3 - The intelligence which brings order and peace.mp4
01,BR82T4,1A,The beauty of death as part of life,video,80,BR,Brockwood Park,1982,5 September 1982,Public Talk,talk,BR82T1-4,library/1A-public-meetings-england/BR82T4 - The beauty of death as part of life.mp4
01,BR83Q1,1A,1st Question & Answer Meeting,video,99,BR,Brockwood Park,1983,30 August 1983,Question & Answer Meeting,qa,BR83T1-4,library/1A-public-meetings-england/BR83Q1 - 1st Question & Answer Meeting.mp4
01,BR83Q2,1A,2nd Question & Answer Meeting,video,106,BR,Brockwood Park,1983,1 September 1983,Question & Answer Meeting,qa,BR83T1-4,library/1A-public-meetings-england/BR83Q2 - 2nd Question & Answer Meeting.mp4
01,BR83T1,1A,How can the brain transform itself?,video,67,BR,Brockwood Park,1983,27 August 1983,Public Talk,talk,BR83T1-4,library/1A-public-meetings-england/BR83T1 - How can the brain transform itself.mp4
01,BR83T2,1A,Only in peace can the human mind be free,video,73,BR,Brockwood Park,1983,28 August 1983,Public Talk,talk,BR83T1-4,library/1A-public-meetings-england/BR83T2 - Only in peace can the human mind be free.mp4
01,BR83T3,1A,Freedom from the self,video,69,BR,Brockwood Park,1983,3 September 1983,Public Talk,talk,BR83T1-4,library/1A-public-meetings-england/BR83T3 - Freedom from the self.mp4
01,BR83T4,1A,What kind of brain is needed for meditation?,video,67,BR,Brockwood Park,1983,4 September 1983,Public Talk,talk,BR83T1-4,library/1A-public-meetings-england/BR83T4 - What kind of brain is needed for meditation.mp4
01,BR84Q1,1A,1st Question & Answer Meeting,video,88,BR,Brockwood Park,1984,28 August 1984,Question & Answer Meeting,qa,BR84T1-4,library/1A-public-meetings-england/BR84Q1 - 1st Question & Answer Meeting.mp4
01,BR84Q2,1A,2nd Question & Answer Meeting,video,90,BR,Brockwood Park,1984,30 August 1984,Question & Answer Meeting,qa,BR84T1-4,library/1A-public-meetings-england/BR84Q2 - 2nd Question & Answer Meeting.mp4
01,BR84T1,1A,The cause of conflict in relationship,video,81,BR,Brockwood Park,1984,25 August 1984,Public Talk,talk,BR84T1-4,library/1A-public-meetings-england/BR84T1 - The cause of conflict in relationship.mp4
01,BR84T2,1A,"Looking at fear, that extraordinary jewel",video,70,BR,Brockwood Park,1984,26 August 1984,Public Talk,talk,BR84T1-4,"library/1A-public-meetings-england/BR84T2 - Looking at fear, that extraordinary jewel.mp4"
01,BR84T3,1A,Is it possible to end all sorrow?,video,73,BR,Brockwood Park,1984,1 September 1984,Public Talk,talk,BR84T1-4,library/1A-public-meetings-england/BR84T3 - Is it possible to end all sorrow.mp4
01,BR84T4,1A,"The nature, depth and beauty of death",video,70,BR,Brockwood Park,1984,2 September 1984,Public Talk,talk,BR84T1-4,"library/1A-public-meetings-england/BR84T4 - The nature, depth and beauty of death.mp4"
01,BR85Q1,1A,1st Question & Answer Meeting,video,82,BR,Brockwood Park,1985,27 August 1985,Question & Answer Meeting,qa,BR85T1-4,library/1A-public-meetings-england/BR85Q1 - 1st Question & Answer Meeting.mp4
01,BR85Q2,1A,2nd Question & Answer Meeting,video,85,BR,Brockwood Park,1985,29 August 1985,Question & Answer Meeting,qa,BR85T1-4,library/1A-public-meetings-england/BR85Q2 - 2nd Question & Answer Meeting.mp4
01,BR85T1,1A,Why do we have so many problems?,video,71,BR,Brockwood Park,1985,24 August 1985,Public Talk,talk,BR85T1-4,library/1A-public-meetings-england/BR85T1 - Why do we have so many problems.mp4
01,BR85T2,1A,The relationship of time and thought to fear,video,81,BR,Brockwood Park,1985,25 August 1985,Public Talk,talk,BR85T1-4,library/1A-public-meetings-england/BR85T2 - The relationship of time and thought to fear.mp4
01,BR85T3,1A,The relationship of freedom to self-interest,video,62,BR,Brockwood Park,1985,31 August 1985,Public Talk,talk,BR85T1-4,library/1A-public-meetings-england/BR85T3 - The relationship of freedom to self-interest.mp4
01,BR85T4,1A,The nature of the brain that lives religiously,video,70,BR,Brockwood Park,1985,1 September 1985,Public Talk,talk,BR85T1-4,library/1A-public-meetings-england/BR85T4 - The nature of the brain that lives religiously.mp4
01,LO61T1,1A,What is the mind?,audio,80,LO,London,1961,2 May 1961,Public Talk,talk,LO61T1-12,library/1A-public-meetings-england/LO61T1 - What is the mind.mp3
01,LO61T10,1A,What is the quality of the mind that is capable of meditation?,audio,76,LO,London,1961,23 May 1961,Public Talk,talk,LO61T1-12,library/1A-public-meetings-england/LO61T10 - What is the quality of the mind that is capable of meditation.mp3
01,LO61T11,1A,The truly religious mind is not a slave to time,audio,68,LO,London,1961,25 May 1961,Public Talk,talk,LO61T1-12,library/1A-public-meetings-england/LO61T11 - The truly religious mind is not a slave to time.mp3
01,LO61T12,1A,How is one to understand the totality of suffering?,audio,84,LO,London,1961,28 May 1961,Public Talk,talk,LO61T1-12,library/1A-public-meetings-england/LO61T12 - How is one to understand the totality of suffering.mp3
01,LO61T2,1A,What is thinking?,audio,81,LO,London,1961,4 May 1961,Public Talk,talk,LO61T1-12,library/1A-public-meetings-england/LO61T2 - What is thinking.mp3
01,LO61T3,1A,Can the mind experience without leaving a residue as memory?,audio,64,LO,London,1961,7 May 1961,Public Talk,talk,LO61T1-12,library/1A-public-meetings-england/LO61T3 - Can the mind experience without leaving a residue as memory.mp3
01,LO61T4,1A,Why has the mind to be occupied?,audio,82,LO,London,1961,9 May 1961,Public Talk,talk,LO61T1-12,library/1A-public-meetings-england/LO61T4 - Why has the mind to be occupied.mp3
01,LO61T5,1A,Can the mind free itself from fear?,audio,44,LO,London,1961,11 May 1961,Public Talk,talk,LO61T1-12,library/1A-public-meetings-england/LO61T5 - Can the mind free itself from fear.mp3
01,LO61T6,1A,Can the mind wipe away entirely the conditioning of centuries?,audio,74,LO,London,1961,14 May 1961,Public Talk,talk,LO61T1-12,library/1A-public-meetings-england/LO61T6 - Can the mind wipe away entirely the conditioning of centuries.mp3
01,LO61T7,1A,What significance has desire?,audio,69,LO,London,1961,16 May 1961,Public Talk,talk,LO61T1-12,library/1A-public-meetings-england/LO61T7 - What significance has desire.mp3
01,LO61T8,1A,Can the mind be free from conflict?,audio,66,LO,London,1961,18 May 1961,Public Talk,talk,LO61T1-12,library/1A-public-meetings-england/LO61T8 - Can the mind be free from conflict.mp3
01,LO61T9,1A,Time and death,audio,82,LO,London,1961,21 May 1961,Public Talk,talk,LO61T1-12,library/1A-public-meetings-england/LO61T9 - Time and death.mp3
01,LO65D1,1A,Can we deal with life as a whole?,audio,92,LO,London,1965,22 April 1965,Public Discussion,discussion,LO65D1-6,library/1A-public-meetings-england/LO65D1 - Can we deal with life as a whole.mp3
01,LO65D2,1A,Effort involves dissipation of energy,audio,93,LO,London,1965,26 April 1965,Public Discussion,discussion,LO65D1-6,library/1A-public-meetings-england/LO65D2 - Effort involves dissipation of energy.mp3
01,LO65D3,1A,Time is disorder,audio,85,LO,London,1965,29 April 1965,Public Discussion,discussion,LO65D1-6,library/1A-public-meetings-england/LO65D3 - Time is disorder.mp3
01,LO65D4,1A,Is it possible to live in this world without experiencing?,audio,82,LO,London,1965,3 May 1965,Public Discussion,discussion,LO65D1-6,library/1A-public-meetings-england/LO65D4 - Is it possible to live in this world without experiencing.mp3
01,LO65D5,1A,On change and meditation,audio,84,LO,London,1965,6 May 1965,Public Discussion,discussion,LO65D1-6,library/1A-public-meetings-england/LO65D5 - On change and meditation.mp3
01,LO65D6,1A,Is it possible to look at fear out of silence?,audio,87,LO,London,1965,9 May 1965,Public Discussion,discussion,LO65D1-6,library/1A-public-meetings-england/LO65D6 - Is it possible to look at fear out of silence.mp3
01,LO69T1,1A,Looking at violence without the word,audio,94,LO,London,1969,12 March 1969,Public Talk,talk,LO69T1-4,library/1A-public-meetings-england/LO69T1 - Looking at violence without the word.mp3
01,LO69T2,1A,Can the mind be free of fear?,audio,77,LO,London,1969,16 March 1969,Public Talk,talk,LO69T1-4,library/1A-public-meetings-england/LO69T2 - Can the mind be free of fear.mp3
01,LO69T3,1A,A way of living in which there is no division,audio,90,LO,London,1969,20 March 1969,Public Talk,talk,LO69T1-4,library/1A-public-meetings-england/LO69T3 - A way of living in which there is no division.mp3
01,LO69T4,1A,Meditation and the activity of silence,audio,91,LO,London,1969,23 March 1969,Public Talk,talk,LO69T1-4,library/1A-public-meetings-england/LO69T4 - Meditation and the activity of silence.mp3
01,LO82T1,1A,Is it possible not to have conflict and not to have images?,audio,86,LO,London,1982,5 June 1982,Public Talk,talk,LO82T1-2,library/1A-public-meetings-england/LO82T1 - Is it possible not to have conflict and not to have images.mp3
01,LO82T2,1A,Order in consciousness,video,61,LO,London,1982,6 June 1982,Public Talk,talk,LO82T1-2,library/1A-public-meetings-england/LO82T2 - Order in consciousness.mp4
01,BA71T1,1B,What is fear and what is pleasure?,audio,99,BA,Bangalore,1971,30 January 1971,Public Talk,talk,BA71T1-2,library/1B-public-meetings-india-and-sri-lanka/BA71T1 - What is fear and what is pleasure.mp3
01,BA71T2,1B,How does the observer come into being?,audio,95,BA,Bangalore,1971,31 January 1971,Public Talk,talk,BA71T1-2,library/1B-public-meetings-india-and-sri-lanka/BA71T2 - How does the observer come into being.mp3
01,BA73T1,1B,In the state of attention there is no observer,audio,94,BA,Bangalore,1973,10 January 1973,Public Talk,talk,BA73T1-3,library/1B-public-meetings-india-and-sri-lanka/BA73T1 - In the state of attention there is no observer.mp3
01,BA73T2,1B,"Fear, love and death",audio,83,BA,Bangalore,1973,13 January 1973,Public Talk,talk,BA73T1-3,"library/1B-public-meetings-india-and-sri-lanka/BA73T2 - Fear, love and death.mp3"
01,BA73T3,1B,A meditative mind is free of all control,audio,70,BA,Bangalore,1973,14 January 1973,Public Talk,talk,BA73T1-3,library/1B-public-meetings-india-and-sri-lanka/BA73T3 - A meditative mind is free of all control.mp3
01,BA74T1,1B,What is your mind?,audio,87,BA,Bangalore,1974,5 January 1974,Public Talk,talk,BA74T1-4,library/1B-public-meetings-india-and-sri-lanka/BA74T1 - What is your mind.mp3
01,BA74T2,1B,Is there a non-mechanistic behaviour?,audio,65,BA,Bangalore,1974,6 January 1974,Public Talk,talk,BA74T1-4,library/1B-public-meetings-india-and-sri-lanka/BA74T2 - Is there a non-mechanistic behaviour.mp3
01,BA74T3,1B,"Sorrow, love and death",audio,79,BA,Bangalore,1974,12 January 1974,Public Talk,talk,BA74T1-4,"library/1B-public-meetings-india-and-sri-lanka/BA74T3 - Sorrow, love and death.mp3"
01,BA74T4,1B,Meditation is concerned with the whole of life,audio,94,BA,Bangalore,1974,13 January 1974,Public Talk,talk,BA74T1-4,library/1B-public-meetings-india-and-sri-lanka/BA74T4 - Meditation is concerned with the whole of life.mp3
01,BE69T,1B,Why does man perpetuate violence?,audio,88,BE,Benares (Varanasi),1969,27 November 1969,Public Talk,talk,,library/1B-public-meetings-india-and-sri-lanka/BE69T - Why does man perpetuate violence.mp3
01,BO69T1,1B,A new quality of mind,audio,83,BO,Bombay (Mumbai),1969,7 December 1969,Public Talk,talk,BO69T1-4,library/1B-public-meetings-india-and-sri-lanka/BO69T1 - A new quality of mind.mp3
01,BO69T2,1B,Learning is the only movement in life,audio,77,BO,Bombay (Mumbai),1969,10 December 1969,Public Talk,talk,BO69T1-4,library/1B-public-meetings-india-and-sri-lanka/BO69T2 - Learning is the only movement in life.mp3
01,BO69T3,1B,Love means living in the movement of the present,audio,83,BO,Bombay (Mumbai),1969,14 December 1969,Public Talk,talk,BO69T1-4,library/1B-public-meetings-india-and-sri-lanka/BO69T3 - Love means living in the movement of the present.mp3
01,BO69T4,1B,"Learning, energy and the immobile mind",audio,86,BO,Bombay (Mumbai),1969,17 December 1969,Public Talk,talk,BO69T1-4,"library/1B-public-meetings-india-and-sri-lanka/BO69T4 - Learning, energy and the immobile mind.mp3"
01,BO71T1,1B,To perceive ‘what is’ is the basis of truth,audio,86,BO,Bombay (Mumbai),1971,7 February 1971,Public Talk,talk,BO71T1-4,library/1B-public-meetings-india-and-sri-lanka/BO71T1 - To perceive ‘what is’ is the basis of truth.mp3
01,BO71T2,1B,Direct perception is freedom,audio,80,BO,Bombay (Mumbai),1971,10 February 1971,Public Talk,talk,BO71T1-4,library/1B-public-meetings-india-and-sri-lanka/BO71T2 - Direct perception is freedom.mp3
01,BO71T3,1B,Love is that quality of mind in which there is no division,audio,89,BO,Bombay (Mumbai),1971,14 February 1971,Public Talk,talk,BO71T1-4,library/1B-public-meetings-india-and-sri-lanka/BO71T3 - Love is that quality of mind in which there is no division.mp3
01,BO71T4,1B,"A mind in meditation is concerned only with meditation, not with the meditator",audio,87,BO,Bombay (Mumbai),1971,17 February 1971,Public Talk,talk,BO71T1-4,"library/1B-public-meetings-india-and-sri-lanka/BO71T4 - A mind in meditation is concerned only with meditation, not with the meditator.mp3"
01,BO74T1,1B,Can the human mind radically regenerate?,audio,87,BO,Bombay (Mumbai),1974,19 January 1974,Public Talk,talk,BO74T1-4,library/1B-public-meetings-india-and-sri-lanka/BO74T1 - Can the human mind radically regenerate.mp3
01,BO74T2,1B,Can the mind remain with hurt?,audio,66,BO,Bombay (Mumbai),1974,20 January 1974,Public Talk,talk,BO74T1-4,library/1B-public-meetings-india-and-sri-lanka/BO74T2 - Can the mind remain with hurt.mp3
01,BO74T3,1B,"Living, love and the meaning of death",audio,67,BO,Bombay (Mumbai),1974,26 January 1974,Public Talk,talk,BO74T1-4,"library/1B-public-meetings-india-and-sri-lanka/BO74T3 - Living, love and the meaning of death.mp3"
01,BO74T4,1B,"Meditation, order and space",audio,84,BO,Bombay (Mumbai),1974,27 January 1974,Public Talk,talk,BO74T1-4,"library/1B-public-meetings-india-and-sri-lanka/BO74T4 - Meditation, order and space.mp3"
01,BO77T1,1B,Consciousness and the factors of disorder,audio,74,BO,Bombay (Mumbai),1977,8 January 1977,Public Talk,talk,BO77T1-4,library/1B-public-meetings-india-and-sri-lanka/BO77T1 - Consciousness and the factors of disorder.mp3
01,BO77T2,1B,"Thought, the thinker, fear and pleasure",audio,69,BO,Bombay (Mumbai),1977,9 January 1977,Public Talk,talk,BO77T1-4,"library/1B-public-meetings-india-and-sri-lanka/BO77T2 - Thought, the thinker, fear and pleasure.mp3"
01,BO77T3,1B,"Suffering, love, compassion and death",audio,63,BO,Bombay (Mumbai),1977,15 January 1977,Public Talk,talk,BO77T1-4,"library/1B-public-meetings-india-and-sri-lanka/BO77T3 - Suffering, love, compassion and death.mp3"
01,BO77T4,1B,Meditation is the essence of order and the understanding of space,audio,67,BO,Bombay (Mumbai),1977,16 January 1977,Public Talk,talk,BO77T1-4,library/1B-public-meetings-india-and-sri-lanka/BO77T4 - Meditation is the essence of order and the understanding of space.mp3
01,BO78T1,1B,When you change radically it affects all mankind.,audio,76,BO,Bombay (Mumbai),1978,21 January 1978,Public Talk,talk,BO78T1-4,library/1B-public-meetings-india-and-sri-lanka/BO78T1 - When you change radically it affects all mankind..mp3
01,BO78T2,1B,Can there be a regeneration of the mind?,audio,69,BO,Bombay (Mumbai),1978,22 January 1978,Public Talk,talk,BO78T1-4,library/1B-public-meetings-india-and-sri-lanka/BO78T2 - Can there be a regeneration of the mind.mp3
01,BO78T3,1B,What makes our lives so disorderly and confused?,audio,67,BO,Bombay (Mumbai),1978,28 January 1978,Public Talk,talk,BO78T1-4,library/1B-public-meetings-india-and-sri-lanka/BO78T3 - What makes our lives so disorderly and confused.mp3
01,BO78T4,1B,Meditation is a flowering that has no motive.,audio,75,BO,Bombay (Mumbai),1978,29 January 1978,Public Talk,talk,BO78T1-4,library/1B-public-meetings-india-and-sri-lanka/BO78T4 - Meditation is a flowering that has no motive..mp3
01,BO79T1,1B,Action not based on knowledge,audio,78,BO,Bombay (Mumbai),1979,24 January 1979,Public Talk,talk,BO79T1-4,library/1B-public-meetings-india-and-sri-lanka/BO79T1 - Action not based on knowledge.mp3
01,BO79T2,1B,Security not based on thought,audio,65,BO,Bombay (Mumbai),1979,27 January 1979,Public Talk,talk,BO79T1-4,library/1B-public-meetings-india-and-sri-lanka/BO79T2 - Security not based on thought.mp3
01,BO79T3,1B,"Desire, will, pleasure and sorrow",audio,74,BO,Bombay (Mumbai),1979,28 January 1979,Public Talk,talk,BO79T1-4,"library/1B-public-meetings-india-and-sri-lanka/BO79T3 - Desire, will, pleasure and sorrow.mp3"
01,BO79T4,1B,"Time, death, space and meditation",audio,82,BO,Bombay (Mumbai),1979,31 January 1979,Public Talk,talk,BO79T1-4,"library/1B-public-meetings-india-and-sri-lanka/BO79T4 - Time, death, space and meditation.mp3"
01,BO80T1,1B,A crowded brain is incapable of being free,audio,72,BO,Bombay (Mumbai),1980,16 January 1980,Public Talk,talk,BO80T1-5,library/1B-public-meetings-india-and-sri-lanka/BO80T1 - A crowded brain is incapable of being free.mp3
01,BO80T2,1B,The tremendous energy of the brain,audio,66,BO,Bombay (Mumbai),1980,19 January 1980,Public Talk,talk,BO80T1-5,library/1B-public-meetings-india-and-sri-lanka/BO80T2 - The tremendous energy of the brain.mp3
01,BO80T3,1B,Learning and desire,audio,65,BO,Bombay (Mumbai),1980,20 January 1980,Public Talk,talk,BO80T1-5,library/1B-public-meetings-india-and-sri-lanka/BO80T3 - Learning and desire.mp3
01,BO80T4,1B,Time perpetuates the agony of humanity,audio,64,BO,Bombay (Mumbai),1980,27 January 1980,Public Talk,talk,BO80T1-5,library/1B-public-meetings-india-and-sri-lanka/BO80T4 - Time perpetuates the agony of humanity.mp3
01,BO80T5,1B,Self-centred occupation creates sorrow,audio,69,BO,Bombay (Mumbai),1980,30 January 1980,Public Talk,talk,BO80T1-5,library/1B-public-meetings-india-and-sri-lanka/BO80T5 - Self-centred occupation creates sorrow.mp3
01,BO82T1,1B,Thought limits our lives,audio,76,BO,Bombay (Mumbai),1982,23 January 1982,Public Talk,talk,BO82T1-6,library/1B-public-meetings-india-and-sri-lanka/BO82T1 - Thought limits our lives.mp3
01,BO82T2,1B,Why have we lost relationship with nature and each other?,audio,66,BO,Bombay (Mumbai),1982,24 January 1982,Public Talk,talk,BO82T1-6,library/1B-public-meetings-india-and-sri-lanka/BO82T2 - Why have we lost relationship with nature and each other.mp3
01,BO82T3,1B,The movement of fear,audio,71,BO,Bombay (Mumbai),1982,30 January 1982,Public Talk,talk,BO82T1-6,library/1B-public-meetings-india-and-sri-lanka/BO82T3 - The movement of fear.mp3
01,BO82T4,1B,Remaining with suffering without thought,audio,62,BO,Bombay (Mumbai),1982,31 January 1982,Public Talk,talk,BO82T1-6,library/1B-public-meetings-india-and-sri-lanka/BO82T4 - Remaining with suffering without thought.mp3
01,BO82T5,1B,"Fragmentation, time and death",audio,68,BO,Bombay (Mumbai),1982,6 February 1982,Public Talk,talk,BO82T1-6,"library/1B-public-meetings-india-and-sri-lanka/BO82T5 - Fragmentation, time and death.mp3"
01,BO82T6,1B,Without meditation there is no religious mind,audio,66,BO,Bombay (Mumbai),1982,7 February 1982,Public Talk,talk,BO82T1-6,library/1B-public-meetings-india-and-sri-lanka/BO82T6 - Without meditation there is no religious mind.mp3
01,BO83T1,1B,Why do we have problems at all?,audio,77,BO,Bombay (Mumbai),1983,22 January 1983,Public Talk,talk,BO83T1-4,library/1B-public-meetings-india-and-sri-lanka/BO83T1 - Why do we have problems at all.mp3
01,BO83T2,1B,Is it possible to live without a single problem?,audio,77,BO,Bombay (Mumbai),1983,23 January 1983,Public Talk,talk,BO83T1-4,library/1B-public-meetings-india-and-sri-lanka/BO83T2 - Is it possible to live without a single problem.mp3
01,BO83T3,1B,Is there time psychologically?,audio,77,BO,Bombay (Mumbai),1983,29 January 1983,Public Talk,talk,BO83T1-4,library/1B-public-meetings-india-and-sri-lanka/BO83T3 - Is there time psychologically.mp3
01,BO83T4,1B,A religious mind,audio,77,BO,Bombay (Mumbai),1983,30 January 1983,Public Talk,talk,BO83T1-4,library/1B-public-meetings-india-and-sri-lanka/BO83T4 - A religious mind.mp3
01,BO84Q,1B,Question & Answer Meeting,video,76,BO,Bombay (Mumbai),1984,9 February 1984,Question & Answer Meeting,qa,BO84T1-4,library/1B-public-meetings-india-and-sri-lanka/BO84Q - Question & Answer Meeting.mp4
01,BO84T1,1B,A different quality of life,video,74,BO,Bombay (Mumbai),1984,4 February 1984,Public Talk,talk,BO84T1-4,library/1B-public-meetings-india-and-sri-lanka/BO84T1 - A different quality of life.mp4
01,BO84T2,1B,The endless cycle of action and reaction,video,82,BO,Bombay (Mumbai),1984,5 February 1984,Public Talk,talk,BO84T1-4,library/1B-public-meetings-india-and-sri-lanka/BO84T2 - The endless cycle of action and reaction.mp4
01,BO84T3,1B,The art of living and dying,video,79,BO,Bombay (Mumbai),1984,11 February 1984,Public Talk,talk,BO84T1-4,library/1B-public-meetings-india-and-sri-lanka/BO84T3 - The art of living and dying.mp4
01,BO84T4,1B,"Love, freedom, goodness, beauty are one",video,74,BO,Bombay (Mumbai),1984,12 February 1984,Public Talk,talk,BO84T1-4,"library/1B-public-meetings-india-and-sri-lanka/BO84T4 - Love, freedom, goodness, beauty are one.mp4"
01,BO85Q1,1B,1st Question & Answer Meeting,video,92,BO,Bombay (Mumbai),1985,5 February 1985,Question & Answer Meeting,qa,BO85T1-4,library/1B-public-meetings-india-and-sri-lanka/BO85Q1 - 1st Question & Answer Meeting.mp4
01,BO85Q2,1B,2nd Question & Answer Meeting,video,80,BO,Bombay (Mumbai),1985,7 February 1985,Question & Answer Meeting,qa,BO85T1-4,library/1B-public-meetings-india-and-sri-lanka/BO85Q2 - 2nd Question & Answer Meeting.mp4
01,BO85T1,1B,What is our brain?,video,84,BO,Bombay (Mumbai),1985,2 February 1985,Public Talk,talk,BO85T1-4,library/1B-public-meetings-india-and-sri-lanka/BO85T1 - What is our brain.mp4
01,BO85T2,1B,Thought and time are always together,video,74,BO,Bombay (Mumbai),1985,3 February 1985,Public Talk,talk,BO85T1-4,library/1B-public-meetings-india-and-sri-lanka/BO85T2 - Thought and time are always together.mp4
01,BO85T3,1B,Sorrow is part of our self-centred activity,video,75,BO,Bombay (Mumbai),1985,9 February 1985,Public Talk,talk,BO85T1-4,library/1B-public-meetings-india-and-sri-lanka/BO85T3 - Sorrow is part of our self-centred activity.mp4
01,BO85T4,1B,Is there a meditation that is not brought about by thought?,video,72,BO,Bombay (Mumbai),1985,10 February 1985,Public Talk,talk,BO85T1-4,library/1B-public-meetings-india-and-sri-lanka/BO85T4 - Is there a meditation that is not brought about by thought.mp4
01,CC82T1,1B,Your consciousness is the consciousness of all humanity,video,73,CC,Calcutta (Kolkata),1982,20 November 1982,Public Talk,talk,CC82T1-4,library/1B-public-meetings-india-and-sri-lanka/CC82T1 - Your consciousness is the consciousness of all humanity.mp4
01,CC82T2,1B,Is there a new instrument totally different from thought?,video,84,CC,Calcutta (Kolkata),1982,21 November 1982,Public Talk,talk,CC82T1-4,library/1B-public-meetings-india-and-sri-lanka/CC82T2 - Is there a new instrument totally different from thought.mp4
01,CC82T3,1B,What is the nature and the structure of disorder?,video,72,CC,Calcutta (Kolkata),1982,27 November 1982,Public Talk,talk,CC82T1-4,library/1B-public-meetings-india-and-sri-lanka/CC82T3 - What is the nature and the structure of disorder.mp4
01,CC82T4,1B,"Time, death and meditation",video,75,CC,Calcutta (Kolkata),1982,28 November 1982,Public Talk,talk,CC82T1-4,"library/1B-public-meetings-india-and-sri-lanka/CC82T4 - Time, death and meditation.mp4"
01,CO80D,1B,The root of all fear,audio,95,CO,Colombo,1980,12 November 1980,Public Discussion,discussion,CO80T1-4,library/1B-public-meetings-india-and-sri-lanka/CO80D - The root of all fear.mp3
01,CO80T1,1B,Life is relationship and action,audio,76,CO,Colombo,1980,8 November 1980,Public Talk,talk,CO80T1-4,library/1B-public-meetings-india-and-sri-lanka/CO80T1 - Life is relationship and action.mp3
01,CO80T2,1B,The book of life,audio,71,CO,Colombo,1980,9 November 1980,Public Talk,talk,CO80T1-4,library/1B-public-meetings-india-and-sri-lanka/CO80T2 - The book of life.mp3
01,CO80T3,1B,What is death?,audio,74,CO,Colombo,1980,15 November 1980,Public Talk,talk,CO80T1-4,library/1B-public-meetings-india-and-sri-lanka/CO80T3 - What is death.mp3
01,CO80T4,1B,What is the magnitude of the mind?,audio,68,CO,Colombo,1980,16 November 1980,Public Talk,talk,CO80T1-4,library/1B-public-meetings-india-and-sri-lanka/CO80T4 - What is the magnitude of the mind.mp3
01,MA61T7,1B,Death is not separate from life,audio,58,MA,Madras (Chennai) (Chennai),1961,13 December 1961,Public Talk,talk,MA61T7-8,library/1B-public-meetings-india-and-sri-lanka/MA61T7 - Death is not separate from life.mp3
01,MA61T8,1B,The religious mind frees itself from the known,audio,59,MA,Madras (Chennai) (Chennai),1961,17 December 1961,Public Talk,talk,MA61T7-8,library/1B-public-meetings-india-and-sri-lanka/MA61T8 - The religious mind frees itself from the known.mp3
01,MA6970D1,1B,Can the conditioned mind throw off its conditioning?,audio,87,MA,Madras (Chennai),6970,30 December 1970,Public Discussion,discussion,MA69T1-4,library/1B-public-meetings-india-and-sri-lanka/MA6970D1 - Can the conditioned mind throw off its conditioning.mp3
01,MA6970D2,1B,Meeting a challenge anew,audio,79,MA,Madras (Chennai),6970,2 January 1970,Public Discussion,discussion,MA69T1-4,library/1B-public-meetings-india-and-sri-lanka/MA6970D2 - Meeting a challenge anew.mp3
01,MA6970D3,1B,To live in fear is to be asleep,audio,80,MA,Madras (Chennai),6970,6 January 1970,Public Discussion,discussion,MA69T1-4,library/1B-public-meetings-india-and-sri-lanka/MA6970D3 - To live in fear is to be asleep.mp3
01,MA6970T1,1B,Why is there fragmentation and division?,audio,67,MA,Madras (Chennai),6970,28 December 1969,Public Talk,talk,MA69T1-4,library/1B-public-meetings-india-and-sri-lanka/MA6970T1 - Why is there fragmentation and division.mp3
01,MA6970T2,1B,Order is the total response to a challenge,audio,74,MA,Madras (Chennai),6970,31 December 1969,Public Talk,talk,MA69T1-4,library/1B-public-meetings-india-and-sri-lanka/MA6970T2 - Order is the total response to a challenge.mp3
01,MA6970T3,1B,"Living, dying and love",audio,78,MA,Madras (Chennai),6970,4 January 1970,Public Talk,talk,MA69T1-4,"library/1B-public-meetings-india-and-sri-lanka/MA6970T3 - Living, dying and love.mp3"
01,MA6970T4,1B,Meditation concerns the whole of life,audio,72,MA,Madras (Chennai),6970,7 January 1970,Public Talk,talk,MA69T1-4,library/1B-public-meetings-india-and-sri-lanka/MA6970T4 - Meditation concerns the whole of life.mp3
01,MA71D1,1B,What is the place of memory in daily life?,audio,74,MA,Madras (Chennai),1971,12 January 1971,Public Discussion,discussion,MA71T1-3,library/1B-public-meetings-india-and-sri-lanka/MA71D1 - What is the place of memory in daily life.mp3
01,MA71D2,1B,Burdened with habits we are not capable of awareness,audio,71,MA,Madras (Chennai),1971,15 January 1971,Public Discussion,discussion,MA71T1-3,library/1B-public-meetings-india-and-sri-lanka/MA71D2 - Burdened with habits we are not capable of awareness.mp3
01,MA71T1,1B,Conditioning disappears at the moment of attention,audio,80,MA,Madras (Chennai),1971,6 January 1971,Public Talk,talk,MA71T1-3,library/1B-public-meetings-india-and-sri-lanka/MA71T1 - Conditioning disappears at the moment of attention.mp3
01,MA71T2,1B,Why are we fragmented?,audio,75,MA,Madras (Chennai),1971,10 January 1971,Public Talk,talk,MA71T1-3,library/1B-public-meetings-india-and-sri-lanka/MA71T2 - Why are we fragmented.mp3
01,MA71T3,1B,"Attention, meditation and understanding oneself",audio,70,MA,Madras (Chennai),1971,13 January 1971,Public Talk,talk,MA71T1-3,"library/1B-public-meetings-india-and-sri-lanka/MA71T3 - Attention, meditation and understanding oneself.mp3"
01,MA72D1,1B,Why does the mind get hurt?,audio,85,MA,Madras (Chennai),1972,12 December 1972,Public Discussion,discussion,MA72T1-4,library/1B-public-meetings-india-and-sri-lanka/MA72D1 - Why does the mind get hurt.mp3
01,MA72D2,1B,"Meditation, freedom from the known, and suffering",audio,92,MA,Madras (Chennai),1972,14 December 1972,Public Discussion,discussion,MA72T1-4,"library/1B-public-meetings-india-and-sri-lanka/MA72D2 - Meditation, freedom from the known, and suffering.mp3"
01,MA72T1,1B,Can the mind bring about a radical change in itself?,audio,76,MA,Madras (Chennai),1972,9 December 1972,Public Talk,talk,MA72T1-4,library/1B-public-meetings-india-and-sri-lanka/MA72T1 - Can the mind bring about a radical change in itself.mp3
01,MA72T2,1B,Observing fear without any movement of thought,audio,60,MA,Madras (Chennai),1972,10 December 1972,Public Talk,talk,MA72T1-4,library/1B-public-meetings-india-and-sri-lanka/MA72T2 - Observing fear without any movement of thought.mp3
01,MA72T3,1B,"Freedom, order, love and death",audio,75,MA,Madras (Chennai),1972,16 December 1972,Public Talk,talk,MA72T1-4,"library/1B-public-meetings-india-and-sri-lanka/MA72T3 - Freedom, order, love and death.mp3"
01,MA72T4,1B,"What is religion, what is truth?",audio,96,MA,Madras (Chennai),1972,17 December 1972,Public Talk,talk,MA72T1-4,"library/1B-public-meetings-india-and-sri-lanka/MA72T4 - What is religion, what is truth.mp3"
01,MA73D1,1B,Can the mind free itself from the habit of comparison?,audio,90,MA,Madras (Chennai),1973,15 December 1973,Public Discussion,discussion,MA73T1-4,library/1B-public-meetings-india-and-sri-lanka/MA73D1 - Can the mind free itself from the habit of comparison.mp3
01,MA73D2,1B,We are the world and the world is us,audio,77,MA,Madras (Chennai),1973,16 December 1973,Public Discussion,discussion,MA73T1-4,library/1B-public-meetings-india-and-sri-lanka/MA73D2 - We are the world and the world is us.mp3
01,MA73D3,1B,Can the brain look at the present without time?,audio,82,MA,Madras (Chennai),1973,20 December 1973,Public Discussion,discussion,MA73T1-4,library/1B-public-meetings-india-and-sri-lanka/MA73D3 - Can the brain look at the present without time.mp3
01,MA73T1,1B,A different quality of mind not bound by thought,audio,81,MA,Madras (Chennai),1973,18 December 1973,Public Talk,talk,MA73T1-4,library/1B-public-meetings-india-and-sri-lanka/MA73T1 - A different quality of mind not bound by thought.mp3
01,MA73T2,1B,Living in the past prevents action in the present,audio,86,MA,Madras (Chennai),1973,22 December 1973,Public Talk,talk,MA73T1-4,library/1B-public-meetings-india-and-sri-lanka/MA73T2 - Living in the past prevents action in the present.mp3
01,MA73T3,1B,Order is essential for survival,audio,82,MA,Madras (Chennai),1973,23 December 1973,Public Talk,talk,MA73T1-4,library/1B-public-meetings-india-and-sri-lanka/MA73T3 - Order is essential for survival.mp3
01,MA73T4,1B,In meditation there is no direction,audio,76,MA,Madras (Chennai),1973,26 December 1973,Public Talk,talk,MA73T1-4,library/1B-public-meetings-india-and-sri-lanka/MA73T4 - In meditation there is no direction.mp3
01,MA74D1,1B,Relationship and sleep,audio,89,MA,Madras (Chennai),1974,10 December 1974,Public Discussion,discussion,MA74T1-4,library/1B-public-meetings-india-and-sri-lanka/MA74D1 - Relationship and sleep.mp3
01,MA74D2,1B,Your consciousness is the collective consciousness,audio,89,MA,Madras (Chennai),1974,12 December 1974,Public Discussion,discussion,MA74T1-4,library/1B-public-meetings-india-and-sri-lanka/MA74D2 - Your consciousness is the collective consciousness.mp3
01,MA74T1,1B,Knowledge and envy,audio,79,MA,Madras (Chennai),1974,7 December 1974,Public Talk,talk,MA74T1-4,library/1B-public-meetings-india-and-sri-lanka/MA74T1 - Knowledge and envy.mp3
01,MA74T2,1B,Looking at the content of consciousness,audio,74,MA,Madras (Chennai),1974,8 December 1974,Public Talk,talk,MA74T1-4,library/1B-public-meetings-india-and-sri-lanka/MA74T2 - Looking at the content of consciousness.mp3
01,MA74T3,1B,"Sorrow, passion and death",audio,88,MA,Madras (Chennai),1974,14 December 1974,Public Talk,talk,MA74T1-4,"library/1B-public-meetings-india-and-sri-lanka/MA74T3 - Sorrow, passion and death.mp3"
01,MA74T4,1B,Meditation is inquiry into the sacred,audio,85,MA,Madras (Chennai),1974,15 December 1974,Public Talk,talk,MA74T1-4,library/1B-public-meetings-india-and-sri-lanka/MA74T4 - Meditation is inquiry into the sacred.mp3
01,MA76D1,1B,The observer is the past,audio,99,MA,Madras (Chennai),1976,14 December 1976,Public Discussion,discussion,MA76T1-6,library/1B-public-meetings-india-and-sri-lanka/MA76D1 - The observer is the past.mp3
01,MA76D2,1B,Giving all your energy to understand fear,audio,93,MA,Madras (Chennai),1976,16 December 1976,Public Discussion,discussion,MA76T1-6,library/1B-public-meetings-india-and-sri-lanka/MA76D2 - Giving all your energy to understand fear.mp3
01,MA76T1,1B,Relationship without the movement of thought,audio,68,MA,Madras (Chennai),1976,11 December 1976,Public Talk,talk,MA76T1-6,library/1B-public-meetings-india-and-sri-lanka/MA76T1 - Relationship without the movement of thought.mp3
01,MA76T2,1B,Looking into the content of consciousness,audio,72,MA,Madras (Chennai),1976,12 December 1976,Public Talk,talk,MA76T1-6,library/1B-public-meetings-india-and-sri-lanka/MA76T2 - Looking into the content of consciousness.mp3
01,MA76T3,1B,Pleasure and desire,audio,69,MA,Madras (Chennai),1976,18 December 1976,Public Talk,talk,MA76T1-6,library/1B-public-meetings-india-and-sri-lanka/MA76T3 - Pleasure and desire.mp3
01,MA76T4,1B,"Love, compassion and sorrow",audio,60,MA,Madras (Chennai),1976,19 December 1976,Public Talk,talk,MA76T1-6,"library/1B-public-meetings-india-and-sri-lanka/MA76T4 - Love, compassion and sorrow.mp3"
01,MA76T5,1B,"Listening, learning and dying",audio,65,MA,Madras (Chennai),1976,25 December 1976,Public Talk,talk,MA76T1-6,"library/1B-public-meetings-india-and-sri-lanka/MA76T5 - Listening, learning and dying.mp3"
01,MA76T6,1B,"Religion, meditation and truth",audio,74,MA,Madras (Chennai),1976,26 December 1976,Public Talk,talk,MA76T1-6,"library/1B-public-meetings-india-and-sri-lanka/MA76T6 - Religion, meditation and truth.mp3"
01,MA7778D1,1B,Desire in itself is not contradictory,audio,89,MA,Madras (Chennai),7778,27 December 1977,Public Discussion,discussion,MA7778T1-6,library/1B-public-meetings-india-and-sri-lanka/MA7778D1 - Desire in itself is not contradictory.mp3
01,MA7778D2,1B,What are you afraid of?,audio,80,MA,Madras (Chennai),7778,29 December 1977,Public Discussion,discussion,MA7778T1-6,library/1B-public-meetings-india-and-sri-lanka/MA7778D2 - What are you afraid of.mp3
01,MA7778D3,1B,Discontent with yourself and the world,audio,84,MA,Madras (Chennai),7778,3 January 1978,Public Discussion,discussion,MA7778T1-6,library/1B-public-meetings-india-and-sri-lanka/MA7778D3 - Discontent with yourself and the world.mp3
01,MA7778T1,1B,Why should the brain register hurt?,audio,74,MA,Madras (Chennai),7778,24 December 1977,Public Talk,talk,MA7778T1-6,library/1B-public-meetings-india-and-sri-lanka/MA7778T1 - Why should the brain register hurt.mp3
01,MA7778T2,1B,Observing the content of consciousness,audio,69,MA,Madras (Chennai),7778,25 December 1977,Public Talk,talk,MA7778T1-6,library/1B-public-meetings-india-and-sri-lanka/MA7778T2 - Observing the content of consciousness.mp3
01,MA7778T3,1B,What place has knowledge in correct action?,audio,71,MA,Madras (Chennai),7778,31 December 1977,Public Talk,talk,MA7778T1-6,library/1B-public-meetings-india-and-sri-lanka/MA7778T3 - What place has knowledge in correct action.mp3
01,MA7778T4,1B,Fear and pleasure are movements of time,audio,72,MA,Madras (Chennai),7778,1 January 1978,Public Talk,talk,MA7778T1-6,library/1B-public-meetings-india-and-sri-lanka/MA7778T4 - Fear and pleasure are movements of time.mp3
01,MA7778T5,1B,The innermost nature of the self is not-a-thing,audio,71,MA,Madras (Chennai),7778,7 January 1978,Public Talk,talk,MA7778T1-6,library/1B-public-meetings-india-and-sri-lanka/MA7778T5 - The innermost nature of the self is not-a-thing.mp3
01,MA7778T6,1B,Can the brain renew itself?,audio,67,MA,Madras (Chennai),7778,8 January 1978,Public Talk,talk,MA7778T1-6,library/1B-public-meetings-india-and-sri-lanka/MA7778T6 - Can the brain renew itself.mp3
01,MA7879D1,1B,Learning is never ending,audio,90,MA,Madras (Chennai),7879,30 December 1978,Public Discussion,discussion,MA7879T1-6,library/1B-public-meetings-india-and-sri-lanka/MA7879D1 - Learning is never ending.mp3
01,MA7879D2,1B,Are we aware of division?,video,77,MA,Madras (Chennai),7879,9 January 1979,Public Discussion,discussion,MA7879T1-6,library/1B-public-meetings-india-and-sri-lanka/MA7879D2 - Are we aware of division.mp4
01,MA7879D3,1B,Can you understand what a religious life is?,video,73,MA,Madras (Chennai),7879,11 January 1979,Public Discussion,discussion,MA7879T1-6,library/1B-public-meetings-india-and-sri-lanka/MA7879D3 - Can you understand what a religious life is.mp4
01,MA7879T1,1B,Organisations have not saved man,video,83,MA,Madras (Chennai),7879,31 December 1978,Public Talk,talk,MA7879T1-6,library/1B-public-meetings-india-and-sri-lanka/MA7879T1 - Organisations have not saved man.mp4
01,MA7879T2,1B,An action that is not the outcome of thought,video,70,MA,Madras (Chennai),7879,1 January 1979,Public Talk,talk,MA7879T1-6,library/1B-public-meetings-india-and-sri-lanka/MA7879T2 - An action that is not the outcome of thought.mp4
01,MA7879T3,1B,Is freedom a matter of time?,video,83,MA,Madras (Chennai),7879,6 January 1979,Public Talk,talk,MA7879T1-6,library/1B-public-meetings-india-and-sri-lanka/MA7879T3 - Is freedom a matter of time.mp4
01,MA7879T4,1B,What brings about disorder in relationship?,video,88,MA,Madras (Chennai),7879,7 January 1979,Public Talk,talk,MA7879T1-6,library/1B-public-meetings-india-and-sri-lanka/MA7879T4 - What brings about disorder in relationship.mp4
01,MA7879T5,1B,What is a religious mind?,video,88,MA,Madras (Chennai),7879,13 January 1979,Public Talk,talk,MA7879T1-6,library/1B-public-meetings-india-and-sri-lanka/MA7879T5 - What is a religious mind.mp4
01,MA7879T6,1B,The movement of meditation,video,88,MA,Madras (Chennai),7879,14 January 1979,Public Talk,talk,MA7879T1-6,library/1B-public-meetings-india-and-sri-lanka/MA7879T6 - The movement of meditation.mp4
01,MA7980D,1B,Bringing together all one’s energy to look at a problem,audio,72,MA,Madras (Chennai),7980,3 January 1980,Public Discussion,discussion,MA7980T1-6,library/1B-public-meetings-india-and-sri-lanka/MA7980D - Bringing together all one’s energy to look at a problem.mp3
01,MA7980T1,1B,The flowering of the seed of a million years,audio,62,MA,Madras (Chennai),7980,22 December 1979,Public Talk,talk,MA7980T1-6,library/1B-public-meetings-india-and-sri-lanka/MA7980T1 - The flowering of the seed of a million years.mp3
01,MA7980T2,1B,Thought has put together the whole structure of the ‘me’,audio,61,MA,Madras (Chennai),7980,23 December 1979,Public Talk,talk,MA7980T1-6,library/1B-public-meetings-india-and-sri-lanka/MA7980T2 - Thought has put together the whole structure of the ‘me’.mp3
01,MA7980T3,1B,Where is security found for the brain?,audio,68,MA,Madras (Chennai),7980,29 December 1979,Public Talk,talk,MA7980T1-6,library/1B-public-meetings-india-and-sri-lanka/MA7980T3 - Where is security found for the brain.mp3
01,MA7980T4,1B,"A mind living in control, conflict and desire is never free",audio,65,MA,Madras (Chennai),7980,30 December 1979,Public Talk,talk,MA7980T1-6,"library/1B-public-meetings-india-and-sri-lanka/MA7980T4 - A mind living in control, conflict and desire is never free.mp3"
01,MA7980T5,1B,Why does the mind live in concepts?,audio,64,MA,Madras (Chennai),7980,5 January 1980,Public Talk,talk,MA7980T1-6,library/1B-public-meetings-india-and-sri-lanka/MA7980T5 - Why does the mind live in concepts.mp3
01,MA7980T6,1B,"Sorrow, death and meditation",audio,79,MA,Madras (Chennai),7980,6 January 1980,Public Talk,talk,MA7980T1-6,"library/1B-public-meetings-india-and-sri-lanka/MA7980T6 - Sorrow, death and meditation.mp3"
01,MA8081Q1,1B,1st Question & Answer Meeting,video,89,MA,Madras (Chennai),8081,6 January 1981,Question & Answer Meeting,qa,MA8081T1-6,library/1B-public-meetings-india-and-sri-lanka/MA8081Q1 - 1st Question & Answer Meeting.mp4
01,MA8081Q2,1B,2nd Question & Answer Meeting,video,83,MA,Madras (Chennai),8081,17 January 1981,Question & Answer Meeting,qa,MA8081T1-6,library/1B-public-meetings-india-and-sri-lanka/MA8081Q2 - 2nd Question & Answer Meeting.mp4
01,MA8081T1,1B,What is the cause of the present crisis?,video,60,MA,Madras (Chennai),8081,27 December 1980,Public Talk,talk,MA8081T1-6,library/1B-public-meetings-india-and-sri-lanka/MA8081T1 - What is the cause of the present crisis.mp4
01,MA8081T2,1B,What is our relationship to another?,video,71,MA,Madras (Chennai),8081,28 December 1980,Public Talk,talk,MA8081T1-6,library/1B-public-meetings-india-and-sri-lanka/MA8081T2 - What is our relationship to another.mp4
01,MA8081T3,1B,Salvaging the brain,video,70,MA,Madras (Chennai),8081,3 January 1981,Public Talk,talk,MA8081T1-6,library/1B-public-meetings-india-and-sri-lanka/MA8081T3 - Salvaging the brain.mp4
01,MA8081T4,1B,Is there order which thought has never touched?,video,76,MA,Madras (Chennai),8081,4 January 1981,Public Talk,talk,MA8081T1-6,library/1B-public-meetings-india-and-sri-lanka/MA8081T4 - Is there order which thought has never touched.mp4
01,MA8081T5,1B,Is thought the cause of the decay of man?,video,74,MA,Madras (Chennai),8081,10 January 1981,Public Talk,talk,MA8081T1-6,library/1B-public-meetings-india-and-sri-lanka/MA8081T5 - Is thought the cause of the decay of man.mp4
01,MA8081T6,1B,Can the brain ever be free from the known?,video,81,MA,Madras (Chennai),8081,11 January 1981,Public Talk,talk,MA8081T1-6,library/1B-public-meetings-india-and-sri-lanka/MA8081T6 - Can the brain ever be free from the known.mp4
01,MA8182Q1,1B,1st Question & Answer Meeting,video,77,MA,Madras (Chennai),8182,29 December 1981,Question & Answer Meeting,qa,MA8182,library/1B-public-meetings-india-and-sri-lanka/MA8182Q1 - 1st Question & Answer Meeting.mp4
01,MA8182Q2,1B,2nd Question & Answer Meeting,video,86,MA,Madras (Chennai),8182,31 December 1981,Question & Answer Meeting,qa,MA8182,library/1B-public-meetings-india-and-sri-lanka/MA8182Q2 - 2nd Question & Answer Meeting.mp4
01,MA8182T1,1B,How do we psychologically respond to the present condition of the world?,video,73,MA,Madras (Chennai),8182,26 December 1981,Public Talk,talk,MA8182,library/1B-public-meetings-india-and-sri-lanka/MA8182T1 - How do we psychologically respond to the present condition of the world.mp4
01,MA8182T2,1B,Why have we become habituated to conflict?,video,63,MA,Madras (Chennai),8182,27 December 1981,Public Talk,talk,MA8182,library/1B-public-meetings-india-and-sri-lanka/MA8182T2 - Why have we become habituated to conflict.mp4
01,MA8182T3,1B,Discovering the causes of disorder,video,73,MA,Madras (Chennai),8182,2 January 1982,Public Talk,talk,MA8182,library/1B-public-meetings-india-and-sri-lanka/MA8182T3 - Discovering the causes of disorder.mp4
01,MA8182T4,1B,"Fear, pleasure and suffering are one unitary movement",video,63,MA,Madras (Chennai),8182,3 January 1982,Public Talk,talk,MA8182,"library/1B-public-meetings-india-and-sri-lanka/MA8182T4 - Fear, pleasure and suffering are one unitary movement.mp4"
01,MA8182T5,1B,Can one live a totally integrated life?,video,61,MA,Madras (Chennai),8182,9 January 1982,Public Talk,talk,MA8182,library/1B-public-meetings-india-and-sri-lanka/MA8182T5 - Can one live a totally integrated life.mp4
01,MA8182T6,1B,In meditation there is no becoming nor being,video,58,MA,Madras (Chennai),8182,10 January 1982,Public Talk,talk,MA8182,library/1B-public-meetings-india-and-sri-lanka/MA8182T6 - In meditation there is no becoming nor being.mp4
01,MA8283Q1,1B,1st Question & Answer Meeting,audio,88,MA,Madras (Chennai),8283,28 December 1982,Question & Answer Meeting,qa,MA8283T1-4,library/1B-public-meetings-india-and-sri-lanka/MA8283Q1 - 1st Question & Answer Meeting.mp3
01,MA8283Q2,1B,2nd Question & Answer Meeting,video,70,MA,Madras (Chennai),8283,30 December 1982,Question & Answer Meeting,qa,MA8283T1-4,library/1B-public-meetings-india-and-sri-lanka/MA8283Q2 - 2nd Question & Answer Meeting.mp4
01,MA8283T1,1B,What instrument will solve human problems?,video,65,MA,Madras (Chennai),8283,25 December 1982,Public Talk,talk,MA8283T1-4,library/1B-public-meetings-india-and-sri-lanka/MA8283T1 - What instrument will solve human problems.mp4
01,MA8283T2,1B,The mirror of relationship,video,71,MA,Madras (Chennai),8283,26 December 1982,Public Talk,talk,MA8283T1-4,library/1B-public-meetings-india-and-sri-lanka/MA8283T2 - The mirror of relationship.mp4
01,MA8283T3,1B,Psychological time is the cause of conflict,video,78,MA,Madras (Chennai),8283,1 January 1983,Public Talk,talk,MA8283T1-4,library/1B-public-meetings-india-and-sri-lanka/MA8283T3 - Psychological time is the cause of conflict.mp4
01,MA8283T4,1B,Remaining with the challenge of sorrow,video,82,MA,Madras (Chennai),8283,2 January 1983,Public Talk,talk,MA8283T1-4,library/1B-public-meetings-india-and-sri-lanka/MA8283T4 - Remaining with the challenge of sorrow.mp4
01,MA8384Q1,1B,1st Question & Answer Meeting,video,83,MA,Madras (Chennai),8384,3 January 1984,Question & Answer Meeting,qa,MA8384T1-4,library/1B-public-meetings-india-and-sri-lanka/MA8384Q1 - 1st Question & Answer Meeting.mp4
01,MA8384Q2,1B,2nd Question & Answer Meeting,video,78,MA,Madras (Chennai),8384,5 January 1984,Question & Answer Meeting,qa,MA8384T1-4,library/1B-public-meetings-india-and-sri-lanka/MA8384Q2 - 2nd Question & Answer Meeting.mp4
01,MA8384T1,1B,Can we radically bring about a change in ourselves?,video,77,MA,Madras (Chennai),8384,31 December 1983,Public Talk,talk,MA8384T1-4,library/1B-public-meetings-india-and-sri-lanka/MA8384T1 - Can we radically bring about a change in ourselves.mp4
01,MA8384T2,1B,What relationship has time to fear?,video,66,MA,Madras (Chennai),8384,1 January 1984,Public Talk,talk,MA8384T1-4,library/1B-public-meetings-india-and-sri-lanka/MA8384T2 - What relationship has time to fear.mp4
01,MA8384T3,1B,To live means also to end,video,72,MA,Madras (Chennai),8384,7 January 1984,Public Talk,talk,MA8384T1-4,library/1B-public-meetings-india-and-sri-lanka/MA8384T3 - To live means also to end.mp4
01,MA8384T4,1B,What has religion to do with your daily life?,video,71,MA,Madras (Chennai),8384,8 January 1984,Public Talk,talk,MA8384T1-4,library/1B-public-meetings-india-and-sri-lanka/MA8384T4 - What has religion to do with your daily life.mp4
01,MA8485Q1,1B,1st Question & Answer Meeting,video,86,MA,Madras (Chennai),8485,1 January 1985,Question & Answer Meeting,qa,MA8485T1-4,library/1B-public-meetings-india-and-sri-lanka/MA8485Q1 - 1st Question & Answer Meeting.mp4
01,MA8485Q2,1B,2nd Question & Answer Meeting,video,80,MA,Madras (Chennai),8485,3 January 1985,Question & Answer Meeting,qa,MA8485T1-4,library/1B-public-meetings-india-and-sri-lanka/MA8485Q2 - 2nd Question & Answer Meeting.mp4
01,MA8485T1,1B,Without change won't we destroy ourselves?,audio,69,MA,Madras (Chennai),8485,29 December 1984,Public Talk,talk,MA8485T1-4,library/1B-public-meetings-india-and-sri-lanka/MA8485T1 - Without change won't we destroy ourselves.mp3
01,MA8485T2,1B,Can thought give human beings security?,video,86,MA,Madras (Chennai),8485,4 January 1985,Public Talk,talk,MA8485T1-4,library/1B-public-meetings-india-and-sri-lanka/MA8485T2 - Can thought give human beings security.mp4
01,MA8485T3,1B,The shallowness of a life without passion,video,83,MA,Madras (Chennai),8485,5 January 1985,Public Talk,talk,MA8485T1-4,library/1B-public-meetings-india-and-sri-lanka/MA8485T3 - The shallowness of a life without passion.mp4
01,MA8485T4,1B,Death is not at the far end of life,video,84,MA,Madras (Chennai),8485,6 January 1985,Public Talk,talk,MA8485T1-4,library/1B-public-meetings-india-and-sri-lanka/MA8485T4 - Death is not at the far end of life.mp4
01,MA84TR,1B,Why is there violence in the human heart?,audio,10,MA,Madras (Chennai),1984,6 November 1984,Public Talk,recording,,library/1B-public-meetings-india-and-sri-lanka/MA84TR - Why is there violence in the human heart.mp3
01,MA8586T1,1B,An action with no past or future,video,70,MA,Madras (Chennai),8586,28 December 1985,Public Talk,talk,MA8586T1-3,library/1B-public-meetings-india-and-sri-lanka/MA8586T1 - An action with no past or future.mp4
01,MA8586T2,1B,Fear destroys love,video,68,MA,Madras (Chennai),8586,1 January 1986,Public Talk,talk,MA8586T1-3,library/1B-public-meetings-india-and-sri-lanka/MA8586T2 - Fear destroys love.mp4
01,MA8586T3,1B,"What is creation, the origin, the beginning?",video,60,MA,Madras (Chennai),8586,4 January 1986,Public Talk,talk,MA8586T1-3,"library/1B-public-meetings-india-and-sri-lanka/MA8586T3 - What is creation, the origin, the beginning.mp4"
01,ND62D1,1B,Seeing one conditioning totally breaks down all conditioning,audio,77,ND,New Delhi,1962,2 February 1962,Public Discussion,discussion,ND62T1-8,library/1B-public-meetings-india-and-sri-lanka/ND62D1 - Seeing one conditioning totally breaks down all conditioning.mp3
01,ND62D2,1B,Dreams and consciousness,audio,62,ND,New Delhi,1962,9 February 1962,Public Discussion,discussion,ND62T1-8,library/1B-public-meetings-india-and-sri-lanka/ND62D2 - Dreams and consciousness.mp3
01,ND62T1,1B,By questioning everything an extraordinary revolution takes place,audio,52,ND,New Delhi,1962,21 January 1962,Public Talk,talk,ND62T1-8,library/1B-public-meetings-india-and-sri-lanka/ND62T1 - By questioning everything an extraordinary revolution takes place.mp3
01,ND62T2,1B,A new mind free from the past and authority,audio,60,ND,New Delhi,1962,24 January 1962,Public Talk,talk,ND62T1-8,library/1B-public-meetings-india-and-sri-lanka/ND62T2 - A new mind free from the past and authority.mp3
01,ND62T3,1B,The energy that brings about a mutation of the mind,audio,54,ND,New Delhi,1962,28 January 1962,Public Talk,talk,ND62T1-8,library/1B-public-meetings-india-and-sri-lanka/ND62T3 - The energy that brings about a mutation of the mind.mp3
01,ND62T5,1B,A religious mind has no belief,audio,34,ND,New Delhi,1962,4 February 1962,Public Talk,talk,ND62T1-8,library/1B-public-meetings-india-and-sri-lanka/ND62T5 - A religious mind has no belief.mp3
01,ND62T6,1B,Laying the right foundation for meditation,audio,57,ND,New Delhi,1962,7 February 1962,Public Talk,talk,ND62T1-8,library/1B-public-meetings-india-and-sri-lanka/ND62T6 - Laying the right foundation for meditation.mp3
01,ND62T7,1B,Investigating fear and death,audio,61,ND,New Delhi,1962,11 February 1962,Public Talk,talk,ND62T1-8,library/1B-public-meetings-india-and-sri-lanka/ND62T7 - Investigating fear and death.mp3
01,ND62T8,1B,The freedom and energy necessary for a new way of living,audio,59,ND,New Delhi,1962,14 February 1962,Public Talk,talk,ND62T1-8,library/1B-public-meetings-india-and-sri-lanka/ND62T8 - The freedom and energy necessary for a new way of living.mp3
01,ND66T1,1B,How is a mind so heavily conditioned to be made new?,audio,59,ND,New Delhi,1966,15 December 1966,Public Talk,talk,ND66T1-4,library/1B-public-meetings-india-and-sri-lanka/ND66T1 - How is a mind so heavily conditioned to be made new.mp3
01,ND66T2,1B,Time and will have not changed man,audio,74,ND,New Delhi,1966,18 December 1966,Public Talk,talk,ND66T1-4,library/1B-public-meetings-india-and-sri-lanka/ND66T2 - Time and will have not changed man.mp3
01,ND66T3,1B,Die totally to the past so that the mind is renewed,audio,80,ND,New Delhi,1966,22 December 1966,Public Talk,talk,ND66T1-4,library/1B-public-meetings-india-and-sri-lanka/ND66T3 - Die totally to the past so that the mind is renewed.mp3
01,ND66T4,1B,To bring about a radical transformation demands great energy,audio,84,ND,New Delhi,1966,25 December 1966,Public Talk,talk,ND66T1-4,library/1B-public-meetings-india-and-sri-lanka/ND66T4 - To bring about a radical transformation demands great energy.mp3
01,ND67T1,1B,Freedom and love,audio,67,ND,New Delhi,1967,19 November 1967,Public Talk,talk,ND67T1-5,library/1B-public-meetings-india-and-sri-lanka/ND67T1 - Freedom and love.mp3
01,ND67T2,1B,Being alone means being innocent,audio,77,ND,New Delhi,1967,23 November 1967,Public Talk,talk,ND67T1-5,library/1B-public-meetings-india-and-sri-lanka/ND67T2 - Being alone means being innocent.mp3
01,ND67T3,1B,Love is not mechanical,audio,70,ND,New Delhi,1967,26 November 1967,Public Talk,talk,ND67T1-5,library/1B-public-meetings-india-and-sri-lanka/ND67T3 - Love is not mechanical.mp3
01,ND67T4,1B,Intelligence creates its own austerity,audio,78,ND,New Delhi,1967,30 November 1967,Public Talk,talk,ND67T1-5,library/1B-public-meetings-india-and-sri-lanka/ND67T4 - Intelligence creates its own austerity.mp3
01,ND67T5,1B,What causes disorder inwardly?,audio,84,ND,New Delhi,1967,3 December 1967,Public Talk,talk,ND67T1-5,library/1B-public-meetings-india-and-sri-lanka/ND67T5 - What causes disorder inwardly.mp3
01,ND69T1,1B,How is the mind to act without the past?,audio,69,ND,New Delhi,1969,12 November 1969,Public Talk,talk,ND69T1-3,library/1B-public-meetings-india-and-sri-lanka/ND69T1 - How is the mind to act without the past.mp3
01,ND69T2,1B,Observing with great energy,audio,82,ND,New Delhi,1969,16 November 1969,Public Talk,talk,ND69T1-3,library/1B-public-meetings-india-and-sri-lanka/ND69T2 - Observing with great energy.mp3
01,ND69T3,1B,A fundamental mutation of the mind,audio,81,ND,New Delhi,1969,19 November 1969,Public Talk,talk,ND69T1-3,library/1B-public-meetings-india-and-sri-lanka/ND69T3 - A fundamental mutation of the mind.mp3
01,ND70T1,1B,A psychological revolution,audio,95,ND,New Delhi,1970,10 December 1970,Public Talk,talk,ND70T1-5,library/1B-public-meetings-india-and-sri-lanka/ND70T1 - A psychological revolution.mp3
01,ND70T2,1B,Responding totally to the demands of life,audio,78,ND,New Delhi,1970,13 December 1970,Public Talk,talk,ND70T1-5,library/1B-public-meetings-india-and-sri-lanka/ND70T2 - Responding totally to the demands of life.mp3
01,ND70T3,1B,To understand death one must understand time and love,audio,84,ND,New Delhi,1970,17 December 1970,Public Talk,talk,ND70T1-5,library/1B-public-meetings-india-and-sri-lanka/ND70T3 - To understand death one must understand time and love.mp3
01,ND70T4,1B,A religious mind finds what beauty is,audio,68,ND,New Delhi,1970,20 December 1970,Public Talk,talk,ND70T1-5,library/1B-public-meetings-india-and-sri-lanka/ND70T4 - A religious mind finds what beauty is.mp3
01,ND70T5,1B,Freeing the mind of the past,audio,78,ND,New Delhi,1970,24 December 1970,Public Talk,talk,ND70T1-5,library/1B-public-meetings-india-and-sri-lanka/ND70T5 - Freeing the mind of the past.mp3
01,ND72T1,1B,Thought is the origin of fragmentation,audio,96,ND,New Delhi,1972,11 November 1972,Public Talk,talk,ND72T1-4,library/1B-public-meetings-india-and-sri-lanka/ND72T1 - Thought is the origin of fragmentation.mp3
01,ND72T2,1B,Seeing is the action of intelligence,audio,81,ND,New Delhi,1972,12 November 1972,Public Talk,talk,ND72T1-4,library/1B-public-meetings-india-and-sri-lanka/ND72T2 - Seeing is the action of intelligence.mp3
01,ND72T3,1B,Freedom is the immobility of attention,audio,85,ND,New Delhi,1972,18 November 1972,Public Talk,talk,ND72T1-4,library/1B-public-meetings-india-and-sri-lanka/ND72T3 - Freedom is the immobility of attention.mp3
01,ND72T4,1B,Meditation is action without choice or will,audio,84,ND,New Delhi,1972,19 November 1972,Public Talk,talk,ND72T1-4,library/1B-public-meetings-india-and-sri-lanka/ND72T4 - Meditation is action without choice or will.mp3
01,ND73T1,1B,What place has thought in the transformation of man and society?,audio,90,ND,New Delhi,1973,24 November 1973,Public Talk,talk,ND73T1-4,library/1B-public-meetings-india-and-sri-lanka/ND73T1 - What place has thought in the transformation of man and society.mp3
01,ND73T2,1B,An energy that will solve all our problems,audio,82,ND,New Delhi,1973,25 November 1973,Public Talk,talk,ND73T1-4,library/1B-public-meetings-india-and-sri-lanka/ND73T2 - An energy that will solve all our problems.mp3
01,ND73T3,1B,What does this life mean?,audio,84,ND,New Delhi,1973,1 December 1973,Public Talk,talk,ND73T1-4,library/1B-public-meetings-india-and-sri-lanka/ND73T3 - What does this life mean.mp3
01,ND73T4,1B,Meditation is the beginning of order,audio,72,ND,New Delhi,1973,2 December 1973,Public Talk,talk,ND73T1-4,library/1B-public-meetings-india-and-sri-lanka/ND73T4 - Meditation is the beginning of order.mp3
01,ND81T1,1B,What is the process of thinking?,audio,77,ND,New Delhi,1981,31 October 1981,Public Talk,talk,ND81T1-4,library/1B-public-meetings-india-and-sri-lanka/ND81T1 - What is the process of thinking.mp3
01,ND81T2,1B,Can we be free of fear?,audio,77,ND,New Delhi,1981,1 November 1981,Public Talk,talk,ND81T1-4,library/1B-public-meetings-india-and-sri-lanka/ND81T2 - Can we be free of fear.mp3
01,ND81T3,1B,"Disorder, sorrow, death and love",audio,77,ND,New Delhi,1981,7 November 1981,Public Talk,talk,ND81T1-4,"library/1B-public-meetings-india-and-sri-lanka/ND81T3 - Disorder, sorrow, death and love.mp3"
01,ND81T4,1B,Meditation is the release of creative energy,audio,77,ND,New Delhi,1981,8 November 1981,Public Talk,talk,ND81T1-4,library/1B-public-meetings-india-and-sri-lanka/ND81T4 - Meditation is the release of creative energy.mp3
01,ND82T1,1B,The root cause of confusion,audio,72,ND,New Delhi,1982,30 October 1982,Public Talk,talk,ND82T1-4,library/1B-public-meetings-india-and-sri-lanka/ND82T1 - The root cause of confusion.mp3
01,ND82T2,1B,"Conflict, duality and observation",audio,67,ND,New Delhi,1982,31 October 1982,Public Talk,talk,ND82T1-4,"library/1B-public-meetings-india-and-sri-lanka/ND82T2 - Conflict, duality and observation.mp3"
01,ND82T3,1B,Factors of disorder,audio,80,ND,New Delhi,1982,6 November 1982,Public Talk,talk,ND82T1-4,library/1B-public-meetings-india-and-sri-lanka/ND82T3 - Factors of disorder.mp3
01,ND82T4,1B,In ending is a new beginning,audio,69,ND,New Delhi,1982,7 November 1982,Public Talk,talk,ND82T1-4,library/1B-public-meetings-india-and-sri-lanka/ND82T4 - In ending is a new beginning.mp3
01,ND83T1,1B,Bringing about peace requires great intelligence,audio,77,ND,New Delhi,1983,6 November 1983,Public Talk,talk,ND83T1-4,library/1B-public-meetings-india-and-sri-lanka/ND83T1 - Bringing about peace requires great intelligence.mp3
01,ND83T2,1B,Your consciousness is not separate from humanity’s,audio,75,ND,New Delhi,1983,7 November 1983,Public Talk,talk,ND83T1-4,library/1B-public-meetings-india-and-sri-lanka/ND83T2 - Your consciousness is not separate from humanity’s.mp3
01,ND83T3,1B,"Fear, thought and love",audio,74,ND,New Delhi,1983,12 November 1983,Public Talk,talk,ND83T1-4,"library/1B-public-meetings-india-and-sri-lanka/ND83T3 - Fear, thought and love.mp3"
01,ND83T4,1B,Being with death while living,audio,81,ND,New Delhi,1983,13 November 1983,Public Talk,talk,ND83T1-4,library/1B-public-meetings-india-and-sri-lanka/ND83T4 - Being with death while living.mp3
01,RA72T1,1B,An energy that has never known corruption,audio,84,RA,Rajghat,1972,25 November 1972,Public Talk,talk,RA72T1-2,library/1B-public-meetings-india-and-sri-lanka/RA72T1 - An energy that has never known corruption.mp3
01,RA72T2,1B,Can the mind observe without time?,audio,83,RA,Rajghat,1972,26 November 1972,Public Talk,talk,RA72T1-2,library/1B-public-meetings-india-and-sri-lanka/RA72T2 - Can the mind observe without time.mp3
01,RA74T1,1B,Suffering and the stream of consciousness,audio,81,RA,Rajghat,1974,23 November 1974,Public Talk,talk,RA74T1-2,library/1B-public-meetings-india-and-sri-lanka/RA74T1 - Suffering and the stream of consciousness.mp3
01,RA74T2,1B,Truth has no abiding place,audio,92,RA,Rajghat,1974,24 November 1974,Public Talk,talk,RA74T1-2,library/1B-public-meetings-india-and-sri-lanka/RA74T2 - Truth has no abiding place.mp3
01,RA76D1,1B,The trap,audio,82,RA,Rajghat,1976,4 November 1976,Public Discussion,discussion,RA76T1-2,library/1B-public-meetings-india-and-sri-lanka/RA76D1 - The trap.mp3
01,RA76D2,1B,Is it possible not to be hurt?,audio,93,RA,Rajghat,1976,6 November 1976,Public Discussion,discussion,RA76T1-2,library/1B-public-meetings-india-and-sri-lanka/RA76D2 - Is it possible not to be hurt.mp3
01,RA76T1,1B,Can the image-making machinery stop?,audio,90,RA,Rajghat,1976,3 November 1976,Public Talk,talk,RA76T1-2,library/1B-public-meetings-india-and-sri-lanka/RA76T1 - Can the image-making machinery stop.mp3
01,RA76T2,1B,"Desire, suffering, death and meditation",audio,75,RA,Rajghat,1976,7 November 1976,Public Talk,talk,RA76T1-2,"library/1B-public-meetings-india-and-sri-lanka/RA76T2 - Desire, suffering, death and meditation.mp3"
01,RA78T1,1B,What is the cause of our destructive way of living?,audio,70,RA,Rajghat,1978,11 November 1978,Public Talk,talk,RA78T1-2,library/1B-public-meetings-india-and-sri-lanka/RA78T1 - What is the cause of our destructive way of living.mp3
01,RA78T2,1B,Do you know your life is in disorder?,audio,89,RA,Rajghat,1978,12 November 1978,Public Talk,talk,RA78T1-2,library/1B-public-meetings-india-and-sri-lanka/RA78T2 - Do you know your life is in disorder.mp3
01,RA81Q,1B,Question & answer meeting,audio,77,RA,Rajghat,1981,28 November 1981,Question & Answer Meeting,qa,RA81T1-3,library/1B-public-meetings-india-and-sri-lanka/RA81Q - Question & answer meeting.mp3
01,RA81T1,1B,Thought in relationships brings disorder,audio,92,RA,Rajghat,1981,25 November 1981,Public Talk,talk,RA81T1-3,library/1B-public-meetings-india-and-sri-lanka/RA81T1 - Thought in relationships brings disorder.mp3
01,RA81T2,1B,Perceiving the whole movement of fear,audio,65,RA,Rajghat,1981,26 November 1981,Public Talk,talk,RA81T1-3,library/1B-public-meetings-india-and-sri-lanka/RA81T2 - Perceiving the whole movement of fear.mp3
01,RA81T3,1B,Understanding the nature of meditation,audio,82,RA,Rajghat,1981,29 November 1981,Public Talk,talk,RA81T1-3,library/1B-public-meetings-india-and-sri-lanka/RA81T3 - Understanding the nature of meditation.mp3
01,RA84T1,1B,What is the significance of our daily life?,video,82,RA,Rajghat,1984,11 November 1984,Public Talk,talk,RA84T1-4,library/1B-public-meetings-india-and-sri-lanka/RA84T1 - What is the significance of our daily life.mp4
01,RA84T2,1B,A religious mind has great sense of beauty,video,85,RA,Rajghat,1984,12 November 1984,Public Talk,talk,RA84T1-4,library/1B-public-meetings-india-and-sri-lanka/RA84T2 - A religious mind has great sense of beauty.mp4
01,RA84T3,1B,Unless you radically change now the future is what you are now,audio,77,RA,Rajghat,1984,24 November 1984,Public Talk,talk,RA84T1-4,library/1B-public-meetings-india-and-sri-lanka/RA84T3 - Unless you radically change now the future is what you are now.mp3
01,RA84T4,1B,What place has thought in the movement of desire?,audio,77,RA,Rajghat,1984,25 November 1984,Public Talk,talk,RA84T1-4,library/1B-public-meetings-india-and-sri-lanka/RA84T4 - What place has thought in the movement of desire.mp3
01,RA85D,1B,Why do we divide the spiritual and the mundane?,video,92,RA,Rajghat,1985,21 November 1985,Public Discussion,discussion,RA85T1-3,library/1B-public-meetings-india-and-sri-lanka/RA85D - Why do we divide the spiritual and the mundane.mp4
01,RA85T1,1B,"Whatever you think, you are",video,76,RA,Rajghat,1985,18 November 1985,Public Talk,talk,RA85T1-3,"library/1B-public-meetings-india-and-sri-lanka/RA85T1 - Whatever you think, you are.mp4"
01,RA85T2,1B,All time is contained now,video,76,RA,Rajghat,1985,19 November 1985,Public Talk,talk,RA85T1-3,library/1B-public-meetings-india-and-sri-lanka/RA85T2 - All time is contained now.mp4
01,RA85T3,1B,"As long as there is a meditator, there is no meditation",video,84,RA,Rajghat,1985,22 November 1985,Public Talk,talk,RA85T1-3,"library/1B-public-meetings-india-and-sri-lanka/RA85T3 - As long as there is a meditator, there is no meditation.mp4"
01,RV77T1,1B,Is it possible to bring about a mutation in consciousness?,audio,86,RV,Rishi Valley,1977,3 December 1977,Public Talk,talk,RV77T1-3,library/1B-public-meetings-india-and-sri-lanka/RV77T1 - Is it possible to bring about a mutation in consciousness.mp3
01,RV77T2,1B,Listening without resistance,audio,79,RV,Rishi Valley,1977,5 December 1977,Public Talk,talk,RV77T1-3,library/1B-public-meetings-india-and-sri-lanka/RV77T2 - Listening without resistance.mp3
01,RV77T3,1B,Looking freely,audio,72,RV,Rishi Valley,1977,7 December 1977,Public Talk,talk,RV77T1-3,library/1B-public-meetings-india-and-sri-lanka/RV77T3 - Looking freely.mp3
01,BK69T1,1C,Can the mind be free?,audio,99,BK,"Berkeley, California",1969,3 February 1969,Public Talk,talk,BK69T1-4,library/1C-public-meetings-usa/BK69T1 - Can the mind be free.mp3
01,BK69T2,1C,Thought sustains fear and pleasure,audio,67,BK,"Berkeley, California",1969,4 February 1969,Public Talk,talk,BK69T1-4,library/1C-public-meetings-usa/BK69T2 - Thought sustains fear and pleasure.mp3
01,BK69T3,1C,"Life, death and love",audio,69,BK,"Berkeley, California",1969,5 February 1969,Public Talk,talk,BK69T1-4,"library/1C-public-meetings-usa/BK69T3 - Life, death and love.mp3"
01,BK69T4,1C,True revolution,audio,67,BK,"Berkeley, California",1969,6 February 1969,Public Talk,talk,BK69T1-4,library/1C-public-meetings-usa/BK69T4 - True revolution.mp3
01,NY71T1,1C,To be aware of our past,video,91,NY,New York,1971,17 April 1971,Public Talk,talk,NY71T1-4,library/1C-public-meetings-usa/NY71T1 - To be aware of our past.mp4
01,NY71T2,1C,"What you think, you are",video,98,NY,New York,1971,18 April 1971,Public Talk,talk,NY71T1-4,"library/1C-public-meetings-usa/NY71T2 - What you think, you are.mp4"
01,NY71T3,1C,Relationship,video,97,NY,New York,1971,24 April 1971,Public Talk,talk,NY71T1-4,library/1C-public-meetings-usa/NY71T3 - Relationship.mp4
01,NY71T4,1C,Can the mind become quiet?,video,91,NY,New York,1971,25 April 1971,Public Talk,talk,NY71T1-4,library/1C-public-meetings-usa/NY71T4 - Can the mind become quiet.mp4
01,NY83T1,1C,Why are human beings what they are now?,audio,67,NY,New York,1983,9 April 1983,Public Talk,talk,NY83T1-2,library/1C-public-meetings-usa/NY83T1 - Why are human beings what they are now.mp3
01,NY83T2,1C,An urgent change,audio,82,NY,New York,1983,10 April 1983,Public Talk,talk,NY83T1-2,library/1C-public-meetings-usa/NY83T2 - An urgent change.mp3
01,OJ49T1,1C,Does self-knowledge come through searching?,audio,59,OJ,"Ojai, California",1949,16 July 1949,Public Talk,talk,OJ49T1-14,library/1C-public-meetings-usa/OJ49T1 - Does self-knowledge come through searching.mp3
01,OJ49T10,1C,Without self-knowledge there cannot be complete action,audio,62,OJ,"Ojai, California",1949,14 August 1949,Public Talk,talk,OJ49T1-14,library/1C-public-meetings-usa/OJ49T10 - Without self-knowledge there cannot be complete action.mp3
01,OJ49T11,1C,Why do we want to dominate or be subservient to another?,audio,62,OJ,"Ojai, California",1949,20 August 1949,Public Talk,talk,OJ49T1-14,library/1C-public-meetings-usa/OJ49T11 - Why do we want to dominate or be subservient to another.mp3
01,OJ49T12,1C,Why do we seek a method or technique?,audio,42,OJ,"Ojai, California",1949,21 August 1949,Public Talk,talk,OJ49T1-14,library/1C-public-meetings-usa/OJ49T12 - Why do we seek a method or technique.mp3
01,OJ49T13,1C,Simplicity comes into being when there is freedom from the desire to achieve,audio,72,OJ,"Ojai, California",1949,27 August 1949,Public Talk,talk,OJ49T1-14,library/1C-public-meetings-usa/OJ49T13 - Simplicity comes into being when there is freedom from the desire to achieve.mp3
01,OJ49T14,1C,Why do we seek?,audio,62,OJ,"Ojai, California",1949,28 August 1949,Public Talk,talk,OJ49T1-14,library/1C-public-meetings-usa/OJ49T14 - Why do we seek.mp3
01,OJ49T2,1C,Relationship has significance only when it is a process of selfrevelation,audio,37,OJ,"Ojai, California",1949,17 July 1949,Public Talk,talk,OJ49T1-14,library/1C-public-meetings-usa/OJ49T2 - Relationship has significance only when it is a process of selfrevelation.mp3
01,OJ49T3,1C,If we had no belief what would happen to us?,audio,39,OJ,"Ojai, California",1949,23 July 1949,Public Talk,talk,OJ49T1-14,library/1C-public-meetings-usa/OJ49T3 - If we had no belief what would happen to us.mp3
01,OJ49T4,1C,Simplicity cannot be found unless one is free inwardly,audio,57,OJ,"Ojai, California",1949,24 July 1949,Public Talk,talk,OJ49T1-14,library/1C-public-meetings-usa/OJ49T4 - Simplicity cannot be found unless one is free inwardly.mp3
01,OJ49T5,1C,How is one to be aware?,audio,64,OJ,"Ojai, California",1949,30 July 1949,Public Talk,talk,OJ49T1-14,library/1C-public-meetings-usa/OJ49T5 - How is one to be aware.mp3
01,OJ49T6,1C,What is true religion?,audio,47,OJ,"Ojai, California",1949,31 July 1949,Public Talk,talk,OJ49T1-14,library/1C-public-meetings-usa/OJ49T6 - What is true religion.mp3
01,OJ49T7,1C,To understand ‘what is’ there must be no prejudice,audio,40,OJ,"Ojai, California",1949,6 August 1949,Public Talk,talk,OJ49T1-14,library/1C-public-meetings-usa/OJ49T7 - To understand ‘what is’ there must be no prejudice.mp3
01,OJ49T8,1C,Experiencing the state of immortality without ideation,audio,74,OJ,"Ojai, California",1949,7 August 1949,Public Talk,talk,OJ49T1-14,library/1C-public-meetings-usa/OJ49T8 - Experiencing the state of immortality without ideation.mp3
01,OJ49T9,1C,Ideals and ambition,audio,52,OJ,"Ojai, California",1949,13 August 1949,Public Talk,talk,OJ49T1-14,library/1C-public-meetings-usa/OJ49T9 - Ideals and ambition.mp3
01,OJ66D1,1C,Is it possible to end violence without effort?,audio,77,OJ,"Ojai, California",1966,4 November 1966,Public Discussion,discussion,OJ66T1-6,library/1C-public-meetings-usa/OJ66D1 - Is it possible to end violence without effort.mp3
01,OJ66D2,1C,Love and suffering,audio,61,OJ,"Ojai, California",1966,11 November 1966,Public Discussion,discussion,OJ66T1-6,library/1C-public-meetings-usa/OJ66D2 - Love and suffering.mp3
01,OJ66D3,1C,How can a shallow mind become deep?,audio,59,OJ,"Ojai, California",1966,14 November 1966,Public Discussion,discussion,OJ66T1-6,library/1C-public-meetings-usa/OJ66D3 - How can a shallow mind become deep.mp3
01,OJ66T1,1C,Freedom to inquire,audio,76,OJ,"Ojai, California",1966,29 October 1966,Public Talk,talk,OJ66T1-6,library/1C-public-meetings-usa/OJ66T1 - Freedom to inquire.mp3
01,OJ66T2,1C,Learning is in the active present,audio,72,OJ,"Ojai, California",1966,30 October 1966,Public Talk,talk,OJ66T1-6,library/1C-public-meetings-usa/OJ66T2 - Learning is in the active present.mp3
01,OJ66T3,1C,Giving complete attention to pleasure,audio,66,OJ,"Ojai, California",1966,5 November 1966,Public Talk,talk,OJ66T1-6,library/1C-public-meetings-usa/OJ66T3 - Giving complete attention to pleasure.mp3
01,OJ66T4,1C,Dying to everything known,audio,68,OJ,"Ojai, California",1966,6 November 1966,Public Talk,talk,OJ66T1-6,library/1C-public-meetings-usa/OJ66T4 - Dying to everything known.mp3
01,OJ66T5,1C,Meditation is freeing the mind of the known,audio,70,OJ,"Ojai, California",1966,12 November 1966,Public Talk,talk,OJ66T1-6,library/1C-public-meetings-usa/OJ66T5 - Meditation is freeing the mind of the known.mp3
01,OJ66T6,1C,Is it possible to radically change ‘what is’?,audio,62,OJ,"Ojai, California",1966,13 November 1966,Public Talk,talk,OJ66T1-6,library/1C-public-meetings-usa/OJ66T6 - Is it possible to radically change ‘what is’.mp3
01,OJ72T1,1C,What will bring humanity together?,video,89,OJ,"Ojai, California",1972,8 April 1972,Public Talk,talk,OJ72T1-2,library/1C-public-meetings-usa/OJ72T1 - What will bring humanity together.mp4
01,OJ72T2,1C,Order has its own law,video,90,OJ,"Ojai, California",1972,9 April 1972,Public Talk,talk,OJ72T1-2,library/1C-public-meetings-usa/OJ72T2 - Order has its own law.mp4
01,OJ73T1,1C,Relationship without image is love,audio,90,OJ,"Ojai, California",1973,7 April 1973,Public Talk,talk,OJ73T1-4,library/1C-public-meetings-usa/OJ73T1 - Relationship without image is love.mp3
01,OJ73T2,1C,"The meaning of life, pleasure and fear",audio,86,OJ,"Ojai, California",1973,8 April 1973,Public Talk,talk,OJ73T1-4,"library/1C-public-meetings-usa/OJ73T2 - The meaning of life, pleasure and fear.mp3"
01,OJ73T3,1C,"Order, love and death",audio,86,OJ,"Ojai, California",1973,14 April 1973,Public Talk,talk,OJ73T1-4,"library/1C-public-meetings-usa/OJ73T3 - Order, love and death.mp3"
01,OJ73T4,1C,Religion and meditation,audio,82,OJ,"Ojai, California",1973,15 April 1973,Public Talk,talk,OJ73T1-4,library/1C-public-meetings-usa/OJ73T4 - Religion and meditation.mp3
01,OJ74D1,1C,"Thinking, relationship and fear",audio,88,OJ,"Ojai, California",1974,31 March 1974,Public Discussion,discussion,OJ74D1-2,"library/1C-public-meetings-usa/OJ74D1 - Thinking, relationship and fear.mp3"
01,OJ74D2,1C,"Meditation, energy and regeneration in consciousness",audio,83,OJ,"Ojai, California",1974,7 April 1974,Public Discussion,discussion,OJ74D1-2,"library/1C-public-meetings-usa/OJ74D2 - Meditation, energy and regeneration in consciousness.mp3"
01,OJ75D,1C,Can we educate the totality of man?,audio,86,OJ,"Ojai, California",1975,16 April 1975,Public Discussion,discussion,OJ75T1-4,library/1C-public-meetings-usa/OJ75D - Can we educate the totality of man.mp3
01,OJ75T1,1C,A direct perception not related to knowledge,audio,72,OJ,"Ojai, California",1975,12 April 1975,Public Talk,talk,OJ75T1-4,library/1C-public-meetings-usa/OJ75T1 - A direct perception not related to knowledge.mp3
01,OJ75T2,1C,"Conflict, ideologies, fear and pleasure",audio,74,OJ,"Ojai, California",1975,13 April 1975,Public Talk,talk,OJ75T1-4,"library/1C-public-meetings-usa/OJ75T2 - Conflict, ideologies, fear and pleasure.mp3"
01,OJ75T3,1C,"Time, suffering and death",audio,66,OJ,"Ojai, California",1975,19 April 1975,Public Talk,talk,OJ75T1-4,"library/1C-public-meetings-usa/OJ75T3 - Time, suffering and death.mp3"
01,OJ75T4,1C,"Religion, authority and meditation",audio,65,OJ,"Ojai, California",1975,20 April 1975,Public Talk,talk,OJ75T1-4,"library/1C-public-meetings-usa/OJ75T4 - Religion, authority and meditation.mp3"
01,OJ76D1,1C,What is the function of learning?,audio,84,OJ,"Ojai, California",1976,6 April 1976,Public Discussion,discussion,OJ76T1-6,library/1C-public-meetings-usa/OJ76D1 - What is the function of learning.mp3
01,OJ76D2,1C,What is the correct action in life?,audio,92,OJ,"Ojai, California",1976,13 April 1976,Public Discussion,discussion,OJ76T1-6,library/1C-public-meetings-usa/OJ76D2 - What is the correct action in life.mp3
01,OJ76D3,1C,Correct action in a disintegrating society,audio,76,OJ,"Ojai, California",1976,15 April 1976,Public Discussion,discussion,OJ76T1-6,library/1C-public-meetings-usa/OJ76D3 - Correct action in a disintegrating society.mp3
01,OJ76T1,1C,"Relationships, images and hurt",audio,84,OJ,"Ojai, California",1976,3 April 1976,Public Talk,talk,OJ76T1-6,"library/1C-public-meetings-usa/OJ76T1 - Relationships, images and hurt.mp3"
01,OJ76T2,1C,Why is thought fragmentary?,audio,80,OJ,"Ojai, California",1976,4 April 1976,Public Talk,talk,OJ76T1-6,library/1C-public-meetings-usa/OJ76T2 - Why is thought fragmentary.mp3
01,OJ76T3,1C,Fear and the structure of the ‘me’,audio,66,OJ,"Ojai, California",1976,10 April 1976,Public Talk,talk,OJ76T1-6,library/1C-public-meetings-usa/OJ76T3 - Fear and the structure of the ‘me’.mp3
01,OJ76T4,1C,"Reality, pleasure and sorrow",audio,60,OJ,"Ojai, California",1976,11 April 1976,Public Talk,talk,OJ76T1-6,"library/1C-public-meetings-usa/OJ76T4 - Reality, pleasure and sorrow.mp3"
01,OJ76T5,1C,"Desire, love and death",audio,59,OJ,"Ojai, California",1976,17 April 1976,Public Talk,talk,OJ76T1-6,"library/1C-public-meetings-usa/OJ76T5 - Desire, love and death.mp3"
01,OJ76T6,1C,Meditation implies a life of great order,audio,65,OJ,"Ojai, California",1976,18 April 1976,Public Talk,talk,OJ76T1-6,library/1C-public-meetings-usa/OJ76T6 - Meditation implies a life of great order.mp3
01,OJ77D1,1C,How does one transform oneself?,video,75,OJ,"Ojai, California",1977,5 April 1977,Public Discussion,discussion,OJ77T1-6,library/1C-public-meetings-usa/OJ77D1 - How does one transform oneself.mp4
01,OJ77D2,1C,The relationship of experience and thought,video,80,OJ,"Ojai, California",1977,7 April 1977,Public Discussion,discussion,OJ77T1-6,library/1C-public-meetings-usa/OJ77D2 - The relationship of experience and thought.mp4
01,OJ77D3,1C,Education and conditioning,video,85,OJ,"Ojai, California",1977,12 April 1977,Public Discussion,discussion,OJ77T1-6,library/1C-public-meetings-usa/OJ77D3 - Education and conditioning.mp4
01,OJ77D4,1C,Intellect and intelligence,video,86,OJ,"Ojai, California",1977,14 April 1977,Public Discussion,discussion,OJ77T1-6,library/1C-public-meetings-usa/OJ77D4 - Intellect and intelligence.mp4
01,OJ77T1,1C,An intelligence in which there is complete security,video,62,OJ,"Ojai, California",1977,2 April 1977,Public Talk,talk,OJ77T1-6,library/1C-public-meetings-usa/OJ77T1 - An intelligence in which there is complete security.mp4
01,OJ77T2,1C,The source of conflict,video,63,OJ,"Ojai, California",1977,3 April 1977,Public Talk,talk,OJ77T1-6,library/1C-public-meetings-usa/OJ77T2 - The source of conflict.mp4
01,OJ77T3,1C,Can man radically transform himself psychologically?,video,84,OJ,"Ojai, California",1977,9 April 1977,Public Talk,talk,OJ77T1-6,library/1C-public-meetings-usa/OJ77T3 - Can man radically transform himself psychologically.mp4
01,OJ77T4,1C,"The art of listening, seeing, learning and living",video,60,OJ,"Ojai, California",1977,10 April 1977,Public Talk,talk,OJ77T1-6,"library/1C-public-meetings-usa/OJ77T4 - The art of listening, seeing, learning and living.mp4"
01,OJ77T5,1C,Love and death,video,81,OJ,"Ojai, California",1977,16 April 1977,Public Talk,talk,OJ77T1-6,library/1C-public-meetings-usa/OJ77T5 - Love and death.mp4
01,OJ77T6,1C,What is the significance of meditation?,video,72,OJ,"Ojai, California",1977,17 April 1977,Public Talk,talk,OJ77T1-6,library/1C-public-meetings-usa/OJ77T6 - What is the significance of meditation.mp4
01,OJ78D1,1C,Can the observer come to an end so that there is clarity of perception?,audio,85,OJ,"Ojai, California",1978,4 April 1978,Public Discussion,discussion,OJ78T1-6,library/1C-public-meetings-usa/OJ78D1 - Can the observer come to an end so that there is clarity of perception.mp3
01,OJ78D2,1C,Why do we live under pressure?,audio,83,OJ,"Ojai, California",1978,6 April 1978,Public Discussion,discussion,OJ78T1-6,library/1C-public-meetings-usa/OJ78D2 - Why do we live under pressure.mp3
01,OJ78D3,1C,What will make you see the danger of conditioning?,audio,88,OJ,"Ojai, California",1978,11 April 1978,Public Discussion,discussion,OJ78T1-6,library/1C-public-meetings-usa/OJ78D3 - What will make you see the danger of conditioning.mp3
01,OJ78D4,1C,What is correct action?,audio,86,OJ,"Ojai, California",1978,13 April 1978,Public Discussion,discussion,OJ78T1-6,library/1C-public-meetings-usa/OJ78D4 - What is correct action.mp3
01,OJ78T1,1C,When there is no pressure there is freedom,audio,73,OJ,"Ojai, California",1978,1 April 1978,Public Talk,talk,OJ78T1-6,library/1C-public-meetings-usa/OJ78T1 - When there is no pressure there is freedom.mp3
01,OJ78T2,1C,Is it possible to bring about order without the operation of thought?,audio,69,OJ,"Ojai, California",1978,2 April 1978,Public Talk,talk,OJ78T1-6,library/1C-public-meetings-usa/OJ78T2 - Is it possible to bring about order without the operation of thought.mp3
01,OJ78T3,1C,Why does the mechanism of image-making come into being?,audio,81,OJ,"Ojai, California",1978,8 April 1978,Public Talk,talk,OJ78T1-6,library/1C-public-meetings-usa/OJ78T3 - Why does the mechanism of image-making come into being.mp3
01,OJ78T4,1C,What is the relationship of thought to desire?,audio,73,OJ,"Ojai, California",1978,9 April 1978,Public Talk,talk,OJ78T1-6,library/1C-public-meetings-usa/OJ78T4 - What is the relationship of thought to desire.mp3
01,OJ78T5,1C,"Is it possible to live, act, without a centre?",audio,84,OJ,"Ojai, California",1978,15 April 1978,Public Talk,talk,OJ78T1-6,"library/1C-public-meetings-usa/OJ78T5 - Is it possible to live, act, without a centre.mp3"
01,OJ78T6,1C,In meditation there is no observer or the observed,audio,75,OJ,"Ojai, California",1978,16 April 1978,Public Talk,talk,OJ78T1-6,library/1C-public-meetings-usa/OJ78T6 - In meditation there is no observer or the observed.mp3
01,OJ79D1,1C,Can a conditioned mind free itself?,video,83,OJ,"Ojai, California",1979,10 April 1979,Public Discussion,discussion,OJ79T1-6,library/1C-public-meetings-usa/OJ79D1 - Can a conditioned mind free itself.mp4
01,OJ79D2,1C,Is there a way of living in which self-centred activity ends?,video,82,OJ,"Ojai, California",1979,12 April 1979,Public Discussion,discussion,OJ79T1-6,library/1C-public-meetings-usa/OJ79D2 - Is there a way of living in which self-centred activity ends.mp4
01,OJ79D3,1C,"Freedom, love and responsibility",video,85,OJ,"Ojai, California",1979,17 April 1979,Public Discussion,discussion,OJ79T1-6,"library/1C-public-meetings-usa/OJ79D3 - Freedom, love and responsibility.mp4"
01,OJ79D4,1C,What is blocking us from change?,video,98,OJ,"Ojai, California",1979,19 April 1979,Public Discussion,discussion,OJ79T1-6,library/1C-public-meetings-usa/OJ79D4 - What is blocking us from change.mp4
01,OJ79T1,1C,Living in goodness,video,64,OJ,"Ojai, California",1979,7 April 1979,Public Talk,talk,OJ79T1-6,library/1C-public-meetings-usa/OJ79T1 - Living in goodness.mp4
01,OJ79T2,1C,"What is the relationship between desire, thought and action?",video,66,OJ,"Ojai, California",1979,8 April 1979,Public Talk,talk,OJ79T1-6,"library/1C-public-meetings-usa/OJ79T2 - What is the relationship between desire, thought and action.mp4"
01,OJ79T3,1C,What is the root of fear?,video,84,OJ,"Ojai, California",1979,14 April 1979,Public Talk,talk,OJ79T1-6,library/1C-public-meetings-usa/OJ79T3 - What is the root of fear.mp4
01,OJ79T4,1C,The art of observing the book of mankind,video,86,OJ,"Ojai, California",1979,15 April 1979,Public Talk,talk,OJ79T1-6,library/1C-public-meetings-usa/OJ79T4 - The art of observing the book of mankind.mp4
01,OJ79T5,1C,What is disorder in one’s life and what is death?,video,80,OJ,"Ojai, California",1979,21 April 1979,Public Talk,talk,OJ79T1-6,library/1C-public-meetings-usa/OJ79T5 - What is disorder in one’s life and what is death.mp4
01,OJ79T6,1C,Meditation is the ending of all the content of one’s consciousness,video,76,OJ,"Ojai, California",1979,22 April 1979,Public Talk,talk,OJ79T1-6,library/1C-public-meetings-usa/OJ79T6 - Meditation is the ending of all the content of one’s consciousness.mp4
01,OJ80Q1,1C,1st Question & Answer Meeting,video,80,OJ,"Ojai, California",1980,6 May 1980,Question & Answer Meeting,qa,OJ80T1-6,library/1C-public-meetings-usa/OJ80Q1 - 1st Question & Answer Meeting.mp4
01,OJ80Q2,1C,2nd Question & Answer Meeting,video,75,OJ,"Ojai, California",1980,8 May 1980,Question & Answer Meeting,qa,OJ80T1-6,library/1C-public-meetings-usa/OJ80Q2 - 2nd Question & Answer Meeting.mp4
01,OJ80Q3,1C,3rd Question & Answer Meeting,video,77,OJ,"Ojai, California",1980,13 May 1980,Question & Answer Meeting,qa,OJ80T1-6,library/1C-public-meetings-usa/OJ80Q3 - 3rd Question & Answer Meeting.mp4
01,OJ80Q4,1C,4th Question & Answer Meeting,video,78,OJ,"Ojai, California",1980,15 May 1980,Question & Answer Meeting,qa,OJ80T1-6,library/1C-public-meetings-usa/OJ80Q4 - 4th Question & Answer Meeting.mp4
01,OJ80T1,1C,Can we think together about the crisis we are facing?,video,61,OJ,"Ojai, California",1980,3 May 1980,Public Talk,talk,OJ80T1-6,library/1C-public-meetings-usa/OJ80T1 - Can we think together about the crisis we are facing.mp4
01,OJ80T2,1C,Observation is the total denial of analysis,video,73,OJ,"Ojai, California",1980,4 May 1980,Public Talk,talk,OJ80T1-6,library/1C-public-meetings-usa/OJ80T2 - Observation is the total denial of analysis.mp4
01,OJ80T3,1C,Is time necessary to end something psychologically?,video,58,OJ,"Ojai, California",1980,10 May 1980,Public Talk,talk,OJ80T1-6,library/1C-public-meetings-usa/OJ80T3 - Is time necessary to end something psychologically.mp4
01,OJ80T4,1C,"Desire, attachment and fear",video,72,OJ,"Ojai, California",1980,11 May 1980,Public Talk,talk,OJ80T1-6,"library/1C-public-meetings-usa/OJ80T4 - Desire, attachment and fear.mp4"
01,OJ80T5,1C,Psychologically we are one unitary movement,video,70,OJ,"Ojai, California",1980,17 May 1980,Public Talk,talk,OJ80T1-6,library/1C-public-meetings-usa/OJ80T5 - Psychologically we are one unitary movement.mp4
01,OJ80T6,1C,"Action, observation and dying while living",video,82,OJ,"Ojai, California",1980,18 May 1980,Public Talk,talk,OJ80T1-6,"library/1C-public-meetings-usa/OJ80T6 - Action, observation and dying while living.mp4"
01,OJ81Q1,1C,1st Question & Answer Meeting,video,65,OJ,"Ojai, California",1981,5 May 1981,Question & Answer Meeting,qa,OJ81T1-6,library/1C-public-meetings-usa/OJ81Q1 - 1st Question & Answer Meeting.mp4
01,OJ81Q2,1C,2nd Question & Answer Meeting,video,85,OJ,"Ojai, California",1981,7 May 1981,Question & Answer Meeting,qa,OJ81T1-6,library/1C-public-meetings-usa/OJ81Q2 - 2nd Question & Answer Meeting.mp4
01,OJ81Q3,1C,3rd Question & Answer Meeting,video,70,OJ,"Ojai, California",1981,12 May 1981,Question & Answer Meeting,qa,OJ81T1-6,library/1C-public-meetings-usa/OJ81Q3 - 3rd Question & Answer Meeting.mp4
01,OJ81Q4,1C,4th Question & Answer Meeting,video,91,OJ,"Ojai, California",1981,14 May 1981,Question & Answer Meeting,qa,OJ81T1-6,library/1C-public-meetings-usa/OJ81Q4 - 4th Question & Answer Meeting.mp4
01,OJ81T1,1C,What is the root of the crisis in mankind?,video,60,OJ,"Ojai, California",1981,2 May 1981,Public Talk,talk,OJ81T1-6,library/1C-public-meetings-usa/OJ81T1 - What is the root of the crisis in mankind.mp4
01,OJ81T2,1C,Life is a movement of relationship,video,59,OJ,"Ojai, California",1981,3 May 1981,Public Talk,talk,OJ81T1-6,library/1C-public-meetings-usa/OJ81T2 - Life is a movement of relationship.mp4
01,OJ81T3,1C,Can thought bring about right action?,video,58,OJ,"Ojai, California",1981,9 May 1981,Public Talk,talk,OJ81T1-6,library/1C-public-meetings-usa/OJ81T3 - Can thought bring about right action.mp4
01,OJ81T4,1C,Do we have the patience to listen to ourselves?,video,58,OJ,"Ojai, California",1981,10 May 1981,Public Talk,talk,OJ81T1-6,library/1C-public-meetings-usa/OJ81T4 - Do we have the patience to listen to ourselves.mp4
01,OJ81T5,1C,Remaining with sorrow,video,54,OJ,"Ojai, California",1981,16 May 1981,Public Talk,talk,OJ81T1-6,library/1C-public-meetings-usa/OJ81T5 - Remaining with sorrow.mp4
01,OJ81T6,1C,"In ending, which is death, is great beauty",video,87,OJ,"Ojai, California",1981,17 May 1981,Public Talk,talk,OJ81T1-6,"library/1C-public-meetings-usa/OJ81T6 - In ending, which is death, is great beauty.mp4"
01,OJ82Q1,1C,1st Question & Answer Meeting,video,75,OJ,"Ojai, California",1982,4 May 1982,Question & Answer Meeting,qa,OJ82T1-6,library/1C-public-meetings-usa/OJ82Q1 - 1st Question & Answer Meeting.mp4
01,OJ82Q2,1C,2nd Question & Answer Meeting,video,79,OJ,"Ojai, California",1982,6 May 1982,Question & Answer Meeting,qa,OJ82T1-6,library/1C-public-meetings-usa/OJ82Q2 - 2nd Question & Answer Meeting.mp4
01,OJ82Q3,1C,3rd Question & Answer Meeting,video,85,OJ,"Ojai, California",1982,11 May 1982,Question & Answer Meeting,qa,OJ82T1-6,library/1C-public-meetings-usa/OJ82Q3 - 3rd Question & Answer Meeting.mp4
01,OJ82Q4,1C,4th Question & Answer Meeting,video,81,OJ,"Ojai, California",1982,13 May 1982,Question & Answer Meeting,qa,OJ82T1-6,library/1C-public-meetings-usa/OJ82Q4 - 4th Question & Answer Meeting.mp4
01,OJ82T1,1C,Are we concerned with total human existence?,video,75,OJ,"Ojai, California",1982,1 May 1982,Public Talk,talk,OJ82T1-6,library/1C-public-meetings-usa/OJ82T1 - Are we concerned with total human existence.mp4
01,OJ82T2,1C,What is the place of knowledge in our lives?,video,73,OJ,"Ojai, California",1982,2 May 1982,Public Talk,talk,OJ82T1-6,library/1C-public-meetings-usa/OJ82T2 - What is the place of knowledge in our lives.mp4
01,OJ82T3,1C,Can our minds being in disorder create order?,video,78,OJ,"Ojai, California",1982,8 May 1982,Public Talk,talk,OJ82T1-6,library/1C-public-meetings-usa/OJ82T3 - Can our minds being in disorder create order.mp4
01,OJ82T4,1C,What are the causes of human conflict?,video,62,OJ,"Ojai, California",1982,9 May 1982,Public Talk,talk,OJ82T1-6,library/1C-public-meetings-usa/OJ82T4 - What are the causes of human conflict.mp4
01,OJ82T5,1C,Where there is sorrow there is no love,video,69,OJ,"Ojai, California",1982,15 May 1982,Public Talk,talk,OJ82T1-6,library/1C-public-meetings-usa/OJ82T5 - Where there is sorrow there is no love.mp4
01,OJ82T6,1C,Is there anything sacred in life?,video,69,OJ,"Ojai, California",1982,16 May 1982,Public Talk,talk,OJ82T1-6,library/1C-public-meetings-usa/OJ82T6 - Is there anything sacred in life.mp4
01,OJ83Q1,1C,1st Question & Answer Meeting,video,84,OJ,"Ojai, California",1983,17 May 1983,Question & Answer Meeting,qa,OJ83T1-4,library/1C-public-meetings-usa/OJ83Q1 - 1st Question & Answer Meeting.mp4
01,OJ83Q2,1C,2nd Question & Answer Meeting,video,110,OJ,"Ojai, California",1983,19 May 1983,Question & Answer Meeting,qa,OJ83T1-4,library/1C-public-meetings-usa/OJ83Q2 - 2nd Question & Answer Meeting.mp4
01,OJ83T1,1C,Thought and knowledge are limited,video,78,OJ,"Ojai, California",1983,14 May 1983,Public Talk,talk,OJ83T1-4,library/1C-public-meetings-usa/OJ83T1 - Thought and knowledge are limited.mp4
01,OJ83T2,1C,War is a symptom,video,87,OJ,"Ojai, California",1983,15 May 1983,Public Talk,talk,OJ83T1-4,library/1C-public-meetings-usa/OJ83T2 - War is a symptom.mp4
01,OJ83T3,1C,Ending without any motive,video,88,OJ,"Ojai, California",1983,21 May 1983,Public Talk,talk,OJ83T1-4,library/1C-public-meetings-usa/OJ83T3 - Ending without any motive.mp4
01,OJ83T4,1C,To watch without any movement of thought,video,69,OJ,"Ojai, California",1983,22 May 1983,Public Talk,talk,OJ83T1-4,library/1C-public-meetings-usa/OJ83T4 - To watch without any movement of thought.mp4
01,OJ84Q1,1C,1st Question & Answer Meeting,video,77,OJ,"Ojai, California",1984,22 May 1984,Question & Answer Meeting,qa,OJ84T1-4,library/1C-public-meetings-usa/OJ84Q1 - 1st Question & Answer Meeting.mp4
01,OJ84Q2,1C,2nd Question & Answer Meeting,video,96,OJ,"Ojai, California",1984,24 May 1984,Question & Answer Meeting,qa,OJ84T1-4,library/1C-public-meetings-usa/OJ84Q2 - 2nd Question & Answer Meeting.mp4
01,OJ84T1,1C,Truth is the catalyst to end conflict,video,84,OJ,"Ojai, California",1984,19 May 1984,Public Talk,talk,OJ84T1-4,library/1C-public-meetings-usa/OJ84T1 - Truth is the catalyst to end conflict.mp4
01,OJ84T2,1C,What is wrong with pleasure?,video,66,OJ,"Ojai, California",1984,20 May 1984,Public Talk,talk,OJ84T1-4,library/1C-public-meetings-usa/OJ84T2 - What is wrong with pleasure.mp4
01,OJ84T3,1C,Attention is like a fire,video,80,OJ,"Ojai, California",1984,26 May 1984,Public Talk,talk,OJ84T1-4,library/1C-public-meetings-usa/OJ84T3 - Attention is like a fire.mp4
01,OJ84T4,1C,Is love part of consciousness?,video,80,OJ,"Ojai, California",1984,27 May 1984,Public Talk,talk,OJ84T1-4,library/1C-public-meetings-usa/OJ84T4 - Is love part of consciousness.mp4
01,OJ85Q1,1C,1st Question & Answer Meeting,video,90,OJ,"Ojai, California",1985,14 May 1985,Question & Answer Meeting,qa,OJ85T1-4,library/1C-public-meetings-usa/OJ85Q1 - 1st Question & Answer Meeting.mp4
01,OJ85Q2,1C,2nd Question & Answer Meeting,video,88,OJ,"Ojai, California",1985,16 May 1985,Question & Answer Meeting,qa,OJ85T1-4,library/1C-public-meetings-usa/OJ85Q2 - 2nd Question & Answer Meeting.mp4
01,OJ85T1,1C,Why is our house in disorder?,video,88,OJ,"Ojai, California",1985,11 May 1985,Public Talk,talk,OJ85T1-4,library/1C-public-meetings-usa/OJ85T1 - Why is our house in disorder.mp4
01,OJ85T2,1C,A crisis in our consciousness,video,75,OJ,"Ojai, California",1985,12 May 1985,Public Talk,talk,OJ85T1-4,library/1C-public-meetings-usa/OJ85T2 - A crisis in our consciousness.mp4
01,OJ85T3,1C,Creation is never ending,video,76,OJ,"Ojai, California",1985,18 May 1985,Public Talk,talk,OJ85T1-4,library/1C-public-meetings-usa/OJ85T3 - Creation is never ending.mp4
01,OJ85T4,1C,The ending of continuity,video,91,OJ,"Ojai, California",1985,19 May 1985,Public Talk,talk,OJ85T1-4,library/1C-public-meetings-usa/OJ85T4 - The ending of continuity.mp4
01,SD70T1,1C,How does one learn about oneself?,video,57,SD,"San Diego, California",1970,5 April 1970,Public Talk,talk,SD70DYP,library/1C-public-meetings-usa/SD70T1 - How does one learn about oneself.mp4
01,SD70T2,1C,Can the human mind be completely free of fear?,video,57,SD,"San Diego, California",1970,6 April 1970,Public Talk,talk,SD70DYP,library/1C-public-meetings-usa/SD70T2 - Can the human mind be completely free of fear.mp4
01,SD70T3,1C,Understanding meditation requires order,video,57,SD,"San Diego, California",1970,7 April 1970,Public Talk,talk,SD70DYP,library/1C-public-meetings-usa/SD70T3 - Understanding meditation requires order.mp4
01,SD70T4,1C,What is meditation?,video,57,SD,"San Diego, California",1970,9 April 1970,Public Talk,talk,SD70DYP,library/1C-public-meetings-usa/SD70T4 - What is meditation.mp4
01,SF73T1,1C,Knowledge in relationship creates division,audio,78,SF,"San Francisco, California",1973,10 March 1973,Public Talk,talk,SF73T1-4,library/1C-public-meetings-usa/SF73T1 - Knowledge in relationship creates division.mp3
01,SF73T2,1C,What is the place of thought?,audio,88,SF,"San Francisco, California",1973,11 March 1973,Public Talk,talk,SF73T1-4,library/1C-public-meetings-usa/SF73T2 - What is the place of thought.mp3
01,SF73T3,1C,"Suffering, love and freedom from death",audio,86,SF,"San Francisco, California",1973,17 March 1973,Public Talk,talk,SF73T1-4,"library/1C-public-meetings-usa/SF73T3 - Suffering, love and freedom from death.mp3"
01,SF73T4,1C,Total negation of the self,audio,87,SF,"San Francisco, California",1973,18 March 1973,Public Talk,talk,SF73T1-4,library/1C-public-meetings-usa/SF73T4 - Total negation of the self.mp3
01,SF75T1,1C,Freedom is necessary to investigate into oneself,audio,90,SF,"San Francisco, California",1975,20 March 1975,Public Talk,talk,SF75T1-4,library/1C-public-meetings-usa/SF75T1 - Freedom is necessary to investigate into oneself.mp3
01,SF75T2,1C,What is the relationship of knowledge to transformation?,audio,84,SF,"San Francisco, California",1975,22 March 1975,Public Talk,talk,SF75T1-4,library/1C-public-meetings-usa/SF75T2 - What is the relationship of knowledge to transformation.mp3
01,SF75T3,1C,Why have we not been able to resolve suffering?,audio,82,SF,"San Francisco, California",1975,23 March 1975,Public Talk,talk,SF75T1-4,library/1C-public-meetings-usa/SF75T3 - Why have we not been able to resolve suffering.mp3
01,SF75T4,1C,The art of meditation,audio,67,SF,"San Francisco, California",1975,25 March 1975,Public Talk,talk,SF75T1-4,library/1C-public-meetings-usa/SF75T4 - The art of meditation.mp3
01,SF83T1,1C,Can disorder in our lives end?,audio,94,SF,"San Francisco, California",1983,30 April 1983,Public Talk,talk,SF83T1-2,library/1C-public-meetings-usa/SF83T1 - Can disorder in our lives end.mp3
01,SF83T2,1C,"When the brain is totally unconditioned, the mind is religious",audio,83,SF,"San Francisco, California",1983,1 May 1983,Public Talk,talk,SF83T1-2,"library/1C-public-meetings-usa/SF83T2 - When the brain is totally unconditioned, the mind is religious.mp3"
01,SF84T1,1C,Why are we in conflict?,audio,82,SF,"San Francisco, California",1984,5 May 1984,Public Talk,talk,SF84T1-2,library/1C-public-meetings-usa/SF84T1 - Why are we in conflict.mp3
01,SF84T2,1C,"Fear, sorrow, death and meditation",audio,72,SF,"San Francisco, California",1984,6 May 1984,Public Talk,talk,SF84T1-2,"library/1C-public-meetings-usa/SF84T2 - Fear, sorrow, death and meditation.mp3"
01,SM70T1,1C,To look at violence without the past,audio,85,SM,"Santa Monica, California",1970,1 March 1970,Public Talk,talk,SM70T1-4,library/1C-public-meetings-usa/SM70T1 - To look at violence without the past.mp3
01,SM70T2,1C,You cannot be free of fear without understanding pleasure,audio,77,SM,"Santa Monica, California",1970,4 March 1970,Public Talk,talk,SM70T1-4,library/1C-public-meetings-usa/SM70T2 - You cannot be free of fear without understanding pleasure.mp3
01,SM70T3,1C,"Life, love and death",audio,85,SM,"Santa Monica, California",1970,7 March 1970,Public Talk,talk,SM70T1-4,"library/1C-public-meetings-usa/SM70T3 - Life, love and death.mp3"
01,SM70T4,1C,Inquiring into religion and meditation,audio,91,SM,"Santa Monica, California",1970,8 March 1970,Public Talk,talk,SM70T1-4,library/1C-public-meetings-usa/SM70T4 - Inquiring into religion and meditation.mp3
01,SM72T1,1C,To act instantly is to see actually ‘what is’,video,111,SM,"Santa Monica, California",1972,18 March 1972,Public Talk,talk,SM72T1-4,library/1C-public-meetings-usa/SM72T1 - To act instantly is to see actually ‘what is’.mp4
01,SM72T2,1C,Is there a total action which will be sane in an insane world?,video,87,SM,"Santa Monica, California",1972,19 March 1972,Public Talk,talk,SM72T1-4,library/1C-public-meetings-usa/SM72T2 - Is there a total action which will be sane in an insane world.mp4
01,SM72T3,1C,In freedom there is order,video,96,SM,"Santa Monica, California",1972,25 March 1972,Public Talk,talk,SM72T1-4,library/1C-public-meetings-usa/SM72T3 - In freedom there is order.mp4
01,SM72T4,1C,A different kind of energy,video,74,SM,"Santa Monica, California",1972,26 March 1972,Public Talk,talk,SM72T1-4,library/1C-public-meetings-usa/SM72T4 - A different kind of energy.mp4
01,UN84T,1C,The causes of war,audio,66,UN,New York,1984,17 April 1984,Public Talk,talk,,library/1C-public-meetings-usa/UN84T - The causes of war.mp3
01,UN85T,1C,Why can't man live peacefully on the earth?,video,67,UN,New York,1985,11 April 1985,Public Talk,talk,,library/1C-public-meetings-usa/UN85T - Why can't man live peacefully on the earth.mp4
01,WA85T1,1C,In the present is the whole of time,video,93,WA,Washington DC,1985,20 April 1985,Public Talk,talk,WA85T1-2,library/1C-public-meetings-usa/WA85T1 - In the present is the whole of time.mp4
01,WA85T2,1C,At the end of sorrow is passion,video,86,WA,Washington DC,1985,21 April 1985,Public Talk,talk,WA85T1-2,library/1C-public-meetings-usa/WA85T2 - At the end of sorrow is passion.mp4
01,SA61T1,1D,How do we meet life?,audio,70,SA,Saanen,1961,25 July 1961,Public Talk,talk,SA61T1-9,library/1D-public-meetings-switzerland/SA61T1 - How do we meet life.mp3
01,SA61T2,1D,"To see something totally, the brain must be quiet",audio,67,SA,Saanen,1961,27 July 1961,Public Talk,talk,SA61T1-9,"library/1D-public-meetings-switzerland/SA61T2 - To see something totally, the brain must be quiet.mp3"
01,SA61T3,1D,Why are we in such conflict?,audio,74,SA,Saanen,1961,30 July 1961,Public Talk,talk,SA61T1-9,library/1D-public-meetings-switzerland/SA61T3 - Why are we in such conflict.mp3
01,SA61T4,1D,"There is no learning, there is only seeing",audio,65,SA,Saanen,1961,1 August 1961,Public Talk,talk,SA61T1-9,"library/1D-public-meetings-switzerland/SA61T4 - There is no learning, there is only seeing.mp3"
01,SA61T5,1D,Self-knowing is the beginning of meditation,audio,62,SA,Saanen,1961,3 August 1961,Public Talk,talk,SA61T1-9,library/1D-public-meetings-switzerland/SA61T5 - Self-knowing is the beginning of meditation.mp3
01,SA61T6,1D,Time does not wipe away sorrow,audio,66,SA,Saanen,1961,6 August 1961,Public Talk,talk,SA61T1-9,library/1D-public-meetings-switzerland/SA61T6 - Time does not wipe away sorrow.mp3
01,SA61T7,1D,"An attentive mind is without conflict, therefore free",audio,55,SA,Saanen,1961,8 August 1961,Public Talk,talk,SA61T1-9,"library/1D-public-meetings-switzerland/SA61T7 - An attentive mind is without conflict, therefore free.mp3"
01,SA61T8,1D,To die implies having no continuity of thought,audio,57,SA,Saanen,1961,10 August 1961,Public Talk,talk,SA61T1-9,library/1D-public-meetings-switzerland/SA61T8 - To die implies having no continuity of thought.mp3
01,SA61T9,1D,It is only the religious mind that can be in a state of creation,audio,62,SA,Saanen,1961,13 August 1961,Public Talk,talk,SA61T1-9,library/1D-public-meetings-switzerland/SA61T9 - It is only the religious mind that can be in a state of creation.mp3
01,SA62T1,1D,We can listen only when there is no motive,audio,53,SA,Saanen,1962,22 July 1962,Public Talk,talk,SA62T1-10,library/1D-public-meetings-switzerland/SA62T1 - We can listen only when there is no motive.mp3
01,SA62T10,1D,Freedom implies the total emptying of the mind of the known,audio,70,SA,Saanen,1962,12 August 1962,Public Talk,talk,SA62T1-10,library/1D-public-meetings-switzerland/SA62T10 - Freedom implies the total emptying of the mind of the known.mp3
01,SA62T2,1D,An intensely awake mind does not need experience,audio,65,SA,Saanen,1962,24 July 1962,Public Talk,talk,SA62T1-10,library/1D-public-meetings-switzerland/SA62T2 - An intensely awake mind does not need experience.mp3
01,SA62T3,1D,Is it possible to be free of influence?,audio,64,SA,Saanen,1962,26 July 1962,Public Talk,talk,SA62T1-10,library/1D-public-meetings-switzerland/SA62T3 - Is it possible to be free of influence.mp3
01,SA62T4,1D,Conflict wears the mind,audio,73,SA,Saanen,1962,29 July 1962,Public Talk,talk,SA62T1-10,library/1D-public-meetings-switzerland/SA62T4 - Conflict wears the mind.mp3
01,SA62T5,1D,Seeing the whole mechanism of habit is the essence of freedom,audio,79,SA,Saanen,1962,31 July 1962,Public Talk,talk,SA62T1-10,library/1D-public-meetings-switzerland/SA62T5 - Seeing the whole mechanism of habit is the essence of freedom.mp3
01,SA62T6,1D,Emptying the mind of fear,audio,63,SA,Saanen,1962,2 August 1962,Public Talk,talk,SA62T1-10,library/1D-public-meetings-switzerland/SA62T6 - Emptying the mind of fear.mp3
01,SA62T7,1D,The ending of sorrow and the intensity of passion,audio,64,SA,Saanen,1962,5 August 1962,Public Talk,talk,SA62T1-10,library/1D-public-meetings-switzerland/SA62T7 - The ending of sorrow and the intensity of passion.mp3
01,SA62T8,1D,Death is creation,audio,65,SA,Saanen,1962,7 August 1962,Public Talk,talk,SA62T1-10,library/1D-public-meetings-switzerland/SA62T8 - Death is creation.mp3
01,SA62T9,1D,Meditation is an extraordinary thing that demands no effort,audio,67,SA,Saanen,1962,9 August 1962,Public Talk,talk,SA62T1-10,library/1D-public-meetings-switzerland/SA62T9 - Meditation is an extraordinary thing that demands no effort.mp3
01,SA63T1,1D,A serious mind is deeply religious,audio,74,SA,Saanen,1963,7 July 1963,Public Talk,talk,SA63T1-10,library/1D-public-meetings-switzerland/SA63T1 - A serious mind is deeply religious.mp3
01,SA63T10,1D,A mind seeking reality must constantly observe,audio,68,SA,Saanen,1963,28 July 1963,Public Talk,talk,SA63T1-10,library/1D-public-meetings-switzerland/SA63T10 - A mind seeking reality must constantly observe.mp3
01,SA63T2,1D,Understanding conflict,audio,76,SA,Saanen,1963,9 July 1963,Public Talk,talk,SA63T1-10,library/1D-public-meetings-switzerland/SA63T2 - Understanding conflict.mp3
01,SA63T3,1D,"Freedom in itself, for itself",audio,76,SA,Saanen,1963,11 July 1963,Public Talk,talk,SA63T1-10,"library/1D-public-meetings-switzerland/SA63T3 - Freedom in itself, for itself.mp3"
01,SA63T4,1D,Compassion and observation,audio,73,SA,Saanen,1963,14 July 1963,Public Talk,talk,SA63T1-10,library/1D-public-meetings-switzerland/SA63T4 - Compassion and observation.mp3
01,SA63T5,1D,"Perception, fear and knowing",audio,72,SA,Saanen,1963,16 July 1963,Public Talk,talk,SA63T1-10,"library/1D-public-meetings-switzerland/SA63T5 - Perception, fear and knowing.mp3"
01,SA63T6,1D,Ending sorrow,audio,73,SA,Saanen,1963,18 July 1963,Public Talk,talk,SA63T1-10,library/1D-public-meetings-switzerland/SA63T6 - Ending sorrow.mp3
01,SA63T7,1D,Death is unknown,audio,63,SA,Saanen,1963,21 July 1963,Public Talk,talk,SA63T1-10,library/1D-public-meetings-switzerland/SA63T7 - Death is unknown.mp3
01,SA63T8,1D,Meditation is the highest form of intelligence,audio,70,SA,Saanen,1963,23 July 1963,Public Talk,talk,SA63T1-10,library/1D-public-meetings-switzerland/SA63T8 - Meditation is the highest form of intelligence.mp3
01,SA63T9,1D,Is it possible to act without ideas?,audio,76,SA,Saanen,1963,25 July 1963,Public Talk,talk,SA63T1-10,library/1D-public-meetings-switzerland/SA63T9 - Is it possible to act without ideas.mp3
01,SA64D1,1D,What is the mature mind?,audio,70,SA,Saanen,1964,4 August 1964,Public Discussion,discussion,SA64T1-10,library/1D-public-meetings-switzerland/SA64D1 - What is the mature mind.mp3
01,SA64D2,1D,What kind of peace do you want?,audio,61,SA,Saanen,1964,5 August 1964,Public Discussion,discussion,SA64T1-10,library/1D-public-meetings-switzerland/SA64D2 - What kind of peace do you want.mp3
01,SA64D3,1D,The division created between thinker and thought,audio,69,SA,Saanen,1964,6 August 1964,Public Discussion,discussion,SA64T1-10,library/1D-public-meetings-switzerland/SA64D3 - The division created between thinker and thought.mp3
01,SA64D4,1D,Consciousness and the importance of not dreaming,audio,70,SA,Saanen,1964,7 August 1964,Public Discussion,discussion,SA64T1-10,library/1D-public-meetings-switzerland/SA64D4 - Consciousness and the importance of not dreaming.mp3
01,SA64D5,1D,What makes us dull and unawake?,audio,72,SA,Saanen,1964,8 August 1964,Public Discussion,discussion,SA64T1-10,library/1D-public-meetings-switzerland/SA64D5 - What makes us dull and unawake.mp3
01,SA64D6,1D,Understanding the immensity of life,audio,72,SA,Saanen,1964,9 August 1964,Public Discussion,discussion,SA64T1-10,library/1D-public-meetings-switzerland/SA64D6 - Understanding the immensity of life.mp3
01,SA64D7,1D,There is no love without knowing yourself,audio,53,SA,Saanen,1964,10 August 1964,Public Discussion,discussion,SA64T1-10,library/1D-public-meetings-switzerland/SA64D7 - There is no love without knowing yourself.mp3
01,SA64D8,1D,Facing immense loneliness without help,audio,80,SA,Saanen,1964,11 August 1964,Public Discussion,discussion,SA64T1-10,library/1D-public-meetings-switzerland/SA64D8 - Facing immense loneliness without help.mp3
01,SA64T1,1D,Learning is watching yourself infinitely,audio,57,SA,Saanen,1964,12 July 1964,Public Talk,talk,SA64T1-10,library/1D-public-meetings-switzerland/SA64T1 - Learning is watching yourself infinitely.mp3
01,SA64T10,1D,"Aloneness, beauty and the religious mind",audio,51,SA,Saanen,1964,2 August 1964,Public Talk,talk,SA64T1-10,"library/1D-public-meetings-switzerland/SA64T10 - Aloneness, beauty and the religious mind.mp3"
01,SA64T2,1D,Problems inevitably breed confusion,audio,63,SA,Saanen,1964,14 July 1964,Public Talk,talk,SA64T1-10,library/1D-public-meetings-switzerland/SA64T2 - Problems inevitably breed confusion.mp3
01,SA64T3,1D,"Being in communion with a problem, and the desire to be secure",audio,64,SA,Saanen,1964,16 July 1964,Public Talk,talk,SA64T1-10,"library/1D-public-meetings-switzerland/SA64T3 - Being in communion with a problem, and the desire to be secure.mp3"
01,SA64T4,1D,The difference between change and mutation,audio,62,SA,Saanen,1964,19 July 1964,Public Talk,talk,SA64T1-10,library/1D-public-meetings-switzerland/SA64T4 - The difference between change and mutation.mp3
01,SA64T5,1D,"Fear, comparison and deterioration",audio,66,SA,Saanen,1964,21 July 1964,Public Talk,talk,SA64T1-10,"library/1D-public-meetings-switzerland/SA64T5 - Fear, comparison and deterioration.mp3"
01,SA64T6,1D,All movement of the mind must come to an end,audio,59,SA,Saanen,1964,23 July 1964,Public Talk,talk,SA64T1-10,library/1D-public-meetings-switzerland/SA64T6 - All movement of the mind must come to an end.mp3
01,SA64T7,1D,Total inaction is complete action,audio,60,SA,Saanen,1964,26 July 1964,Public Talk,talk,SA64T1-10,library/1D-public-meetings-switzerland/SA64T7 - Total inaction is complete action.mp3
01,SA64T8,1D,"Time, sorrow and death",audio,57,SA,Saanen,1964,28 July 1964,Public Talk,talk,SA64T1-10,"library/1D-public-meetings-switzerland/SA64T8 - Time, sorrow and death.mp3"
01,SA64T9,1D,Meditation and the ending of all experience,audio,58,SA,Saanen,1964,30 July 1964,Public Talk,talk,SA64T1-10,library/1D-public-meetings-switzerland/SA64T9 - Meditation and the ending of all experience.mp3
01,SA65D1,1D,What is the state of mind that learns?,audio,78,SA,Saanen,1965,4 August 1965,Public Discussion,discussion,SA65T1-10,library/1D-public-meetings-switzerland/SA65D1 - What is the state of mind that learns.mp3
01,SA65D2,1D,The mind can be clear only in negation,audio,77,SA,Saanen,1965,5 August 1965,Public Discussion,discussion,SA65T1-10,library/1D-public-meetings-switzerland/SA65D2 - The mind can be clear only in negation.mp3
01,SA65D3,1D,In negation is action,audio,70,SA,Saanen,1965,6 August 1965,Public Discussion,discussion,SA65T1-10,library/1D-public-meetings-switzerland/SA65D3 - In negation is action.mp3
01,SA65D4,1D,What does it mean to live in the now?,audio,62,SA,Saanen,1965,7 August 1965,Public Discussion,discussion,SA65T1-10,library/1D-public-meetings-switzerland/SA65D4 - What does it mean to live in the now.mp3
01,SA65D5,1D,Understanding meditation,audio,74,SA,Saanen,1965,8 August 1965,Public Discussion,discussion,SA65T1-10,library/1D-public-meetings-switzerland/SA65D5 - Understanding meditation.mp3
01,SA65D6,1D,This movement of life in which there is death,audio,74,SA,Saanen,1965,9 August 1965,Public Discussion,discussion,SA65T1-10,library/1D-public-meetings-switzerland/SA65D6 - This movement of life in which there is death.mp3
01,SA65D7,1D,Only a fresh mind can create a new society,audio,76,SA,Saanen,1965,10 August 1965,Public Discussion,discussion,SA65T1-10,library/1D-public-meetings-switzerland/SA65D7 - Only a fresh mind can create a new society.mp3
01,SA65T1,1D,How is the mind to see the totality of existence?,audio,62,SA,Saanen,1965,11 July 1965,Public Talk,talk,SA65T1-10,library/1D-public-meetings-switzerland/SA65T1 - How is the mind to see the totality of existence.mp3
01,SA65T10,1D,Sacredness is the essence of religion,audio,62,SA,Saanen,1965,1 August 1965,Public Talk,talk,SA65T1-10,library/1D-public-meetings-switzerland/SA65T10 - Sacredness is the essence of religion.mp3
01,SA65T2,1D,Problems exist as long as there is self-image,audio,60,SA,Saanen,1965,13 July 1965,Public Talk,talk,SA65T1-10,library/1D-public-meetings-switzerland/SA65T2 - Problems exist as long as there is self-image.mp3
01,SA65T3,1D,Change can take place only when there is no conscious effort,audio,59,SA,Saanen,1965,15 July 1965,Public Talk,talk,SA65T1-10,library/1D-public-meetings-switzerland/SA65T3 - Change can take place only when there is no conscious effort.mp3
01,SA65T4,1D,"Freedom, space and order",audio,55,SA,Saanen,1965,18 July 1965,Public Talk,talk,SA65T1-10,"library/1D-public-meetings-switzerland/SA65T4 - Freedom, space and order.mp3"
01,SA65T5,1D,A mind in a state of complete negation,audio,60,SA,Saanen,1965,20 July 1965,Public Talk,talk,SA65T1-10,library/1D-public-meetings-switzerland/SA65T5 - A mind in a state of complete negation.mp3
01,SA65T6,1D,Can conformity come to an end?,audio,56,SA,Saanen,1965,22 July 1965,Public Talk,talk,SA65T1-10,library/1D-public-meetings-switzerland/SA65T6 - Can conformity come to an end.mp3
01,SA65T7,1D,"Ending sorrow needs a very clear, simple mind",audio,65,SA,Saanen,1965,25 July 1965,Public Talk,talk,SA65T1-10,"library/1D-public-meetings-switzerland/SA65T7 - Ending sorrow needs a very clear, simple mind.mp3"
01,SA65T8,1D,Love and death are something unknown,audio,67,SA,Saanen,1965,27 July 1965,Public Talk,talk,SA65T1-10,library/1D-public-meetings-switzerland/SA65T8 - Love and death are something unknown.mp3
01,SA65T9,1D,Why do we deteriorate?,audio,61,SA,Saanen,1965,29 July 1965,Public Talk,talk,SA65T1-10,library/1D-public-meetings-switzerland/SA65T9 - Why do we deteriorate.mp3
01,SA67D1,1D,Can you look at anger completely objectively?,audio,80,SA,Saanen,1967,2 August 1967,Public Discussion,discussion,SA67T1-10,library/1D-public-meetings-switzerland/SA67D1 - Can you look at anger completely objectively.mp3
01,SA67D2,1D,Looking at violence and conditioning without distortion,audio,81,SA,Saanen,1967,3 August 1967,Public Discussion,discussion,SA67T1-10,library/1D-public-meetings-switzerland/SA67D2 - Looking at violence and conditioning without distortion.mp3
01,SA67D3,1D,How deeply do we want to live without violence?,audio,73,SA,Saanen,1967,4 August 1967,Public Discussion,discussion,SA67T1-10,library/1D-public-meetings-switzerland/SA67D3 - How deeply do we want to live without violence.mp3
01,SA67D4,1D,Why do we build images?,audio,104,SA,Saanen,1967,5 August 1967,Public Discussion,discussion,SA67T1-10,library/1D-public-meetings-switzerland/SA67D4 - Why do we build images.mp3
01,SA67D5,1D,Why is thought so important in our lives?,audio,81,SA,Saanen,1967,6 August 1967,Public Discussion,discussion,SA67T1-10,library/1D-public-meetings-switzerland/SA67D5 - Why is thought so important in our lives.mp3
01,SA67D6,1D,An awareness that reveals the observer is the observed,audio,85,SA,Saanen,1967,7 August 1967,Public Discussion,discussion,SA67T1-10,library/1D-public-meetings-switzerland/SA67D6 - An awareness that reveals the observer is the observed.mp3
01,SA67T1,1D,"To look, listen, understand and act, are all the same",audio,63,SA,Saanen,1967,9 July 1967,Public Talk,talk,SA67T1-10,"library/1D-public-meetings-switzerland/SA67T1 - To look, listen, understand and act, are all the same.mp3"
01,SA67T10,1D,To look totally,audio,75,SA,Saanen,1967,30 July 1967,Public Talk,talk,SA67T1-10,library/1D-public-meetings-switzerland/SA67T10 - To look totally.mp3
01,SA67T2,1D,Freedom from the psychological structure of society,audio,75,SA,Saanen,1967,11 July 1967,Public Talk,talk,SA67T1-10,library/1D-public-meetings-switzerland/SA67T2 - Freedom from the psychological structure of society.mp3
01,SA67T3,1D,Time does not bring order or peace,audio,67,SA,Saanen,1967,13 July 1967,Public Talk,talk,SA67T1-10,library/1D-public-meetings-switzerland/SA67T3 - Time does not bring order or peace.mp3
01,SA67T4,1D,Why does the mind demand pleasure?,audio,54,SA,Saanen,1967,16 July 1967,Public Talk,talk,SA67T1-10,library/1D-public-meetings-switzerland/SA67T4 - Why does the mind demand pleasure.mp3
01,SA67T5,1D,"Freedom, solitude and fear",audio,72,SA,Saanen,1967,18 July 1967,Public Talk,talk,SA67T1-10,"library/1D-public-meetings-switzerland/SA67T5 - Freedom, solitude and fear.mp3"
01,SA67T6,1D,"Understand the observer, not the thing observed",audio,68,SA,Saanen,1967,20 July 1967,Public Talk,talk,SA67T1-10,"library/1D-public-meetings-switzerland/SA67T6 - Understand the observer, not the thing observed.mp3"
01,SA67T7,1D,"Learning, sorrow and passion",audio,61,SA,Saanen,1967,23 July 1967,Public Talk,talk,SA67T1-10,"library/1D-public-meetings-switzerland/SA67T7 - Learning, sorrow and passion.mp3"
01,SA67T8,1D,Thought breeds fear of living and dying,audio,66,SA,Saanen,1967,25 July 1967,Public Talk,talk,SA67T1-10,library/1D-public-meetings-switzerland/SA67T8 - Thought breeds fear of living and dying.mp3
01,SA67T9,1D,Thought’s beginning can be seen only in silence,audio,72,SA,Saanen,1967,27 July 1967,Public Talk,talk,SA67T1-10,library/1D-public-meetings-switzerland/SA67T9 - Thought’s beginning can be seen only in silence.mp3
01,SA68D1,1D,Can I look out of silence at my contradictory life?,audio,75,SA,Saanen,1968,31 July 1968,Public Discussion,discussion,SA68T1-10,library/1D-public-meetings-switzerland/SA68D1 - Can I look out of silence at my contradictory life.mp3
01,SA68D2,1D,"Looking at oneself without words, images or pride",audio,63,SA,Saanen,1968,1 August 1968,Public Discussion,discussion,SA68T1-10,"library/1D-public-meetings-switzerland/SA68D2 - Looking at oneself without words, images or pride.mp3"
01,SA68D3,1D,Why have we neglected the world of mind and spirit?,audio,77,SA,Saanen,1968,2 August 1968,Public Discussion,discussion,SA68T1-10,library/1D-public-meetings-switzerland/SA68D3 - Why have we neglected the world of mind and spirit.mp3
01,SA68D4,1D,Can man go beyond his own limitation?,audio,71,SA,Saanen,1968,3 August 1968,Public Discussion,discussion,SA68T1-10,library/1D-public-meetings-switzerland/SA68D4 - Can man go beyond his own limitation.mp3
01,SA68D5,1D,Why do we seek and what is there to seek?,audio,65,SA,Saanen,1968,4 August 1968,Public Discussion,discussion,SA68T1-10,library/1D-public-meetings-switzerland/SA68D5 - Why do we seek and what is there to seek.mp3
01,SA68D6,1D,True action,audio,67,SA,Saanen,1968,5 August 1968,Public Discussion,discussion,SA68T1-10,library/1D-public-meetings-switzerland/SA68D6 - True action.mp3
01,SA68D7,1D,Is it possible to see with love?,audio,62,SA,Saanen,1968,6 August 1968,Public Discussion,discussion,SA68T1-10,library/1D-public-meetings-switzerland/SA68D7 - Is it possible to see with love.mp3
01,SA68T1,1D,What is the essential issue in life?,audio,60,SA,Saanen,1968,7 July 1968,Public Talk,talk,SA68T1-10,library/1D-public-meetings-switzerland/SA68T1 - What is the essential issue in life.mp3
01,SA68T10,1D,A religious life,audio,55,SA,Saanen,1968,28 July 1968,Public Talk,talk,SA68T1-10,library/1D-public-meetings-switzerland/SA68T10 - A religious life.mp3
01,SA68T2,1D,No system will help man be free,audio,68,SA,Saanen,1968,9 July 1968,Public Talk,talk,SA68T1-10,library/1D-public-meetings-switzerland/SA68T2 - No system will help man be free.mp3
01,SA68T3,1D,"Freedom, systems and conditioning",audio,59,SA,Saanen,1968,11 July 1968,Public Talk,talk,SA68T1-10,"library/1D-public-meetings-switzerland/SA68T3 - Freedom, systems and conditioning.mp3"
01,SA68T4,1D,Looking at conditioning without distortion,audio,53,SA,Saanen,1968,14 July 1968,Public Talk,talk,SA68T1-10,library/1D-public-meetings-switzerland/SA68T4 - Looking at conditioning without distortion.mp3
01,SA68T5,1D,Living is the beauty of action and love,audio,52,SA,Saanen,1968,16 July 1968,Public Talk,talk,SA68T1-10,library/1D-public-meetings-switzerland/SA68T5 - Living is the beauty of action and love.mp3
01,SA68T6,1D,"Pleasure, love, beauty and loneliness",audio,65,SA,Saanen,1968,18 July 1968,Public Talk,talk,SA68T1-10,"library/1D-public-meetings-switzerland/SA68T6 - Pleasure, love, beauty and loneliness.mp3"
01,SA68T7,1D,The ending of fear,audio,57,SA,Saanen,1968,21 July 1968,Public Talk,talk,SA68T1-10,library/1D-public-meetings-switzerland/SA68T7 - The ending of fear.mp3
01,SA68T8,1D,Looking at sorrow with the complete abandonment of silence,audio,63,SA,Saanen,1968,23 July 1968,Public Talk,talk,SA68T1-10,library/1D-public-meetings-switzerland/SA68T8 - Looking at sorrow with the complete abandonment of silence.mp3
01,SA68T9,1D,Meditation is the understanding of the nature of life,audio,59,SA,Saanen,1968,25 July 1968,Public Talk,talk,SA68T1-10,library/1D-public-meetings-switzerland/SA68T9 - Meditation is the understanding of the nature of life.mp3
01,SA69D1,1D,"I am violent, what shall I do?",audio,85,SA,Saanen,1969,3 August 1969,Public Discussion,discussion,SA69T1-7,"library/1D-public-meetings-switzerland/SA69D1 - I am violent, what shall I do.mp3"
01,SA69D2,1D,Attention without distortion,audio,70,SA,Saanen,1969,4 August 1969,Public Discussion,discussion,SA69T1-7,library/1D-public-meetings-switzerland/SA69D2 - Attention without distortion.mp3
01,SA69D3,1D,Investigating hypocrisy,audio,64,SA,Saanen,1969,5 August 1969,Public Discussion,discussion,SA69T1-7,library/1D-public-meetings-switzerland/SA69D3 - Investigating hypocrisy.mp3
01,SA69D4,1D,What is it to look?,audio,63,SA,Saanen,1969,6 August 1969,Public Discussion,discussion,SA69T1-7,library/1D-public-meetings-switzerland/SA69D4 - What is it to look.mp3
01,SA69D5,1D,Is there an action completely free of time?,audio,67,SA,Saanen,1969,7 August 1969,Public Discussion,discussion,SA69T1-7,library/1D-public-meetings-switzerland/SA69D5 - Is there an action completely free of time.mp3
01,SA69D6,1D,Penetrating the unknown,audio,56,SA,Saanen,1969,8 August 1969,Public Discussion,discussion,SA69T1-7,library/1D-public-meetings-switzerland/SA69D6 - Penetrating the unknown.mp3
01,SA69D7,1D,Love and meditation,audio,53,SA,Saanen,1969,9 August 1969,Public Discussion,discussion,SA69T1-7,library/1D-public-meetings-switzerland/SA69D7 - Love and meditation.mp3
01,SA69T1,1D,"Change, fragmentation and prejudice",audio,61,SA,Saanen,1969,17 July 1969,Public Talk,talk,SA69T1-7,"library/1D-public-meetings-switzerland/SA69T1 - Change, fragmentation and prejudice.mp3"
01,SA69T2,1D,"Freedom, authority and sorrow",audio,67,SA,Saanen,1969,20 July 1969,Public Talk,talk,SA69T1-7,"library/1D-public-meetings-switzerland/SA69T2 - Freedom, authority and sorrow.mp3"
01,SA69T3,1D,Is pleasure related to love and sorrow?,audio,67,SA,Saanen,1969,22 July 1969,Public Talk,talk,SA69T1-7,library/1D-public-meetings-switzerland/SA69T3 - Is pleasure related to love and sorrow.mp3
01,SA69T4,1D,Observing thought generating pleasure and fear,audio,79,SA,Saanen,1969,24 July 1969,Public Talk,talk,SA69T1-7,library/1D-public-meetings-switzerland/SA69T4 - Observing thought generating pleasure and fear.mp3
01,SA69T5,1D,"The observer and the observed, and the fear of death",audio,64,SA,Saanen,1969,27 July 1969,Public Talk,talk,SA69T1-7,"library/1D-public-meetings-switzerland/SA69T5 - The observer and the observed, and the fear of death.mp3"
01,SA69T6,1D,When the mind is silent it is complete,audio,67,SA,Saanen,1969,29 July 1969,Public Talk,talk,SA69T1-7,library/1D-public-meetings-switzerland/SA69T6 - When the mind is silent it is complete.mp3
01,SA69T7,1D,What is the centre of all disturbance?,audio,75,SA,Saanen,1969,31 July 1969,Public Talk,talk,SA69T1-7,library/1D-public-meetings-switzerland/SA69T7 - What is the centre of all disturbance.mp3
01,SA70D1,1D,How shall I know myself?,audio,81,SA,Saanen,1970,2 August 1970,Public Discussion,discussion,SA70T1-7,library/1D-public-meetings-switzerland/SA70D1 - How shall I know myself.mp3
01,SA70D2,1D,Attachment is an escape,audio,75,SA,Saanen,1970,3 August 1970,Public Discussion,discussion,SA70T1-7,library/1D-public-meetings-switzerland/SA70D2 - Attachment is an escape.mp3
01,SA70D3,1D,The mind that breeds habits,audio,87,SA,Saanen,1970,4 August 1970,Public Discussion,discussion,SA70T1-7,library/1D-public-meetings-switzerland/SA70D3 - The mind that breeds habits.mp3
01,SA70D4,1D,The mind is crowded with the known,audio,81,SA,Saanen,1970,5 August 1970,Public Discussion,discussion,SA70T1-7,library/1D-public-meetings-switzerland/SA70D4 - The mind is crowded with the known.mp3
01,SA70D5,1D,The danger of conditioning,audio,80,SA,Saanen,1970,6 August 1970,Public Discussion,discussion,SA70T1-7,library/1D-public-meetings-switzerland/SA70D5 - The danger of conditioning.mp3
01,SA70D6,1D,The brain demands order,audio,76,SA,Saanen,1970,7 August 1970,Public Discussion,discussion,SA70T1-7,library/1D-public-meetings-switzerland/SA70D6 - The brain demands order.mp3
01,SA70D7,1D,A brain that is completely attentive,audio,78,SA,Saanen,1970,8 August 1970,Public Discussion,discussion,SA70T1-7,library/1D-public-meetings-switzerland/SA70D7 - A brain that is completely attentive.mp3
01,SA70D8,1D,Seeking security,audio,73,SA,Saanen,1970,9 August 1970,Public Discussion,discussion,SA70T1-7,library/1D-public-meetings-switzerland/SA70D8 - Seeking security.mp3
01,SA70T1,1D,Will action come about through explanations?,audio,79,SA,Saanen,1970,16 July 1970,Public Talk,talk,SA70T1-7,library/1D-public-meetings-switzerland/SA70T1 - Will action come about through explanations.mp3
01,SA70T2,1D,Is freedom the denial of outward authority?,audio,72,SA,Saanen,1970,19 July 1970,Public Talk,talk,SA70T1-7,library/1D-public-meetings-switzerland/SA70T2 - Is freedom the denial of outward authority.mp3
01,SA70T3,1D,To observe without division implies love,audio,69,SA,Saanen,1970,21 July 1970,Public Talk,talk,SA70T1-7,library/1D-public-meetings-switzerland/SA70T3 - To observe without division implies love.mp3
01,SA70T4,1D,Can any problem be solved in isolation?,audio,67,SA,Saanen,1970,23 July 1970,Public Talk,talk,SA70T1-7,library/1D-public-meetings-switzerland/SA70T4 - Can any problem be solved in isolation.mp3
01,SA70T5,1D,Fear and pleasure are two sides of a coin,audio,87,SA,Saanen,1970,26 July 1970,Public Talk,talk,SA70T1-7,library/1D-public-meetings-switzerland/SA70T5 - Fear and pleasure are two sides of a coin.mp3
01,SA70T6,1D,Can the mind ever be free of conditioning?,audio,79,SA,Saanen,1970,28 July 1970,Public Talk,talk,SA70T1-7,library/1D-public-meetings-switzerland/SA70T6 - Can the mind ever be free of conditioning.mp3
01,SA70T7,1D,Can the brain be quiet?,audio,86,SA,Saanen,1970,30 July 1970,Public Talk,talk,SA70T1-7,library/1D-public-meetings-switzerland/SA70T7 - Can the brain be quiet.mp3
01,SA71D1,1D,Knowing the content of my consciousness,audio,92,SA,Saanen,1971,4 August 1971,Public Discussion,discussion,SA71T1-7,library/1D-public-meetings-switzerland/SA71D1 - Knowing the content of my consciousness.mp3
01,SA71D2,1D,The old must be silent to discover the new,audio,87,SA,Saanen,1971,5 August 1971,Public Discussion,discussion,SA71T1-7,library/1D-public-meetings-switzerland/SA71D2 - The old must be silent to discover the new.mp3
01,SA71D3,1D,"Harmony of the mind, heart and body",audio,77,SA,Saanen,1971,6 August 1971,Public Discussion,discussion,SA71T1-7,"library/1D-public-meetings-switzerland/SA71D3 - Harmony of the mind, heart and body.mp3"
01,SA71D4,1D,Thinking about the future breeds fear,audio,76,SA,Saanen,1971,7 August 1971,Public Discussion,discussion,SA71T1-7,library/1D-public-meetings-switzerland/SA71D4 - Thinking about the future breeds fear.mp3
01,SA71D5,1D,Images prevent relationship,audio,72,SA,Saanen,1971,8 August 1971,Public Discussion,discussion,SA71T1-7,library/1D-public-meetings-switzerland/SA71D5 - Images prevent relationship.mp3
01,SA71D6,1D,How are we going to teach our children?,audio,75,SA,Saanen,1971,9 August 1971,Public Discussion,discussion,SA71T1-7,library/1D-public-meetings-switzerland/SA71D6 - How are we going to teach our children.mp3
01,SA71D7,1D,What is a religious life?,audio,75,SA,Saanen,1971,10 August 1971,Public Discussion,discussion,SA71T1-7,library/1D-public-meetings-switzerland/SA71D7 - What is a religious life.mp3
01,SA71T1,1D,What is your deep interest in life?,audio,79,SA,Saanen,1971,18 July 1971,Public Talk,talk,SA71T1-7,library/1D-public-meetings-switzerland/SA71T1 - What is your deep interest in life.mp3
01,SA71T2,1D,How is one to bring about order in oneself without any conflict?,audio,76,SA,Saanen,1971,20 July 1971,Public Talk,talk,SA71T1-7,library/1D-public-meetings-switzerland/SA71T2 - How is one to bring about order in oneself without any conflict.mp3
01,SA71T3,1D,Looking at oneself without division,audio,77,SA,Saanen,1971,22 July 1971,Public Talk,talk,SA71T1-7,library/1D-public-meetings-switzerland/SA71T3 - Looking at oneself without division.mp3
01,SA71T4,1D,What is right relationship?,audio,79,SA,Saanen,1971,25 July 1971,Public Talk,talk,SA71T1-7,library/1D-public-meetings-switzerland/SA71T4 - What is right relationship.mp3
01,SA71T5,1D,Can the mind be completely free of any distorting factor?,audio,71,SA,Saanen,1971,27 July 1971,Public Talk,talk,SA71T1-7,library/1D-public-meetings-switzerland/SA71T5 - Can the mind be completely free of any distorting factor.mp3
01,SA71T6,1D,Does having concepts waste energy?,audio,79,SA,Saanen,1971,29 July 1971,Public Talk,talk,SA71T1-7,library/1D-public-meetings-switzerland/SA71T6 - Does having concepts waste energy.mp3
01,SA71T7,1D,What is the relationship between thought and intelligence?,audio,90,SA,Saanen,1971,1 August 1971,Public Talk,talk,SA71T1-7,library/1D-public-meetings-switzerland/SA71T7 - What is the relationship between thought and intelligence.mp3
01,SA72D1,1D,The observer and the observed,audio,93,SA,Saanen,1972,2 August 1972,Public Discussion,discussion,SA72T1-7,library/1D-public-meetings-switzerland/SA72D1 - The observer and the observed.mp3
01,SA72D2,1D,The problem of existence,audio,81,SA,Saanen,1972,3 August 1972,Public Discussion,discussion,SA72T1-7,library/1D-public-meetings-switzerland/SA72D2 - The problem of existence.mp3
01,SA72D3,1D,Total attention,audio,90,SA,Saanen,1972,4 August 1972,Public Discussion,discussion,SA72T1-7,library/1D-public-meetings-switzerland/SA72D3 - Total attention.mp3
01,SA72D4,1D,Fragmentary action and total action,audio,81,SA,Saanen,1972,5 August 1972,Public Discussion,discussion,SA72T1-7,library/1D-public-meetings-switzerland/SA72D4 - Fragmentary action and total action.mp3
01,SA72D5,1D,Conclusions prevent looking,audio,90,SA,Saanen,1972,6 August 1972,Public Discussion,discussion,SA72T1-7,library/1D-public-meetings-switzerland/SA72D5 - Conclusions prevent looking.mp3
01,SA72D6,1D,The sacred in life,audio,91,SA,Saanen,1972,7 August 1972,Public Discussion,discussion,SA72T1-7,library/1D-public-meetings-switzerland/SA72D6 - The sacred in life.mp3
01,SA72D7,1D,Are you aware of your conditioning?,audio,77,SA,Saanen,1972,8 August 1972,Public Discussion,discussion,SA72T1-7,library/1D-public-meetings-switzerland/SA72D7 - Are you aware of your conditioning.mp3
01,SA72T1,1D,Can I see wholly?,audio,71,SA,Saanen,1972,16 July 1972,Public Talk,talk,SA72T1-7,library/1D-public-meetings-switzerland/SA72T1 - Can I see wholly.mp3
01,SA72T2,1D,What is it to be creative?,audio,76,SA,Saanen,1972,18 July 1972,Public Talk,talk,SA72T1-7,library/1D-public-meetings-switzerland/SA72T2 - What is it to be creative.mp3
01,SA72T3,1D,Thought and its limitations,audio,85,SA,Saanen,1972,20 July 1972,Public Talk,talk,SA72T1-7,library/1D-public-meetings-switzerland/SA72T3 - Thought and its limitations.mp3
01,SA72T4,1D,Can the mind be totally unconditioned?,audio,84,SA,Saanen,1972,23 July 1972,Public Talk,talk,SA72T1-7,library/1D-public-meetings-switzerland/SA72T4 - Can the mind be totally unconditioned.mp3
01,SA72T5,1D,Will the discovery of the cause of suffering end it?,audio,83,SA,Saanen,1972,25 July 1972,Public Talk,talk,SA72T1-7,library/1D-public-meetings-switzerland/SA72T5 - Will the discovery of the cause of suffering end it.mp3
01,SA72T6,1D,"Pleasure, joy and death",audio,92,SA,Saanen,1972,27 July 1972,Public Talk,talk,SA72T1-7,"library/1D-public-meetings-switzerland/SA72T6 - Pleasure, joy and death.mp3"
01,SA72T7,1D,Religion and meditation,audio,88,SA,Saanen,1972,30 July 1972,Public Talk,talk,SA72T1-7,library/1D-public-meetings-switzerland/SA72T7 - Religion and meditation.mp3
01,SA73D1,1D,How does one observe?,audio,81,SA,Saanen,1973,1 August 1973,Public Discussion,discussion,SA73T1-7,library/1D-public-meetings-switzerland/SA73D1 - How does one observe.mp3
01,SA73D2,1D,"Choice, will and action",audio,80,SA,Saanen,1973,2 August 1973,Public Discussion,discussion,SA73T1-7,"library/1D-public-meetings-switzerland/SA73D2 - Choice, will and action.mp3"
01,SA73D3,1D,Relationship without dependence,audio,79,SA,Saanen,1973,3 August 1973,Public Discussion,discussion,SA73T1-7,library/1D-public-meetings-switzerland/SA73D3 - Relationship without dependence.mp3
01,SA73D4,1D,Fear is a destructive poison,audio,105,SA,Saanen,1973,4 August 1973,Public Discussion,discussion,SA73T1-7,library/1D-public-meetings-switzerland/SA73D4 - Fear is a destructive poison.mp3
01,SA73D5,1D,Are you aware?,audio,82,SA,Saanen,1973,5 August 1973,Public Discussion,discussion,SA73T1-7,library/1D-public-meetings-switzerland/SA73D5 - Are you aware.mp3
01,SA73D6,1D,Are life and death two separate things?,audio,94,SA,Saanen,1973,6 August 1973,Public Discussion,discussion,SA73T1-7,library/1D-public-meetings-switzerland/SA73D6 - Are life and death two separate things.mp3
01,SA73D7,1D,Where there is intelligence there is order,audio,72,SA,Saanen,1973,7 August 1973,Public Discussion,discussion,SA73T1-7,library/1D-public-meetings-switzerland/SA73D7 - Where there is intelligence there is order.mp3
01,SA73T1,1D,Can the mind change radically outside of time?,audio,77,SA,Saanen,1973,15 July 1973,Public Talk,talk,SA73T1-7,library/1D-public-meetings-switzerland/SA73T1 - Can the mind change radically outside of time.mp3
01,SA73T2,1D,Can the mind choicelessly see its conditioning?,audio,85,SA,Saanen,1973,17 July 1973,Public Talk,talk,SA73T1-7,library/1D-public-meetings-switzerland/SA73T2 - Can the mind choicelessly see its conditioning.mp3
01,SA73T3,1D,Can thought explore consciousness?,audio,85,SA,Saanen,1973,19 July 1973,Public Talk,talk,SA73T1-7,library/1D-public-meetings-switzerland/SA73T3 - Can thought explore consciousness.mp3
01,SA73T4,1D,Can thought reveal the meaning of life?,audio,73,SA,Saanen,1973,22 July 1973,Public Talk,talk,SA73T1-7,library/1D-public-meetings-switzerland/SA73T4 - Can thought reveal the meaning of life.mp3
01,SA73T5,1D,What is the action of total inaction?,audio,70,SA,Saanen,1973,24 July 1973,Public Talk,talk,SA73T1-7,library/1D-public-meetings-switzerland/SA73T5 - What is the action of total inaction.mp3
01,SA73T6,1D,Can death be brought into the field of the known?,audio,76,SA,Saanen,1973,26 July 1973,Public Talk,talk,SA73T1-7,library/1D-public-meetings-switzerland/SA73T6 - Can death be brought into the field of the known.mp3
01,SA73T7,1D,What is religion and what is meditation?,audio,86,SA,Saanen,1973,29 July 1973,Public Talk,talk,SA73T1-7,library/1D-public-meetings-switzerland/SA73T7 - What is religion and what is meditation.mp3
01,SA74D1,1D,Thought is not the instrument of change,audio,119,SA,Saanen,1974,31 July 1974,Public Discussion,discussion,SA74T1-7,library/1D-public-meetings-switzerland/SA74D1 - Thought is not the instrument of change.mp3
01,SA74D2,1D,Why is the mind attached?,audio,89,SA,Saanen,1974,1 August 1974,Public Discussion,discussion,SA74T1-7,library/1D-public-meetings-switzerland/SA74D2 - Why is the mind attached.mp3
01,SA74D3,1D,What is our responsibility?,audio,93,SA,Saanen,1974,2 August 1974,Public Discussion,discussion,SA74T1-7,library/1D-public-meetings-switzerland/SA74D3 - What is our responsibility.mp3
01,SA74D4,1D,What is the relationship between attention and lack of attention?,audio,100,SA,Saanen,1974,3 August 1974,Public Discussion,discussion,SA74T1-7,library/1D-public-meetings-switzerland/SA74D4 - What is the relationship between attention and lack of attention.mp3
01,SA74D5,1D,What is a chaste mind?,audio,95,SA,Saanen,1974,4 August 1974,Public Discussion,discussion,SA74T1-7,library/1D-public-meetings-switzerland/SA74D5 - What is a chaste mind.mp3
01,SA74T1,1D,What is the operation of thought?,audio,84,SA,Saanen,1974,14 July 1974,Public Talk,talk,SA74T1-7,library/1D-public-meetings-switzerland/SA74T1 - What is the operation of thought.mp3
01,SA74T2,1D,Is there energy not based on idea or ideology?,audio,84,SA,Saanen,1974,16 July 1974,Public Talk,talk,SA74T1-7,library/1D-public-meetings-switzerland/SA74T2 - Is there energy not based on idea or ideology.mp3
01,SA74T3,1D,Can thought bring order?,audio,87,SA,Saanen,1974,18 July 1974,Public Talk,talk,SA74T1-7,library/1D-public-meetings-switzerland/SA74T3 - Can thought bring order.mp3
01,SA74T4,1D,Can the mind not be a slave to knowledge?,audio,93,SA,Saanen,1974,21 July 1974,Public Talk,talk,SA74T1-7,library/1D-public-meetings-switzerland/SA74T4 - Can the mind not be a slave to knowledge.mp3
01,SA74T5,1D,Wisdom comes through the understanding of suffering,audio,86,SA,Saanen,1974,23 July 1974,Public Talk,talk,SA74T1-7,library/1D-public-meetings-switzerland/SA74T5 - Wisdom comes through the understanding of suffering.mp3
01,SA74T6,1D,Are you seeking security in a concept?,audio,80,SA,Saanen,1974,25 July 1974,Public Talk,talk,SA74T1-7,library/1D-public-meetings-switzerland/SA74T6 - Are you seeking security in a concept.mp3
01,SA74T7,1D,Meditation is to discover an area in which there is no movement of thought,audio,84,SA,Saanen,1974,28 July 1974,Public Talk,talk,SA74T1-7,library/1D-public-meetings-switzerland/SA74T7 - Meditation is to discover an area in which there is no movement of thought.mp3
01,SA75D1,1D,Stepping out of the stream of selfishness,audio,88,SA,Saanen,1975,30 July 1975,Public Discussion,discussion,SA75T1-7,library/1D-public-meetings-switzerland/SA75D1 - Stepping out of the stream of selfishness.mp3
01,SA75D2,1D,Thought and the centre,audio,77,SA,Saanen,1975,31 July 1975,Public Discussion,discussion,SA75T1-7,library/1D-public-meetings-switzerland/SA75D2 - Thought and the centre.mp3
01,SA75D3,1D,What is the relationship between truth and reality?,audio,84,SA,Saanen,1975,1 August 1975,Public Discussion,discussion,SA75T1-7,library/1D-public-meetings-switzerland/SA75D3 - What is the relationship between truth and reality.mp3
01,SA75D4,1D,Responsibility and meditation,audio,79,SA,Saanen,1975,2 August 1975,Public Discussion,discussion,SA75T1-7,library/1D-public-meetings-switzerland/SA75D4 - Responsibility and meditation.mp3
01,SA75D5,1D,"Space, love and compassion",audio,70,SA,Saanen,1975,3 August 1975,Public Discussion,discussion,SA75T1-7,"library/1D-public-meetings-switzerland/SA75D5 - Space, love and compassion.mp3"
01,SA75T1,1D,Reality and truth,audio,81,SA,Saanen,1975,13 July 1975,Public Talk,talk,SA75T1-7,library/1D-public-meetings-switzerland/SA75T1 - Reality and truth.mp3
01,SA75T2,1D,Can love exist in the field of reality?,audio,80,SA,Saanen,1975,15 July 1975,Public Talk,talk,SA75T1-7,library/1D-public-meetings-switzerland/SA75T2 - Can love exist in the field of reality.mp3
01,SA75T3,1D,Is there suffering when there is no attachment?,audio,81,SA,Saanen,1975,17 July 1975,Public Talk,talk,SA75T1-7,library/1D-public-meetings-switzerland/SA75T3 - Is there suffering when there is no attachment.mp3
01,SA75T4,1D,"Time, action and fear",audio,75,SA,Saanen,1975,20 July 1975,Public Talk,talk,SA75T1-7,"library/1D-public-meetings-switzerland/SA75T4 - Time, action and fear.mp3"
01,SA75T5,1D,"Freedom, pleasure and joy",audio,65,SA,Saanen,1975,22 July 1975,Public Talk,talk,SA75T1-7,"library/1D-public-meetings-switzerland/SA75T5 - Freedom, pleasure and joy.mp3"
01,SA75T6,1D,Can one living in the world of reality end selfishness?,audio,73,SA,Saanen,1975,24 July 1975,Public Talk,talk,SA75T1-7,library/1D-public-meetings-switzerland/SA75T6 - Can one living in the world of reality end selfishness.mp3
01,SA75T7,1D,The quality of energy which comes about through meditation,audio,66,SA,Saanen,1975,27 July 1975,Public Talk,talk,SA75T1-7,library/1D-public-meetings-switzerland/SA75T7 - The quality of energy which comes about through meditation.mp3
01,SA76D1,1D,Why should we get hurt?,video,91,SA,Saanen,1976,28 July 1976,Public Discussion,discussion,SA76T1-7,library/1D-public-meetings-switzerland/SA76D1 - Why should we get hurt.mp4
01,SA76D2,1D,How does understanding take place?,video,78,SA,Saanen,1976,29 July 1976,Public Discussion,discussion,SA76T1-7,library/1D-public-meetings-switzerland/SA76D2 - How does understanding take place.mp4
01,SA76D3,1D,Judgement and death,video,88,SA,Saanen,1976,30 July 1976,Public Discussion,discussion,SA76T1-7,library/1D-public-meetings-switzerland/SA76D3 - Judgement and death.mp4
01,SA76D4,1D,On being a light to oneself,video,79,SA,Saanen,1976,31 July 1976,Public Discussion,discussion,SA76T1-7,library/1D-public-meetings-switzerland/SA76D4 - On being a light to oneself.mp4
01,SA76D5,1D,Is there thinking without the word?,video,85,SA,Saanen,1976,1 August 1976,Public Discussion,discussion,SA76T1-7,library/1D-public-meetings-switzerland/SA76D5 - Is there thinking without the word.mp4
01,SA76T1,1D,What will change a human being?,audio,85,SA,Saanen,1976,11 July 1976,Public Talk,talk,SA76T1-7,library/1D-public-meetings-switzerland/SA76T1 - What will change a human being.mp3
01,SA76T2,1D,Observation and fear,video,67,SA,Saanen,1976,13 July 1976,Public Talk,talk,SA76T1-7,library/1D-public-meetings-switzerland/SA76T2 - Observation and fear.mp4
01,SA76T3,1D,The impediments to radical transformation,video,82,SA,Saanen,1976,15 July 1976,Public Talk,talk,SA76T1-7,library/1D-public-meetings-switzerland/SA76T3 - The impediments to radical transformation.mp4
01,SA76T4,1D,Can the content of consciousness free itself?,video,67,SA,Saanen,1976,18 July 1976,Public Talk,talk,SA76T1-7,library/1D-public-meetings-switzerland/SA76T4 - Can the content of consciousness free itself.mp4
01,SA76T5,1D,Suffering and love,video,69,SA,Saanen,1976,20 July 1976,Public Talk,talk,SA76T1-7,library/1D-public-meetings-switzerland/SA76T5 - Suffering and love.mp4
01,SA76T6,1D,"Can attachment, belief, experience, knowledge, end now?",video,65,SA,Saanen,1976,22 July 1976,Public Talk,talk,SA76T1-7,"library/1D-public-meetings-switzerland/SA76T6 - Can attachment, belief, experience, knowledge, end now.mp4"
01,SA76T7,1D,When you are a light to yourself you are a light to the world,video,80,SA,Saanen,1976,25 July 1976,Public Talk,talk,SA76T1-7,library/1D-public-meetings-switzerland/SA76T7 - When you are a light to yourself you are a light to the world.mp4
01,SA77D1,1D,What it means to be totally aware,video,82,SA,Saanen,1977,27 July 1977,Public Discussion,discussion,SA77T1-6,library/1D-public-meetings-switzerland/SA77D1 - What it means to be totally aware.mp4
01,SA77D2,1D,Motive prevents observation,video,68,SA,Saanen,1977,28 July 1977,Public Discussion,discussion,SA77T1-6,library/1D-public-meetings-switzerland/SA77D2 - Motive prevents observation.mp4
01,SA77D3,1D,"Education, meditation and death",video,84,SA,Saanen,1977,29 July 1977,Public Discussion,discussion,SA77T1-6,"library/1D-public-meetings-switzerland/SA77D3 - Education, meditation and death.mp4"
01,SA77D4,1D,"Facts, reality and truth",video,88,SA,Saanen,1977,30 July 1977,Public Discussion,discussion,SA77T1-6,"library/1D-public-meetings-switzerland/SA77D4 - Facts, reality and truth.mp4"
01,SA77D5,1D,Relationship and intelligence,video,82,SA,Saanen,1977,31 July 1977,Public Discussion,discussion,SA77T1-6,library/1D-public-meetings-switzerland/SA77D5 - Relationship and intelligence.mp4
01,SA77T1,1D,What are we seeking?,video,66,SA,Saanen,1977,10 July 1977,Public Talk,talk,SA77T1-6,library/1D-public-meetings-switzerland/SA77T1 - What are we seeking.mp4
01,SA77T2,1D,Is there security in psychological authority?,video,63,SA,Saanen,1977,12 July 1977,Public Talk,talk,SA77T1-6,library/1D-public-meetings-switzerland/SA77T2 - Is there security in psychological authority.mp4
01,SA77T3,1D,What is the relationship of clarity to compassion?,video,60,SA,Saanen,1977,14 July 1977,Public Talk,talk,SA77T1-6,library/1D-public-meetings-switzerland/SA77T3 - What is the relationship of clarity to compassion.mp4
01,SA77T4,1D,Does compassion flower in the field of desire?,video,76,SA,Saanen,1977,17 July 1977,Public Talk,talk,SA77T1-6,library/1D-public-meetings-switzerland/SA77T4 - Does compassion flower in the field of desire.mp4
01,SA77T5,1D,Is there an action which is without cause and motive?,video,62,SA,Saanen,1977,19 July 1977,Public Talk,talk,SA77T1-6,library/1D-public-meetings-switzerland/SA77T5 - Is there an action which is without cause and motive.mp4
01,SA77T6,1D,What is it to observe holistically?,video,61,SA,Saanen,1977,21 July 1977,Public Talk,talk,SA77T1-6,library/1D-public-meetings-switzerland/SA77T6 - What is it to observe holistically.mp4
01,SA77T7,1D,A movement which is timeless,video,67,SA,Saanen,1977,24 July 1977,Public Talk,talk,SA77T1-6,library/1D-public-meetings-switzerland/SA77T7 - A movement which is timeless.mp4
01,SA78D1,1D,Can the drive of selfishness end?,video,84,SA,Saanen,1978,26 July 1978,Public Discussion,discussion,SA78T1-7,library/1D-public-meetings-switzerland/SA78D1 - Can the drive of selfishness end.mp4
01,SA78D2,1D,What will make a human being change?,video,69,SA,Saanen,1978,27 July 1978,Public Discussion,discussion,SA78T1-7,library/1D-public-meetings-switzerland/SA78D2 - What will make a human being change.mp4
01,SA78D3,1D,Can time end?,video,81,SA,Saanen,1978,28 July 1978,Public Discussion,discussion,SA78T1-7,library/1D-public-meetings-switzerland/SA78D3 - Can time end.mp4
01,SA78D4,1D,Constant effort damages the brain,video,83,SA,Saanen,1978,29 July 1978,Public Discussion,discussion,SA78T1-7,library/1D-public-meetings-switzerland/SA78D4 - Constant effort damages the brain.mp4
01,SA78D5,1D,Order in oneself,video,68,SA,Saanen,1978,30 July 1978,Public Discussion,discussion,SA78T1-7,library/1D-public-meetings-switzerland/SA78D5 - Order in oneself.mp4
01,SA78T1,1D,The structure of self-centred concern,video,65,SA,Saanen,1978,9 July 1978,Public Talk,talk,SA78T1-7,library/1D-public-meetings-switzerland/SA78T1 - The structure of self-centred concern.mp4
01,SA78T2,1D,The identification of thought,video,66,SA,Saanen,1978,11 July 1978,Public Talk,talk,SA78T1-7,library/1D-public-meetings-switzerland/SA78T2 - The identification of thought.mp4
01,SA78T3,1D,The limitation of thought,video,73,SA,Saanen,1978,13 July 1978,Public Talk,talk,SA78T1-7,library/1D-public-meetings-switzerland/SA78T3 - The limitation of thought.mp4
01,SA78T4,1D,Is thought necessary in relationship?,video,75,SA,Saanen,1978,16 July 1978,Public Talk,talk,SA78T1-7,library/1D-public-meetings-switzerland/SA78T4 - Is thought necessary in relationship.mp4
01,SA78T5,1D,Is love a movement of time and thought?,video,68,SA,Saanen,1978,18 July 1978,Public Talk,talk,SA78T1-7,library/1D-public-meetings-switzerland/SA78T5 - Is love a movement of time and thought.mp4
01,SA78T6,1D,Can consciousness go beyond itself?,video,76,SA,Saanen,1978,20 July 1978,Public Talk,talk,SA78T1-7,library/1D-public-meetings-switzerland/SA78T6 - Can consciousness go beyond itself.mp4
01,SA78T7,1D,"If you are not occupied, are you nothing?",video,87,SA,Saanen,1978,23 July 1978,Public Talk,talk,SA78T1-7,"library/1D-public-meetings-switzerland/SA78T7 - If you are not occupied, are you nothing.mp4"
01,SA79D1,1D,Is there an action that doesn't bring sorrow?,video,86,SA,Saanen,1979,25 July 1979,Public Discussion,discussion,SA79T1-7,library/1D-public-meetings-switzerland/SA79D1 - Is there an action that doesn't bring sorrow.mp4
01,SA79D2,1D,Finding out what love is,video,81,SA,Saanen,1979,26 July 1979,Public Discussion,discussion,SA79T1-7,library/1D-public-meetings-switzerland/SA79D2 - Finding out what love is.mp4
01,SA79D3,1D,Meditation is giving thought its right place,video,88,SA,Saanen,1979,27 July 1979,Public Discussion,discussion,SA79T1-7,library/1D-public-meetings-switzerland/SA79D3 - Meditation is giving thought its right place.mp4
01,SA79D4,1D,What is the central issue of our life?,video,81,SA,Saanen,1979,28 July 1979,Public Discussion,discussion,SA79T1-7,library/1D-public-meetings-switzerland/SA79D4 - What is the central issue of our life.mp4
01,SA79D5,1D,How can we bring about a good society?,video,80,SA,Saanen,1979,29 July 1979,Public Discussion,discussion,SA79T1-7,library/1D-public-meetings-switzerland/SA79D5 - How can we bring about a good society.mp4
01,SA79T1,1D,Is there a way out of the crisis in the world?,video,62,SA,Saanen,1979,8 July 1979,Public Talk,talk,SA79T1-7,library/1D-public-meetings-switzerland/SA79T1 - Is there a way out of the crisis in the world.mp4
01,SA79T2,1D,Can we together create a good society?,video,65,SA,Saanen,1979,10 July 1979,Public Talk,talk,SA79T1-7,library/1D-public-meetings-switzerland/SA79T2 - Can we together create a good society.mp4
01,SA79T3,1D,Is there security at all psychologically?,video,59,SA,Saanen,1979,12 July 1979,Public Talk,talk,SA79T1-7,library/1D-public-meetings-switzerland/SA79T3 - Is there security at all psychologically.mp4
01,SA79T4,1D,"Can goodness, love and truth be born of discipline?",video,63,SA,Saanen,1979,15 July 1979,Public Talk,talk,SA79T1-7,"library/1D-public-meetings-switzerland/SA79T4 - Can goodness, love and truth be born of discipline.mp4"
01,SA79T5,1D,Are desire and time responsible for fear?,video,64,SA,Saanen,1979,17 July 1979,Public Talk,talk,SA79T1-7,library/1D-public-meetings-switzerland/SA79T5 - Are desire and time responsible for fear.mp4
01,SA79T6,1D,"Intelligence, love, and compassion",video,61,SA,Saanen,1979,19 July 1979,Public Talk,talk,SA79T1-7,"library/1D-public-meetings-switzerland/SA79T6 - Intelligence, love, and compassion.mp4"
01,SA79T7,1D,In total silence the mind comes upon the eternal,video,68,SA,Saanen,1979,22 July 1979,Public Talk,talk,SA79T1-7,library/1D-public-meetings-switzerland/SA79T7 - In total silence the mind comes upon the eternal.mp4
01,SA80Q1,1D,1st Question & Answer Meeting,video,79,SA,Saanen,1980,23 July 1980,Question & Answer Meeting,qa,SA80T1-7,library/1D-public-meetings-switzerland/SA80Q1 - 1st Question & Answer Meeting.mp4
01,SA80Q2,1D,2nd Question & Answer Meeting,video,81,SA,Saanen,1980,24 July 1980,Question & Answer Meeting,qa,SA80T1-7,library/1D-public-meetings-switzerland/SA80Q2 - 2nd Question & Answer Meeting.mp4
01,SA80Q3,1D,3rd Question & Answer Meeting,video,86,SA,Saanen,1980,25 July 1980,Question & Answer Meeting,qa,SA80T1-7,library/1D-public-meetings-switzerland/SA80Q3 - 3rd Question & Answer Meeting.mp4
01,SA80Q4,1D,4th Question & Answer Meeting,video,86,SA,Saanen,1980,26 July 1980,Question & Answer Meeting,qa,SA80T1-7,library/1D-public-meetings-switzerland/SA80Q4 - 4th Question & Answer Meeting.mp4
01,SA80Q5,1D,5th Question & Answer Meeting,video,98,SA,Saanen,1980,27 July 1980,Question & Answer Meeting,qa,SA80T1-7,library/1D-public-meetings-switzerland/SA80Q5 - 5th Question & Answer Meeting.mp4
01,SA80T1,1D,Why is there such chaos in the world?,video,72,SA,Saanen,1980,6 July 1980,Public Talk,talk,SA80T1-7,library/1D-public-meetings-switzerland/SA80T1 - Why is there such chaos in the world.mp4
01,SA80T2,1D,The movement of thought and becoming,video,81,SA,Saanen,1980,8 July 1980,Public Talk,talk,SA80T1-7,library/1D-public-meetings-switzerland/SA80T2 - The movement of thought and becoming.mp4
01,SA80T3,1D,Action that is always correct,video,65,SA,Saanen,1980,10 July 1980,Public Talk,talk,SA80T1-7,library/1D-public-meetings-switzerland/SA80T3 - Action that is always correct.mp4
01,SA80T4,1D,Breaking the pattern of conditioning,video,80,SA,Saanen,1980,13 July 1980,Public Talk,talk,SA80T1-7,library/1D-public-meetings-switzerland/SA80T4 - Breaking the pattern of conditioning.mp4
01,SA80T5,1D,"The relationship of desire, will and love",video,82,SA,Saanen,1980,15 July 1980,Public Talk,talk,SA80T1-7,"library/1D-public-meetings-switzerland/SA80T5 - The relationship of desire, will and love.mp4"
01,SA80T6,1D,The ending of sorrow brings love and compassion,video,79,SA,Saanen,1980,17 July 1980,Public Talk,talk,SA80T1-7,library/1D-public-meetings-switzerland/SA80T6 - The ending of sorrow brings love and compassion.mp4
01,SA80T7,1D,Is there anything sacred in life?,video,82,SA,Saanen,1980,20 July 1980,Public Talk,talk,SA80T1-7,library/1D-public-meetings-switzerland/SA80T7 - Is there anything sacred in life.mp4
01,SA81Q1,1D,1st Question & Answer Meeting,video,79,SA,Saanen,1981,29 July 1981,Question & Answer Meeting,qa,SA81T1-7,library/1D-public-meetings-switzerland/SA81Q1 - 1st Question & Answer Meeting.mp4
01,SA81Q2,1D,2nd Question & Answer Meeting,video,84,SA,Saanen,1981,30 July 1981,Question & Answer Meeting,qa,SA81T1-7,library/1D-public-meetings-switzerland/SA81Q2 - 2nd Question & Answer Meeting.mp4
01,SA81Q3,1D,3rd Question & Answer Meeting,video,99,SA,Saanen,1981,31 July 1981,Question & Answer Meeting,qa,SA81T1-7,library/1D-public-meetings-switzerland/SA81Q3 - 3rd Question & Answer Meeting.mp4
01,SA81T1,1D,What is the nature of our consciousness?,video,73,SA,Saanen,1981,12 July 1981,Public Talk,talk,SA81T1-7,library/1D-public-meetings-switzerland/SA81T1 - What is the nature of our consciousness.mp4
01,SA81T2,1D,Learning that transforms consciousness,video,71,SA,Saanen,1981,14 July 1981,Public Talk,talk,SA81T1-7,library/1D-public-meetings-switzerland/SA81T2 - Learning that transforms consciousness.mp4
01,SA81T3,1D,The ending of conflict,video,61,SA,Saanen,1981,16 July 1981,Public Talk,talk,SA81T1-7,library/1D-public-meetings-switzerland/SA81T3 - The ending of conflict.mp4
01,SA81T4,1D,Living without images,video,77,SA,Saanen,1981,19 July 1981,Public Talk,talk,SA81T1-7,library/1D-public-meetings-switzerland/SA81T4 - Living without images.mp4
01,SA81T5,1D,Can the brain be totally free?,video,71,SA,Saanen,1981,21 July 1981,Public Talk,talk,SA81T1-7,library/1D-public-meetings-switzerland/SA81T5 - Can the brain be totally free.mp4
01,SA81T6,1D,Love and freedom,video,67,SA,Saanen,1981,23 July 1981,Public Talk,talk,SA81T1-7,library/1D-public-meetings-switzerland/SA81T6 - Love and freedom.mp4
01,SA81T7,1D,To live without a shadow of control,video,70,SA,Saanen,1981,26 July 1981,Public Talk,talk,SA81T1-7,library/1D-public-meetings-switzerland/SA81T7 - To live without a shadow of control.mp4
01,SA82Q1,1D,1st Question & Answer Meeting,video,76,SA,Saanen,1982,25 July 1982,Question & Answer Meeting,qa,SA82T1-6,library/1D-public-meetings-switzerland/SA82Q1 - 1st Question & Answer Meeting.mp4
01,SA82Q2,1D,2nd Question & Answer Meeting,video,82,SA,Saanen,1982,26 July 1982,Question & Answer Meeting,qa,SA82T1-6,library/1D-public-meetings-switzerland/SA82Q2 - 2nd Question & Answer Meeting.mp4
01,SA82Q3,1D,3rd Question & Answer Meeting,video,82,SA,Saanen,1982,27 July 1982,Question & Answer Meeting,qa,SA82T1-6,library/1D-public-meetings-switzerland/SA82Q3 - 3rd Question & Answer Meeting.mp4
01,SA82T1,1D,Isolation brings conflict,audio,79,SA,Saanen,1982,11 July 1982,Public Talk,talk,SA82T1-6,library/1D-public-meetings-switzerland/SA82T1 - Isolation brings conflict.mp3
01,SA82T2,1D,What makes our lives so fragmented?,video,73,SA,Saanen,1982,13 July 1982,Public Talk,talk,SA82T1-6,library/1D-public-meetings-switzerland/SA82T2 - What makes our lives so fragmented.mp4
01,SA82T3,1D,An intelligence beyond cause,video,74,SA,Saanen,1982,15 July 1982,Public Talk,talk,SA82T1-6,library/1D-public-meetings-switzerland/SA82T3 - An intelligence beyond cause.mp4
01,SA82T4,1D,What are we human beings trying to become?,video,74,SA,Saanen,1982,18 July 1982,Public Talk,talk,SA82T1-6,library/1D-public-meetings-switzerland/SA82T4 - What are we human beings trying to become.mp4
01,SA82T5,1D,"What is it to listen, to learn and to observe?",video,65,SA,Saanen,1982,20 July 1982,Public Talk,talk,SA82T1-6,"library/1D-public-meetings-switzerland/SA82T5 - What is it to listen, to learn and to observe.mp4"
01,SA82T6,1D,Meditation and the ending of the self,video,68,SA,Saanen,1982,22 July 1982,Public Talk,talk,SA82T1-6,library/1D-public-meetings-switzerland/SA82T6 - Meditation and the ending of the self.mp4
01,SA83Q1,1D,1st Question & Answer Meeting,video,77,SA,Saanen,1983,24 July 1983,Question & Answer Meeting,qa,SA83T1-6,library/1D-public-meetings-switzerland/SA83Q1 - 1st Question & Answer Meeting.mp4
01,SA83Q2,1D,2nd Question & Answer Meeting,video,81,SA,Saanen,1983,25 July 1983,Question & Answer Meeting,qa,SA83T1-6,library/1D-public-meetings-switzerland/SA83Q2 - 2nd Question & Answer Meeting.mp4
01,SA83Q3,1D,3rd Question & Answer Meeting,video,93,SA,Saanen,1983,26 July 1983,Question & Answer Meeting,qa,SA83T1-6,library/1D-public-meetings-switzerland/SA83Q3 - 3rd Question & Answer Meeting.mp4
01,SA83T1,1D,Is it possible to live in peace?,video,69,SA,Saanen,1983,10 July 1983,Public Talk,talk,SA83T1-6,library/1D-public-meetings-switzerland/SA83T1 - Is it possible to live in peace.mp4
01,SA83T2,1D,The function of the brain,video,67,SA,Saanen,1983,12 July 1983,Public Talk,talk,SA83T1-6,library/1D-public-meetings-switzerland/SA83T2 - The function of the brain.mp4
01,SA83T3,1D,Where does one find complete security?,video,69,SA,Saanen,1983,14 July 1983,Public Talk,talk,SA83T1-6,library/1D-public-meetings-switzerland/SA83T3 - Where does one find complete security.mp4
01,SA83T4,1D,What is supreme intelligence?,video,69,SA,Saanen,1983,17 July 1983,Public Talk,talk,SA83T1-6,library/1D-public-meetings-switzerland/SA83T4 - What is supreme intelligence.mp4
01,SA83T5,1D,Unconditioning the brain cells,video,64,SA,Saanen,1983,19 July 1983,Public Talk,talk,SA83T1-6,library/1D-public-meetings-switzerland/SA83T5 - Unconditioning the brain cells.mp4
01,SA83T6,1D,Religion and meditation,video,75,SA,Saanen,1983,21 July 1983,Public Talk,talk,SA83T1-6,library/1D-public-meetings-switzerland/SA83T6 - Religion and meditation.mp4
01,SA84Q1,1D,1st Question & Answer Meeting,video,90,SA,Saanen,1984,22 July 1984,Question & Answer Meeting,qa,SA84T1-6,library/1D-public-meetings-switzerland/SA84Q1 - 1st Question & Answer Meeting.mp4
01,SA84Q2,1D,2nd Question & Answer Meeting,video,82,SA,Saanen,1984,24 July 1984,Question & Answer Meeting,qa,SA84T1-6,library/1D-public-meetings-switzerland/SA84Q2 - 2nd Question & Answer Meeting.mp4
01,SA84Q3,1D,3rd Question & Answer Meeting,video,84,SA,Saanen,1984,26 July 1984,Question & Answer Meeting,qa,SA84T1-6,library/1D-public-meetings-switzerland/SA84Q3 - 3rd Question & Answer Meeting.mp4
01,SA84T1,1D,"If all time is now, what is action?",video,76,SA,Saanen,1984,8 July 1984,Public Talk,talk,SA84T1-6,"library/1D-public-meetings-switzerland/SA84T1 - If all time is now, what is action.mp4"
01,SA84T2,1D,The relationship of health to freedom,video,70,SA,Saanen,1984,10 July 1984,Public Talk,talk,SA84T1-6,library/1D-public-meetings-switzerland/SA84T2 - The relationship of health to freedom.mp4
01,SA84T3,1D,Thought and the divisive process,video,75,SA,Saanen,1984,12 July 1984,Public Talk,talk,SA84T1-6,library/1D-public-meetings-switzerland/SA84T3 - Thought and the divisive process.mp4
01,SA84T4,1D,Ending disorder now,video,73,SA,Saanen,1984,15 July 1984,Public Talk,talk,SA84T1-6,library/1D-public-meetings-switzerland/SA84T4 - Ending disorder now.mp4
01,SA84T5,1D,Why do we live with unresolved problems?,video,70,SA,Saanen,1984,17 July 1984,Public Talk,talk,SA84T1-6,library/1D-public-meetings-switzerland/SA84T5 - Why do we live with unresolved problems.mp4
01,SA84T6,1D,Living with death and life together,video,82,SA,Saanen,1984,19 July 1984,Public Talk,talk,SA84T1-6,library/1D-public-meetings-switzerland/SA84T6 - Living with death and life together.mp4
01,SA85Q1,1D,1st Question & Answer Meeting,video,76,SA,Saanen,1985,23 July 1985,Question & Answer Meeting,qa,SA85T1-5,library/1D-public-meetings-switzerland/SA85Q1 - 1st Question & Answer Meeting.mp4
01,SA85Q2,1D,2nd Question & Answer Meeting,video,79,SA,Saanen,1985,24 July 1985,Question & Answer Meeting,qa,SA85T1-5,library/1D-public-meetings-switzerland/SA85Q2 - 2nd Question & Answer Meeting.mp4
01,SA85Q3,1D,3rd Question & Answer Meeting,video,79,SA,Saanen,1985,25 July 1985,Question & Answer Meeting,qa,SA85T1-5,library/1D-public-meetings-switzerland/SA85Q3 - 3rd Question & Answer Meeting.mp4
01,SA85T1,1D,Why does man live in conflict?,video,74,SA,Saanen,1985,7 July 1985,Public Talk,talk,SA85T1-5,library/1D-public-meetings-switzerland/SA85T1 - Why does man live in conflict.mp4
01,SA85T2,1D,To be utterly free of disorder,video,78,SA,Saanen,1985,10 July 1985,Public Talk,talk,SA85T1-5,library/1D-public-meetings-switzerland/SA85T2 - To be utterly free of disorder.mp4
01,SA85T3,1D,Seeing self-interest as the root of fear,video,74,SA,Saanen,1985,14 July 1985,Public Talk,talk,SA85T1-5,library/1D-public-meetings-switzerland/SA85T3 - Seeing self-interest as the root of fear.mp4
01,SA85T4,1D,Beauty is the quiet of the self forgotten,video,73,SA,Saanen,1985,17 July 1985,Public Talk,talk,SA85T1-5,library/1D-public-meetings-switzerland/SA85T4 - Beauty is the quiet of the self forgotten.mp4
01,SA85T5,1D,Silence as the ground of the eternal,video,77,SA,Saanen,1985,21 July 1985,Public Talk,talk,SA85T1-5,library/1D-public-meetings-switzerland/SA85T5 - Silence as the ground of the eternal.mp4
01,AM67T1,1E,To look without a concept is to be aware of the observer and the thing observed,audio,88,AM,Amsterdam,1967,20 May 1967,Public Talk,talk,AM67T1-5,library/1E-public-meetings-misc/AM67T1 - To look without a concept is to be aware of the observer and the thing observed.mp3
01,AM67T2,1E,Where there is pleasure there is the shadow of pain,audio,83,AM,Amsterdam,1967,21 May 1967,Public Talk,talk,AM67T1-5,library/1E-public-meetings-misc/AM67T2 - Where there is pleasure there is the shadow of pain.mp3
01,AM67T3,1E,Is it possible to renew the mind?,audio,81,AM,Amsterdam,1967,24 May 1967,Public Talk,talk,AM67T1-5,library/1E-public-meetings-misc/AM67T3 - Is it possible to renew the mind.mp3
01,AM67T4,1E,Can thought stop?,audio,72,AM,Amsterdam,1967,28 May 1967,Public Talk,talk,AM67T1-5,library/1E-public-meetings-misc/AM67T4 - Can thought stop.mp3
01,AM67T5,1E,It is only a very silent mind that can actually see,audio,82,AM,Amsterdam,1967,30 May 1967,Public Talk,talk,AM67T1-5,library/1E-public-meetings-misc/AM67T5 - It is only a very silent mind that can actually see.mp3
01,AM68T1,1E,Can one establish a relationship with reality?,audio,65,AM,Amsterdam,1968,11 May 1968,Public Talk,talk,AM68T1-5,library/1E-public-meetings-misc/AM68T1 - Can one establish a relationship with reality.mp3
01,AM68T2,1E,Is it possible to end thought?,audio,66,AM,Amsterdam,1968,12 May 1968,Public Talk,talk,AM68T1-5,library/1E-public-meetings-misc/AM68T2 - Is it possible to end thought.mp3
01,AM68T3,1E,In acting completely there is no fragmentation,audio,55,AM,Amsterdam,1968,18 May 1968,Public Talk,talk,AM68T1-5,library/1E-public-meetings-misc/AM68T3 - In acting completely there is no fragmentation.mp3
01,AM68T4,1E,This light in oneself,audio,51,AM,Amsterdam,1968,19 May 1968,Public Talk,talk,AM68T1-5,library/1E-public-meetings-misc/AM68T4 - This light in oneself.mp3
01,AM68T5,1E,The meaning of life,audio,66,AM,Amsterdam,1968,22 May 1968,Public Talk,talk,AM68T1-5,library/1E-public-meetings-misc/AM68T5 - The meaning of life.mp3
01,AM69T1,1E,Why don’t we have the energy to change?,audio,93,AM,Amsterdam,1969,3 May 1969,Public Talk,talk,AM69T1-5,library/1E-public-meetings-misc/AM69T1 - Why don’t we have the energy to change.mp3
01,AM69T2,1E,How is conditioning to be understood?,audio,83,AM,Amsterdam,1969,4 May 1969,Public Talk,talk,AM69T1-5,library/1E-public-meetings-misc/AM69T2 - How is conditioning to be understood.mp3
01,AM69T3,1E,In the demand for freedom is fear,audio,77,AM,Amsterdam,1969,10 May 1969,Public Talk,talk,AM69T1-5,library/1E-public-meetings-misc/AM69T3 - In the demand for freedom is fear.mp3
01,AM69T4,1E,"Looking at life, loving and dying as one movement",audio,85,AM,Amsterdam,1969,11 May 1969,Public Talk,talk,AM69T1-5,"library/1E-public-meetings-misc/AM69T4 - Looking at life, loving and dying as one movement.mp3"
01,AM69T5,1E,What is a religious life?,audio,93,AM,Amsterdam,1969,14 May 1969,Public Talk,talk,AM69T1-5,library/1E-public-meetings-misc/AM69T5 - What is a religious life.mp3
01,AM71T1,1E,Change without analysis,audio,105,AM,Amsterdam,1971,22 May 1971,Public Talk,talk,AM71DYP,library/1E-public-meetings-misc/AM71T1 - Change without analysis.mp3
01,AM71T2,1E,Can one end sorrow?,audio,104,AM,Amsterdam,1971,23 May 1971,Public Talk,talk,AM71DYP,library/1E-public-meetings-misc/AM71T2 - Can one end sorrow.mp3
01,AM71T3,1E,I cannot assume anything about myself,audio,84,AM,Amsterdam,1971,24 May 1971,Public Talk,talk,AM71DYP,library/1E-public-meetings-misc/AM71T3 - I cannot assume anything about myself.mp3
01,AM71T4,1E,What is the meaning of religion?,audio,96,AM,Amsterdam,1971,25 May 1971,Public Talk,talk,AM71DYP,library/1E-public-meetings-misc/AM71T4 - What is the meaning of religion.mp3
01,AM81T1,1E,Thought and time are the root of fear,video,88,AM,Amsterdam,1981,19 September 1981,Public Talk,talk,AM81T1-2,library/1E-public-meetings-misc/AM81T1 - Thought and time are the root of fear.mp4
01,AM81T2,1E,A religious mind is a very factual mind,video,65,AM,Amsterdam,1981,20 September 1981,Public Talk,talk,AM81T1-2,library/1E-public-meetings-misc/AM81T2 - A religious mind is a very factual mind.mp4
01,FL70T,1E,"Looking directly, free from analysis",audio,95,FL,Florence,1970,29 October 1970,Public Talk,talk,FL70T,"library/1E-public-meetings-misc/FL70T - Looking directly, free from analysis.mp3"
01,PA69T1,1E,Change and fear,audio,69,PA,Paris,1969,10 April 1969,Public Talk,talk,PA69T1-5,library/1E-public-meetings-misc/PA69T1 - Change and fear.mp3
01,PA69T2,1E,Uncovering the content of consciousness,audio,77,PA,Paris,1969,13 April 1969,Public Talk,talk,PA69T1-5,library/1E-public-meetings-misc/PA69T2 - Uncovering the content of consciousness.mp3
01,PA69T3,1E,"Fear, time and silence",audio,67,PA,Paris,1969,17 April 1969,Public Talk,talk,PA69T1-5,"library/1E-public-meetings-misc/PA69T3 - Fear, time and silence.mp3"
01,PA69T4,1E,Can we live without division?,audio,72,PA,Paris,1969,20 April 1969,Public Talk,talk,PA69T1-5,library/1E-public-meetings-misc/PA69T4 - Can we live without division.mp3
01,PA69T5,1E,A reality of a different dimension,audio,68,PA,Paris,1969,24 April 1969,Public Talk,talk,PA69T1-5,library/1E-public-meetings-misc/PA69T5 - A reality of a different dimension.mp3
01,RO69T,1E,What is one to do confronted with deterioration in the world?,audio,79,RO,Rome,1969,4 November 1969,Public Talk,talk,,library/1E-public-meetings-misc/RO69T - What is one to do confronted with deterioration in the world.mp3
01,RO71T,1E,How is man to change?,audio,95,RO,Rome,1971,31 October 1971,Public Talk,talk,,library/1E-public-meetings-misc/RO71T - How is man to change.mp3
01,RO72T,1E,The action of insight and perception,audio,91,RO,Rome,1972,29 October 1972,Public Talk,talk,,library/1E-public-meetings-misc/RO72T - The action of insight and perception.mp3
01,RO73T,1E,When the mind realises the observer is the observed there is a release of energy,audio,108,RO,Rome,1973,28 October 1973,Public Talk,talk,RO73T,library/1E-public-meetings-misc/RO73T - When the mind realises the observer is the observed there is a release of energy.mp3
01,SY70D1,1E,Why don’t we see our conditioning?,audio,82,SY,Sydney,1970,17 November 1970,Public Discussion,discussion,SY70T1-5,library/1E-public-meetings-misc/SY70D1 - Why don’t we see our conditioning.mp3
01,SY70D2,1E,Learning about the movement of the self,audio,80,SY,Sydney,1970,19 November 1970,Public Discussion,discussion,SY70T1-5,library/1E-public-meetings-misc/SY70D2 - Learning about the movement of the self.mp3
01,SY70T1,1E,"Psychological revolution is possible now, not in the future",audio,85,SY,Sydney,1970,21 November 1970,Public Talk,talk,SY70T1-5,"library/1E-public-meetings-misc/SY70T1 - Psychological revolution is possible now, not in the future.mp3"
01,SY70T2,1E,"Dreams, conformity and fear",audio,82,SY,Sydney,1970,22 November 1970,Public Talk,talk,SY70T1-5,"library/1E-public-meetings-misc/SY70T2 - Dreams, conformity and fear.mp3"
01,SY70T3,1E,"A mind inquiring into pleasure, fear and joy must find out what it is to love",audio,86,SY,Sydney,1970,25 November 1970,Public Talk,talk,SY70T1-5,"library/1E-public-meetings-misc/SY70T3 - A mind inquiring into pleasure, fear and joy must find out what it is to love.mp3"
01,SY70T4,1E,"Habits and time, living and death",audio,88,SY,Sydney,1970,28 November 1970,Public Talk,talk,SY70T1-5,"library/1E-public-meetings-misc/SY70T4 - Habits and time, living and death.mp3"
01,SY70T5,1E,"Religion, attention and meditation",audio,90,SY,Sydney,1970,29 November 1970,Public Talk,talk,SY70T1-5,"library/1E-public-meetings-misc/SY70T5 - Religion, attention and meditation.mp3"
02,AM67DYP1,2A,What does it mean to be totally free?,audio,96,AM,Amsterdam,1967,24 May 1967,Discussion with Young People,school,AM67DYP1-3,library/2A-meetings-with-young-people-usa-and-europe/AM67DYP1 - What does it mean to be totally free.mp3
02,AM67DYP2,2A,When one observes a fact without knowledge then one can learn,audio,82,AM,Amsterdam,1967,28 May 1967,Discussion with Young People,school,AM67DYP1-3,library/2A-meetings-with-young-people-usa-and-europe/AM67DYP2 - When one observes a fact without knowledge then one can learn.mp3
02,AM67DYP3,2A,Is there such thing as free will?,audio,80,AM,Amsterdam,1967,31 May 1967,Discussion with Young People,school,AM67DYP1-3,library/2A-meetings-with-young-people-usa-and-europe/AM67DYP3 - Is there such thing as free will.mp3
02,AM68DYP1,2A,"When I say I must know myself, what is ‘myself’?",audio,83,AM,Amsterdam,1968,14 May 1968,Discussion with Young People,school,AM68DYP1-4,"library/2A-meetings-with-young-people-usa-and-europe/AM68DYP1 - When I say I must know myself, what is ‘myself’.mp3"
02,AM68DYP2,2A,To change without effort,audio,87,AM,Amsterdam,1968,16 May 1968,Discussion with Young People,school,AM68DYP1-4,library/2A-meetings-with-young-people-usa-and-europe/AM68DYP2 - To change without effort.mp3
02,AM68DYP3,2A,Thought operates in the present having its root in the past,audio,76,AM,Amsterdam,1968,21 May 1968,Discussion with Young People,school,AM68DYP1-4,library/2A-meetings-with-young-people-usa-and-europe/AM68DYP3 - Thought operates in the present having its root in the past.mp3
02,AM68DYP4,2A,It is only in freedom that there can be love,audio,83,AM,Amsterdam,1968,23 May 1968,Discussion with Young People,school,AM68DYP1-4,library/2A-meetings-with-young-people-usa-and-europe/AM68DYP4 - It is only in freedom that there can be love.mp3
02,AM69DYP1,2A,Can I live harmoniously?,audio,88,AM,Amsterdam,1969,6 May 1969,Discussion with Young People,school,AM69DYP1-4,library/2A-meetings-with-young-people-usa-and-europe/AM69DYP1 - Can I live harmoniously.mp3
02,AM69DYP2,2A,What am I to watch when all is me?,audio,78,AM,Amsterdam,1969,8 May 1969,Discussion with Young People,school,AM69DYP1-4,library/2A-meetings-with-young-people-usa-and-europe/AM69DYP2 - What am I to watch when all is me.mp3
02,AM69DYP3,2A,Learning has nothing to do with criticism or experiencing,audio,71,AM,Amsterdam,1969,13 May 1969,Discussion with Young People,school,AM69DYP1-4,library/2A-meetings-with-young-people-usa-and-europe/AM69DYP3 - Learning has nothing to do with criticism or experiencing.mp3
02,AM69DYP4,2A,Thought is a movement in fear and pleasure,audio,95,AM,Amsterdam,1969,15 May 1969,Discussion with Young People,school,AM69DYP1-4,library/2A-meetings-with-young-people-usa-and-europe/AM69DYP4 - Thought is a movement in fear and pleasure.mp3
02,AM71DYP,2A,What is the root of isolation?,audio,97,AM,Amsterdam,1971,26 May 1971,Discussion with Young People,school,AM71DYP,library/2A-meetings-with-young-people-usa-and-europe/AM71DYP - What is the root of isolation.mp3
02,BN68DYP1,2A,A mind caught in thought,audio,73,BN,"Brandeis, Massachusetts",1968,21 October 1968,Discussion with Young People,school,BN68TYP1-3,library/2A-meetings-with-young-people-usa-and-europe/BN68DYP1 - A mind caught in thought.mp3
02,BN68DYP2,2A,A life without fragmentation,audio,65,BN,"Brandeis, Massachusetts",1968,22 October 1968,Discussion with Young People,school,BN68TYP1-3,library/2A-meetings-with-young-people-usa-and-europe/BN68DYP2 - A life without fragmentation.mp3
02,BN68S,2A,A way of living that cannot be taught by another,audio,88,BN,"Brandeis, Massachusetts",1968,23 October 1968,Seminar,seminar,,library/2A-meetings-with-young-people-usa-and-europe/BN68S - A way of living that cannot be taught by another.mp3
02,BN68TYP1,2A,Psychological revolution without time,audio,89,BN,"Brandeis, Massachusetts",1968,18 October 1968,Public Talk,recording,BN68TYP1-3,library/2A-meetings-with-young-people-usa-and-europe/BN68TYP1 - Psychological revolution without time.mp3
02,BN68TYP2,2A,Fear and awareness,audio,71,BN,"Brandeis, Massachusetts",1968,21 October 1968,Public Talk,recording,BN68TYP1-3,library/2A-meetings-with-young-people-usa-and-europe/BN68TYP2 - Fear and awareness.mp3
02,BN68TYP3,2A,"Meditation, virtue, love and order",audio,74,BN,"Brandeis, Massachusetts",1968,22 October 1968,Public Talk,recording,BN68TYP1-3,"library/2A-meetings-with-young-people-usa-and-europe/BN68TYP3 - Meditation, virtue, love and order.mp3"
02,BR69DSG,2A,The central cause of all conflict,audio,77,BR,Brockwood Park,1969,22 June 1969,Discussion with Small Group,school,,library/2A-meetings-with-young-people-usa-and-europe/BR69DSG - The central cause of all conflict.mp3
02,CL68DYP1,2A,Freedom of choice is not freedom,audio,83,CL,"Claremont, California",1968,11 November 1968,Discussion with Young People,school,CL68TYP1-3,library/2A-meetings-with-young-people-usa-and-europe/CL68DYP1 - Freedom of choice is not freedom.mp3
02,CL68DYP2,2A,Learning is action,audio,56,CL,"Claremont, California",1968,12 November 1968,Discussion with Young People,school,CL68TYP1-3,library/2A-meetings-with-young-people-usa-and-europe/CL68DYP2 - Learning is action.mp3
02,CL68DYP3,2A,Is it possible to end the thousand yesterdays?,audio,88,CL,"Claremont, California",1968,13 November 1968,Discussion with Young People,school,CL68TYP1-3,library/2A-meetings-with-young-people-usa-and-europe/CL68DYP3 - Is it possible to end the thousand yesterdays.mp3
02,CL68DYP4,2A,Can the mind be free of thought?,audio,80,CL,"Claremont, California",1968,14 November 1968,Discussion with Young People,school,CL68TYP1-3,library/2A-meetings-with-young-people-usa-and-europe/CL68DYP4 - Can the mind be free of thought.mp3
02,CL68DYP5,2A,"The mind that is free of authority is a very intense, alive mind",audio,77,CL,"Claremont, California",1968,15 November 1968,Discussion with Young People,school,CL68TYP1-3,"library/2A-meetings-with-young-people-usa-and-europe/CL68DYP5 - The mind that is free of authority is a very intense, alive mind.mp3"
02,CL68TYP1,2A,A radical transformation in the psyche itself,audio,80,CL,"Claremont, California",1968,8 November 1968,Public Talk,recording,CL68TYP1-3,library/2A-meetings-with-young-people-usa-and-europe/CL68TYP1 - A radical transformation in the psyche itself.mp3
02,CL68TYP2,2A,Thought is the cause of fear,audio,76,CL,"Claremont, California",1968,10 November 1968,Public Talk,recording,CL68TYP1-3,library/2A-meetings-with-young-people-usa-and-europe/CL68TYP2 - Thought is the cause of fear.mp3
02,CL68TYP3,2A,The benediction of meditation,audio,67,CL,"Claremont, California",1968,17 November 1968,Public Talk,recording,CL68TYP1-3,library/2A-meetings-with-young-people-usa-and-europe/CL68TYP3 - The benediction of meditation.mp3
02,FL70TYP,2A,What is totally harmonious action?,audio,73,FL,Florence,1970,27 October 1970,Public Talk,recording,FL70T,library/2A-meetings-with-young-people-usa-and-europe/FL70TYP - What is totally harmonious action.mp3
02,GS66DYP1,2A,Is it possible to be free of fear?,audio,89,GS,Gstaad,1966,15 July 1966,Discussion with Young People,school,GS66DYP1-3,library/2A-meetings-with-young-people-usa-and-europe/GS66DYP1 - Is it possible to be free of fear.mp3
02,GS66DYP2,2A,Why don’t you see violence as danger?,audio,86,GS,Gstaad,1966,22 July 1966,Discussion with Young People,school,GS66DYP1-3,library/2A-meetings-with-young-people-usa-and-europe/GS66DYP2 - Why don’t you see violence as danger.mp3
02,GS66DYP3,2A,Why don’t you stop when you are confused?,audio,87,GS,Gstaad,1966,29 July 1966,Discussion with Young People,school,GS66DYP1-3,library/2A-meetings-with-young-people-usa-and-europe/GS66DYP3 - Why don’t you stop when you are confused.mp3
02,GS67DYP1,2A,A state which is always moving,audio,47,GS,Gstaad,1967,13 August 1967,Discussion with Young People,school,GS67DYP1-2,library/2A-meetings-with-young-people-usa-and-europe/GS67DYP1 - A state which is always moving.mp3
02,GS67DYP2,2A,An action that is not a projection of the past,audio,50,GS,Gstaad,1967,15 August 1967,Discussion with Young People,school,GS67DYP1-2,library/2A-meetings-with-young-people-usa-and-europe/GS67DYP2 - An action that is not a projection of the past.mp3
02,ML6869DYP1,2A,Is analysis the way for the mind to learn about itself?,audio,82,ML,"Malibu, California",6869,14 December 1968,Discussion with Young People,school,ML6869DYP1-14,library/2A-meetings-with-young-people-usa-and-europe/ML6869DYP1 - Is analysis the way for the mind to learn about itself.mp3
02,ML6869DYP10,2A,What is the relationship between a free mind and an organized mind?,audio,96,ML,"Malibu, California",6869,12 January 1969,Discussion with Young People,school,ML6869DYP1-14,library/2A-meetings-with-young-people-usa-and-europe/ML6869DYP10 - What is the relationship between a free mind and an organized mind.mp3
02,ML6869DYP11,2A,Living without assumption,audio,78,ML,"Malibu, California",6869,18 January 1969,Discussion with Young People,school,ML6869DYP1-14,library/2A-meetings-with-young-people-usa-and-europe/ML6869DYP11 - Living without assumption.mp3
02,ML6869DYP12,2A,What is the element that brings about a tremendous instant revolution?,audio,62,ML,"Malibu, California",6869,19 January 1969,Discussion with Young People,school,ML6869DYP1-14,library/2A-meetings-with-young-people-usa-and-europe/ML6869DYP12 - What is the element that brings about a tremendous instant revolution.mp3
02,ML6869DYP13,2A,How do we gather the energy needed to change?,audio,66,ML,"Malibu, California",6869,25 January 1969,Discussion with Young People,school,ML6869DYP1-14,library/2A-meetings-with-young-people-usa-and-europe/ML6869DYP13 - How do we gather the energy needed to change.mp3
02,ML6869DYP14,2A,The possible and the impossible,audio,94,ML,"Malibu, California",6869,26 January 1969,Discussion with Young People,school,ML6869DYP1-14,library/2A-meetings-with-young-people-usa-and-europe/ML6869DYP14 - The possible and the impossible.mp3
02,ML6869DYP2,2A,How do I become aware of my conditioning?,audio,87,ML,"Malibu, California",6869,15 December 1968,Discussion with Young People,school,ML6869DYP1-14,library/2A-meetings-with-young-people-usa-and-europe/ML6869DYP2 - How do I become aware of my conditioning.mp3
02,ML6869DYP3,2A,Thought creates fear of the pain of tomorrow,audio,95,ML,"Malibu, California",6869,21 December 1968,Discussion with Young People,school,ML6869DYP1-14,library/2A-meetings-with-young-people-usa-and-europe/ML6869DYP3 - Thought creates fear of the pain of tomorrow.mp3
02,ML6869DYP4,2A,A brain overcrowded with memories becomes confused,audio,77,ML,"Malibu, California",6869,22 December 1968,Discussion with Young People,school,ML6869DYP1-14,library/2A-meetings-with-young-people-usa-and-europe/ML6869DYP4 - A brain overcrowded with memories becomes confused.mp3
02,ML6869DYP5,2A,"Can the mind be free of fear, pain and pleasure?",audio,95,ML,"Malibu, California",6869,28 December 1968,Discussion with Young People,school,ML6869DYP1-14,"library/2A-meetings-with-young-people-usa-and-europe/ML6869DYP5 - Can the mind be free of fear, pain and pleasure.mp3"
02,ML6869DYP6,2A,"Can the mind look at violence as it arises, as though for the first time?",audio,72,ML,"Malibu, California",6869,29 December 1968,Discussion with Young People,school,ML6869DYP1-14,"library/2A-meetings-with-young-people-usa-and-europe/ML6869DYP6 - Can the mind look at violence as it arises, as though for the first time.mp3"
02,ML6869DYP7,2A,Is there a discipline without the act of will?,audio,108,ML,"Malibu, California",6869,4 January 1969,Discussion with Young People,school,ML6869DYP1-14,library/2A-meetings-with-young-people-usa-and-europe/ML6869DYP7 - Is there a discipline without the act of will.mp3
02,ML6869DYP8,2A,What is the state of a mind that is necessary to learn?,audio,68,ML,"Malibu, California",6869,5 January 1969,Discussion with Young People,school,ML6869DYP1-14,library/2A-meetings-with-young-people-usa-and-europe/ML6869DYP8 - What is the state of a mind that is necessary to learn.mp3
02,ML6869DYP9,2A,Loneliness and intelligence,audio,88,ML,"Malibu, California",6869,11 January 1969,Discussion with Young People,school,ML6869DYP1-14,library/2A-meetings-with-young-people-usa-and-europe/ML6869DYP9 - Loneliness and intelligence.mp3
02,ML70DYP,2A,Relationship without the past interfering,audio,80,ML,"Malibu, California",1970,14 April 1970,Discussion with Young People,school,,library/2A-meetings-with-young-people-usa-and-europe/ML70DYP - Relationship without the past interfering.mp3
02,OJ66TYP1,2A,Education is the cultivation of the total person,audio,65,OJ,"Ojai, California",1966,3 November 1966,Public Talk,recording,,library/2A-meetings-with-young-people-usa-and-europe/OJ66TYP1 - Education is the cultivation of the total person.mp3
02,OJ72DYP,2A,Questioning everything,audio,91,OJ,"Ojai, California",1972,23 January 1972,Discussion with Young People,school,,library/2A-meetings-with-young-people-usa-and-europe/OJ72DYP - Questioning everything.mp3
02,PA69DYP1,2A,What is the state of the mind when the observer is not?,audio,86,PA,Paris,1969,12 April 1969,Discussion with Young People,school,PA69T1-5,library/2A-meetings-with-young-people-usa-and-europe/PA69DYP1 - What is the state of the mind when the observer is not.mp3
02,PA69DYP2,2A,What am I to do in life?,audio,73,PA,Paris,1969,16 April 1969,Discussion with Young People,school,PA69T1-5,library/2A-meetings-with-young-people-usa-and-europe/PA69DYP2 - What am I to do in life.mp3
02,PA69DYP3,2A,Why are we confused?,audio,75,PA,Paris,1969,19 April 1969,Discussion with Young People,school,PA69T1-5,library/2A-meetings-with-young-people-usa-and-europe/PA69DYP3 - Why are we confused.mp3
02,PA69DYP4,2A,Looking at pleasure and pain,audio,71,PA,Paris,1969,22 April 1969,Discussion with Young People,school,PA69T1-5,library/2A-meetings-with-young-people-usa-and-europe/PA69DYP4 - Looking at pleasure and pain.mp3
02,SA68DYP1,2A,Why do I want to fulfil myself?,audio,72,SA,Saanen,1968,17 July 1968,Discussion with Young People,school,SA68DYP1-4,library/2A-meetings-with-young-people-usa-and-europe/SA68DYP1 - Why do I want to fulfil myself.mp3
02,SA68DYP2,2A,When are we aware of the image-making process?,audio,71,SA,Saanen,1968,19 July 1968,Discussion with Young People,school,SA68DYP1-4,library/2A-meetings-with-young-people-usa-and-europe/SA68DYP2 - When are we aware of the image-making process.mp3
02,SA68DYP3,2A,Non-fragmentary action in a fragmented world,audio,76,SA,Saanen,1968,24 July 1968,Discussion with Young People,school,SA68DYP1-4,library/2A-meetings-with-young-people-usa-and-europe/SA68DYP3 - Non-fragmentary action in a fragmented world.mp3
02,SA68DYP4,2A,Do we build images to protect ourselves?,audio,74,SA,Saanen,1968,26 July 1968,Discussion with Young People,school,SA68DYP1-4,library/2A-meetings-with-young-people-usa-and-europe/SA68DYP4 - Do we build images to protect ourselves.mp3
02,SA70DYP1,2A,What is your vocation?,audio,71,SA,Saanen,1970,24 July 1970,Discussion with Young People,school,SA70DYP1-2,library/2A-meetings-with-young-people-usa-and-europe/SA70DYP1 - What is your vocation.mp3
02,SA70DYP2,2A,How do you know you are confused?,audio,76,SA,Saanen,1970,31 July 1970,Discussion with Young People,school,SA70DYP1-2,library/2A-meetings-with-young-people-usa-and-europe/SA70DYP2 - How do you know you are confused.mp3
02,SC69DYP1,2A,Conflict and meditation,audio,82,SC,Schönried,1969,8 July 1969,Discussion with Young People,school,SC69DYP1-3,library/2A-meetings-with-young-people-usa-and-europe/SC69DYP1 - Conflict and meditation.mp3
02,SC69DYP2,2A,Conflict and conclusions,audio,92,SC,Schönried,1969,10 July 1969,Discussion with Young People,school,SC69DYP1-3,library/2A-meetings-with-young-people-usa-and-europe/SC69DYP2 - Conflict and conclusions.mp3
02,SC69DYP3,2A,"On religious life, change and fear",audio,81,SC,Schönried,1969,13 July 1969,Discussion with Young People,school,SC69DYP1-3,"library/2A-meetings-with-young-people-usa-and-europe/SC69DYP3 - On religious life, change and fear.mp3"
02,SD70DYP,2A,How can the mind free itself of its accumulated violence?,audio,92,SD,"San Diego, California",1970,8 April 1970,Discussion with Young People,school,SD70DYP,library/2A-meetings-with-young-people-usa-and-europe/SD70DYP - How can the mind free itself of its accumulated violence.mp3
02,SD71DYP1,2A,Can human beings radically bring about in themselves a psychological revolution?,video,63,SD,"San Diego, California",1971,25 March 1971,Discussion with Young People,school,SD71DYP1-2,library/2A-meetings-with-young-people-usa-and-europe/SD71DYP1 - Can human beings radically bring about in themselves a psychological revolution.mp4
02,SD71DYP2,2A,A possibility of change,video,58,SD,"San Diego, California",1971,29 March 1971,Discussion with Young People,school,SD71DYP1-2,library/2A-meetings-with-young-people-usa-and-europe/SD71DYP2 - A possibility of change.mp4
02,BO84IIT,2B,What place has knowledge in human relationship?,video,86,BO,Bombay (Mumbai),1984,7 February 1984,Interview,interview,,library/2B-meetings-with-young-people-india/BO84IIT - What place has knowledge in human relationship.mp4
02,MA71DYP,2B,Looking without conclusion,audio,76,MA,Madras (Chennai),1971,18 January 1971,Discussion with Young People,school,,library/2B-meetings-with-young-people-india/MA71DYP - Looking without conclusion.mp3
02,MA84DYP1,2B,It is more important to understand violence than to become nonviolent,audio,91,MA,Madras (Chennai),1984,10 January 1984,Discussion with Young People,school,MA84DYP1-2,library/2B-meetings-with-young-people-india/MA84DYP1 - It is more important to understand violence than to become nonviolent.mp3
02,MA84DYP2,2B,"What is the relationship between highly educated, specialised people and the rest of the world?",video,91,MA,Madras (Chennai),1984,18 January 1984,Discussion with Young People,school,MA84DYP1-2,"library/2B-meetings-with-young-people-india/MA84DYP2 - What is the relationship between highly educated, specialised people and the rest of the world.mp4"
02,MA85DYP,2B,What causes war? A discussion with IIT students,audio,85,MA,Madras (Chennai),1985,16 January 1985,Discussion with Young People,school,,library/2B-meetings-with-young-people-india/MA85DYP - What causes war A discussion with IIT students.mp3
03,BR73DSG1,3A,We can only learn about ourselves in the mirror of relationship,audio,112,BR,Brockwood Park,1973,29 September 1973,Discussion with Small Group,school,BR73DSG1-4,library/3A-small-group-discussions-australia-europe-and-usa/BR73DSG1 - We can only learn about ourselves in the mirror of relationship.mp3
03,BR73DSG2,3A,The brain trying to find security creates the image,audio,98,BR,Brockwood Park,1973,30 September 1973,Discussion with Small Group,school,BR73DSG1-4,library/3A-small-group-discussions-australia-europe-and-usa/BR73DSG2 - The brain trying to find security creates the image.mp3
03,BR73DSG3,3A,"Duality, envy and sorrow",audio,101,BR,Brockwood Park,1973,6 October 1973,Discussion with Small Group,school,BR73DSG1-4,"library/3A-small-group-discussions-australia-europe-and-usa/BR73DSG3 - Duality, envy and sorrow.mp3"
03,BR73DSG4,3A,"Meditation, control, belief and not knowing",audio,119,BR,Brockwood Park,1973,7 October 1973,Discussion with Small Group,school,BR73DSG1-4,"library/3A-small-group-discussions-australia-europe-and-usa/BR73DSG4 - Meditation, control, belief and not knowing.mp3"
03,BR76CTM0,3A,Introduction to 'The transformation of man' series,video,10,BR,Brockwood Park,1976,21 May 1976,Conversation,conversation,BR76CTM1-7,library/3A-small-group-discussions-australia-europe-and-usa/BR76CTM0 - Introduction to 'The transformation of man' series.mp4
03,BR76CTM1,3A,Are we aware that we are fragmented?,video,61,BR,Brockwood Park,1976,17 May 1976,Conversation,conversation,BR76CTM1-7,library/3A-small-group-discussions-australia-europe-and-usa/BR76CTM1 - Are we aware that we are fragmented.mp4
03,BR76CTM2,3A,A mechanical way of living leads to disorder,video,61,BR,Brockwood Park,1976,18 May 1976,Conversation,conversation,BR76CTM1-7,library/3A-small-group-discussions-australia-europe-and-usa/BR76CTM2 - A mechanical way of living leads to disorder.mp4
03,BR76CTM3,3A,Can I completely change at the very root?,video,50,BR,Brockwood Park,1976,18 May 1976,Conversation,conversation,BR76CTM1-7,library/3A-small-group-discussions-australia-europe-and-usa/BR76CTM3 - Can I completely change at the very root.mp4
03,BR76CTM4,3A,In aloneness you can be completely secure,video,58,BR,Brockwood Park,1976,19 May 1976,Conversation,conversation,BR76CTM1-7,library/3A-small-group-discussions-australia-europe-and-usa/BR76CTM4 - In aloneness you can be completely secure.mp4
03,BR76CTM5,3A,Your image of yourself prevents relationship with others,video,58,BR,Brockwood Park,1976,19 May 1976,Conversation,conversation,BR76CTM1-7,library/3A-small-group-discussions-australia-europe-and-usa/BR76CTM5 - Your image of yourself prevents relationship with others.mp4
03,BR76CTM6,3A,Any form of image prevents the beauty of relationship,video,57,BR,Brockwood Park,1976,20 May 1976,Conversation,conversation,BR76CTM1-7,library/3A-small-group-discussions-australia-europe-and-usa/BR76CTM6 - Any form of image prevents the beauty of relationship.mp4
03,BR76CTM7,3A,Life is sacred,video,57,BR,Brockwood Park,1976,20 May 1976,Conversation,conversation,BR76CTM1-7,library/3A-small-group-discussions-australia-europe-and-usa/BR76CTM7 - Life is sacred.mp4
03,BR77DSG,3A,What is preventing change?,audio,112,BR,Brockwood Park,1977,29 August 1977,Discussion with Small Group,school,,library/3A-small-group-discussions-australia-europe-and-usa/BR77DSG - What is preventing change.mp3
03,BR7879CBS1,3A,Are you not saying what the Buddha said?,video,97,BR,Brockwood Park,7879,22 June 1978,Conversation,conversation,BR7879CBS1-5,library/3A-small-group-discussions-australia-europe-and-usa/BR7879CBS1 - Are you not saying what the Buddha said.mp4
03,BR7879CBS2,3A,Is there a state of mind without the self?,video,92,BR,Brockwood Park,7879,23 June 1978,Conversation,conversation,BR7879CBS1-5,library/3A-small-group-discussions-australia-europe-and-usa/BR7879CBS2 - Is there a state of mind without the self.mp4
03,BR7879CBS3,3A,Does free will exist?,video,113,BR,Brockwood Park,7879,23 June 1978,Conversation,conversation,BR7879CBS1-5,library/3A-small-group-discussions-australia-europe-and-usa/BR7879CBS3 - Does free will exist.mp4
03,BR7879CBS4,3A,What is truth?,video,93,BR,Brockwood Park,7879,28 June 1979,Conversation,conversation,BR7879CBS1-5,library/3A-small-group-discussions-australia-europe-and-usa/BR7879CBS4 - What is truth.mp4
03,BR7879CBS5,3A,Is there life after death?,video,106,BR,Brockwood Park,7879,28 June 1979,Conversation,conversation,BR7879CBS1-5,library/3A-small-group-discussions-australia-europe-and-usa/BR7879CBS5 - Is there life after death.mp4
03,BR80DCO1,3A,Why haven't we changed?,video,75,BR,Brockwood Park,1980,15 September 1980,Public Discussion,recording,BR80DCO1-2,library/3A-small-group-discussions-australia-europe-and-usa/BR80DCO1 - Why haven't we changed.mp4
03,BR80DCO2,3A,Are you aware that your mind is functioning in a groove?,video,83,BR,Brockwood Park,1980,19 September 1980,Public Discussion,recording,BR80DCO1-2,library/3A-small-group-discussions-australia-europe-and-usa/BR80DCO2 - Are you aware that your mind is functioning in a groove.mp4
03,BR80DSG1.0,3A,Stepping out of the stream of consciousness,audio,126,BR,Brockwood Park,1980,25 May 1980,Discussion with Small Group,school,,library/3A-small-group-discussions-australia-europe-and-usa/BR80DSG1.0 - Stepping out of the stream of consciousness.mp3
03,BR85DSG1.1,3A,Why don’t you listen?,video,66,BR,Brockwood Park,1985,14 October 1985,Discussion with Small Group,school,BR85DSG1-2,library/3A-small-group-discussions-australia-europe-and-usa/BR85DSG1.1 - Why don’t you listen.mp4
03,BR85DSG1.2,3A,Will Brockwood be a place where people come to listen to something very deep?,video,64,BR,Brockwood Park,1985,19 October 1985,Discussion with Small Group,school,BR85DSG1-2,library/3A-small-group-discussions-australia-europe-and-usa/BR85DSG1.2 - Will Brockwood be a place where people come to listen to something very deep.mp4
03,GS62DSG1,3A,A passion which has no motive,audio,77,GS,Gstaad,1962,14 August 1962,Discussion with Small Group,school,GS62DSG1-8,library/3A-small-group-discussions-australia-europe-and-usa/GS62DSG1 - A passion which has no motive.mp3
03,GS62DSG2,3A,Imitation and negative thinking,audio,76,GS,Gstaad,1962,15 August 1962,Discussion with Small Group,school,GS62DSG1-8,library/3A-small-group-discussions-australia-europe-and-usa/GS62DSG2 - Imitation and negative thinking.mp3
03,GS62DSG3,3A,Do we go to the end of anything?,audio,80,GS,Gstaad,1962,16 August 1962,Discussion with Small Group,school,GS62DSG1-8,library/3A-small-group-discussions-australia-europe-and-usa/GS62DSG3 - Do we go to the end of anything.mp3
03,GS62DSG4,3A,Authority and imitation,audio,65,GS,Gstaad,1962,17 August 1962,Discussion with Small Group,school,GS62DSG1-8,library/3A-small-group-discussions-australia-europe-and-usa/GS62DSG4 - Authority and imitation.mp3
03,GS62DSG5,3A,Seeing authority as a poison,audio,83,GS,Gstaad,1962,18 August 1962,Discussion with Small Group,school,GS62DSG1-8,library/3A-small-group-discussions-australia-europe-and-usa/GS62DSG5 - Seeing authority as a poison.mp3
03,GS62DSG6,3A,What is the state of the mind that discovers?,audio,72,GS,Gstaad,1962,19 August 1962,Discussion with Small Group,school,GS62DSG1-8,library/3A-small-group-discussions-australia-europe-and-usa/GS62DSG6 - What is the state of the mind that discovers.mp3
03,GS62DSG7,3A,Fear is preventing us from looking,audio,70,GS,Gstaad,1962,20 August 1962,Discussion with Small Group,school,GS62DSG1-8,library/3A-small-group-discussions-australia-europe-and-usa/GS62DSG7 - Fear is preventing us from looking.mp3
03,GS62DSG8,3A,Once discovery is deeply taking place there is nothing more to discover,audio,63,GS,Gstaad,1962,21 August 1962,Discussion with Small Group,school,GS62DSG1-8,library/3A-small-group-discussions-australia-europe-and-usa/GS62DSG8 - Once discovery is deeply taking place there is nothing more to discover.mp3
03,GS64DSG1,3A,Start at the very depth of things,audio,102,GS,Gstaad,1964,15 August 1964,Discussion with Small Group,school,GS64DSG1-8,library/3A-small-group-discussions-australia-europe-and-usa/GS64DSG1 - Start at the very depth of things.mp3
03,GS64DSG2,3A,Action from the unknown,audio,91,GS,Gstaad,1964,16 August 1964,Discussion with Small Group,school,GS64DSG1-8,library/3A-small-group-discussions-australia-europe-and-usa/GS64DSG2 - Action from the unknown.mp3
03,GS64DSG3,3A,An action beyond the bondage of time,audio,90,GS,Gstaad,1964,17 August 1964,Discussion with Small Group,school,GS64DSG1-8,library/3A-small-group-discussions-australia-europe-and-usa/GS64DSG3 - An action beyond the bondage of time.mp3
03,GS64DSG4,3A,The mind that sees the whole,audio,87,GS,Gstaad,1964,18 August 1964,Discussion with Small Group,school,GS64DSG1-8,library/3A-small-group-discussions-australia-europe-and-usa/GS64DSG4 - The mind that sees the whole.mp3
03,GS64DSG5,3A,Where there is accumulation there is fragmentation,audio,98,GS,Gstaad,1964,19 August 1964,Discussion with Small Group,school,GS64DSG1-8,library/3A-small-group-discussions-australia-europe-and-usa/GS64DSG5 - Where there is accumulation there is fragmentation.mp3
03,GS64DSG6,3A,Is there action apart from animalistic action?,audio,99,GS,Gstaad,1964,20 August 1964,Discussion with Small Group,school,GS64DSG1-8,library/3A-small-group-discussions-australia-europe-and-usa/GS64DSG6 - Is there action apart from animalistic action.mp3
03,GS64DSG7,3A,Learning is the act of intelligence,audio,88,GS,Gstaad,1964,21 August 1964,Discussion with Small Group,school,GS64DSG1-8,library/3A-small-group-discussions-australia-europe-and-usa/GS64DSG7 - Learning is the act of intelligence.mp3
03,GS64DSG8,3A,Knowing without experiencing,audio,73,GS,Gstaad,1964,22 August 1964,Discussion with Small Group,school,GS64DSG1-8,library/3A-small-group-discussions-australia-europe-and-usa/GS64DSG8 - Knowing without experiencing.mp3
03,GS65DSG1.1,3A,Choice and its relationship to time,audio,68,GS,Gstaad,1965,30 June 1965,Discussion with Small Group,school,GS65DSG1.1-1.3,library/3A-small-group-discussions-australia-europe-and-usa/GS65DSG1.1 - Choice and its relationship to time.mp3
03,GS65DSG1.2,3A,Is it possible for the mind to be free of the process of habit?,audio,66,GS,Gstaad,1965,23 July 1965,Discussion with Small Group,school,GS65DSG1.1-1.3,library/3A-small-group-discussions-australia-europe-and-usa/GS65DSG1.2 - Is it possible for the mind to be free of the process of habit.mp3
03,GS65DSG1.3,3A,Going deeply into the unconscious,audio,95,GS,Gstaad,1965,30 July 1965,Discussion with Small Group,school,GS65DSG1.1-1.3,library/3A-small-group-discussions-australia-europe-and-usa/GS65DSG1.3 - Going deeply into the unconscious.mp3
03,GS65DSG2.1,3A,Is thought detrimental?,audio,63,GS,Gstaad,1965,15 August 1965,Discussion with Small Group,school,GS65DSG2.1-2.6,library/3A-small-group-discussions-australia-europe-and-usa/GS65DSG2.1 - Is thought detrimental.mp3
03,GS65DSG2.2,3A,Am I aware of the process of thinking?,audio,60,GS,Gstaad,1965,18 August 1965,Discussion with Small Group,school,GS65DSG2.1-2.6,library/3A-small-group-discussions-australia-europe-and-usa/GS65DSG2.2 - Am I aware of the process of thinking.mp3
03,GS65DSG2.3,3A,What will make me see that thought breeds frustration?,audio,78,GS,Gstaad,1965,21 August 1965,Discussion with Small Group,school,GS65DSG2.1-2.6,library/3A-small-group-discussions-australia-europe-and-usa/GS65DSG2.3 - What will make me see that thought breeds frustration.mp3
03,GS65DSG2.4,3A,From where do attachment and detachment come?,audio,65,GS,Gstaad,1965,24 August 1965,Discussion with Small Group,school,GS65DSG2.1-2.6,library/3A-small-group-discussions-australia-europe-and-usa/GS65DSG2.4 - From where do attachment and detachment come.mp3
03,GS65DSG2.5,3A,A complete stillness,audio,65,GS,Gstaad,1965,25 August 1965,Discussion with Small Group,school,GS65DSG2.1-2.6,library/3A-small-group-discussions-australia-europe-and-usa/GS65DSG2.5 - A complete stillness.mp3
03,GS65DSG2.6,3A,"When the mind is completely quiet, how can there be time?",audio,85,GS,Gstaad,1965,29 August 1965,Discussion with Small Group,school,GS65DSG2.1-2.6,"library/3A-small-group-discussions-australia-europe-and-usa/GS65DSG2.6 - When the mind is completely quiet, how can there be time.mp3"
03,LO67DSG1.1,3A,Thought is the observer,audio,61,LO,London,1967,19 September 1967,Discussion with Small Group,school,LO67DSG1.1-1.3,library/3A-small-group-discussions-australia-europe-and-usa/LO67DSG1.1 - Thought is the observer.mp3
03,LO67DSG1.2,3A,Can I look at myself without thought?,audio,63,LO,London,1967,26 September 1967,Discussion with Small Group,school,LO67DSG1.1-1.3,library/3A-small-group-discussions-australia-europe-and-usa/LO67DSG1.2 - Can I look at myself without thought.mp3
03,LO67DSG1.3,3A,"Images, change, the observer and the observed",audio,67,LO,London,1967,28 September 1967,Discussion with Small Group,school,LO67DSG1.1-1.3,"library/3A-small-group-discussions-australia-europe-and-usa/LO67DSG1.3 - Images, change, the observer and the observed.mp3"
03,LO67DSG2.1,3A,What is sacred?,audio,96,LO,London,1967,20 September 1967,Discussion with Small Group,school,LO67DSG2.1-2.2,library/3A-small-group-discussions-australia-europe-and-usa/LO67DSG2.1 - What is sacred.mp3
03,LO67DSG2.2,3A,Meditation and experience,audio,50,LO,London,1967,21 September 1967,Discussion with Small Group,school,LO67DSG2.1-2.2,library/3A-small-group-discussions-australia-europe-and-usa/LO67DSG2.2 - Meditation and experience.mp3
03,LO67DSG3.1,3A,How will you live a different kind of life?,audio,71,LO,London,1967,29 September 1967,Discussion with Small Group,school,LO67DSG3.1-3.2,library/3A-small-group-discussions-australia-europe-and-usa/LO67DSG3.1 - How will you live a different kind of life.mp3
03,LO67DSG3.2,3A,What are we educated for?,audio,74,LO,London,1967,1 October 1967,Discussion with Small Group,school,LO67DSG3.1-3.2,library/3A-small-group-discussions-australia-europe-and-usa/LO67DSG3.2 - What are we educated for.mp3
03,ML70DSG1,3A,Living with a sustained seriousness,audio,91,ML,"Malibu, California",1970,21 February 1970,Discussion with Small Group,school,ML70DSG1-8,library/3A-small-group-discussions-australia-europe-and-usa/ML70DSG1 - Living with a sustained seriousness.mp3
03,ML70DSG2,3A,Can the brain operate without recourse to the past?,audio,92,ML,"Malibu, California",1970,22 February 1970,Discussion with Small Group,school,ML70DSG1-8,library/3A-small-group-discussions-australia-europe-and-usa/ML70DSG2 - Can the brain operate without recourse to the past.mp3
03,ML70DSG3,3A,What makes one control?,video,107,ML,"Malibu, California",1970,14 March 1970,Discussion with Small Group,school,ML70DSG1-8,library/3A-small-group-discussions-australia-europe-and-usa/ML70DSG3 - What makes one control.mp4
03,ML70DSG4,3A,Being serious without belief,video,75,ML,"Malibu, California",1970,15 March 1970,Discussion with Small Group,school,ML70DSG1-8,library/3A-small-group-discussions-australia-europe-and-usa/ML70DSG4 - Being serious without belief.mp4
03,ML70DSG5,3A,Attention leads to learning,video,91,ML,"Malibu, California",1970,21 March 1970,Discussion with Small Group,school,ML70DSG1-8,library/3A-small-group-discussions-australia-europe-and-usa/ML70DSG5 - Attention leads to learning.mp4
03,ML70DSG6,3A,Fear in consciousness,video,88,ML,"Malibu, California",1970,22 March 1970,Discussion with Small Group,school,ML70DSG1-8,library/3A-small-group-discussions-australia-europe-and-usa/ML70DSG6 - Fear in consciousness.mp4
03,ML70DSG7,3A,What is order?,video,80,ML,"Malibu, California",1970,28 March 1970,Discussion with Small Group,school,ML70DSG1-8,library/3A-small-group-discussions-australia-europe-and-usa/ML70DSG7 - What is order.mp4
03,ML70DSG8,3A,How is one to be entirely free of fear?,video,86,ML,"Malibu, California",1970,29 March 1970,Discussion with Small Group,school,ML70DSG1-8,library/3A-small-group-discussions-australia-europe-and-usa/ML70DSG8 - How is one to be entirely free of fear.mp4
03,NY84DSG,3A,"What blocks us, and what is the ultimate fear?",audio,118,NY,New York,1984,16 April 1984,Discussion with Small Group,school,,"library/3A-small-group-discussions-australia-europe-and-usa/NY84DSG - What blocks us, and what is the ultimate fear.mp3"
03,OJ70DSG1,3A,Change and comparison,audio,81,OJ,"Ojai, California",1970,12 March 1970,Discussion with Small Group,school,OJ70DSG1-3,library/3A-small-group-discussions-australia-europe-and-usa/OJ70DSG1 - Change and comparison.mp3
03,OJ70DSG2,3A,Can one free the mind of all images?,audio,93,OJ,"Ojai, California",1970,19 March 1970,Discussion with Small Group,school,OJ70DSG1-3,library/3A-small-group-discussions-australia-europe-and-usa/OJ70DSG2 - Can one free the mind of all images.mp3
03,OJ70DSG3,3A,"Energy, disorder, action, meditation",audio,93,OJ,"Ojai, California",1970,26 March 1970,Discussion with Small Group,school,OJ70DSG1-3,"library/3A-small-group-discussions-australia-europe-and-usa/OJ70DSG3 - Energy, disorder, action, meditation.mp3"
03,OJ72DSG1,3A,Conflict and choice,audio,95,OJ,"Ojai, California",1972,29 March 1972,Discussion with Small Group,school,OJ72DSG1-4,library/3A-small-group-discussions-australia-europe-and-usa/OJ72DSG1 - Conflict and choice.mp3
03,OJ72DSG2,3A,A life without measurement,audio,87,OJ,"Ojai, California",1972,30 March 1972,Discussion with Small Group,school,OJ72DSG1-4,library/3A-small-group-discussions-australia-europe-and-usa/OJ72DSG2 - A life without measurement.mp3
03,OJ72DSG3,3A,Direct perception,audio,92,OJ,"Ojai, California",1972,31 March 1972,Discussion with Small Group,school,OJ72DSG1-4,library/3A-small-group-discussions-australia-europe-and-usa/OJ72DSG3 - Direct perception.mp3
03,OJ72DSG4,3A,Can thought bring about a change in our daily life?,audio,100,OJ,"Ojai, California",1972,1 April 1972,Discussion with Small Group,school,OJ72DSG1-4,library/3A-small-group-discussions-australia-europe-and-usa/OJ72DSG4 - Can thought bring about a change in our daily life.mp3
03,OJ79DSG,3A,Can conditioning be totally dissolved?,audio,59,OJ,"Ojai, California",1979,16 March 1979,Discussion with Small Group,school,,library/3A-small-group-discussions-australia-europe-and-usa/OJ79DSG - Can conditioning be totally dissolved.mp3
03,OJ81DSG,3A,"Computers, thought and insight",audio,88,OJ,"Ojai, California",1981,1 April 1981,Discussion with Small Group,school,,"library/3A-small-group-discussions-australia-europe-and-usa/OJ81DSG - Computers, thought and insight.mp3"
03,OJ82CNM1,3A,The roots of psychological disorder,video,58,OJ,"Ojai, California",1982,16 April 1982,Conversation,conversation,OJ82CNM1-4,library/3A-small-group-discussions-australia-europe-and-usa/OJ82CNM1 - The roots of psychological disorder.mp4
03,OJ82CNM2,3A,Psychological suffering,video,58,OJ,"Ojai, California",1982,17 April 1982,Conversation,conversation,OJ82CNM1-4,library/3A-small-group-discussions-australia-europe-and-usa/OJ82CNM2 - Psychological suffering.mp4
03,OJ82CNM3,3A,The need for security,video,59,OJ,"Ojai, California",1982,17 April 1982,Conversation,conversation,OJ82CNM1-4,library/3A-small-group-discussions-australia-europe-and-usa/OJ82CNM3 - The need for security.mp4
03,OJ82CNM4,3A,What is a healthy mind?,video,55,OJ,"Ojai, California",1982,18 April 1982,Conversation,conversation,OJ82CNM1-4,library/3A-small-group-discussions-australia-europe-and-usa/OJ82CNM4 - What is a healthy mind.mp4
03,RO72DSG1,3A,Can I live a life which is totally harmonious?,audio,87,RO,Rome,1972,31 October 1972,Discussion with Small Group,school,RO72DSG1-3,library/3A-small-group-discussions-australia-europe-and-usa/RO72DSG1 - Can I live a life which is totally harmonious.mp3
03,RO72DSG2,3A,The world is on fire,audio,88,RO,Rome,1972,2 November 1972,Discussion with Small Group,school,RO72DSG1-3,library/3A-small-group-discussions-australia-europe-and-usa/RO72DSG2 - The world is on fire.mp3
03,RO72DSG3,3A,Is there anything new at all?,audio,82,RO,Rome,1972,4 November 1972,Discussion with Small Group,school,RO72DSG1-3,library/3A-small-group-discussions-australia-europe-and-usa/RO72DSG3 - Is there anything new at all.mp3
03,RO73DSG1,3A,The division between the observer and the observed,audio,87,RO,Rome,1973,30 October 1973,Discussion with Small Group,school,RO73T,library/3A-small-group-discussions-australia-europe-and-usa/RO73DSG1 - The division between the observer and the observed.mp3
03,RO73DSG2,3A,Ending the chattering of the mind,audio,87,RO,Rome,1973,31 October 1973,Discussion with Small Group,school,RO73T,library/3A-small-group-discussions-australia-europe-and-usa/RO73DSG2 - Ending the chattering of the mind.mp3
03,SY70DSG1,3A,What does it mean to look at something as a whole?,audio,93,SY,Sydney,1970,23 November 1970,Discussion with Small Group,school,SY70DSG1-2,library/3A-small-group-discussions-australia-europe-and-usa/SY70DSG1 - What does it mean to look at something as a whole.mp3
03,SY70DSG2,3A,Comparison and conformity,audio,100,SY,Sydney,1970,30 November 1970,Discussion with Small Group,school,SY70DSG1-2,library/3A-small-group-discussions-australia-europe-and-usa/SY70DSG2 - Comparison and conformity.mp3
03,BA71DSG,3B,Can the past be wiped away through effort?,audio,72,BA,Bangalore,1971,1 February 1971,Discussion with Small Group,school,,library/3B-small-group-discussions-india-and-sri-lanka/BA71DSG - Can the past be wiped away through effort.mp3
03,BA73DSG1,3B,What is the function of thought in life?,audio,84,BA,Bangalore,1973,11 January 1973,Discussion with Small Group,school,BA73DSG1-2,library/3B-small-group-discussions-india-and-sri-lanka/BA73DSG1 - What is the function of thought in life.mp3
03,BA73DSG2,3B,"Where there is division, there must be conflict",audio,93,BA,Bangalore,1973,12 January 1973,Discussion with Small Group,school,BA73DSG1-2,"library/3B-small-group-discussions-india-and-sri-lanka/BA73DSG2 - Where there is division, there must be conflict.mp3"
03,BA75DSG,3B,Education and the transformation of consciousness,audio,86,BA,Bangalore,1975,10 January 1975,Discussion with Small Group,school,,library/3B-small-group-discussions-india-and-sri-lanka/BA75DSG - Education and the transformation of consciousness.mp3
03,BO77DSG1.1,3B,What is the root cause of fragmentation?,audio,79,BO,Bombay (Mumbai),1977,7 January 1977,Discussion with Small Group,school,BO77DSG1.1-1.5,library/3B-small-group-discussions-india-and-sri-lanka/BO77DSG1.1 - What is the root cause of fragmentation.mp3
03,BO77DSG1.2,3B,The self and the vast stream of sorrow,audio,90,BO,Bombay (Mumbai),1977,10 January 1977,Discussion with Small Group,school,BO77DSG1.1-1.5,library/3B-small-group-discussions-india-and-sri-lanka/BO77DSG1.2 - The self and the vast stream of sorrow.mp3
03,BO77DSG1.3,3B,Self-knowing and Krishnamurti’s teachings,audio,78,BO,Bombay (Mumbai),1977,14 January 1977,Discussion with Small Group,school,BO77DSG1.1-1.5,library/3B-small-group-discussions-india-and-sri-lanka/BO77DSG1.3 - Self-knowing and Krishnamurti’s teachings.mp3
03,BO77DSG1.4,3B,The holistic life and society,audio,91,BO,Bombay (Mumbai),1977,18 January 1977,Discussion with Small Group,school,BO77DSG1.1-1.5,library/3B-small-group-discussions-india-and-sri-lanka/BO77DSG1.4 - The holistic life and society.mp3
03,BO77DSG1.5,3B,Self-centred activity and kundalini,audio,92,BO,Bombay (Mumbai),1977,19 January 1977,Discussion with Small Group,school,BO77DSG1.1-1.5,library/3B-small-group-discussions-india-and-sri-lanka/BO77DSG1.5 - Self-centred activity and kundalini.mp3
03,MA72DSG1,3B,There is no individuality in the stream of consciousness,audio,63,MA,Madras (Chennai),1972,8 December 1972,Discussion with Small Group,school,,library/3B-small-group-discussions-india-and-sri-lanka/MA72DSG1 - There is no individuality in the stream of consciousness.mp3
03,MA72DSG2,3B,Is there a division between the mind and heart?,audio,66,MA,Madras (Chennai),1972,15 December 1972,Discussion with Small Group,school,,library/3B-small-group-discussions-india-and-sri-lanka/MA72DSG2 - Is there a division between the mind and heart.mp3
03,MA73DSG1,3B,In awareness there is no direction,audio,83,MA,Madras (Chennai),1973,21 December 1973,Discussion with Small Group,school,MA73DSG1-2,library/3B-small-group-discussions-india-and-sri-lanka/MA73DSG1 - In awareness there is no direction.mp3
03,MA73DSG2,3B,The difference between the brain and the mind,audio,94,MA,Madras (Chennai),1973,24 December 1973,Discussion with Small Group,school,MA73DSG1-2,library/3B-small-group-discussions-india-and-sri-lanka/MA73DSG2 - The difference between the brain and the mind.mp3
03,MA79DSG1.1,3B,What is the nature of the religious life?,video,81,MA,Madras (Chennai),1979,2 January 1979,Discussion with Small Group,school,MA79DSG1.1-1.3,library/3B-small-group-discussions-india-and-sri-lanka/MA79DSG1.1 - What is the nature of the religious life.mp4
03,MA79DSG1.2,3B,What is a religious mind?,video,80,MA,Madras (Chennai),1979,3 January 1979,Discussion with Small Group,school,MA79DSG1.1-1.3,library/3B-small-group-discussions-india-and-sri-lanka/MA79DSG1.2 - What is a religious mind.mp4
03,MA79DSG1.3,3B,What is a holistic perception?,video,81,MA,Madras (Chennai),1979,4 January 1979,Discussion with Small Group,school,MA79DSG1.1-1.3,library/3B-small-group-discussions-india-and-sri-lanka/MA79DSG1.3 - What is a holistic perception.mp4
03,MA82DSG,3B,Is it possible for the brain to act totally?,video,83,MA,Madras (Chennai),1982,1 January 1982,Discussion with Small Group,school,,library/3B-small-group-discussions-india-and-sri-lanka/MA82DSG - Is it possible for the brain to act totally.mp4
03,MA84DSG1.0,3B,Ideas have divided people,video,92,MA,Madras (Chennai),1984,11 January 1984,Discussion with Small Group,school,,library/3B-small-group-discussions-india-and-sri-lanka/MA84DSG1.0 - Ideas have divided people.mp4
03,MA84DSG1.1,3B,Living is a constant movement,video,99,MA,Madras (Chennai),1984,2 January 1984,Discussion with Small Group,school,MA84DSG1.1-1.2,library/3B-small-group-discussions-india-and-sri-lanka/MA84DSG1.1 - Living is a constant movement.mp4
03,MA84DSG1.2,3B,Understanding death,video,105,MA,Madras (Chennai),1984,4 January 1984,Discussion with Small Group,school,MA84DSG1.1-1.2,library/3B-small-group-discussions-india-and-sri-lanka/MA84DSG1.2 - Understanding death.mp4
03,MA84DSG3.0,3B,Knowledge is the enemy of love,audio,95,MA,Madras (Chennai),1984,19 January 1984,Discussion with Small Group,school,,library/3B-small-group-discussions-india-and-sri-lanka/MA84DSG3.0 - Knowledge is the enemy of love.mp3
03,ND69DSG,3B,Inquiring into the unconscious,audio,95,ND,New Delhi,1969,20 November 1969,Discussion with Small Group,school,,library/3B-small-group-discussions-india-and-sri-lanka/ND69DSG - Inquiring into the unconscious.mp3
03,ND81DTV,3B,About God,video,46,ND,"New Delhi, India",1981,1 December 1981,Discussion with Teachers,recording,,library/3B-small-group-discussions-india-and-sri-lanka/ND81DTV - About God.mp4
03,RV72DSG,3B,"Dreams, order and space",audio,44,RV,Rishi Valley,1972,30 December 1972,Discussion with Small Group,school,,"library/3B-small-group-discussions-india-and-sri-lanka/RV72DSG - Dreams, order and space.mp3"
03,RV78DSG,3B,The mind of Krishnamurti,audio,78,RV,Rishi Valley,1978,11 December 1978,Discussion with Small Group,school,,library/3B-small-group-discussions-india-and-sri-lanka/RV78DSG - The mind of Krishnamurti.mp3
03,RV82CPA,3B,Reading the book of mankind,video,63,RV,Rishi Valley,1982,18 December 1982,Conversation,conversation,,library/3B-small-group-discussions-india-and-sri-lanka/RV82CPA - Reading the book of mankind.mp4
03,RV84DSG1.1,3B,Have you ever looked with all your senses?,audio,40,RV,Rishi Valley,1984,16 December 1984,Discussion with Small Group,school,RV84DSG1.1-1.2,library/3B-small-group-discussions-india-and-sri-lanka/RV84DSG1.1 - Have you ever looked with all your senses.mp3
03,RV84DSG1.2,3B,Why have I not radically changed?,video,56,RV,Rishi Valley,1984,19 December 1984,Discussion with Small Group,school,RV84DSG1.1-1.2,library/3B-small-group-discussions-india-and-sri-lanka/RV84DSG1.2 - Why have I not radically changed.mp4
04,SD72CA1,4A,Listening is a great miracle,video,57,SD,"San Diego, California",1972,16 February 1972,Conversation,conversation,SD72CA1-2,library/4A-conversations-allan-w-anderson/SD72CA1 - Listening is a great miracle.mp4
04,SD72CA2,4A,What is the point of education?,video,60,SD,"San Diego, California",1972,16 February 1972,Conversation,conversation,SD72CA1-2,library/4A-conversations-allan-w-anderson/SD72CA2 - What is the point of education.mp4
04,SD74CA1,4A,Knowledge and the transformation of man,video,59,SD,"San Diego, California",1974,18 February 1974,Conversation,conversation,SD74CA1-18,library/4A-conversations-allan-w-anderson/SD74CA1 - Knowledge and the transformation of man.mp4
04,SD74CA10,4A,The art of listening,video,59,SD,"San Diego, California",1974,22 February 1974,Conversation,conversation,SD74CA1-18,library/4A-conversations-allan-w-anderson/SD74CA10 - The art of listening.mp4
04,SD74CA11,4A,Being hurt and hurting others,video,59,SD,"San Diego, California",1974,25 February 1974,Conversation,conversation,SD74CA1-18,library/4A-conversations-allan-w-anderson/SD74CA11 - Being hurt and hurting others.mp4
04,SD74CA12,4A,"Love, sex and pleasure",video,59,SD,"San Diego, California",1974,25 February 1974,Conversation,conversation,SD74CA1-18,"library/4A-conversations-allan-w-anderson/SD74CA12 - Love, sex and pleasure.mp4"
04,SD74CA13,4A,A different way of living,video,59,SD,"San Diego, California",1974,26 February 1974,Conversation,conversation,SD74CA1-18,library/4A-conversations-allan-w-anderson/SD74CA13 - A different way of living.mp4
04,SD74CA14,4A,"Death, life and love are indivisible",video,59,SD,"San Diego, California",1974,26 February 1974,Conversation,conversation,SD74CA1-18,"library/4A-conversations-allan-w-anderson/SD74CA14 - Death, life and love are indivisible.mp4"
04,SD74CA15,4A,"Religion, authority and education - Part 1",video,59,SD,"San Diego, California",1974,27 February 1974,Conversation,conversation,SD74CA1-18,"library/4A-conversations-allan-w-anderson/SD74CA15 - Religion, authority and education - Part 1.mp4"
04,SD74CA16,4A,"Religion, authority and education - Part 2",video,59,SD,"San Diego, California",1974,27 February 1974,Conversation,conversation,SD74CA1-18,"library/4A-conversations-allan-w-anderson/SD74CA16 - Religion, authority and education - Part 2.mp4"
04,SD74CA17,4A,"Meditation, a quality of attention that pervades all of one’s life",video,59,SD,"San Diego, California",1974,28 February 1974,Conversation,conversation,SD74CA1-18,"library/4A-conversations-allan-w-anderson/SD74CA17 - Meditation, a quality of attention that pervades all of one’s life.mp4"
04,SD74CA18,4A,Meditation and the sacred mind,video,59,SD,"San Diego, California",1974,28 February 1974,Conversation,conversation,SD74CA1-18,library/4A-conversations-allan-w-anderson/SD74CA18 - Meditation and the sacred mind.mp4
04,SD74CA2,4A,Knowledge and conflict in human relationships,video,59,SD,"San Diego, California",1974,18 February 1974,Conversation,conversation,SD74CA1-18,library/4A-conversations-allan-w-anderson/SD74CA2 - Knowledge and conflict in human relationships.mp4
04,SD74CA3,4A,What is communication with others?,video,59,SD,"San Diego, California",1974,19 February 1974,Conversation,conversation,SD74CA1-18,library/4A-conversations-allan-w-anderson/SD74CA3 - What is communication with others.mp4
04,SD74CA4,4A,What is a responsible human being?,video,59,SD,"San Diego, California",1974,19 February 1974,Conversation,conversation,SD74CA1-18,library/4A-conversations-allan-w-anderson/SD74CA4 - What is a responsible human being.mp4
04,SD74CA5,4A,Order comes from the understanding of our disorder,video,60,SD,"San Diego, California",1974,20 February 1974,Conversation,conversation,SD74CA1-18,library/4A-conversations-allan-w-anderson/SD74CA5 - Order comes from the understanding of our disorder.mp4
04,SD74CA6,4A,The nature and total eradication of fear,video,58,SD,"San Diego, California",1974,20 February 1974,Conversation,conversation,SD74CA1-18,library/4A-conversations-allan-w-anderson/SD74CA6 - The nature and total eradication of fear.mp4
04,SD74CA7,4A,"Understanding, not controlling, desire",video,59,SD,"San Diego, California",1974,21 February 1974,Conversation,conversation,SD74CA1-18,"library/4A-conversations-allan-w-anderson/SD74CA7 - Understanding, not controlling, desire.mp4"
04,SD74CA8,4A,Does pleasure bring happiness?,video,60,SD,"San Diego, California",1974,21 February 1974,Conversation,conversation,SD74CA1-18,library/4A-conversations-allan-w-anderson/SD74CA8 - Does pleasure bring happiness.mp4
04,SD74CA9,4A,"Sorrow, passion and beauty",video,59,SD,"San Diego, California",1974,22 February 1974,Conversation,conversation,SD74CA1-18,"library/4A-conversations-allan-w-anderson/SD74CA9 - Sorrow, passion and beauty.mp4"
04,BR72CB,4B,On intelligence,audio,90,BR,Brockwood Park,1972,7 October 1972,Conversation,conversation,,library/4B-conversations-david-bohm/BR72CB - On intelligence.mp3
04,BR83CB1,4B,Is there an action not touched by thought?,video,80,BR,Brockwood Park,1983,11 June 1983,Conversation,conversation,BR83CB1-2,library/4B-conversations-david-bohm/BR83CB1 - Is there an action not touched by thought.mp4
04,BR83CB2,4B,Is there evolution of consciousness?,video,66,BR,Brockwood Park,1983,20 June 1983,Conversation,conversation,BR83CB1-2,library/4B-conversations-david-bohm/BR83CB2 - Is there evolution of consciousness.mp4
04,OJ81CB,4B,A feeling for something sacred,audio,92,OJ,"Ojai, California",1981,14 April 1981,Conversation,conversation,,library/4B-conversations-david-bohm/OJ81CB - A feeling for something sacred.mp3
04,BR78CPJ1,4C,Has there been a radical change in Krishnamurti’s teaching?,audio,78,BR,Brockwood Park,1978,11 June 1978,Conversation,conversation,BR78CPJ1-2,library/4C-conversations-pupul-jayakar/BR78CPJ1 - Has there been a radical change in Krishnamurti’s teaching.mp3
04,BR78CPJ2,4C,Thought cannot fundamentally perceive or comprehend the totality of consciousness,audio,86,BR,Brockwood Park,1978,12 June 1978,Conversation,conversation,BR78CPJ1-2,library/4C-conversations-pupul-jayakar/BR78CPJ2 - Thought cannot fundamentally perceive or comprehend the totality of consciousness.mp3
04,BR81CPJ1,4C,On God,audio,83,BR,Brockwood Park,1981,27 May 1981,Conversation,conversation,BR81CPJ1-2,library/4C-conversations-pupul-jayakar/BR81CPJ1 - On God.mp3
04,BR81CPJ2,4C,Living with death,video,60,BR,Brockwood Park,1981,7 June 1981,Conversation,conversation,BR81CPJ1-2,library/4C-conversations-pupul-jayakar/BR81CPJ2 - Living with death.mp4
04,BR82CPJ1,4C,How does one inquire into the source of all life?,video,89,BR,Brockwood Park,1982,21 June 1982,Conversation,conversation,BR82CPJ1-2,library/4C-conversations-pupul-jayakar/BR82CPJ1 - How does one inquire into the source of all life.mp4
04,BR82CPJ2,4C,Can we live without the burden of a thousand yesterdays?,video,66,BR,Brockwood Park,1982,23 June 1982,Conversation,conversation,BR82CPJ1-2,library/4C-conversations-pupul-jayakar/BR82CPJ2 - Can we live without the burden of a thousand yesterdays.mp4
04,BR83CPJ1,4C,What will bring about change in the brain?,video,76,BR,Brockwood Park,1983,24 June 1983,Conversation,conversation,BR83CPJ1-2,library/4C-conversations-pupul-jayakar/BR83CPJ1 - What will bring about change in the brain.mp4
04,BR83CPJ2,4C,Why are we frightened to be nothing?,video,66,BR,Brockwood Park,1983,25 June 1983,Conversation,conversation,BR83CPJ1-2,library/4C-conversations-pupul-jayakar/BR83CPJ2 - Why are we frightened to be nothing.mp4
04,MA79CPJ,4C,Is there a way which will make man free of suffering?,audio,60,MA,Madras (Chennai),1979,19 December 1979,Conversation,conversation,,library/4C-conversations-pupul-jayakar/MA79CPJ - Is there a way which will make man free of suffering.mp3
04,OJ84CPJ,4C,What is the summation of Krishnamurti’s teaching and who are you?,audio,57,OJ,"Ojai, California",1984,28 April 1984,Conversation,conversation,,library/4C-conversations-pupul-jayakar/OJ84CPJ - What is the summation of Krishnamurti’s teaching and who are you.mp3
04,BR79CJLD1,4D,Thought and observation,video,52,BR,Brockwood Park,1979,28 September 1979,Conversation,conversation,BR79CJLD1-2,library/4D-conversations-misc/BR79CJLD1 - Thought and observation.mp4
04,BR79CJLD2,4D,Why do we get educated?,video,59,BR,Brockwood Park,1979,28 September 1979,Conversation,conversation,BR79CJLD1-2,library/4D-conversations-misc/BR79CJLD2 - Why do we get educated.mp4
04,BR80CJLD,4D,What is it to be serious?,video,58,BR,Brockwood Park,1980,6 October 1980,Conversation,conversation,,library/4D-conversations-misc/BR80CJLD - What is it to be serious.mp4
04,BR82CAC,4D,Thought cannot investigate into intelligence,audio,68,BR,Brockwood Park,1982,24 June 1982,Conversation,conversation,,library/4D-conversations-misc/BR82CAC - Thought cannot investigate into intelligence.mp3
04,BR84CCT,4D,Inquiring into meditation,audio,43,BR,Brockwood Park,1984,26 September 1984,Conversation,conversation,,library/4D-conversations-misc/BR84CCT - Inquiring into meditation.mp3
04,BR84CIM1,4D,Where there is self-interest love is not,video,61,BR,Brockwood Park,1984,18 October 1984,Conversation,interview,BR84CIM1-2,library/4D-conversations-misc/BR84CIM1 - Where there is self-interest love is not.mp4
04,BR84CIM2,4D,When there is love there is truth and beauty,video,38,BR,Brockwood Park,1984,18 October 1984,Conversation,interview,BR84CIM1-2,library/4D-conversations-misc/BR84CIM2 - When there is love there is truth and beauty.mp4
04,BR84CMZ1,4D,What do we mean by conditioning?,video,28,BR,Brockwood Park,1984,5 October 1984,Conversation,conversation,BR84CMZ1-3,library/4D-conversations-misc/BR84CMZ1 - What do we mean by conditioning.mp4
04,BR84CMZ2,4D,What is the fact of fear?,video,28,BR,Brockwood Park,1984,5 October 1984,Conversation,conversation,BR84CMZ1-3,library/4D-conversations-misc/BR84CMZ2 - What is the fact of fear.mp4
04,BR84CMZ3,4D,What is religion to you?,video,29,BR,Brockwood Park,1984,14 October 1984,Conversation,conversation,BR84CMZ1-3,library/4D-conversations-misc/BR84CMZ3 - What is religion to you.mp4
04,BR84CRE,4D,Can fear be completely wiped away?,video,85,BR,Brockwood Park,1984,24 June 1984,Conversation,conversation,,library/4D-conversations-misc/BR84CRE - Can fear be completely wiped away.mp4
04,CL68CHS,4D,Authority is destructive,video,62,CL,"Claremont, California",1968,15 November 1968,Conversation,conversation,,library/4D-conversations-misc/CL68CHS - Authority is destructive.mp4
04,MA84DSG2.0,4D,On beauty and creation,audio,57,MA,Madras (Chennai),1984,27 January 1984,Discussion with Small Group,school,,library/4D-conversations-misc/MA84DSG2.0 - On beauty and creation.mp3
04,ML7172CAN1,4D,The circus of man’s struggle,audio,56,ML,"Malibu, California",7172,27 March 1971,Conversation,conversation,ML7172CAN1-7,library/4D-conversations-misc/ML7172CAN1 - The circus of man’s struggle.mp3
04,ML7172CAN2,4D,On good and evil,audio,54,ML,"Malibu, California",7172,28 March 1971,Conversation,conversation,ML7172CAN1-7,library/4D-conversations-misc/ML7172CAN2 - On good and evil.mp3
04,ML7172CAN3,4D,Is there a permanent ego?,audio,47,ML,"Malibu, California",7172,24 January 1972,Conversation,conversation,ML7172CAN1-7,library/4D-conversations-misc/ML7172CAN3 - Is there a permanent ego.mp3
04,ML7172CAN4,4D,Masters and hierarchy,audio,44,ML,"Malibu, California",7172,25 January 1972,Conversation,conversation,ML7172CAN1-7,library/4D-conversations-misc/ML7172CAN4 - Masters and hierarchy.mp3
04,ML7172CAN5,4D,Stepping out of the stream of the self,audio,78,ML,"Malibu, California",7172,26 January 1972,Conversation,conversation,ML7172CAN1-7,library/4D-conversations-misc/ML7172CAN5 - Stepping out of the stream of the self.mp3
04,ML7172CAN6,4D,A mind that is not empty can never find truth,audio,76,ML,"Malibu, California",7172,27 January 1972,Conversation,conversation,ML7172CAN1-7,library/4D-conversations-misc/ML7172CAN6 - A mind that is not empty can never find truth.mp3
04,ML7172CAN7,4D,Religion and meditation,audio,41,ML,"Malibu, California",7172,28 January 1972,Conversation,conversation,ML7172CAN1-7,library/4D-conversations-misc/ML7172CAN7 - Religion and meditation.mp3
04,ML71CJN1,4D,The role of the teacher,audio,56,ML,"Malibu, California",1971,26 March 1971,Conversation,conversation,ML71CJN1-2,library/4D-conversations-misc/ML71CJN1 - The role of the teacher.mp3
04,ML71CJN2,4D,Inner space,audio,61,ML,"Malibu, California",1971,26 March 1971,Conversation,conversation,ML71CJN1-2,library/4D-conversations-misc/ML71CJN2 - Inner space.mp3
04,ML72CDO,4D,Beyond organised religion,audio,86,ML,"Malibu, California",1972,18 February 1972,Conversation,conversation,,library/4D-conversations-misc/ML72CDO - Beyond organised religion.mp3
04,NY83CDS,4D,"Memory, thought and the illusion of continuity",video,60,NY,New York,1983,14 April 1983,Conversation,conversation,,"library/4D-conversations-misc/NY83CDS - Memory, thought and the illusion of continuity.mp4"
04,OJ77CDI,4D,Awareness is a mirror in which the movement of thought is perceived,audio,52,OJ,"Ojai, California",1977,14 April 1977,Conversation,conversation,,library/4D-conversations-misc/OJ77CDI - Awareness is a mirror in which the movement of thought is perceived.mp3
04,OJ80CDI,4D,"What is living, actually?",audio,45,OJ,"Ojai, California",1980,14 May 1980,Conversation,conversation,,"library/4D-conversations-misc/OJ80CDI - What is living, actually.mp3"
04,OJ83CJS,4D,What makes us change?,video,64,OJ,"Ojai, California",1983,27 March 1983,Conversation,conversation,,library/4D-conversations-misc/OJ83CJS - What makes us change.mp4
04,OJ84CLS,4D,We live in conflict with everything,audio,96,OJ,"Ojai, California",1984,1 May 1984,Conversation,conversation,,library/4D-conversations-misc/OJ84CLS - We live in conflict with everything.mp3
04,OJ85CRR,4D,"Is death a matter of continuity, or ending?",audio,65,OJ,"Ojai, California",1985,29 April 1985,Conversation,conversation,,"library/4D-conversations-misc/OJ85CRR - Is death a matter of continuity, or ending.mp3"
04,RA69CDI,4D,Flowering is only possible in freedom,audio,44,RA,Rajghat,1969,1 December 1969,Conversation,conversation,,library/4D-conversations-misc/RA69CDI - Flowering is only possible in freedom.mp3
04,RV80TSS,4D,Short talks given by Krishnamurti and Indira Gandhi,audio,15,RV,Rishi Valley,1980,20 December 1980,Talk to Students,recording,,library/4D-conversations-misc/RV80TSS - Short talks given by Krishnamurti and Indira Gandhi.mp3
04,SA69CV1,4D,Can another dispel the darkness in oneself?,audio,79,SA,Saanen,1969,25 July 1969,Conversation,conversation,SA69CV1-2,library/4D-conversations-misc/SA69CV1 - Can another dispel the darkness in oneself.mp3
04,SA69CV2,4D,Can one experience the infinite?,audio,56,SA,Gstaad,1969,26 July 1969,Conversation,conversation,SA69CV1-2,library/4D-conversations-misc/SA69CV2 - Can one experience the infinite.mp3
04,SC84CRB1,4D,Sound and silence,audio,74,SC,Schönried,1984,12 August 1984,Conversation,conversation,SC84CRB1-2,library/4D-conversations-misc/SC84CRB1 - Sound and silence.mp3
04,SC84CRB2,4D,The holistic way of life is outside of the brain,audio,58,SC,Schönried,1984,13 August 1984,Conversation,conversation,SC84CRB1-2,library/4D-conversations-misc/SC84CRB2 - The holistic way of life is outside of the brain.mp3
04,SD72CCTR,4D,J. Krishnamurti What is meditation?,video,38,SD,"San Diego, California",1972,15 February 1972,Conversation,conversation,,library/4D-conversations-misc/SD72CCTR - J. Krishnamurti What is meditation.mp4
04,SD72CES1,4D,Goodness only flowers in freedom,video,56,SD,"San Diego, California",1972,17 February 1972,Conversation,conversation,SD72CES1-2,library/4D-conversations-misc/SD72CES1 - Goodness only flowers in freedom.mp4
04,SD72CES2,4D,Ending disorder is the ending of death,video,55,SD,"San Diego, California",1972,17 February 1972,Conversation,conversation,SD72CES1-2,library/4D-conversations-misc/SD72CES2 - Ending disorder is the ending of death.mp4
05,BR70S1,5A,Violence and the ‘me’,video,73,BR,Brockwood Park,1970,6 June 1970,Seminar,seminar,BR70S1-6,library/5A-seminars-europe-and-usa/BR70S1 - Violence and the ‘me’.mp4
05,BR70S2,5A,Is there a living in which there is no violence?,audio,84,BR,Brockwood Park,1970,7 June 1970,Seminar,seminar,BR70S1-6,library/5A-seminars-europe-and-usa/BR70S2 - Is there a living in which there is no violence.mp3
05,BR70S3,5A,When there is complete attention thought does not interfere,audio,88,BR,Brockwood Park,1970,13 June 1970,Seminar,seminar,BR70S1-6,library/5A-seminars-europe-and-usa/BR70S3 - When there is complete attention thought does not interfere.mp3
05,BR70S4,5A,Can a mind in contradiction know what harmony is?,audio,94,BR,Brockwood Park,1970,14 June 1970,Seminar,seminar,BR70S1-6,library/5A-seminars-europe-and-usa/BR70S4 - Can a mind in contradiction know what harmony is.mp3
05,BR70S5,5A,Can a divided mind perceive the wholeness of life?,audio,95,BR,Brockwood Park,1970,20 June 1970,Seminar,seminar,BR70S1-6,library/5A-seminars-europe-and-usa/BR70S5 - Can a divided mind perceive the wholeness of life.mp3
05,BR70S6,5A,What is the quality of the mind that has seen the effects of division?,audio,91,BR,Brockwood Park,1970,21 June 1970,Seminar,seminar,BR70S1-6,library/5A-seminars-europe-and-usa/BR70S6 - What is the quality of the mind that has seen the effects of division.mp3
05,BR74S1,5A,Preparatory meeting (without Krishnamurti),audio,78,BR,Brockwood Park,1974,13 October 1974,Seminar,seminar,BR74S1-12,library/5A-seminars-europe-and-usa/BR74S1 - Preparatory meeting (without Krishnamurti).mp3
05,BR74S10,5A,"The masters, Krishnamurti, meditation and silence",audio,111,BR,Brockwood Park,1974,18 October 1974,Seminar,seminar,BR74S1-12,"library/5A-seminars-europe-and-usa/BR74S10 - The masters, Krishnamurti, meditation and silence.mp3"
05,BR74S11,5A,"Meditation, death, the mind when the self is not",audio,129,BR,Brockwood Park,1974,19 October 1974,Seminar,seminar,BR74S1-12,"library/5A-seminars-europe-and-usa/BR74S11 - Meditation, death, the mind when the self is not.mp3"
05,BR74S12,5A,Cooperation and action not based on ideals,audio,96,BR,Brockwood Park,1974,19 October 1974,Seminar,seminar,BR74S1-12,library/5A-seminars-europe-and-usa/BR74S12 - Cooperation and action not based on ideals.mp3
05,BR74S2,5A,"Modern physics and Eastern mysticism, the self and seeing",audio,128,BR,Brockwood Park,1974,14 October 1974,Seminar,seminar,BR74S1-12,"library/5A-seminars-europe-and-usa/BR74S2 - Modern physics and Eastern mysticism, the self and seeing.mp3"
05,BR74S3,5A,"Defining being human, compassion, feeling special",audio,123,BR,Brockwood Park,1974,14 October 1974,Seminar,seminar,BR74S1-12,"library/5A-seminars-europe-and-usa/BR74S3 - Defining being human, compassion, feeling special.mp3"
05,BR74S4,5A,"The brain, images in relationship, yoga",audio,128,BR,Brockwood Park,1974,15 October 1974,Seminar,seminar,BR74S1-12,"library/5A-seminars-europe-and-usa/BR74S4 - The brain, images in relationship, yoga.mp3"
05,BR74S5,5A,"Transformation, feeling responsible, being attached",audio,93,BR,Brockwood Park,1974,15 October 1974,Seminar,seminar,BR74S1-12,"library/5A-seminars-europe-and-usa/BR74S5 - Transformation, feeling responsible, being attached.mp3"
05,BR74S6,5A,"Dreaming, meditation and laziness",audio,121,BR,Brockwood Park,1974,16 October 1974,Seminar,seminar,BR74S1-12,"library/5A-seminars-europe-and-usa/BR74S6 - Dreaming, meditation and laziness.mp3"
05,BR74S7,5A,"The brain, meditation, compassion in science",audio,132,BR,Brockwood Park,1974,17 October 1974,Seminar,seminar,BR74S1-12,"library/5A-seminars-europe-and-usa/BR74S7 - The brain, meditation, compassion in science.mp3"
05,BR74S8,5A,Alternative medicine and holism,audio,72,BR,Brockwood Park,1974,17 October 1974,Seminar,seminar,BR74S1-12,library/5A-seminars-europe-and-usa/BR74S8 - Alternative medicine and holism.mp3
05,BR74S9,5A,"The immeasurable, non-verbal communication, love, Krishnamurti’s youth",audio,127,BR,Brockwood Park,1974,18 October 1974,Seminar,seminar,BR74S1-12,"library/5A-seminars-europe-and-usa/BR74S9 - The immeasurable, non-verbal communication, love, Krishnamurti’s youth.mp3"
05,BR75S1,5A,"Reality, actuality and truth",audio,119,BR,Brockwood Park,1975,6 June 1975,Seminar,seminar,BR75S1-8,"library/5A-seminars-europe-and-usa/BR75S1 - Reality, actuality and truth.mp3"
05,BR75S2,5A,Holistic energy,audio,94,BR,Brockwood Park,1975,6 June 1975,Seminar,seminar,BR75S1-8,library/5A-seminars-europe-and-usa/BR75S2 - Holistic energy.mp3
05,BR75S3,5A,Becoming implies time and fear,audio,109,BR,Brockwood Park,1975,7 June 1975,Seminar,seminar,BR75S1-8,library/5A-seminars-europe-and-usa/BR75S3 - Becoming implies time and fear.mp3
05,BR75S4,5A,Is creation in or out of time; is love in the field of reality?,audio,89,BR,Brockwood Park,1975,7 June 1975,Seminar,seminar,BR75S1-8,library/5A-seminars-europe-and-usa/BR75S4 - Is creation in or out of time; is love in the field of reality.mp3
05,BR75S5,5A,"Beauty, love, reality and suffering",audio,113,BR,Brockwood Park,1975,8 June 1975,Seminar,seminar,BR75S1-8,"library/5A-seminars-europe-and-usa/BR75S5 - Beauty, love, reality and suffering.mp3"
05,BR75S6,5A,Can suffering be solved?,audio,95,BR,Brockwood Park,1975,8 June 1975,Seminar,seminar,BR75S1-8,library/5A-seminars-europe-and-usa/BR75S6 - Can suffering be solved.mp3
05,BR75S7,5A,Can thought discover something non-mechanical?,audio,110,BR,Brockwood Park,1975,9 June 1975,Seminar,seminar,BR75S1-8,library/5A-seminars-europe-and-usa/BR75S7 - Can thought discover something non-mechanical.mp3
05,BR75S8,5A,Am I aware of the centre from which I operate?,audio,114,BR,Brockwood Park,1975,9 June 1975,Seminar,seminar,BR75S1-8,library/5A-seminars-europe-and-usa/BR75S8 - Am I aware of the centre from which I operate.mp3
05,BR78S1,5A,The art of questioning,video,93,BR,Brockwood Park,1978,12 September 1978,Seminar,seminar,BR78S1-7,library/5A-seminars-europe-and-usa/BR78S1 - The art of questioning.mp4
05,BR78S2,5A,Is it possible never to be hurt?,video,102,BR,Brockwood Park,1978,13 September 1978,Seminar,seminar,BR78S1-7,library/5A-seminars-europe-and-usa/BR78S2 - Is it possible never to be hurt.mp4
05,BR78S3,5A,Can you face the fact that you are absolutely nothing?,video,103,BR,Brockwood Park,1978,14 September 1978,Seminar,seminar,BR78S1-7,library/5A-seminars-europe-and-usa/BR78S3 - Can you face the fact that you are absolutely nothing.mp4
05,BR78S4,5A,Observing fear as it happens,video,99,BR,Brockwood Park,1978,16 September 1978,Seminar,seminar,BR78S1-7,library/5A-seminars-europe-and-usa/BR78S4 - Observing fear as it happens.mp4
05,BR78S5,5A,Pain is the reaction to attachment,video,95,BR,Brockwood Park,1978,17 September 1978,Seminar,seminar,BR78S1-7,library/5A-seminars-europe-and-usa/BR78S5 - Pain is the reaction to attachment.mp4
05,BR78S6,5A,Can I be a light globally?,video,86,BR,Brockwood Park,1978,18 September 1978,Seminar,seminar,BR78S1-7,library/5A-seminars-europe-and-usa/BR78S6 - Can I be a light globally.mp4
05,BR78S7,5A,What is it that flowers?,video,105,BR,Brockwood Park,1978,19 September 1978,Seminar,seminar,BR78S1-7,library/5A-seminars-europe-and-usa/BR78S7 - What is it that flowers.mp4
05,BR79S1,5A,What is one to do in a world of increasing violence?,video,90,BR,Brockwood Park,1979,13 September 1979,Seminar,seminar,BR79S1-6,library/5A-seminars-europe-and-usa/BR79S1 - What is one to do in a world of increasing violence.mp4
05,BR79S2,5A,Observing my prejudice,video,91,BR,Brockwood Park,1979,14 September 1979,Seminar,seminar,BR79S1-6,library/5A-seminars-europe-and-usa/BR79S2 - Observing my prejudice.mp4
05,BR79S3,5A,What is the root cause of the disorder in the world?,video,85,BR,Brockwood Park,1979,15 September 1979,Seminar,seminar,BR79S1-6,library/5A-seminars-europe-and-usa/BR79S3 - What is the root cause of the disorder in the world.mp4
05,BR79S4,5A,When the illusion of individuality ends,video,87,BR,Brockwood Park,1979,16 September 1979,Seminar,seminar,BR79S1-6,library/5A-seminars-europe-and-usa/BR79S4 - When the illusion of individuality ends.mp4
05,BR79S5,5A,What do I do in a deteriorating world?,video,88,BR,Brockwood Park,1979,17 September 1979,Seminar,seminar,BR79S1-6,library/5A-seminars-europe-and-usa/BR79S5 - What do I do in a deteriorating world.mp4
05,BR79S6,5A,Can you have insight if there is a centre?,video,84,BR,Brockwood Park,1979,18 September 1979,Seminar,seminar,BR79S1-6,library/5A-seminars-europe-and-usa/BR79S6 - Can you have insight if there is a centre.mp4
05,BR81S1,5A,Immediate change,video,103,BR,Brockwood Park,1981,11 September 1981,Seminar,seminar,BR81S1-5,library/5A-seminars-europe-and-usa/BR81S1 - Immediate change.mp4
05,BR81S2,5A,The division between the observer and the observed is illusory,video,96,BR,Brockwood Park,1981,12 September 1981,Seminar,seminar,BR81S1-5,library/5A-seminars-europe-and-usa/BR81S2 - The division between the observer and the observed is illusory.mp4
05,BR81S3,5A,Can thought see itself?,video,100,BR,Brockwood Park,1981,13 September 1981,Seminar,seminar,BR81S1-5,library/5A-seminars-europe-and-usa/BR81S3 - Can thought see itself.mp4
05,BR81S4,5A,You are humanity,video,97,BR,Brockwood Park,1981,14 September 1981,Seminar,seminar,BR81S1-5,library/5A-seminars-europe-and-usa/BR81S4 - You are humanity.mp4
05,BR81S5,5A,Communication,video,89,BR,Brockwood Park,1981,15 September 1981,Seminar,seminar,BR81S1-5,library/5A-seminars-europe-and-usa/BR81S5 - Communication.mp4
05,BR84SBR1,5A,What is thought?,video,81,BR,Brockwood Park,1984,8 June 1984,Seminar,recording,BR84SBR1-3,library/5A-seminars-europe-and-usa/BR84SBR1 - What is thought.mp4
05,BR84SBR2,5A,Is there an action in which there is no limitation?,video,77,BR,Brockwood Park,1984,9 June 1984,Seminar,recording,BR84SBR1-3,library/5A-seminars-europe-and-usa/BR84SBR2 - Is there an action in which there is no limitation.mp4
05,BR84SBR3,5A,Can thought come to an end?,video,86,BR,Brockwood Park,1984,10 June 1984,Seminar,recording,BR84SBR1-3,library/5A-seminars-europe-and-usa/BR84SBR3 - Can thought come to an end.mp4
05,LS84S1,5A,Can thought be creative?,video,86,LS,"Los Alamos, New Mexico",1984,20 March 1984,Seminar,seminar,LS84S1-2,library/5A-seminars-europe-and-usa/LS84S1 - Can thought be creative.mp4
05,LS84S2,5A,Creation comes out of meditation,video,95,LS,"Los Alamos, New Mexico",1984,21 March 1984,Seminar,seminar,LS84S1-2,library/5A-seminars-europe-and-usa/LS84S2 - Creation comes out of meditation.mp4
05,OJ81S2.1,5A,There is no individual consciousness,audio,104,OJ,"Ojai, California",1981,3 April 1981,Seminar,seminar,OJ81S2.1-2.3,library/5A-seminars-europe-and-usa/OJ81S2.1 - There is no individual consciousness.mp3
05,OJ81S2.2,5A,Consciousness and learning,audio,95,OJ,"Ojai, California",1981,4 April 1981,Seminar,seminar,OJ81S2.1-2.3,library/5A-seminars-europe-and-usa/OJ81S2.2 - Consciousness and learning.mp3
05,OJ81S2.3,5A,Have we lost all sense of religion?,audio,103,OJ,"Ojai, California",1981,5 April 1981,Seminar,seminar,OJ81S2.1-2.3,library/5A-seminars-europe-and-usa/OJ81S2.3 - Have we lost all sense of religion.mp3
05,BA74S,5B,Is it possible for the mind not to be hurt?,audio,94,BA,Bangalore,1974,9 January 1974,Seminar,seminar,,library/5B-seminars-india/BA74S - Is it possible for the mind not to be hurt.mp3
05,MA79S1,5B,"How can a human being bring about a radical change, not only in himself but outside?",video,88,MA,Madras (Chennai),1979,26 December 1979,Seminar,seminar,MA79S1-4,"library/5B-seminars-india/MA79S1 - How can a human being bring about a radical change, not only in himself but outside.mp4"
05,MA79S2,5B,As a human being caught in the structure of society what is right action?,video,77,MA,Madras (Chennai),1979,26 December 1979,Seminar,seminar,MA79S1-4,library/5B-seminars-india/MA79S2 - As a human being caught in the structure of society what is right action.mp4
05,MA79S3,5B,Can you give all your energy to understanding the image-making machinery?,video,82,MA,Madras (Chennai),1979,27 December 1979,Seminar,seminar,MA79S1-4,library/5B-seminars-india/MA79S3 - Can you give all your energy to understanding the image-making machinery.mp4
05,MA79S4,5B,Can a human problem be resolved instantly?,video,64,MA,Madras (Chennai),1979,27 December 1979,Seminar,seminar,MA79S1-4,library/5B-seminars-india/MA79S4 - Can a human problem be resolved instantly.mp4
05,MA81S1,5B,What will break the chain in which the brain is caught?,video,125,MA,Madras (Chennai),1981,14 January 1981,Seminar,seminar,MA81S1-3,library/5B-seminars-india/MA81S1 - What will break the chain in which the brain is caught.mp4
05,MA81S2,5B,Remaining with the stream of sorrow,video,107,MA,Madras (Chennai),1981,15 January 1981,Seminar,seminar,MA81S1-3,library/5B-seminars-india/MA81S2 - Remaining with the stream of sorrow.mp4
05,MA81S3,5B,Do you ever come to a point where your brain is in a state of not knowing?,video,127,MA,Madras (Chennai),1981,16 January 1981,Seminar,seminar,MA81S1-3,library/5B-seminars-india/MA81S3 - Do you ever come to a point where your brain is in a state of not knowing.mp4
05,MA82S1,5B,Is there a movement totally apart from time?,video,98,MA,Madras (Chennai),1982,5 January 1982,Seminar,seminar,MA82S1-2,library/5B-seminars-india/MA82S1 - Is there a movement totally apart from time.mp4
05,MA82S2,5B,"Desire, time and thought are the basic elements of fear",video,113,MA,Madras (Chennai),1982,6 January 1982,Seminar,seminar,MA82S1-2,"library/5B-seminars-india/MA82S2 - Desire, time and thought are the basic elements of fear.mp4"
05,MA83S1,5B,What creates division?,video,112,MA,Madras (Chennai),1983,4 January 1983,Seminar,seminar,MA83S1-2,library/5B-seminars-india/MA83S1 - What creates division.mp4
05,MA83S2,5B,What is intelligence?,video,106,MA,Madras (Chennai),1983,5 January 1983,Seminar,seminar,MA83S1-2,library/5B-seminars-india/MA83S2 - What is intelligence.mp4
05,ND81S1,5B,The crisis in consciousness,video,105,ND,New Delhi,1981,4 November 1981,Seminar,seminar,ND81S1-3,library/5B-seminars-india/ND81S1 - The crisis in consciousness.mp4
05,ND81S2,5B,Can fear come to an end?,video,124,ND,New Delhi,1981,5 November 1981,Seminar,seminar,ND81S1-3,library/5B-seminars-india/ND81S2 - Can fear come to an end.mp4
05,ND81S3,5B,"When I observe fear, that fear is me",video,77,ND,New Delhi,1981,5 November 1981,Seminar,seminar,ND81S1-3,"library/5B-seminars-india/ND81S3 - When I observe fear, that fear is me.mp4"
05,RV83S1,5B,Why are you educating your children?,video,102,RV,Rishi Valley,1983,24 November 1983,Seminar,seminar,RV83S1-2,library/5B-seminars-india/RV83S1 - Why are you educating your children.mp4
05,RV83S2,5B,From whom are we learning?,video,95,RV,Rishi Valley,1983,26 November 1983,Seminar,seminar,RV83S1-2,library/5B-seminars-india/RV83S2 - From whom are we learning.mp4
06,BR69DSS1,6A,"Freedom, peace and compassion",audio,61,BR,Brockwood Park,1969,28 September 1969,Discussion with Staff and Students,school,BR69DSS1-10,"library/6A-k-school-discussions-england-and-switzerland/BR69DSS1 - Freedom, peace and compassion.mp3"
06,BR69DSS10,6A,"Pleasure, fear and love",audio,71,BR,Brockwood Park,1969,25 October 1969,Discussion with Staff and Students,school,BR69DSS1-10,"library/6A-k-school-discussions-england-and-switzerland/BR69DSS10 - Pleasure, fear and love.mp3"
06,BR69DSS2,6A,How do we awaken intelligence?,audio,57,BR,Brockwood Park,1969,1 October 1969,Discussion with Staff and Students,school,BR69DSS1-10,library/6A-k-school-discussions-england-and-switzerland/BR69DSS2 - How do we awaken intelligence.mp3
06,BR69DSS3,6A,Living without harming,audio,68,BR,Brockwood Park,1969,4 October 1969,Discussion with Staff and Students,school,BR69DSS1-10,library/6A-k-school-discussions-england-and-switzerland/BR69DSS3 - Living without harming.mp3
06,BR69DSS4,6A,An awareness in which ‘to be’ is non-existent,audio,90,BR,Brockwood Park,1969,5 October 1969,Discussion with Staff and Students,school,BR69DSS1-10,library/6A-k-school-discussions-england-and-switzerland/BR69DSS4 - An awareness in which ‘to be’ is non-existent.mp3
06,BR69DSS5,6A,"Authority, freedom, intelligence and responsibility",audio,41,BR,Brockwood Park,1969,7 October 1969,Discussion with Staff and Students,school,BR69DSS1-10,"library/6A-k-school-discussions-england-and-switzerland/BR69DSS5 - Authority, freedom, intelligence and responsibility.mp3"
06,BR69DSS6,6A,There is no prejudice in awareness,audio,86,BR,Brockwood Park,1969,12 October 1969,Discussion with Staff and Students,school,BR69DSS1-10,library/6A-k-school-discussions-england-and-switzerland/BR69DSS6 - There is no prejudice in awareness.mp3
06,BR69DSS7,6A,At what time should we go to bed?,audio,83,BR,Brockwood Park,1969,19 October 1969,Discussion with Staff and Students,school,BR69DSS1-10,library/6A-k-school-discussions-england-and-switzerland/BR69DSS7 - At what time should we go to bed.mp3
06,BR69DSS8,6A,Do you know that society and friends influence you?,audio,84,BR,Brockwood Park,1969,21 October 1969,Discussion with Staff and Students,school,BR69DSS1-10,library/6A-k-school-discussions-england-and-switzerland/BR69DSS8 - Do you know that society and friends influence you.mp3
06,BR69DSS9,6A,Do you see the danger of fragmentation?,audio,83,BR,Brockwood Park,1969,23 October 1969,Discussion with Staff and Students,school,BR69DSS1-10,library/6A-k-school-discussions-england-and-switzerland/BR69DSS9 - Do you see the danger of fragmentation.mp3
06,BR70DSS,6A,Feeling secure,audio,87,BR,Brockwood Park,1970,31 January 1970,Discussion with Staff and Students,school,,library/6A-k-school-discussions-england-and-switzerland/BR70DSS - Feeling secure.mp3
06,BR70DT,6A,The spirit of cooperation,audio,60,BR,Brockwood Park,1970,28 August 1970,Discussion with Teachers,school,,library/6A-k-school-discussions-england-and-switzerland/BR70DT - The spirit of cooperation.mp3
06,BR71DT1,6A,Creating a good mind,audio,71,BR,Brockwood Park,1971,16 September 1971,Discussion with Teachers,school,BR71DT1-2,library/6A-k-school-discussions-england-and-switzerland/BR71DT1 - Creating a good mind.mp3
06,BR71DT2,6A,Action and intelligence,audio,79,BR,Brockwood Park,1971,18 September 1971,Discussion with Teachers,school,BR71DT1-2,library/6A-k-school-discussions-england-and-switzerland/BR71DT2 - Action and intelligence.mp3
06,BR72DSS1.01,6A,Are you revolutionary?,audio,85,BR,Brockwood Park,1972,21 May 1972,Discussion with Staff and Students,school,BR72DSS1.1-1.10,library/6A-k-school-discussions-england-and-switzerland/BR72DSS1.01 - Are you revolutionary.mp3
06,BR72DSS1.02,6A,You can live without an image,audio,90,BR,Brockwood Park,1972,23 May 1972,Discussion with Staff and Students,school,BR72DSS1.1-1.10,library/6A-k-school-discussions-england-and-switzerland/BR72DSS1.02 - You can live without an image.mp3
06,BR72DSS1.03,6A,The trap of mediocrity,audio,78,BR,Brockwood Park,1972,1 June 1972,Discussion with Staff and Students,school,BR72DSS1.1-1.10,library/6A-k-school-discussions-england-and-switzerland/BR72DSS1.03 - The trap of mediocrity.mp3
06,BR72DSS1.04,6A,Refreshing the mind,audio,99,BR,Brockwood Park,1972,4 June 1972,Discussion with Staff and Students,school,BR72DSS1.1-1.10,library/6A-k-school-discussions-england-and-switzerland/BR72DSS1.04 - Refreshing the mind.mp3
06,BR72DSS1.05,6A,Prejudice,audio,73,BR,Brockwood Park,1972,8 June 1972,Discussion with Staff and Students,school,BR72DSS1.1-1.10,library/6A-k-school-discussions-england-and-switzerland/BR72DSS1.05 - Prejudice.mp3
06,BR72DSS1.06,6A,What am I?,audio,92,BR,Brockwood Park,1972,11 June 1972,Discussion with Staff and Students,school,BR72DSS1.1-1.10,library/6A-k-school-discussions-england-and-switzerland/BR72DSS1.06 - What am I.mp3
06,BR72DSS1.07,6A,Fragmentation,audio,83,BR,Brockwood Park,1972,15 June 1972,Discussion with Staff and Students,school,BR72DSS1.1-1.10,library/6A-k-school-discussions-england-and-switzerland/BR72DSS1.07 - Fragmentation.mp3
06,BR72DSS1.08,6A,Seeing a fact together,audio,83,BR,Brockwood Park,1972,18 June 1972,Discussion with Staff and Students,school,BR72DSS1.1-1.10,library/6A-k-school-discussions-england-and-switzerland/BR72DSS1.08 - Seeing a fact together.mp3
06,BR72DSS1.09,6A,The danger of hurts,audio,72,BR,Brockwood Park,1972,22 June 1972,Discussion with Staff and Students,school,BR72DSS1.1-1.10,library/6A-k-school-discussions-england-and-switzerland/BR72DSS1.09 - The danger of hurts.mp3
06,BR72DSS1.10,6A,Love and beauty,audio,80,BR,Brockwood Park,1972,25 June 1972,Discussion with Staff and Students,school,BR72DSS1.1-1.10,library/6A-k-school-discussions-england-and-switzerland/BR72DSS1.10 - Love and beauty.mp3
06,BR72DSS2.1,6A,Why Brockwood exists,audio,80,BR,Brockwood Park,1972,26 September 1972,Discussion with Staff and Students,school,BR72DSS2.1-2.7,library/6A-k-school-discussions-england-and-switzerland/BR72DSS2.1 - Why Brockwood exists.mp3
06,BR72DSS2.2,6A,Division is deadly,audio,84,BR,Brockwood Park,1972,29 September 1972,Discussion with Staff and Students,school,BR72DSS2.1-2.7,library/6A-k-school-discussions-england-and-switzerland/BR72DSS2.2 - Division is deadly.mp3
06,BR72DSS2.3,6A,Communication without the blockage of images,audio,83,BR,Brockwood Park,1972,1 October 1972,Discussion with Staff and Students,school,BR72DSS2.1-2.7,library/6A-k-school-discussions-england-and-switzerland/BR72DSS2.3 - Communication without the blockage of images.mp3
06,BR72DSS2.4,6A,Is life a battle?,audio,99,BR,Brockwood Park,1972,6 October 1972,Discussion with Staff and Students,school,BR72DSS2.1-2.7,library/6A-k-school-discussions-england-and-switzerland/BR72DSS2.4 - Is life a battle.mp3
06,BR72DSS2.5,6A,Fear of death,audio,85,BR,Brockwood Park,1972,8 October 1972,Discussion with Staff and Students,school,BR72DSS2.1-2.7,library/6A-k-school-discussions-england-and-switzerland/BR72DSS2.5 - Fear of death.mp3
06,BR72DSS2.6,6A,What is your responsibility in a sick society?,audio,83,BR,Brockwood Park,1972,10 October 1972,Discussion with Staff and Students,school,BR72DSS2.1-2.7,library/6A-k-school-discussions-england-and-switzerland/BR72DSS2.6 - What is your responsibility in a sick society.mp3
06,BR72DSS2.7,6A,Listening without resistance,audio,85,BR,Brockwood Park,1972,13 October 1972,Discussion with Staff and Students,school,BR72DSS2.1-2.7,library/6A-k-school-discussions-england-and-switzerland/BR72DSS2.7 - Listening without resistance.mp3
06,BR72DT1.1,6A,The fountain of sanity,audio,74,BR,Brockwood Park,1972,26 May 1972,Discussion with Teachers,school,BR72DT1.1-1.2,library/6A-k-school-discussions-england-and-switzerland/BR72DT1.1 - The fountain of sanity.mp3
06,BR72DT1.2,6A,Do we collectively feel responsibility?,audio,90,BR,Brockwood Park,1972,7 June 1972,Discussion with Teachers,school,BR72DT1.1-1.2,library/6A-k-school-discussions-england-and-switzerland/BR72DT1.2 - Do we collectively feel responsibility.mp3
06,BR72DT2.0,6A,A flame of seriousness,audio,77,BR,Brockwood Park,1972,22 September 1972,Discussion with Teachers,school,,library/6A-k-school-discussions-england-and-switzerland/BR72DT2.0 - A flame of seriousness.mp3
06,BR73DSS,6A,Don’t be smothered by the world,audio,73,BR,Brockwood Park,1973,7 February 1973,Discussion with Staff and Students,school,,library/6A-k-school-discussions-england-and-switzerland/BR73DSS - Don’t be smothered by the world.mp3
06,BR73DSS1.01,6A,What place has knowledge in the transformation of society and man?,audio,78,BR,Brockwood Park,1973,6 May 1973,Discussion with Staff and Students,school,BR73DSS1.01-1.12,library/6A-k-school-discussions-england-and-switzerland/BR73DSS1.01 - What place has knowledge in the transformation of society and man.mp3
06,BR73DSS1.02,6A,Images in relationship,audio,103,BR,Brockwood Park,1973,13 May 1973,Discussion with Staff and Students,school,BR73DSS1.01-1.12,library/6A-k-school-discussions-england-and-switzerland/BR73DSS1.02 - Images in relationship.mp3
06,BR73DSS1.03,6A,The pressure of authority,audio,110,BR,Brockwood Park,1973,20 May 1973,Discussion with Staff and Students,school,BR73DSS1.01-1.12,library/6A-k-school-discussions-england-and-switzerland/BR73DSS1.03 - The pressure of authority.mp3
06,BR73DSS1.04,6A,Affection and responsibility,audio,81,BR,Brockwood Park,1973,22 May 1973,Discussion with Staff and Students,school,BR73DSS1.01-1.12,library/6A-k-school-discussions-england-and-switzerland/BR73DSS1.04 - Affection and responsibility.mp3
06,BR73DSS1.05,6A,Meditation,audio,102,BR,Brockwood Park,1973,3 June 1973,Discussion with Staff and Students,school,BR73DSS1.01-1.12,library/6A-k-school-discussions-england-and-switzerland/BR73DSS1.05 - Meditation.mp3
06,BR73DSS1.06,6A,Perpetual learning is real revolution,audio,90,BR,Brockwood Park,1973,5 June 1973,Discussion with Staff and Students,school,BR73DSS1.01-1.12,library/6A-k-school-discussions-england-and-switzerland/BR73DSS1.06 - Perpetual learning is real revolution.mp3
06,BR73DSS1.07,6A,Wanting to be different is still the same,audio,97,BR,Brockwood Park,1973,10 June 1973,Discussion with Staff and Students,school,BR73DSS1.01-1.12,library/6A-k-school-discussions-england-and-switzerland/BR73DSS1.07 - Wanting to be different is still the same.mp3
06,BR73DSS1.08,6A,Total attention,audio,98,BR,Brockwood Park,1973,13 June 1973,Discussion with Staff and Students,school,BR73DSS1.01-1.12,library/6A-k-school-discussions-england-and-switzerland/BR73DSS1.08 - Total attention.mp3
06,BR73DSS1.09,6A,Living sanely in this insane world,audio,86,BR,Brockwood Park,1973,17 June 1973,Discussion with Staff and Students,school,BR73DSS1.01-1.12,library/6A-k-school-discussions-england-and-switzerland/BR73DSS1.09 - Living sanely in this insane world.mp3
06,BR73DSS1.10,6A,"Love, relationship and images - 1",audio,102,BR,Brockwood Park,1973,19 June 1973,Discussion with Staff and Students,school,BR73DSS1.01-1.12,"library/6A-k-school-discussions-england-and-switzerland/BR73DSS1.10 - Love, relationship and images - 1.mp3"
06,BR73DSS1.11,6A,"Love, relationship and images - 2",audio,103,BR,Brockwood Park,1973,24 June 1973,Discussion with Staff and Students,school,BR73DSS1.01-1.12,"library/6A-k-school-discussions-england-and-switzerland/BR73DSS1.11 - Love, relationship and images - 2.mp3"
06,BR73DSS1.12,6A,Pleasure and pain,audio,102,BR,Brockwood Park,1973,1 July 1973,Discussion with Staff and Students,school,BR73DSS1.01-1.12,library/6A-k-school-discussions-england-and-switzerland/BR73DSS1.12 - Pleasure and pain.mp3
06,BR73DT1.2,6A,Unconditioning yourself and the student while teaching,audio,84,BR,Brockwood Park,1973,21 May 1973,Discussion with Teachers,school,BR73DT1.1-1.4,library/6A-k-school-discussions-england-and-switzerland/BR73DT1.2 - Unconditioning yourself and the student while teaching.mp3
06,BR73DT1.3,6A,The place of knowledge,audio,74,BR,Brockwood Park,1973,25 May 1973,Discussion with Teachers,school,BR73DT1.1-1.4,library/6A-k-school-discussions-england-and-switzerland/BR73DT1.3 - The place of knowledge.mp3
06,BR73DT1.4,6A,Sanity in an insane world,audio,89,BR,Brockwood Park,1973,1 June 1973,Discussion with Teachers,school,BR73DT1.1-1.4,library/6A-k-school-discussions-england-and-switzerland/BR73DT1.4 - Sanity in an insane world.mp3
06,BR74DSS1.1,6A,The nature of compulsion,audio,95,BR,Brockwood Park,1974,2 June 1974,Discussion with Staff and Students,school,BR74DSS1.1-1-8,library/6A-k-school-discussions-england-and-switzerland/BR74DSS1.1 - The nature of compulsion.mp3
06,BR74DSS1.2,6A,Never to be hurt,audio,113,BR,Brockwood Park,1974,6 June 1974,Discussion with Staff and Students,school,BR74DSS1.1-1-8,library/6A-k-school-discussions-england-and-switzerland/BR74DSS1.2 - Never to be hurt.mp3
06,BR74DSS1.3,6A,Thought creates fear,audio,87,BR,Brockwood Park,1974,9 June 1974,Discussion with Staff and Students,school,BR74DSS1.1-1-8,library/6A-k-school-discussions-england-and-switzerland/BR74DSS1.3 - Thought creates fear.mp3
06,BR74DSS1.4,6A,The problem of influence,audio,90,BR,Brockwood Park,1974,13 June 1974,Discussion with Staff and Students,school,BR74DSS1.1-1-8,library/6A-k-school-discussions-england-and-switzerland/BR74DSS1.4 - The problem of influence.mp3
06,BR74DSS1.5,6A,Consciousness and attention,audio,76,BR,Brockwood Park,1974,16 June 1974,Discussion with Staff and Students,school,BR74DSS1.1-1-8,library/6A-k-school-discussions-england-and-switzerland/BR74DSS1.5 - Consciousness and attention.mp3
06,BR74DSS1.6,6A,Death and intelligence,audio,77,BR,Brockwood Park,1974,20 June 1974,Discussion with Staff and Students,school,BR74DSS1.1-1-8,library/6A-k-school-discussions-england-and-switzerland/BR74DSS1.6 - Death and intelligence.mp3
06,BR74DSS1.7,6A,The field of thought,audio,89,BR,Brockwood Park,1974,23 June 1974,Discussion with Staff and Students,school,BR74DSS1.1-1-8,library/6A-k-school-discussions-england-and-switzerland/BR74DSS1.7 - The field of thought.mp3
06,BR74DSS1.8,6A,Order and disorder,audio,89,BR,Brockwood Park,1974,27 June 1974,Discussion with Staff and Students,school,BR74DSS1.1-1-8,library/6A-k-school-discussions-england-and-switzerland/BR74DSS1.8 - Order and disorder.mp3
06,BR75DSS1.01,6A,Freedom to learn,audio,92,BR,Brockwood Park,1975,5 May 1975,Discussion with Staff and Students,school,BR75DSS1.1-1.15,library/6A-k-school-discussions-england-and-switzerland/BR75DSS1.01 - Freedom to learn.mp3
06,BR75DSS1.02,6A,Authority and influence,audio,108,BR,Brockwood Park,1975,9 May 1975,Discussion with Staff and Students,school,BR75DSS1.1-1.15,library/6A-k-school-discussions-england-and-switzerland/BR75DSS1.02 - Authority and influence.mp3
06,BR75DSS1.03,6A,What is the most important thing in life?,audio,100,BR,Brockwood Park,1975,11 May 1975,Discussion with Staff and Students,school,BR75DSS1.1-1.15,library/6A-k-school-discussions-england-and-switzerland/BR75DSS1.03 - What is the most important thing in life.mp3
06,BR75DSS1.04,6A,Excellence,audio,90,BR,Brockwood Park,1975,15 May 1975,Discussion with Staff and Students,school,BR75DSS1.1-1.15,library/6A-k-school-discussions-england-and-switzerland/BR75DSS1.04 - Excellence.mp3
06,BR75DSS1.05,6A,Like and dislike,audio,95,BR,Brockwood Park,1975,18 May 1975,Discussion with Staff and Students,school,BR75DSS1.1-1.15,library/6A-k-school-discussions-england-and-switzerland/BR75DSS1.05 - Like and dislike.mp3
06,BR75DSS1.06,6A,Meditation and yoga,audio,83,BR,Brockwood Park,1975,22 May 1975,Discussion with Staff and Students,school,BR75DSS1.1-1.15,library/6A-k-school-discussions-england-and-switzerland/BR75DSS1.06 - Meditation and yoga.mp3
06,BR75DSS1.07,6A,Thinking,audio,89,BR,Brockwood Park,1975,25 May 1975,Discussion with Staff and Students,school,BR75DSS1.1-1.15,library/6A-k-school-discussions-england-and-switzerland/BR75DSS1.07 - Thinking.mp3
06,BR75DSS1.08,6A,The untidy mind,audio,86,BR,Brockwood Park,1975,29 May 1975,Discussion with Staff and Students,school,BR75DSS1.1-1.15,library/6A-k-school-discussions-england-and-switzerland/BR75DSS1.08 - The untidy mind.mp3
06,BR75DSS1.09,6A,What silence is,audio,89,BR,Brockwood Park,1975,1 June 1975,Discussion with Staff and Students,school,BR75DSS1.1-1.15,library/6A-k-school-discussions-england-and-switzerland/BR75DSS1.09 - What silence is.mp3
06,BR75DSS1.10,6A,Death and ending,audio,93,BR,Brockwood Park,1975,3 June 1975,Discussion with Staff and Students,school,BR75DSS1.1-1.15,library/6A-k-school-discussions-england-and-switzerland/BR75DSS1.10 - Death and ending.mp3
06,BR75DSS1.11,6A,What will change man?,audio,103,BR,Brockwood Park,1975,12 June 1975,Discussion with Staff and Students,school,BR75DSS1.1-1.15,library/6A-k-school-discussions-england-and-switzerland/BR75DSS1.11 - What will change man.mp3
06,BR75DSS1.12,6A,The superficial mind,audio,96,BR,Brockwood Park,1975,15 June 1975,Discussion with Staff and Students,school,BR75DSS1.1-1.15,library/6A-k-school-discussions-england-and-switzerland/BR75DSS1.12 - The superficial mind.mp3
06,BR75DSS1.13,6A,Respect,audio,109,BR,Brockwood Park,1975,19 June 1975,Discussion with Staff and Students,school,BR75DSS1.1-1.15,library/6A-k-school-discussions-england-and-switzerland/BR75DSS1.13 - Respect.mp3
06,BR75DSS1.14,6A,The whole content of my consciousness is me,audio,103,BR,Brockwood Park,1975,22 June 1975,Discussion with Staff and Students,school,BR75DSS1.1-1.15,library/6A-k-school-discussions-england-and-switzerland/BR75DSS1.14 - The whole content of my consciousness is me.mp3
06,BR75DSS1.15,6A,Knowledge does not change man,audio,87,BR,Brockwood Park,1975,26 June 1975,Discussion with Staff and Students,school,BR75DSS1.1-1.15,library/6A-k-school-discussions-england-and-switzerland/BR75DSS1.15 - Knowledge does not change man.mp3
06,BR76DSS2.1,6A,Acting without contradiction,video,63,BR,Brockwood Park,1976,26 September 1976,Discussion with Staff and Students,school,BR76DSS2.1-2.6,library/6A-k-school-discussions-england-and-switzerland/BR76DSS2.1 - Acting without contradiction.mp4
06,BR76DSS2.2,6A,Is there a different way of helping the student to learn?,video,85,BR,Brockwood Park,1976,30 September 1976,Discussion with Staff and Students,school,BR76DSS2.1-2.6,library/6A-k-school-discussions-england-and-switzerland/BR76DSS2.2 - Is there a different way of helping the student to learn.mp4
06,BR76DSS2.3,6A,What is love?,video,77,BR,Brockwood Park,1976,3 October 1976,Discussion with Staff and Students,school,BR76DSS2.1-2.6,library/6A-k-school-discussions-england-and-switzerland/BR76DSS2.3 - What is love.mp4
06,BR76DSS2.4,6A,"If you radically, psychologically change, you affect the consciousness of the world",video,81,BR,Brockwood Park,1976,8 October 1976,Discussion with Staff and Students,school,BR76DSS2.1-2.6,"library/6A-k-school-discussions-england-and-switzerland/BR76DSS2.4 - If you radically, psychologically change, you affect the consciousness of the world.mp4"
06,BR76DSS2.5,6A,Inward flowering,video,81,BR,Brockwood Park,1976,10 October 1976,Discussion with Staff and Students,school,BR76DSS2.1-2.6,library/6A-k-school-discussions-england-and-switzerland/BR76DSS2.5 - Inward flowering.mp4
06,BR76DSS2.6,6A,Can the constant movement of thought come to an end?,video,74,BR,Brockwood Park,1976,14 October 1976,Discussion with Staff and Students,school,BR76DSS2.1-2.6,library/6A-k-school-discussions-england-and-switzerland/BR76DSS2.6 - Can the constant movement of thought come to an end.mp4
06,BR76DT1,6A,What is my relationship with the students?,video,103,BR,Brockwood Park,1976,9 September 1976,Discussion with Teachers,school,BR76DT1-6,library/6A-k-school-discussions-england-and-switzerland/BR76DT1 - What is my relationship with the students.mp4
06,BR76DT2,6A,How do you bring about order without authority?,video,99,BR,Brockwood Park,1976,11 September 1976,Discussion with Teachers,school,BR76DT1-6,library/6A-k-school-discussions-england-and-switzerland/BR76DT2 - How do you bring about order without authority.mp4
06,BR76DT3,6A,In the ending of violence is the flowering of intelligence,video,110,BR,Brockwood Park,1976,16 September 1976,Discussion with Teachers,school,BR76DT1-6,library/6A-k-school-discussions-england-and-switzerland/BR76DT3 - In the ending of violence is the flowering of intelligence.mp4
06,BR76DT4,6A,Intelligence is to see something very clearly and act instantly,video,108,BR,Brockwood Park,1976,18 September 1976,Discussion with Teachers,school,BR76DT1-6,library/6A-k-school-discussions-england-and-switzerland/BR76DT4 - Intelligence is to see something very clearly and act instantly.mp4
06,BR76DT5,6A,Investigating fear,video,122,BR,Brockwood Park,1976,20 September 1976,Discussion with Teachers,school,BR76DT1-6,library/6A-k-school-discussions-england-and-switzerland/BR76DT5 - Investigating fear.mp4
06,BR76DT6,6A,Do we see the importance of the radical transformation of the human mind?,video,86,BR,Brockwood Park,1976,24 September 1976,Discussion with Teachers,school,BR76DT1-6,library/6A-k-school-discussions-england-and-switzerland/BR76DT6 - Do we see the importance of the radical transformation of the human mind.mp4
06,BR77DSS1.1,6A,"Sex, money, power and relationship",video,80,BR,Brockwood Park,1977,24 January 1977,Discussion with Staff and Students,school,BR77DSS1.1-1.2,"library/6A-k-school-discussions-england-and-switzerland/BR77DSS1.1 - Sex, money, power and relationship.mp4"
06,BR77DSS1.2,6A,"Order, influence, intelligence and watching",video,83,BR,Brockwood Park,1977,28 January 1977,Discussion with Staff and Students,school,BR77DSS1.1-1.2,"library/6A-k-school-discussions-england-and-switzerland/BR77DSS1.2 - Order, influence, intelligence and watching.mp4"
06,BR77DSS2.1,6A,What is the common factor amongst all of us?,video,47,BR,Brockwood Park,1977,24 September 1977,Discussion with Staff and Students,school,BR77DSS2.1-2.8,library/6A-k-school-discussions-england-and-switzerland/BR77DSS2.1 - What is the common factor amongst all of us.mp4
06,BR77DSS2.2,6A,Are you aware that you are conditioned?,video,90,BR,Brockwood Park,1977,2 October 1977,Discussion with Staff and Students,school,BR77DSS2.1-2.8,library/6A-k-school-discussions-england-and-switzerland/BR77DSS2.2 - Are you aware that you are conditioned.mp4
06,BR77DSS2.3,6A,"Freedom, authority and responsibility",video,84,BR,Brockwood Park,1977,6 October 1977,Discussion with Staff and Students,school,BR77DSS2.1-2.8,"library/6A-k-school-discussions-england-and-switzerland/BR77DSS2.3 - Freedom, authority and responsibility.mp4"
06,BR77DSS2.4,6A,Why does the brain register?,video,80,BR,Brockwood Park,1977,9 October 1977,Discussion with Staff and Students,school,BR77DSS2.1-2.8,library/6A-k-school-discussions-england-and-switzerland/BR77DSS2.4 - Why does the brain register.mp4
06,BR77DSS2.5,6A,Is there a way of living with no shadow of fear?,video,89,BR,Brockwood Park,1977,13 October 1977,Discussion with Staff and Students,school,BR77DSS2.1-2.8,library/6A-k-school-discussions-england-and-switzerland/BR77DSS2.5 - Is there a way of living with no shadow of fear.mp4
06,BR77DSS2.6,6A,The difference between duty and responsibility,video,97,BR,Brockwood Park,1977,16 October 1977,Discussion with Staff and Students,school,BR77DSS2.1-2.8,library/6A-k-school-discussions-england-and-switzerland/BR77DSS2.6 - The difference between duty and responsibility.mp4
06,BR77DSS2.7,6A,"The importance of living a life that is whole, not fragmented",video,74,BR,Brockwood Park,1977,23 October 1977,Discussion with Staff and Students,school,BR77DSS2.1-2.8,"library/6A-k-school-discussions-england-and-switzerland/BR77DSS2.7 - The importance of living a life that is whole, not fragmented.mp4"
06,BR77DSS2.8,6A,Can the brain be aware of its movement of accumulation?,video,85,BR,Brockwood Park,1977,30 October 1977,Discussion with Staff and Students,school,BR77DSS2.1-2.8,library/6A-k-school-discussions-england-and-switzerland/BR77DSS2.8 - Can the brain be aware of its movement of accumulation.mp4
06,BR78DSS1.1,6A,Can you give equal importance to all the things in your life?,video,78,BR,Brockwood Park,1978,9 May 1978,Discussion with Staff and Students,school,BR78DSS1.1-1.5,library/6A-k-school-discussions-england-and-switzerland/BR78DSS1.1 - Can you give equal importance to all the things in your life.mp4
06,BR78DSS1.2,6A,Can thought bring about a life that is totally harmonious?,video,69,BR,Brockwood Park,1978,14 May 1978,Discussion with Staff and Students,school,BR78DSS1.1-1.5,library/6A-k-school-discussions-england-and-switzerland/BR78DSS1.2 - Can thought bring about a life that is totally harmonious.mp4
06,BR78DSS1.3,6A,What is the essence of relationship?,video,75,BR,Brockwood Park,1978,21 May 1978,Discussion with Staff and Students,school,BR78DSS1.1-1.5,library/6A-k-school-discussions-england-and-switzerland/BR78DSS1.3 - What is the essence of relationship.mp4
06,BR78DSS1.4,6A,Can you learn about yourself totally independently from others?,video,62,BR,Brockwood Park,1978,28 May 1978,Discussion with Staff and Students,school,BR78DSS1.1-1.5,library/6A-k-school-discussions-england-and-switzerland/BR78DSS1.4 - Can you learn about yourself totally independently from others.mp4
06,BR78DSS1.5,6A,Why do we make sex into a problem?,video,63,BR,Brockwood Park,1978,19 June 1978,Discussion with Staff and Students,school,BR78DSS1.1-1.5,library/6A-k-school-discussions-england-and-switzerland/BR78DSS1.5 - Why do we make sex into a problem.mp4
06,BR78DSS2.1,6A,Is there an awakening of intelligence in you?,video,74,BR,Brockwood Park,1978,1 October 1978,Discussion with Staff and Students,school,BR78DSS2.1-2.4,library/6A-k-school-discussions-england-and-switzerland/BR78DSS2.1 - Is there an awakening of intelligence in you.mp4
06,BR78DSS2.2,6A,Intelligence is not personal,video,73,BR,Brockwood Park,1978,15 October 1978,Discussion with Staff and Students,school,BR78DSS2.1-2.4,library/6A-k-school-discussions-england-and-switzerland/BR78DSS2.2 - Intelligence is not personal.mp4
06,BR78DSS2.3,6A,Desire,video,77,BR,Brockwood Park,1978,22 October 1978,Discussion with Staff and Students,school,BR78DSS2.1-2.4,library/6A-k-school-discussions-england-and-switzerland/BR78DSS2.3 - Desire.mp4
06,BR78DSS2.4,6A,The flame of discontent,video,60,BR,Brockwood Park,1978,29 October 1978,Discussion with Staff and Students,school,BR78DSS2.1-2.4,library/6A-k-school-discussions-england-and-switzerland/BR78DSS2.4 - The flame of discontent.mp4
06,BR78DT1,6A,What is intelligent action?,video,89,BR,Brockwood Park,1978,20 October 1978,Discussion with Teachers,school,BR78DT1-2,library/6A-k-school-discussions-england-and-switzerland/BR78DT1 - What is intelligent action.mp4
06,BR79DSS1.1,6A,Preoccupation and security,audio,108,BR,Brockwood Park,1979,20 May 1979,Discussion with Staff and Students,school,BR79DSS1.1-1.6,library/6A-k-school-discussions-england-and-switzerland/BR79DSS1.1 - Preoccupation and security.mp3
06,BR79DSS1.2,6A,On being good,video,75,BR,Brockwood Park,1979,27 May 1979,Discussion with Staff and Students,school,BR79DSS1.1-1.6,library/6A-k-school-discussions-england-and-switzerland/BR79DSS1.2 - On being good.mp4
06,BR79DSS1.3,6A,What has man made of himself psychologically?,audio,74,BR,Brockwood Park,1979,3 June 1979,Discussion with Staff and Students,school,BR79DSS1.1-1.6,library/6A-k-school-discussions-england-and-switzerland/BR79DSS1.3 - What has man made of himself psychologically.mp3
06,BR79DSS1.4,6A,What is the purpose of life?,audio,88,BR,Brockwood Park,1979,10 June 1979,Discussion with Staff and Students,school,BR79DSS1.1-1.6,library/6A-k-school-discussions-england-and-switzerland/BR79DSS1.4 - What is the purpose of life.mp3
06,BR79DSS1.5,6A,Why is the mind always occupied?,video,80,BR,Brockwood Park,1979,17 June 1979,Discussion with Staff and Students,school,BR79DSS1.1-1.6,library/6A-k-school-discussions-england-and-switzerland/BR79DSS1.5 - Why is the mind always occupied.mp4
06,BR79DSS1.6,6A,Thinking together,video,67,BR,Brockwood Park,1979,24 June 1979,Discussion with Staff and Students,school,BR79DSS1.1-1.6,library/6A-k-school-discussions-england-and-switzerland/BR79DSS1.6 - Thinking together.mp4
06,BR79DSS2.1,6A,Freedom and responsibility,video,62,BR,Brockwood Park,1979,30 September 1979,Discussion with Staff and Students,school,BR79DSS2.1-2.2,library/6A-k-school-discussions-england-and-switzerland/BR79DSS2.1 - Freedom and responsibility.mp4
06,BR79DSS2.2,6A,What does it mean to live an intelligent life?,video,76,BR,Brockwood Park,1979,7 October 1979,Discussion with Staff and Students,school,BR79DSS2.1-2.2,library/6A-k-school-discussions-england-and-switzerland/BR79DSS2.2 - What does it mean to live an intelligent life.mp4
06,BR79DT2.1,6A,The relationship between teacher and student,video,54,BR,Brockwood Park,1979,17 June 1979,Discussion with Teachers,school,BR79DT2.1-2.3,library/6A-k-school-discussions-england-and-switzerland/BR79DT2.1 - The relationship between teacher and student.mp4
06,BR79DT2.2,6A,We have divided life as the outer and the inner,video,57,BR,Brockwood Park,1979,20 June 1979,Discussion with Teachers,school,BR79DT2.1-2.3,library/6A-k-school-discussions-england-and-switzerland/BR79DT2.2 - We have divided life as the outer and the inner.mp4
06,BR79DT2.3,6A,The art of listening,video,56,BR,Brockwood Park,1979,23 June 1979,Discussion with Teachers,school,BR79DT2.1-2.3,library/6A-k-school-discussions-england-and-switzerland/BR79DT2.3 - The art of listening.mp4
06,BR80DSG2.0,6A,Thought is the beginning of desire,video,60,BR,Brockwood Park,1980,7 October 1980,Discussion with Small Group,school,,library/6A-k-school-discussions-england-and-switzerland/BR80DSG2.0 - Thought is the beginning of desire.mp4
06,BR80DSS1.1,6A,Intelligence is to observe authority not revolt against it,video,55,BR,Brockwood Park,1980,1 June 1980,Discussion with Staff and Students,school,BR80DSS1.1-1.4,library/6A-k-school-discussions-england-and-switzerland/BR80DSS1.1 - Intelligence is to observe authority not revolt against it.mp4
06,BR80DSS1.2,6A,Are we helping each other not to be mediocre?,video,77,BR,Brockwood Park,1980,8 June 1980,Discussion with Staff and Students,school,BR80DSS1.1-1.4,library/6A-k-school-discussions-england-and-switzerland/BR80DSS1.2 - Are we helping each other not to be mediocre.mp4
06,BR80DSS1.3,6A,What is desire and what is thinking?,audio,89,BR,Brockwood Park,1980,15 June 1980,Discussion with Staff and Students,school,BR80DSS1.1-1.4,library/6A-k-school-discussions-england-and-switzerland/BR80DSS1.3 - What is desire and what is thinking.mp3
06,BR80DSS1.4,6A,Is there such thing as right action?,audio,74,BR,Brockwood Park,1980,22 June 1980,Discussion with Staff and Students,school,BR80DSS1.1-1.4,library/6A-k-school-discussions-england-and-switzerland/BR80DSS1.4 - Is there such thing as right action.mp3
06,BR80DSS2.1,6A,Is it possible to grow up without any kind of fear?,audio,56,BR,Brockwood Park,1980,28 September 1980,Discussion with Staff and Students,school,BR80DSS2.1-2.2,library/6A-k-school-discussions-england-and-switzerland/BR80DSS2.1 - Is it possible to grow up without any kind of fear.mp3
06,BR80DSS2.2,6A,Why don't we flower?,video,92,BR,Brockwood Park,1980,5 October 1980,Discussion with Staff and Students,school,BR80DSS2.1-2.2,library/6A-k-school-discussions-england-and-switzerland/BR80DSS2.2 - Why don't we flower.mp4
06,BR80DT2.1,6A,Do we want a children’s school at Brockwood?,video,115,BR,Brockwood Park,1980,16 September 1980,Discussion with Teachers,school,BR80DT2.1-2.8,library/6A-k-school-discussions-england-and-switzerland/BR80DT2.1 - Do we want a children’s school at Brockwood.mp4
06,BR80DT2.2,6A,Do we think together?,video,71,BR,Brockwood Park,1980,18 September 1980,Discussion with Teachers,school,BR80DT2.1-2.8,library/6A-k-school-discussions-england-and-switzerland/BR80DT2.2 - Do we think together.mp4
06,BR80DT2.3,6A,On cooperation and feeling isolated,audio,105,BR,Brockwood Park,1980,21 September 1980,Discussion with Teachers,school,BR80DT2.1-2.8,library/6A-k-school-discussions-england-and-switzerland/BR80DT2.3 - On cooperation and feeling isolated.mp3
06,BR80DT2.4,6A,Investigating the burden of anxiety,audio,90,BR,Brockwood Park,1980,23 September 1980,Discussion with Teachers,school,BR80DT2.1-2.8,library/6A-k-school-discussions-england-and-switzerland/BR80DT2.4 - Investigating the burden of anxiety.mp3
06,BR80DT2.5,6A,On being limited and having problems,audio,84,BR,Brockwood Park,1980,26 September 1980,Discussion with Teachers,school,BR80DT2.1-2.8,library/6A-k-school-discussions-england-and-switzerland/BR80DT2.5 - On being limited and having problems.mp3
06,BR80DT2.6,6A,Where there is a psychological image you inevitably produce conflict,audio,96,BR,Brockwood Park,1980,2 October 1980,Discussion with Teachers,school,BR80DT2.1-2.8,library/6A-k-school-discussions-england-and-switzerland/BR80DT2.6 - Where there is a psychological image you inevitably produce conflict.mp3
06,BR80DT2.7,6A,Do we want a school where leisure is used for a serious purpose?,audio,79,BR,Brockwood Park,1980,4 October 1980,Discussion with Teachers,school,BR80DT2.1-2.8,library/6A-k-school-discussions-england-and-switzerland/BR80DT2.7 - Do we want a school where leisure is used for a serious purpose.mp3
06,BR80DT2.8,6A,What is the intention of Brockwood if we don’t have young students?,audio,71,BR,Brockwood Park,1980,25 October 1980,Discussion with Teachers,school,BR80DT2.1-2.8,library/6A-k-school-discussions-england-and-switzerland/BR80DT2.8 - What is the intention of Brockwood if we don’t have young students.mp3
06,BR81DSS1,6A,Why are we being educated?,audio,71,BR,Brockwood Park,1981,31 May 1981,Discussion with Staff and Students,school,BR81DSS1-3,library/6A-k-school-discussions-england-and-switzerland/BR81DSS1 - Why are we being educated.mp3
06,BR81DSS2,6A,Thought and knowledge,video,75,BR,Brockwood Park,1981,14 June 1981,Discussion with Staff and Students,school,BR81DSS1-3,library/6A-k-school-discussions-england-and-switzerland/BR81DSS2 - Thought and knowledge.mp4
06,BR81DSS3,6A,Why haven't we been able to resolve our problems?,video,73,BR,Brockwood Park,1981,21 June 1981,Discussion with Staff and Students,school,BR81DSS1-3,library/6A-k-school-discussions-england-and-switzerland/BR81DSS3 - Why haven't we been able to resolve our problems.mp4
06,BR81DT1,6A,What place has knowledge in life?,video,100,BR,Brockwood Park,1981,5 June 1981,Discussion with Teachers,school,BR81DT1-6,library/6A-k-school-discussions-england-and-switzerland/BR81DT1 - What place has knowledge in life.mp4
06,BR81DT2,6A,Is it possible to end conflict?,video,118,BR,Brockwood Park,1981,6 June 1981,Discussion with Teachers,school,BR81DT1-6,library/6A-k-school-discussions-england-and-switzerland/BR81DT2 - Is it possible to end conflict.mp4
06,BR81DT3,6A,Is there a deep change taking place in us?,video,126,BR,Brockwood Park,1981,12 June 1981,Discussion with Teachers,school,BR81DT1-6,library/6A-k-school-discussions-england-and-switzerland/BR81DT3 - Is there a deep change taking place in us.mp4
06,BR81DT4,6A,Leisure,video,119,BR,Brockwood Park,1981,19 June 1981,Discussion with Teachers,school,BR81DT1-6,library/6A-k-school-discussions-england-and-switzerland/BR81DT4 - Leisure.mp4
06,BR81DT5,6A,What is the quality of your mind?,video,91,BR,Brockwood Park,1981,20 June 1981,Discussion with Teachers,school,BR81DT1-6,library/6A-k-school-discussions-england-and-switzerland/BR81DT5 - What is the quality of your mind.mp4
06,BR81DT6,6A,Individuality,video,104,BR,Brockwood Park,1981,23 June 1981,Discussion with Teachers,school,BR81DT1-6,library/6A-k-school-discussions-england-and-switzerland/BR81DT6 - Individuality.mp4
06,BR82DSS1.1,6A,Can you live without a single problem?,video,76,BR,Brockwood Park,1982,30 May 1982,Discussion with Staff and Students,school,BR82DSS1.1-1.4,library/6A-k-school-discussions-england-and-switzerland/BR82DSS1.1 - Can you live without a single problem.mp4
06,BR82DSS1.2,6A,Opposites,video,97,BR,Brockwood Park,1982,13 June 1982,Discussion with Staff and Students,school,BR82DSS1.1-1.4,library/6A-k-school-discussions-england-and-switzerland/BR82DSS1.2 - Opposites.mp4
06,BR82DSS1.3,6A,Is there energy which is not at all wasted?,audio,99,BR,Brockwood Park,1982,20 June 1982,Discussion with Staff and Students,school,BR82DSS1.1-1.4,library/6A-k-school-discussions-england-and-switzerland/BR82DSS1.3 - Is there energy which is not at all wasted.mp3
06,BR82DSS1.4,6A,What are the factors that bring about a good human being?,audio,99,BR,Brockwood Park,1982,27 June 1982,Discussion with Staff and Students,school,BR82DSS1.1-1.4,library/6A-k-school-discussions-england-and-switzerland/BR82DSS1.4 - What are the factors that bring about a good human being.mp3
06,BR82DSS2.1,6A,Love has no hurt,audio,82,BR,Brockwood Park,1982,3 October 1982,Discussion with Staff and Students,school,BR82DSS2.1-2.3,library/6A-k-school-discussions-england-and-switzerland/BR82DSS2.1 - Love has no hurt.mp3
06,BR82DSS2.2,6A,Self-centredness,video,75,BR,Brockwood Park,1982,10 October 1982,Discussion with Staff and Students,school,BR82DSS2.1-2.3,library/6A-k-school-discussions-england-and-switzerland/BR82DSS2.2 - Self-centredness.mp4
06,BR82DSS2.3,6A,Discovering something totally new,video,83,BR,Brockwood Park,1982,17 October 1982,Discussion with Staff and Students,school,BR82DSS2.1-2.3,library/6A-k-school-discussions-england-and-switzerland/BR82DSS2.3 - Discovering something totally new.mp4
06,BR82DT,6A,To educate is to bring about a new generation,video,90,BR,Brockwood Park,1982,8 October 1982,Discussion with Teachers,school,,library/6A-k-school-discussions-england-and-switzerland/BR82DT - To educate is to bring about a new generation.mp4
06,BR83DSS1.1,6A,What are the factors of jealousy?,audio,116,BR,Brockwood Park,1983,2 June 1983,Discussion with Staff and Students,school,BR83DSS1.1-1.6,library/6A-k-school-discussions-england-and-switzerland/BR83DSS1.1 - What are the factors of jealousy.mp3
06,BR83DSS1.2,6A,What will you do to have peace in the world?,audio,87,BR,Brockwood Park,1983,5 June 1983,Discussion with Staff and Students,school,BR83DSS1.1-1.6,library/6A-k-school-discussions-england-and-switzerland/BR83DSS1.2 - What will you do to have peace in the world.mp3
06,BR83DSS1.3,6A,Conflict is a wastage of energy,video,102,BR,Brockwood Park,1983,12 June 1983,Discussion with Staff and Students,school,BR83DSS1.1-1.6,library/6A-k-school-discussions-england-and-switzerland/BR83DSS1.3 - Conflict is a wastage of energy.mp4
06,BR83DSS1.4,6A,Can our brains not be programmed?,audio,106,BR,Brockwood Park,1983,16 June 1983,Discussion with Staff and Students,school,BR83DSS1.1-1.6,library/6A-k-school-discussions-england-and-switzerland/BR83DSS1.4 - Can our brains not be programmed.mp3
06,BR83DSS1.5,6A,How will you stop being mediocre?,video,99,BR,Brockwood Park,1983,19 June 1983,Discussion with Staff and Students,school,BR83DSS1.1-1.6,library/6A-k-school-discussions-england-and-switzerland/BR83DSS1.5 - How will you stop being mediocre.mp4
06,BR83DSS1.6,6A,What makes the brain deteriorate?,audio,87,BR,Brockwood Park,1983,23 June 1983,Discussion with Staff and Students,school,BR83DSS1.1-1.6,library/6A-k-school-discussions-england-and-switzerland/BR83DSS1.6 - What makes the brain deteriorate.mp3
06,BR83DSS2.0,6A,Supreme intelligence is to have no illusions,video,76,BR,Brockwood Park,1983,16 October 1983,Discussion with Staff and Students,school,,library/6A-k-school-discussions-england-and-switzerland/BR83DSS2.0 - Supreme intelligence is to have no illusions.mp4
06,BR83DT2.1,6A,Helping the students to meet the violence in the world,audio,87,BR,Brockwood Park,1983,15 October 1983,Discussion with Teachers,school,BR83DT2.1-2.2,library/6A-k-school-discussions-england-and-switzerland/BR83DT2.1 - Helping the students to meet the violence in the world.mp3
06,BR83DT2.2,6A,Why can’t we think together?,video,78,BR,Brockwood Park,1983,18 October 1983,Discussion with Teachers,school,BR83DT2.1-2.2,library/6A-k-school-discussions-england-and-switzerland/BR83DT2.2 - Why can’t we think together.mp4
06,BR85DS1.1,6A,What was your background like?,video,60,BR,Brockwood Park,1985,2 June 1985,Discussion with Students,school,BR85DS1.1-1.3,library/6A-k-school-discussions-england-and-switzerland/BR85DS1.1 - What was your background like.mp4
06,BR85DS1.2,6A,There is freedom when there is learning,video,62,BR,Brockwood Park,1985,9 June 1985,Discussion with Students,school,BR85DS1.1-1.3,library/6A-k-school-discussions-england-and-switzerland/BR85DS1.2 - There is freedom when there is learning.mp4
06,BR85DS1.3,6A,Isn't comparison a form of violence?,video,60,BR,Brockwood Park,1985,18 June 1985,Discussion with Students,school,BR85DS1.1-1.3,library/6A-k-school-discussions-england-and-switzerland/BR85DS1.3 - Isn't comparison a form of violence.mp4
06,SA67DT1,6A,Can the educator and the educated learn together?,audio,54,SA,Saanen,1967,26 July 1967,Discussion with Teachers,school,SA67DT1-7,library/6A-k-school-discussions-england-and-switzerland/SA67DT1 - Can the educator and the educated learn together.mp3
06,SA67DT2,6A,A different kind of education,audio,86,SA,Saanen,1967,8 August 1967,Discussion with Teachers,school,SA67DT1-7,library/6A-k-school-discussions-england-and-switzerland/SA67DT2 - A different kind of education.mp3
06,SA67DT3,6A,"Discipline, freedom and comparison",audio,84,SA,Saanen,1967,9 August 1967,Discussion with Teachers,school,SA67DT1-7,"library/6A-k-school-discussions-england-and-switzerland/SA67DT3 - Discipline, freedom and comparison.mp3"
06,SA67DT4,6A,How do you bring about feeling of non-comparison?,audio,76,SA,Saanen,1967,10 August 1967,Discussion with Teachers,school,SA67DT1-7,library/6A-k-school-discussions-england-and-switzerland/SA67DT4 - How do you bring about feeling of non-comparison.mp3
06,SA67DT5,6A,Radical mutation takes place when there is no comparison or pattern for change,audio,65,SA,Saanen,1967,11 August 1967,Discussion with Teachers,school,SA67DT1-7,library/6A-k-school-discussions-england-and-switzerland/SA67DT5 - Radical mutation takes place when there is no comparison or pattern for change.mp3
06,SA67DT6,6A,"Bringing about a deeper, wider feeling for life",audio,63,SA,Saanen,1967,12 August 1967,Discussion with Teachers,school,SA67DT1-7,"library/6A-k-school-discussions-england-and-switzerland/SA67DT6 - Bringing about a deeper, wider feeling for life.mp3"
06,SA67DT7,6A,"Living in this world, what am I to do?",audio,34,SA,Saanen,1967,13 August 1967,Discussion with Teachers,school,SA67DT1-7,"library/6A-k-school-discussions-england-and-switzerland/SA67DT7 - Living in this world, what am I to do.mp3"
06,SA67DYP,6A,How do I find out what love is?,audio,74,SA,Saanen,1967,19 July 1967,Discussion with Young People,school,,library/6A-k-school-discussions-england-and-switzerland/SA67DYP - How do I find out what love is.mp3
06,BA74DT,6B,A relationship where teacher and taught don’t exist,audio,77,BA,Bangalore,1974,10 January 1974,Discussion with Teachers,school,,library/6B-k-school-discussions-india/BA74DT - A relationship where teacher and taught don’t exist.mp3
06,RA65TS1,6B,Why are you being educated?,audio,75,RA,Rajghat,1965,1 December 1965,Talk to Students,school,RA65TS1-4,library/6B-k-school-discussions-india/RA65TS1 - Why are you being educated.mp3
06,RA65TS2,6B,You can understand yourself very simply when you are quiet,audio,71,RA,Rajghat,1965,4 December 1965,Talk to Students,school,RA65TS1-4,library/6B-k-school-discussions-india/RA65TS2 - You can understand yourself very simply when you are quiet.mp3
06,RA65TS3,6B,Why does one have to have order in life?,audio,74,RA,Rajghat,1965,7 December 1965,Talk to Students,school,RA65TS1-4,library/6B-k-school-discussions-india/RA65TS3 - Why does one have to have order in life.mp3
06,RA65TS4,6B,To understand death we must understand living,audio,75,RA,Rajghat,1965,10 December 1965,Talk to Students,school,RA65TS1-4,library/6B-k-school-discussions-india/RA65TS4 - To understand death we must understand living.mp3
06,RA67TS1.1,6B,We must create a new social structure,audio,77,RA,Rajghat,1967,1 January 1967,Talk to Students,school,RA67TS1.1-1.3,library/6B-k-school-discussions-india/RA67TS1.1 - We must create a new social structure.mp3
06,RA67TS1.2,6B,Is it possible to bring about the unity of man?,audio,80,RA,Rajghat,1967,4 January 1967,Talk to Students,school,RA67TS1.1-1.3,library/6B-k-school-discussions-india/RA67TS1.2 - Is it possible to bring about the unity of man.mp3
06,RA67TS1.3,6B,The world is divided by ideas and ideologies,audio,82,RA,Rajghat,1967,7 January 1967,Talk to Students,school,RA67TS1.1-1.3,library/6B-k-school-discussions-india/RA67TS1.3 - The world is divided by ideas and ideologies.mp3
06,RA69DT,6B,Can the mind function not in the old pattern?,audio,92,RA,Rajghat,1969,28 November 1969,Discussion with Teachers,school,,library/6B-k-school-discussions-india/RA69DT - Can the mind function not in the old pattern.mp3
06,RA69TS1,6B,"The world is on fire, what is one to do?",audio,82,RA,Rajghat,1969,23 November 1969,Talk to Students,school,RA69TS1-3,"library/6B-k-school-discussions-india/RA69TS1 - The world is on fire, what is one to do.mp3"
06,RA69TS2,6B,Knowledge and love,audio,98,RA,Rajghat,1969,26 November 1969,Talk to Students,school,RA69TS1-3,library/6B-k-school-discussions-india/RA69TS2 - Knowledge and love.mp3
06,RA69TS3,6B,Great freedom is needed to perceive truth,audio,85,RA,Rajghat,1969,30 November 1969,Talk to Students,school,RA69TS1-3,library/6B-k-school-discussions-india/RA69TS3 - Great freedom is needed to perceive truth.mp3
06,RA81DS1,6B,Learning and sorrow,audio,53,RA,Rajghat,1981,17 November 1981,Discussion with Students,school,RA81DS1-2,library/6B-k-school-discussions-india/RA81DS1 - Learning and sorrow.mp3
06,RA81DS2,6B,You become insensitive if you get used to anything,audio,54,RA,Rajghat,1981,19 November 1981,Discussion with Students,school,RA81DS1-2,library/6B-k-school-discussions-india/RA81DS2 - You become insensitive if you get used to anything.mp3
06,RV78DS1,6B,Don’t compare yourself with anybody,audio,56,RV,Rishi Valley,1978,30 November 1978,Discussion with Students,school,RV78DS1-7,library/6B-k-school-discussions-india/RV78DS1 - Don’t compare yourself with anybody.mp3
06,RV78DS2,6B,Do you see the importance of not being frightened?,video,64,RV,Rishi Valley,1978,5 December 1978,Discussion with Students,school,RV78DS1-7,library/6B-k-school-discussions-india/RV78DS2 - Do you see the importance of not being frightened.mp4
06,RV78DS3,6B,Can you observe your thinking?,video,58,RV,Rishi Valley,1978,7 December 1978,Discussion with Students,school,RV78DS1-7,library/6B-k-school-discussions-india/RV78DS3 - Can you observe your thinking.mp4
06,RV78DS4,6B,To behave rightly is to have consideration and respect,video,60,RV,Rishi Valley,1978,12 December 1978,Discussion with Students,school,RV78DS1-7,library/6B-k-school-discussions-india/RV78DS4 - To behave rightly is to have consideration and respect.mp4
06,RV78DS5,6B,"Look at the human being, not the word",video,77,RV,Rishi Valley,1978,14 December 1978,Discussion with Students,school,RV78DS1-7,"library/6B-k-school-discussions-india/RV78DS5 - Look at the human being, not the word.mp4"
06,RV78DS6,6B,Intelligence is total security,audio,77,RV,Rishi Valley,1978,18 December 1978,Discussion with Students,school,RV78DS1-7,library/6B-k-school-discussions-india/RV78DS6 - Intelligence is total security.mp3
06,RV78DS7,6B,Love means having no fear,audio,70,RV,Rishi Valley,1978,19 December 1978,Discussion with Students,school,RV78DS1-7,library/6B-k-school-discussions-india/RV78DS7 - Love means having no fear.mp3
06,RV78DT1,6B,Is there a way of living not based on thought?,audio,100,RV,Rishi Valley,1978,28 November 1978,Discussion with Teachers,school,RV78DT1-7,library/6B-k-school-discussions-india/RV78DT1 - Is there a way of living not based on thought.mp3
06,RV78DT2,6B,Learning the art of attention,audio,110,RV,Rishi Valley,1978,2 December 1978,Discussion with Teachers,school,RV78DT1-7,library/6B-k-school-discussions-india/RV78DT2 - Learning the art of attention.mp3
06,RV78DT3,6B,"How will you, as educators, help the student to listen?",audio,95,RV,Rishi Valley,1978,3 December 1978,Discussion with Teachers,school,RV78DT1-7,"library/6B-k-school-discussions-india/RV78DT3 - How will you, as educators, help the student to listen.mp3"
06,RV78DT4,6B,What will bring about total relationship in our life?,audio,80,RV,Rishi Valley,1978,9 December 1978,Discussion with Teachers,school,RV78DT1-7,library/6B-k-school-discussions-india/RV78DT4 - What will bring about total relationship in our life.mp3
06,RV78DT5,6B,What is our responsibility as educators and human beings?,audio,85,RV,Rishi Valley,1978,10 December 1978,Discussion with Teachers,school,RV78DT1-7,library/6B-k-school-discussions-india/RV78DT5 - What is our responsibility as educators and human beings.mp3
06,RV78DT6,6B,How can we bring about human beings who are flowering deeply?,audio,100,RV,Rishi Valley,1978,16 December 1978,Discussion with Teachers,school,RV78DT1-7,library/6B-k-school-discussions-india/RV78DT6 - How can we bring about human beings who are flowering deeply.mp3
06,RV78DT7,6B,How will you bring about a group of people who are helping each other to uncondition themselves?,audio,87,RV,Rishi Valley,1978,17 December 1978,Discussion with Teachers,school,RV78DT1-7,library/6B-k-school-discussions-india/RV78DT7 - How will you bring about a group of people who are helping each other to uncondition themselves.mp3
06,RV79DS1,6B,To be sensitive is to be aware of what you are doing,video,56,RV,Rishi Valley,1979,17 November 1979,Discussion with Students,school,RV79DS1-4,library/6B-k-school-discussions-india/RV79DS1 - To be sensitive is to be aware of what you are doing.mp4
06,RV79DS2,6B,Do you lead a life of hypocrisy?,audio,66,RV,Rishi Valley,1979,19 November 1979,Discussion with Students,school,RV79DS1-4,library/6B-k-school-discussions-india/RV79DS2 - Do you lead a life of hypocrisy.mp3
06,RV79DS3,6B,Can you be free of the image?,video,73,RV,Rishi Valley,1979,21 November 1979,Discussion with Students,school,RV79DS1-4,library/6B-k-school-discussions-india/RV79DS3 - Can you be free of the image.mp4
06,RV79DS4,6B,Do you have confidence or trust in anybody?,video,69,RV,Rishi Valley,1979,27 November 1979,Discussion with Students,school,RV79DS1-4,library/6B-k-school-discussions-india/RV79DS4 - Do you have confidence or trust in anybody.mp4
06,RV80DS1,6B,What happens when you are concerned only with yourself?,video,73,RV,Rishi Valley,1980,11 December 1980,Discussion with Students,school,RV80DS1-4,library/6B-k-school-discussions-india/RV80DS1 - What happens when you are concerned only with yourself.mp4
06,RV80DS2,6B,Are you aware of what is happening in the technological world?,video,71,RV,Rishi Valley,1980,13 December 1980,Discussion with Students,school,RV80DS1-4,library/6B-k-school-discussions-india/RV80DS2 - Are you aware of what is happening in the technological world.mp4
06,RV80DS3,6B,Thinking about the future causes fear,video,61,RV,Rishi Valley,1980,15 December 1980,Discussion with Students,school,RV80DS1-4,library/6B-k-school-discussions-india/RV80DS3 - Thinking about the future causes fear.mp4
06,RV80DS4,6B,"Freedom, responsibility and discipline",video,64,RV,Rishi Valley,1980,17 December 1980,Discussion with Students,school,RV80DS1-4,"library/6B-k-school-discussions-india/RV80DS4 - Freedom, responsibility and discipline.mp4"
06,RV81DS1,6B,Have you ever asked yourself what knowledge is?,video,62,RV,Rishi Valley,1981,10 December 1981,Discussion with Students,school,RV81DS1-2,library/6B-k-school-discussions-india/RV81DS1 - Have you ever asked yourself what knowledge is.mp4
06,RV81DS2,6B,Will you be responsible not to be corrupt?,video,74,RV,Rishi Valley,1981,15 December 1981,Discussion with Students,school,RV81DS1-2,library/6B-k-school-discussions-india/RV81DS2 - Will you be responsible not to be corrupt.mp4
06,RV82DS1,6B,Have you noticed how your brain is conditioned?,audio,65,RV,Rishi Valley,1982,8 December 1982,Discussion with Students,school,RV82DS1-3,library/6B-k-school-discussions-india/RV82DS1 - Have you noticed how your brain is conditioned.mp3
06,RV82DS2,6B,Discipline means to learn,video,60,RV,Rishi Valley,1982,13 December 1982,Discussion with Students,school,RV82DS1-3,library/6B-k-school-discussions-india/RV82DS2 - Discipline means to learn.mp4
06,RV82DS3,6B,What are the factors which bring about a deterioration of the brain?,video,53,RV,Rishi Valley,1982,16 December 1982,Discussion with Students,school,RV82DS1-3,library/6B-k-school-discussions-india/RV82DS3 - What are the factors which bring about a deterioration of the brain.mp4
06,RV83DS1,6B,What is your future?,video,69,RV,Rishi Valley,1983,12 December 1983,Discussion with Students,school,RV83DS1-4,library/6B-k-school-discussions-india/RV83DS1 - What is your future.mp4
06,RV83DS2,6B,The function of an educator is to help students have a good academic brain and be good human beings,video,69,RV,Rishi Valley,1983,14 December 1983,Discussion with Students,school,RV83DS1-4,library/6B-k-school-discussions-india/RV83DS2 - The function of an educator is to help students have a good academic brain and be good human beings.mp4
06,RV83DS3,6B,Where do I look to see what I am?,video,67,RV,Rishi Valley,1983,16 December 1983,Discussion with Students,school,RV83DS1-4,library/6B-k-school-discussions-india/RV83DS3 - Where do I look to see what I am.mp4
06,RV83DS4,6B,Why do images about oneself and others arise?,audio,94,RV,Rishi Valley,1983,18 December 1983,Discussion with Students,school,RV83DS1-4,library/6B-k-school-discussions-india/RV83DS4 - Why do images about oneself and others arise.mp3
06,RV84DS1,6B,Can we stop thinking about ourselves?,audio,77,RV,Rishi Valley,1984,7 December 1984,Discussion with Students,school,RV84DS1-3,library/6B-k-school-discussions-india/RV84DS1 - Can we stop thinking about ourselves.mp3
06,RV84DS2,6B,The brain is always recording,video,64,RV,Rishi Valley,1984,18 December 1984,Discussion with Students,school,RV84DS1-3,library/6B-k-school-discussions-india/RV84DS2 - The brain is always recording.mp4
06,RV84DS3,6B,What is the cause of corruption?,video,64,RV,Rishi Valley,1984,20 December 1984,Discussion with Students,school,RV84DS1-3,library/6B-k-school-discussions-india/RV84DS3 - What is the cause of corruption.mp4
06,RV85DS1,6B,What is the taste of fear?,video,67,RV,Rishi Valley,1985,5 December 1985,Discussion with Students,school,RV85DS1-2,library/6B-k-school-discussions-india/RV85DS1 - What is the taste of fear.mp4
06,RV85DS2,6B,Thinking about myself all day long,video,60,RV,Rishi Valley,1985,11 December 1985,Discussion with Students,school,RV85DS1-2,library/6B-k-school-discussions-india/RV85DS2 - Thinking about myself all day long.mp4
06,RV85DT1,6B,A different human being,audio,77,RV,Rishi Valley,1985,3 December 1985,Discussion with Teachers,school,RV85DT1-3,library/6B-k-school-discussions-india/RV85DT1 - A different human being.mp3
06,RV85DT2,6B,Can education bring a holistic way of living?,video,63,RV,Rishi Valley,1985,7 December 1985,Discussion with Teachers,school,RV85DT1-3,library/6B-k-school-discussions-india/RV85DT2 - Can education bring a holistic way of living.mp4
06,RV85DT3,6B,If you stand alone you are related,video,69,RV,Rishi Valley,1985,9 December 1985,Discussion with Teachers,school,RV85DT1-3,library/6B-k-school-discussions-india/RV85DT3 - If you stand alone you are related.mp4
06,RV85S1,6B,Are we bringing about good brains in our schools?,audio,77,RV,Rishi Valley,1985,16 December 1985,Seminar,seminar,RV85S1-2,library/6B-k-school-discussions-india/RV85S1 - Are we bringing about good brains in our schools.mp3
06,RV85S2,6B,"The origin of life, the brain and the mind, and goodness",audio,77,RV,Rishi Valley,1985,17 December 1985,Seminar,seminar,RV85S1-2,"library/6B-k-school-discussions-india/RV85S2 - The origin of life, the brain and the mind, and goodness.mp3"
06,AM67IMB,6C,"To find reality, renounce all gods – Krishnamurti interviewed by Martin van Buuren",audio,13,AM,Amsterdam,1967,21 May 1967,Interview,interview,,"library/6C-k-school-discussions-usa-and-canada/AM67IMB - To find reality, renounce all gods – Krishnamurti interviewed by Martin van Buuren.mp3"
06,AM68I,6C,Interview by a Rosicrucian group,audio,28,AM,Noordwijk,1968,20 May 1968,Interview,interview,,library/6C-k-school-discussions-usa-and-canada/AM68I - Interview by a Rosicrucian group.mp3
06,BR70ITM,6C,Why are human beings so divided? Krishnamurti interviewed by Tara McCarthy,audio,40,BR,Brockwood Park,1970,1 June 1970,Interview,interview,,library/6C-k-school-discussions-usa-and-canada/BR70ITM - Why are human beings so divided Krishnamurti interviewed by Tara McCarthy.mp3
06,BR70IWT,6C,Interview by Wilfred Thomas,audio,28,BR,Brockwood Park,1970,5 October 1970,Interview,interview,,library/6C-k-school-discussions-usa-and-canada/BR70IWT - Interview by Wilfred Thomas.mp3
06,BR76IGP,6C,Krishnamurti interviewed by Gerard Priestland for the BBC,audio,7,BR,Brockwood Park,1976,24 May 1976,Interview,interview,,library/6C-k-school-discussions-usa-and-canada/BR76IGP - Krishnamurti interviewed by Gerard Priestland for the BBC.mp3
06,BR84IEO,6C,Why do human beings depend?,audio,45,BR,Brockwood Park,1984,15 October 1984,Interview,interview,,library/6C-k-school-discussions-usa-and-canada/BR84IEO - Why do human beings depend.mp3
06,GS80I,6C,Be a light to oneself – Krishnamurti interviewed by Swiss TV,audio,15,GS,Gstaad,1980,15 July 1980,Interview,interview,,library/6C-k-school-discussions-usa-and-canada/GS80I - Be a light to oneself – Krishnamurti interviewed by Swiss TV.mp3
06,GS83IHG,6C,Doubt opens doors–Krishnamurti interviewed for radio,audio,61,GS,Gstaad,1983,28 July 1983,Interview,interview,,library/6C-k-school-discussions-usa-and-canada/GS83IHG - Doubt opens doors–Krishnamurti interviewed for radio.mp3
06,LA70IBA,6C,Understanding violence - Krishnamurti interviewed by Bob Abernethy,audio,7,LA,"Los Angeles, California",1970,26 February 1970,Interview,interview,,library/6C-k-school-discussions-usa-and-canada/LA70IBA - Understanding violence - Krishnamurti interviewed by Bob Abernethy.mp3
06,LO66IFW,6C,Dying is living and living is dying – Krishnamurti interviewed by the BBC,audio,29,LO,London,1966,29 April 1966,Interview,interview,,library/6C-k-school-discussions-usa-and-canada/LO66IFW - Dying is living and living is dying – Krishnamurti interviewed by the BBC.mp3
06,LO69IMD,6C,You are society - Krishnamurti interviewed by the BBC,audio,13,LO,London,1969,18 March 1969,Interview,interview,,library/6C-k-school-discussions-usa-and-canada/LO69IMD - You are society - Krishnamurti interviewed by the BBC.mp3
06,MA80IPC,6C,Why has the human mind deteriorated? Krishnamurti press conference in Madras,audio,87,MA,Madras (Chennai),1980,24 December 1980,Interview,interview,,library/6C-k-school-discussions-usa-and-canada/MA80IPC - Why has the human mind deteriorated Krishnamurti press conference in Madras.mp3
06,ML70I,6C,A short interview about the future of the foundations and schools,video,16,ML,"Malibu, California",1970,29 March 1970,Interview,interview,,library/6C-k-school-discussions-usa-and-canada/ML70I - A short interview about the future of the foundations and schools.mp4
06,ML72IFW,6C,Interview by Frank Waters,audio,87,ML,"Malibu, California",1972,27 March 1972,Interview,interview,,library/6C-k-school-discussions-usa-and-canada/ML72IFW - Interview by Frank Waters.mp3
06,ML75DT,6C,Creating stability and security,audio,121,ML,"Malibu, California",1975,23 April 1975,Discussion with Teachers,school,,library/6C-k-school-discussions-usa-and-canada/ML75DT - Creating stability and security.mp3
06,ND66IDI,6C,Power is invariably evil,audio,48,ND,New Delhi,1966,24 December 1966,Interview,interview,,library/6C-k-school-discussions-usa-and-canada/ND66IDI - Power is invariably evil.mp3
06,NY66IDS,6C,We are not individuals – Krishnamurti interviewed by Dusty Sklar,audio,46,NY,New York,1966,24 September 1966,Interview,interview,,library/6C-k-school-discussions-usa-and-canada/NY66IDS - We are not individuals – Krishnamurti interviewed by Dusty Sklar.mp3
06,NY82IGN,6C,What are you? – Krishnamurti interviewed by Gary Null,audio,57,NY,New York,1982,25 March 1982,Interview,interview,,library/6C-k-school-discussions-usa-and-canada/NY82IGN - What are you – Krishnamurti interviewed by Gary Null.mp3
06,NY82ILH,6C,Conditioning and the activities of the self – Krishnamurti interviewed by Lex Hixon,audio,46,NY,New York,1982,31 March 1982,Interview,interview,,library/6C-k-school-discussions-usa-and-canada/NY82ILH - Conditioning and the activities of the self – Krishnamurti interviewed by Lex Hixon.mp3
06,OJ66DS,6C,To live peacefully requires right education,audio,78,OJ,"Ojai, California",1966,7 November 1966,Discussion with Students,school,,library/6C-k-school-discussions-usa-and-canada/OJ66DS - To live peacefully requires right education.mp3
06,OJ72IFV,6C,The Ojai Valley - Krishnamurti interviewed by Fred Volz,audio,34,OJ,"Ojai, California",1972,6 April 1972,Interview,interview,,library/6C-k-school-discussions-usa-and-canada/OJ72IFV - The Ojai Valley - Krishnamurti interviewed by Fred Volz.mp3
06,OJ75IDI,6C,On freedom - Krishnamurti interviewed by Donald Ingram Smith,audio,53,OJ,"Ojai, California",1975,14 April 1975,Interview,interview,,library/6C-k-school-discussions-usa-and-canada/OJ75IDI - On freedom - Krishnamurti interviewed by Donald Ingram Smith.mp3
06,OJ75IFH,6C,Interview on education by Fred Hall,video,42,OJ,"Ojai, California",1975,9 April 1975,Interview,interview,,library/6C-k-school-discussions-usa-and-canada/OJ75IFH - Interview on education by Fred Hall.mp4
06,OJ77DT1,6C,How does one help a child to understand the immense problem of conditioning?,video,110,OJ,"Ojai, California",1977,25 February 1977,Discussion with Teachers,school,OJ77DT1-4,library/6C-k-school-discussions-usa-and-canada/OJ77DT1 - How does one help a child to understand the immense problem of conditioning.mp4
06,OJ77DT2,6C,Is it possible to bring about a different human being through right education?,video,115,OJ,"Ojai, California",1977,25 March 1977,Discussion with Teachers,school,OJ77DT1-4,library/6C-k-school-discussions-usa-and-canada/OJ77DT2 - Is it possible to bring about a different human being through right education.mp4
06,OJ77DT3,6C,How will you help a child not to have fear?,video,90,OJ,"Ojai, California",1977,26 March 1977,Discussion with Teachers,school,OJ77DT1-4,library/6C-k-school-discussions-usa-and-canada/OJ77DT3 - How will you help a child not to have fear.mp4
06,OJ77DT4,6C,Observation is partial when you identify with a group,video,106,OJ,"Ojai, California",1977,27 March 1977,Discussion with Teachers,school,OJ77DT1-4,library/6C-k-school-discussions-usa-and-canada/OJ77DT4 - Observation is partial when you identify with a group.mp4
06,OJ83IRT,6C,The future is what you are now – Krishnamurti interviewed by Roy Tuckman,audio,46,OJ,"Ojai, California",1983,17 March 1983,Interview,interview,,library/6C-k-school-discussions-usa-and-canada/OJ83IRT - The future is what you are now – Krishnamurti interviewed by Roy Tuckman.mp3
06,OJ84IPH,6C,Death and Krishnamurti’s effect on the stream of humanity,audio,89,OJ,"Ojai, California",1984,24 April 1984,Interview,interview,,library/6C-k-school-discussions-usa-and-canada/OJ84IPH - Death and Krishnamurti’s effect on the stream of humanity.mp3
06,OJ85DT2.0,6C,"Education, fear and breaking the cycle of time",audio,113,OJ,"Ojai, California",1985,5 May 1985,Discussion with Teachers,school,,"library/6C-k-school-discussions-usa-and-canada/OJ85DT2.0 - Education, fear and breaking the cycle of time.mp3"
06,WO78DSS1,6C,The purpose of a Krishnamurti school,video,84,WO,"Wolf Lake School, Victoria, British Columbia",1978,20 April 1978,Discussion with Staff and Students,school,WO78DSS1-3,library/6C-k-school-discussions-usa-and-canada/WO78DSS1 - The purpose of a Krishnamurti school.mp4
06,WO78DSS2,6C,Is it possible to be free of pressure?,video,91,WO,"Wolf Lake School, Victoria, British Columbia",1978,21 April 1978,Discussion with Staff and Students,school,WO78DSS1-3,library/6C-k-school-discussions-usa-and-canada/WO78DSS2 - Is it possible to be free of pressure.mp4
06,WO78DSS3,6C,The arts of listening and learning,video,92,WO,"Wolf Lake School, Victoria, British Columbia",1978,23 April 1978,Discussion with Staff and Students,school,WO78DSS1-3,library/6C-k-school-discussions-usa-and-canada/WO78DSS3 - The arts of listening and learning.mp4
08,US97EBM1,8A,Conflict,video,29,US,USA,1997,1 January 1997,Excerpt (compiled series),film,US97EBM1-12,library/8A-excerpts/US97EBM1 - Conflict.mp4
08,US97EBM10,8A,Death: Leaving the stream,video,29,US,USA,1997,1 January 1997,Excerpt (compiled series),film,US97EBM1-12,library/8A-excerpts/US97EBM10 - Death Leaving the stream.mp4
08,US97EBM11,8A,Love: The flame without smoke,video,29,US,USA,1997,1 January 1997,Excerpt (compiled series),film,US97EBM1-12,library/8A-excerpts/US97EBM11 - Love The flame without smoke.mp4
08,US97EBM12,8A,What is the religious mind?,video,29,US,USA,1997,1 January 1997,Excerpt (compiled series),film,US97EBM1-12,library/8A-excerpts/US97EBM12 - What is the religious mind.mp4
08,US97EBM2,8A,Change,video,29,US,USA,1997,1 January 1997,Excerpt (compiled series),film,US97EBM1-12,library/8A-excerpts/US97EBM2 - Change.mp4
08,US97EBM3,8A,Freedom and authority,video,29,US,USA,1997,1 January 1997,Excerpt (compiled series),film,US97EBM1-12,library/8A-excerpts/US97EBM3 - Freedom and authority.mp4
08,US97EBM4,8A,The sacred,video,29,US,USA,1997,1 January 1997,Excerpt (compiled series),film,US97EBM1-12,library/8A-excerpts/US97EBM4 - The sacred.mp4
08,US97EBM5,8A,Choiceless awareness,video,29,US,USA,1997,1 January 1997,Excerpt (compiled series),film,US97EBM1-12,library/8A-excerpts/US97EBM5 - Choiceless awareness.mp4
08,US97EBM6,8A,Meditation,video,29,US,USA,1997,1 January 1997,Excerpt (compiled series),film,US97EBM1-12,library/8A-excerpts/US97EBM6 - Meditation.mp4
08,US97EBM7,8A,Mirror of relationship,video,29,US,USA,1997,1 January 1997,Excerpt (compiled series),film,US97EBM1-12,library/8A-excerpts/US97EBM7 - Mirror of relationship.mp4
08,US97EBM8,8A,Conditioning: Prisoners of the past,video,29,US,USA,1997,1 January 1997,Excerpt (compiled series),film,US97EBM1-12,library/8A-excerpts/US97EBM8 - Conditioning Prisoners of the past.mp4
08,US97EBM9,8A,The violent self,video,29,US,USA,1997,1 January 1997,Excerpt (compiled series),film,US97EBM1-12,library/8A-excerpts/US97EBM9 - The violent self.mp4
09,BR71FCLW,9A,Can you live that way?,video,46,BR,Brockwood Park,1971,1 January 1971,Film documentary,film,,library/9A-films-and-documentaries/BR71FCLW - Can you live that way.mp4
09,BR74FPL,9A,Problems of living,video,28,BR,Brockwood Park,1974,1 October 1974,Film,film,,library/9A-films-and-documentaries/BR74FPL - Problems of living.mp4
09,BR85IRF,9A,The role of a flower,video,26,BR,Brockwood Park,1985,10 September 1985,Film interview,interview,,library/9A-films-and-documentaries/BR85IRF - The role of a flower.mp4
09,BR95FOF,9A,On Freedom,video,32,BR,Brockwood Park,1995,1 January 1995,Film,film,,library/9A-films-and-documentaries/BR95FOF - On Freedom.mp4
09,CO49HF,9A,"Historical film, Sri Lanka 1949/50",video,3,CO,Colombo,1949,1 December 1949,Historical film,film,,"library/9A-films-and-documentaries/CO49HF - Historical film, Sri Lanka 194950.mp4"
09,KHF1&2,9A,Compilation of 1920s film rolls,video,141,KH,KH,,1 January 1920,Film,film,,library/9A-films-and-documentaries/KHF1&2 - Compilation of 1920s film rolls.mp4
09,LAT35HF,9A,1935 Latin America tour - A silent film documentary,video,44,LAT,LAT,1935,1 April 1935,Historical film,film,,library/9A-films-and-documentaries/LAT35HF - 1935 Latin America tour - A silent film documentary.mp4
09,NY28F,9A,"Short interview in New York City, 1928",video,1,NY,New York,2028,1 April 1928,Film,film,,"library/9A-films-and-documentaries/NY28F - Short interview in New York City, 1928.mp4"
09,OJ30FTPL,9A,Krishnamurti reading ‘Truth is a Pathless Land’,video,5,OJ,"Ojai, California",2030,30 May 1930,Film,film,,library/9A-films-and-documentaries/OJ30FTPL - Krishnamurti reading ‘Truth is a Pathless Land’.mp4
09,OJ78FOE,9A,Krishnamurti On Education,video,12,OJ,"Ojai, California",1978,27 April 1978,Film on education,film,,library/9A-films-and-documentaries/OJ78FOE - Krishnamurti On Education.mp4
09,OJ81FOG,9A,The Oak Grove School: An exploration of learning,video,14,OJ,"Ojai, California",1981,1 May 1981,Film,film,,library/9A-films-and-documentaries/OJ81FOG - The Oak Grove School An exploration of learning.mp4
09,OJ81FQA,9A,Krishnamurti on education: The quality of attention,video,20,OJ,"Ojai, California",1981,1 May 1981,Film,film,,library/9A-films-and-documentaries/OJ81FQA - Krishnamurti on education The quality of attention.mp4
09,OM2426F,9A,Historical footage 1924 - 1926,video,35,OM,Ommen,2426,1 January 1926,Film,film,,library/9A-films-and-documentaries/OM2426F - Historical footage 1924 - 1926.mp4
09,OM24F,9A,Historical Film of the Ommen Camp,video,10,OM,Ommen,2024,23 July 1926,Film,film,,library/9A-films-and-documentaries/OM24F - Historical Film of the Ommen Camp.mp4
09,SY34HF,9A,Newsreel of Krishnamurti in Sydney,video,2,SY,Sydney,1934,27 February 1934,Historical film,film,,library/9A-films-and-documentaries/SY34HF - Newsreel of Krishnamurti in Sydney.mp4
09,US66FRR1,9A,Where are we going?,video,29,US,"Ojai, California",1966,1 January 1966,Film series episode,film,US66FRR1-8,library/9A-films-and-documentaries/US66FRR1 - Where are we going.mp4
09,US66FRR2,9A,Observing ourselves,video,29,US,"Ojai, California",1966,1 January 1966,Film series episode,film,US66FRR1-8,library/9A-films-and-documentaries/US66FRR2 - Observing ourselves.mp4
09,US66FRR3,9A,Freedom from fear,video,29,US,"Ojai, California",1966,1 January 1966,Film series episode,film,US66FRR1-8,library/9A-films-and-documentaries/US66FRR3 - Freedom from fear.mp4
09,US66FRR4,9A,Meditation,video,29,US,"Ojai, California",1966,1 January 1966,Film series episode,film,US66FRR1-8,library/9A-films-and-documentaries/US66FRR4 - Meditation.mp4
09,US66FRR5,9A,What is love?,video,29,US,"Ojai, California",1966,1 January 1966,Film series episode,film,US66FRR1-8,library/9A-films-and-documentaries/US66FRR5 - What is love.mp4
09,US66FRR6,9A,Questioning,video,29,US,"Ojai, California",1966,1 January 1966,Film series episode,film,US66FRR1-8,library/9A-films-and-documentaries/US66FRR6 - Questioning.mp4
09,US66FRR7,9A,Living and death,video,29,US,"Ojai, California",1966,1 January 1966,Film series episode,film,US66FRR1-8,library/9A-films-and-documentaries/US66FRR7 - Living and death.mp4
09,US66FRR8,9A,The end of conflict,video,29,US,"Ojai, California",1966,1 January 1966,Film series episode,film,US66FRR1-8,library/9A-films-and-documentaries/US66FRR8 - The end of conflict.mp4
09,US80WOL,9A,Ways of Learning - Reflections on the Oak Grove School,video,18,US,"Ojai, California",1980,1 January 1980,WOL,recording,,library/9A-films-and-documentaries/US80WOL - Ways of Learning - Reflections on the Oak Grove School.mp4
09,US84FCC,9A,The challenge of change,video,77,US,USA,1984,1 January 1984,Film documentary,film,,library/9A-films-and-documentaries/US84FCC - The challenge of change.mp4
09,US89FSM,9A,Krishnamurti: With a silent mind,video,105,US,USA,1989,1 January 1989,Film documentary,film,,library/9A-films-and-documentaries/US89FSM - Krishnamurti With a silent mind.mp4
