transcript_id,item_code,event_type,kind,language,segments,passages,k_passages,qa_status,qa_failures,collapsed,word_total,duration_total,word_k,duration_k,word_q,duration_q,word_ann,duration_ann,word_unk,duration_unk,word_pct_k,duration_pct_k,word_pct_q,duration_pct_q,word_pct_ann,duration_pct_ann,word_pct_unk,duration_pct_unk
1983,LO61T1,T,manual,en,69,86,55,pass,,0,5373,4521.639999999999,4819,4120.020452380951,544,396.52954761904857,10,5.09,0,0.0,89.6891866741113,91.1178345109507,10.124697561883492,8.76959571348114,0.18611576400521124,0.1125697755681567,0.0,0.0
1984,LO61T2,T,manual,en,208,217,126,pass,,0,5996,4181.380000000002,5166,3835.7155079365098,753,311.98782539682566,10,5.7299999999999995,0,0.0,86.1574382921948,91.73324376011048,12.558372248165444,7.461360254194202,0.1667778519012675,0.13703609813028228,0.0,0.0
1985,LO61T3,T,manual,en,63,79,53,pass,,0,4348,3568.2400000000007,4087,3460.0649999999996,251,102.51500000000124,10,5.66,0,0.0,93.99724011039558,96.96839338161107,5.772769089236431,2.872985001008935,0.22999080036798528,0.15862161737999683,0.0,0.0
1986,LO61T4,T,manual,en,78,95,64,pass,,0,4858,4407.860000000001,4542,4238.464666666669,306,164.1553333333327,10,5.24,0,0.0,93.49526554137505,96.15697110767283,6.298888431453273,3.7241503435529406,0.20584602717167558,0.11887854877423511,0.0,0.0
1987,LO61T5,T,manual,en,6,19,17,pass,,0,2385,2542.6099999999997,2369,2534.9199999999996,6,2.520000000000209,10,5.17,0,0.0,99.32914046121593,99.69755487471535,0.25157232704402516,0.09911075627014011,0.4192872117400419,0.2033343690145166,0.0,0.0
1988,LO61T6,T,manual,en,61,78,49,pass,,0,4737,4053.8599999999997,4327,3832.2444761904762,400,215.98552380952333,10,5.63,0,0.0,91.344732953346,94.53322206959481,8.444162972345366,5.327897949350085,0.21110407430863415,0.1388799810550932,0.0,0.0
1989,LO61T7,T,manual,en,61,79,49,pass,,0,4353,3899.0400000000013,4048,3763.933888888889,295,129.18611111111204,10,5.92,0,0.0,92.99333792786584,96.53488779004289,6.776935446818286,3.3132799640709507,0.22972662531587412,0.1518322458861668,0.0,0.0
1990,LO61T8,T,manual,en,7,26,23,pass,,0,3464,3732.1300000000006,3441,3716.01,13,8.260000000000218,10,7.86,0,0.0,99.33602771362587,99.56807506705285,0.37528868360277134,0.2213213366093951,0.28868360277136257,0.2106035963377481,0.0,0.0
1991,LO61T9,T,manual,en,96,116,68,pass,,0,5174,4689.679999999999,4621,4476.2650833333355,543,206.38491666666414,10,7.03,0,0.0,89.31194433706996,95.44926483967639,10.494781600309238,4.4008315421662925,0.1932740626207963,0.14990361815731565,0.0,0.0
1992,LO61T10,T,manual,en,3,27,26,pass,,0,4214,4187.650000000001,4204,4180.88,0,0.0,10,6.7700000000000005,0,0.0,99.76269577598481,99.8383341492245,0.0,0.0,0.23730422401518747,0.16166585077549459,0.0,0.0
1993,LO61T11,T,manual,en,20,43,35,pass,,0,4410,3879.359999999999,4326,3833.7924999999996,74,37.89749999999958,10,7.67,0,0.0,98.0952380952381,98.82538614616844,1.6780045351473922,0.9769008290027115,0.22675736961451248,0.1977130248288378,0.0,0.0
1994,LO61T12,T,manual,en,30,58,46,pass,,0,5897,4889.55,5792,4823.17,95,59.710000000000036,10,6.67,0,0.0,98.21943361031033,98.64241085580473,1.6109886382906562,1.2211757728216306,0.16957775139901646,0.1364133713736438,0.0,0.0
1995,LO65D1,D,manual,en,301,312,170,pass,,0,7705,5165.050000000005,6090,4567.351138888892,1605,588.2488611111131,10,9.45,0,0.0,79.0395846852693,88.42801403449894,20.830629461388707,11.389025490771873,0.12978585334198572,0.18296047472918928,0.0,0.0
1996,LO65D2,D,manual,en,279,286,167,pass,,0,6765,5552.57,5388,4609.088444444448,1314,914.061555555551,10,7.76,0,0.0,79.64523281596452,83.00820060700627,19.42350332594235,16.46195465443121,0.14781966001478197,0.13975510439310085,0.0,0.0
1997,LO65D3,D,manual,en,184,198,118,pass,,0,6433,4895.550000000002,5756,4578.774369047622,589,274.36896428571276,10,8.75,0,0.0,89.4761386600342,93.52931476642297,9.155914814239079,5.604456379481624,0.155448468832582,0.1787337479956286,0.0,0.0
1998,LO65D4,D,manual,en,42,63,45,pass,,0,5071,4824.499999999999,4851,4641.715844155844,210,174.2541558441551,10,8.530000000000001,0,0.0,95.66160520607376,96.21133473221774,4.141195030565964,3.6118593811618847,0.19719976336028397,0.17680588662037522,0.0,0.0
1999,LO65D5,D,manual,en,58,80,56,pass,,0,5331,4889.930000000008,5095,4789.5487500000045,226,91.41125000000238,10,8.969999999999999,0,0.0,95.57306321515664,97.94718431552184,4.239354717688989,1.8693774757512325,0.18758206715438003,0.183438208726914,0.0,0.0
2000,LO65D6,D,manual,en,78,98,62,pass,,0,5079,5091.2800000000025,4680,4927.607785714286,389,154.792214285716,10,8.88,0,0.0,92.14412285883049,96.78524429444626,7.658987989761764,3.040339841566677,0.19688915140775742,0.1744158639870523,0.0,0.0
2001,BR69T1,T,manual,en,14,30,24,pass,,0,3389,3452.809999999999,3244,3385.8824999999997,134,59.67749999999933,11,7.249999999999999,0,0.0,95.72145175568014,98.0616512347914,3.9539687223369726,1.7283748598967028,0.3245795219828858,0.2099739053119054,0.0,0.0
2002,BR69T2,T,manual,en,75,95,63,pass,,0,5116,4103.760000000001,4748,3926.5225000000023,357,169.96749999999895,11,7.2700000000000005,0,0.0,92.8068803752932,95.68109489833716,6.978107896794371,4.141750492231488,0.2150117279124316,0.17715460943135072,0.0,0.0
2003,BR69D1,D,manual,en,366,369,200,pass,,0,7709,4262.479999999996,5585,3327.015006493505,2112,926.0249935064907,12,9.44,0,0.0,72.44778829939033,78.05350421570326,27.396549487611882,21.725028469494088,0.15566221299779479,0.2214673148026503,0.0,0.0
2004,BR69D2,D,manual,en,245,253,142,pass,,0,6740,4709.709999999997,5575,4106.742679653677,1154,595.9273203463204,11,7.04,0,0.0,82.71513353115726,87.19735779174684,17.12166172106825,12.653163790261411,0.1632047477744807,0.14947841799176603,0.0,0.0
2005,BR69T3,T,manual,en,37,42,25,pass,,0,4249,4168.290000000002,2265,2156.5550000000007,1973,2004.6850000000009,11,7.05,0,0.0,53.30666039068016,51.7371632012168,46.43445516592139,48.09370269343064,0.2588844433984467,0.16913410535255458,0.0,0.0
2006,BR69T4,T,manual,en,78,103,68,pass,,0,6155,5000.959999999998,5842,4849.278095238093,302,145.0219047619056,11,6.659999999999999,0,0.0,94.91470349309505,96.9669442514656,4.906580016246954,2.8998813180250522,0.17871649065800163,0.13317443050934222,0.0,0.0
2007,BR70T1,T,manual,en,68,78,50,pass,,0,6721,5847.59,3459,2711.1910000000016,399,329.2689999999984,2863,2807.13,0,0.0,51.46555572087487,46.36424578330563,5.9366165749144475,5.63084963207062,42.59782770421068,48.00490458462375,0.0,0.0
2008,BR70T2,T,manual,en,124,139,87,pass,,0,5466,4657.029000000002,4847,4186.875000000002,447,337.6840000000004,172,132.47,0,0.0,88.67544822539334,89.90442189644942,8.177826564215149,7.251060708447388,3.1467252103915113,2.8445173951031855,0.0,0.0
2009,BR70D1,D,manual,en,258,265,160,pass,,0,6466,4470.239999999997,5525,3802.2279999999937,931,661.7920000000037,10,6.22,0,0.0,85.44695329415404,85.05646229285219,14.398391586761521,14.80439528973845,0.15465511908444168,0.13914241740935618,0.0,0.0
2010,BR70D2,D,manual,en,359,362,206,pass,,0,7129,4944.068,5543,3923.247571428571,1576,1013.4604285714287,10,7.36,0,0.0,77.75284051059054,79.35262159477927,22.106887361481274,20.498513138804494,0.14027212792818067,0.1488652664162386,0.0,0.0
2011,BR70T3,T,manual,en,93,105,68,pass,,0,5000,4253.768,3836,3109.6390000000006,1153,1138.3299999999992,11,5.7989999999999995,0,0.0,76.72,73.10316406536512,23.06,26.760509741010775,0.22,0.13632619362409984,0.0,0.0
2012,BR70T4,T,manual,en,48,51,31,pass,,0,4658,3962.1399999999994,1270,917.6310000000008,2816,2576.4661428571417,572,468.0428571428572,0,0.0,27.264920566766854,23.159984250935125,60.455130957492486,65.02713540806589,12.279948475740662,11.812880340998987,0.0,0.0
2013,BR71T1,T,manual,en,80,100,68,pass,,0,5704,5118.11,5436,4851.999749999997,257,261.0202500000026,11,5.09,0,0.0,95.3015427769986,94.80061487541295,4.505610098176718,5.099934350766252,0.19284712482468444,0.09945077382080496,0.0,0.0
2014,BR71T2,T,manual,en,136,143,88,pass,,0,5954,4217.351000000001,4446,3028.7650000000003,704,487.6840000000002,803,698.652,0,0.0,74.67248908296943,71.81676365092686,11.823983876385624,11.563751748431661,13.486731609002351,16.566133575317778,0.0,0.0
2015,BR71D1,D,manual,en,411,417,246,pass,,0,7209,4923.969999999999,5954,3835.750000000003,1244,1082.119999999996,11,6.1000000000000005,0,0.0,82.59120543764739,77.8995404114973,17.256207518379803,21.976575811794063,0.15258704397281175,0.12388377670863146,0.0,0.0
2016,BR71D2,D,manual,en,215,224,139,pass,,0,6444,4579.5,5933,4008.4199999999987,456,535.3200000000012,54,34.76,0,0.0,92.0701427684668,87.52964297412379,7.07635009310987,11.689485751719646,0.8379888268156425,0.7590348291298177,0.0,0.0
2017,BR71T3,T,manual,en,10,22,17,pass,,0,5302,4569.82,2295,2056.6970588235295,2996,2507.482941176471,11,5.64,0,0.0,43.28555262165221,45.00608467781072,56.50697849867974,54.870496894329996,0.2074688796680498,0.123418427859303,0.0,0.0
2018,BR71T4,T,manual,en,52,68,45,pass,,0,6603,5580.539,3884,2982.146,188,116.99299999999948,2531,2481.3999999999996,0,0.0,58.821747690443736,53.438314829445694,2.8471906709071635,2.0964462393327863,38.331061638649096,44.46523893122151,0.0,0.0
2019,BR72T1,T,manual,en,14,27,18,pass,,0,7606,5705.43,2591,2164.43,5005,3535.08,10,5.92,0,0.0,34.06521167499343,37.9363168069716,65.80331317381015,61.959922389723474,0.1314751511964239,0.1037608033049218,0.0,0.0
2020,BR72T2,T,manual,en,51,82,59,pass,,0,6264,4984.42,5971,4855.785714285714,282,120.50428571428665,11,8.129999999999999,0,0.0,95.32247765006386,97.41927273957077,4.501915708812261,2.4176190151368995,0.1756066411238825,0.16310824529233087,0.0,0.0
2021,BR72D1,D,manual,en,358,365,199,pass,,0,8853,4887.05,6892,4040.003551587302,1950,838.9264484126987,11,8.12,0,0.0,77.84931661583644,82.6675305467982,22.026431718061673,17.16631604777317,0.12425166610188637,0.16615340542863277,0.0,0.0
2022,BR72D2,D,manual,en,425,429,237,pass,,0,9133,5213.089999999996,7253,4388.282574814072,1869,816.9374251859235,11,7.87,0,0.0,79.41530712799737,84.17814721813888,20.464250520091973,15.670886656204367,0.12044235191065367,0.15096612565676032,0.0,0.0
2023,BR72T3,T,manual,en,20,48,39,pass,,0,5961,4665.460000000003,5647,4429.250000000001,303,228.7200000000017,11,7.49,0,0.0,94.73242744505956,94.93704800812779,5.083039758429794,4.902410480424257,0.18453279651065257,0.16054151144796003,0.0,0.0
2024,BR72T4,T,manual,en,14,26,21,pass,,0,4935,3918.5199999999995,2653,2184.0299999999997,2271,1727.5,11,6.989999999999999,0,0.0,53.758865248226954,55.73609423966191,46.01823708206687,44.085522084868785,0.22289766970618036,0.17838367546930983,0.0,0.0
2025,BR73T1,T,manual,en,15,49,44,pass,,0,6032,5157.579999999999,5994,5132.619999999999,27,17.609999999999673,11,7.35,0,0.0,99.37002652519894,99.51605210195478,0.44761273209549074,0.341439202106408,0.1823607427055703,0.14250869593879303,0.0,0.0
2026,BR73T2,T,manual,en,87,112,73,pass,,0,6507,5285.649999999998,5918,5044.809999999999,578,232.6999999999989,11,8.14,0,0.0,90.94820962040879,95.44351215082348,8.88274166282465,4.402485976180772,0.16904871676655908,0.15400187299575271,0.0,0.0
2027,BR73D1,D,manual,en,349,352,207,pass,,0,9158,5435.410000000001,7449,4574.2395859973385,1695,851.9104140026619,14,9.26,0,0.0,81.3387202445949,84.15629337984325,18.508407949333915,15.673342287015362,0.15287180607119458,0.17036433314138213,0.0,0.0
2028,BR73D2,D,manual,en,307,313,182,pass,,0,7380,4213.720000000006,6098,3721.4274545454614,1268,483.5925454545441,14,8.700000000000001,0,0.0,82.62872628726288,88.3169136664386,17.181571815718158,11.47661793983804,0.1897018970189702,0.20646839372336057,0.0,0.0
2029,BR73T3,T,manual,en,5,16,13,pass,,0,5652,4688.74,1910,1683.6009999999999,3731,2997.2790000000005,11,7.859999999999999,0,0.0,33.793347487615,35.90732264958176,66.01203113941968,63.925041695636786,0.194621372965322,0.16763565478145515,0.0,0.0
2030,BR73T4,T,manual,en,9,11,6,pass,,0,4775,4321.389999999999,532,455.3300000000004,151,146.44999999999936,4092,3719.61,0,0.0,11.141361256544503,10.536656029657134,3.162303664921466,3.388955868366414,85.69633507853403,86.07438810197645,0.0,0.0
2031,BR74T1,T,manual,en,47,60,37,pass,,0,6544,5224.820000000001,3097,2291.5589999999993,1773,1471.1851176470602,1674,1462.075882352941,0,0.0,47.325794621026894,43.85909945222991,27.093520782396087,28.157622992697547,25.58068459657702,27.983277555072533,0.0,0.0
2032,BR74T2,T,manual,en,24,40,29,pass,,0,6600,5095.099999999999,3371,2469.638000000001,137,144.90199999999913,3092,2480.56,0,0.0,51.07575757575758,48.47084453690803,2.0757575757575757,2.8439481070047528,46.84848484848485,48.685207356087226,0.0,0.0
2033,BR74D1,D,manual,en,120,136,92,pass,,0,6445,6159.87,5915,5496.005,348,496.9949999999998,182,166.87,0,0.0,91.7765709852599,89.22274333711589,5.399534522885958,8.068270921301908,2.8238944918541504,2.7089857415822087,0.0,0.0
2034,BR74D2,D,manual,en,191,201,112,pass,,0,6719,5065.64,5174,3918.8587807486615,1534,1139.0212192513386,11,7.760000000000001,0,0.0,77.00550677184104,77.36157288612418,22.830778389641317,22.48523817822306,0.16371483851763655,0.1531889356527507,0.0,0.0
2035,BR74T3,T,manual,en,16,18,12,pass,,0,5776,4741.839999999999,782,546.2250000000004,43,62.33499999999913,4951,4133.28,0,0.0,13.538781163434903,11.51926256474281,0.7444598337950139,1.314574089383006,85.71675900277009,87.1661633458742,0.0,0.0
2036,BR74T4,T,manual,en,55,57,35,pass,,0,6584,5550.12,1725,1307.269999999999,139,159.32000000000062,4720,4083.5299999999997,0,0.0,26.199878493317133,23.553905140789734,2.111178614823815,2.870568564283306,71.68894289185906,73.57552629492696,0.0,0.0
2037,BR75T1,T,manual,en,60,66,41,pass,,0,6471,5280.329,2647,1835.4290000000015,218,166.46999999999798,3606,3278.4300000000003,0,0.0,40.90557873589862,34.759746977887204,3.368876526039252,3.1526444659035064,55.725544738062126,62.08760855620928,0.0,0.0
2038,BR75T2,T,manual,en,4,7,5,pass,,0,5704,4620.7880000000005,549,435.5599999999995,1,4.149000000000342,5154,4181.079000000001,0,0.0,9.624824684431978,9.426097886334526,0.01753155680224404,0.08978987999450183,90.35764375876578,90.48411223367097,0.0,0.0
2039,BR75D1,D,manual,en,227,235,139,pass,,0,7217,5255.139999999999,6122,4362.921111111111,938,737.1688888888887,157,155.05,0,0.0,84.82749064708328,83.02197679055384,12.997090203685742,14.0275785019788,2.1754191492309825,2.9504447074673563,0.0,0.0
2040,BR75D2,D,manual,en,333,345,206,pass,,0,8191,5384.9710000000005,6656,4328.647000000002,1524,1048.4439999999988,11,7.88,0,0.0,81.25991942375778,80.38384979232018,18.60578683921377,19.469817014799126,0.13429373702844585,0.14633319288070445,0.0,0.0
2041,BR75T3,T,manual,en,39,40,22,pass,,0,5542,4462.4400000000005,722,467.4879999999989,191,134.12100000000055,4629,3860.831,0,0.0,13.027787802237459,10.476062423248242,3.4464092385420426,3.0055530158388803,83.5258029592205,86.51838456091286,0.0,0.0
2042,BR75T4,T,manual,en,12,20,14,pass,,0,5252,4405.49,1636,1379.4800000000005,23,37.059999999999945,3593,2988.95,0,0.0,31.15003808073115,31.312748411640946,0.43792840822543794,0.8412231102556117,68.41203351104342,67.84602847810346,0.0,0.0
2043,BR76T1,T,manual,en,51,69,48,pass,,0,5714,4285.919999999998,4275,3178.140428571428,179,84.29957142857029,1260,1023.4800000000001,0,0.0,74.8162408120406,74.15305065356864,3.1326566328316416,1.9668955890117017,22.051102555127756,23.880053757419656,0.0,0.0
2044,BR76T2,T,manual,en,4,7,5,pass,,0,5335,3948.0200000000004,650,410.0600000000004,9,3.3200000000001637,4676,3534.64,0,0.0,12.18369259606373,10.386472206321153,0.16869728209934395,0.0840927857508362,87.64761012183692,89.52943500792802,0.0,0.0
2045,BR76D1,D,manual,en,239,250,146,pass,,0,7766,4650.64,6452,3998.9669559884546,1127,521.8330440115457,187,129.84,0,0.0,83.08009271182075,85.98745454364249,14.511975276847798,11.22067164974166,2.407932011331445,2.7918738066158633,0.0,0.0
2046,BR76D2,D,manual,en,207,225,134,pass,,0,7601,4874.169999999999,6895,4455.696454545456,699,415.5335454545441,7,2.9400000000000013,0,0.0,90.71174845415077,91.4144655304484,9.196158400210498,8.525216507724272,0.09209314563873175,0.06031796182734705,0.0,0.0
2047,BR76T3,T,manual,en,4,15,13,pass,,0,6215,4696.14,1869,1253.1400000000003,1,0.4375,4345,3442.5625,0,0.0,30.07240547063556,26.684468520955512,0.016090104585679808,0.009316161783933187,69.91150442477876,73.30621531726055,0.0,0.0
2048,BR76T4,T,manual,en,6,21,18,pass,,0,5270,4142.09,2804,2094.04,1974,1611.07,492,436.98,0,0.0,53.20683111954459,50.55515452344106,37.4573055028463,38.89509885106311,9.335863377609108,10.549746625495825,0.0,0.0
2049,BR77T1,T,manual,en,27,40,27,pass,,0,5145,3670.7000000000007,2637,1842.4150000000004,125,60.317222222222654,2383,1767.9677777777779,0,0.0,51.25364431486881,50.19247010107064,2.4295432458697763,1.6432076231297204,46.31681243926142,48.16432227579964,0.0,0.0
2050,BR77T2,T,manual,en,29,49,37,pass,,0,4803,3396.200000000001,4040,2849.857142857143,91,34.83285714285773,672,511.51,0,0.0,84.11409535706849,83.91311297500566,1.894649177597335,1.02564210420051,13.991255465334167,15.061244920793824,0.0,0.0
2051,BR77D1,D,manual,en,171,191,112,pass,,0,7573,4668.769999999998,6344,4029.4550610223087,1060,535.9949389776893,169,103.32,0,0.0,83.7712927505612,86.3065659910921,13.997094942559091,11.480431440779682,2.231612306879704,2.2130025681282235,0.0,0.0
2052,BR77D2,D,manual,en,255,267,158,pass,,0,6984,4155.921,6080,3739.413404761905,868,397.32759523809545,36,19.18,0,0.0,87.0561282932417,89.9779713031577,12.428407789232532,9.560518480454643,0.5154639175257731,0.4615102163876551,0.0,0.0
2053,BR77T3,T,manual,en,4,30,28,pass,,0,5599,3881.0499999999997,4303,2911.31,14,14.040000000000077,1282,955.6999999999999,0,0.0,76.85300946597607,75.01346285154791,0.2500446508305054,0.36175777173703194,22.89694588319343,24.624779376715065,0.0,0.0
2054,BR77T4,T,manual,en,4,11,9,pass,,0,5875,4257.54,1194,876.5399999999995,2,1.0850000000000364,4679,3379.915,0,0.0,20.323404255319147,20.587945151425462,0.03404255319148936,0.025484199796127257,79.64255319148936,79.3865706487784,0.0,0.0
2055,BR78T1,T,manual,en,10,52,48,pass,,0,7157,5360.950000000002,7145,5351.463333333334,12,9.486666666667588,0,0.0,0,0.0,99.8323319826743,99.82304131419491,0.1676680173256951,0.17695868580508278,0.0,0.0,0.0,0.0
2056,BR78T2,T,manual,en,15,39,34,pass,,0,5801,4042.49,4690,3279.864,1111,762.6259999999996,0,0.0,0,0.0,80.84812963282192,81.13474615892682,19.151870367178073,18.86525384107319,0.0,0.0,0.0,0.0
2057,BR78D1,D,manual,en,409,410,235,pass,,0,8271,4649.050000000002,6048,3602.272606060604,2223,1046.7773939393978,0,0.0,0,0.0,73.12295973884657,77.48405816372383,26.87704026115343,22.515941836276173,0.0,0.0,0.0,0.0
2058,BR78D2,D,manual,en,256,269,163,pass,,0,7359,4351.589999999999,6467,3923.490190476189,892,428.0998095238097,0,0.0,0,0.0,87.87878787878788,90.16222094627916,12.121212121212121,9.83777905372082,0.0,0.0,0.0,0.0
2059,BR78T3,T,manual,en,10,44,41,pass,,0,6029,4582.83,6024,4579.777,5,3.053000000000111,0,0.0,0,0.0,99.91706750704927,99.93338177501676,0.0829324929507381,0.06661822498325513,0.0,0.0,0.0,0.0
2060,BR78T4,T,manual,en,24,55,45,pass,,0,6465,4837.07,5866,4366.518571428571,599,470.5514285714289,0,0.0,0,0.0,90.73472544470225,90.27197397243727,9.265274555297758,9.728026027562738,0.0,0.0,0.0,0.0
2061,BR79T1,T,manual,en,4,12,10,pass,,0,4990,3925.2499999999995,1442,1008.0499999999997,1,1.5299999999997453,3547,2915.67,0,0.0,28.897795591182366,25.68116680466212,0.02004008016032064,0.038978409018527366,71.08216432865731,74.27985478631935,0.0,0.0
2062,BR79T2,T,manual,en,9,29,25,pass,,0,5009,3825.0700000000006,3665,2775.9320000000002,16,7.317999999999984,1328,1041.82,0,0.0,73.16829706528249,72.57205750482997,0.3194250349371132,0.19131676021615246,26.512277899780397,27.236625734953865,0.0,0.0
2063,BR79Q1,Q,manual,en,7,29,26,pass,,0,5668,4428.49,3557,2804.9025000000006,2,1.837500000000091,2109,1621.75,0,0.0,62.755822159491885,63.33767266043281,0.035285815102328866,0.04149269841413419,37.20889202540579,36.62083464115308,0.0,0.0
2064,BR79Q2,Q,manual,en,8,38,34,pass,,0,6507,4924.83,5089,3878.22,48,32.2257142857145,1370,1014.3842857142857,0,0.0,78.20808360227447,78.74830197184471,0.7376671277086215,0.6543518108384351,21.054249270016903,20.597346217316858,0.0,0.0
2065,BR79T3,T,manual,en,1,30,30,pass,,0,4818,3970.06,4818,3970.06,0,0.0,0,0.0,0,0.0,100.0,100.0,0.0,0.0,0.0,0.0,0.0,0.0
2066,BR79T4,T,manual,en,2,34,33,pass,,0,5435,4227.5599999999995,5430,4224.87,0,0.0,5,2.6899999999999977,0,0.0,99.90800367985281,99.93636991550683,0.0,0.0,0.09199632014719411,0.06363008449318278,0.0,0.0
2067,BR80T1,T,manual,en,1,27,27,pass,,0,4455,3708.82,4455,3708.82,0,0.0,0,0.0,0,0.0,100.0,100.0,0.0,0.0,0.0,0.0,0.0,0.0
2068,BR80T2,T,manual,en,4,9,7,pass,,0,5598,4499.23,965,861.71,1,1.650000000000091,4632,3635.87,0,0.0,17.23829939264023,19.152388297553138,0.01786352268667381,0.03667294181449028,82.7438370846731,80.81093876063238,0.0,0.0
2069,BR80Q1,Q,manual,en,22,49,34,pass,,0,5917,4938.0,5315,4470.3648170995675,354,281.5064329004324,248,186.12874999999997,0,0.0,89.8259252999831,90.52986668893413,5.982761534561433,5.700818811268376,4.191313165455467,3.7693144997974883,0.0,0.0
2070,BR80Q2,Q,manual,en,35,59,37,pass,,0,6171,4911.869999999999,5372,4350.861416666667,631,452.46658333333227,168,108.54199999999999,0,0.0,87.05234159779614,88.57851320712209,10.225247123642845,9.211697038670248,2.7224112785610113,2.2097897542076645,0.0,0.0
2071,BR80T3,T,manual,en,1,34,34,pass,,0,5401,4261.82,5401,4261.82,0,0.0,0,0.0,0,0.0,100.0,100.0,0.0,0.0,0.0,0.0,0.0,0.0
2072,BR80T4,T,manual,en,2,38,37,pass,,0,5849,4983.42,5844,4979.04,0,0.0,5,4.3799999999999955,0,0.0,99.91451530176099,99.9121085519583,0.0,0.0,0.08548469823901522,0.0878914480417062,0.0,0.0
2073,BR81T1,T,manual,en,5,33,32,pass,,0,4928,3997.8500000000004,4924,3994.38,4,3.4700000000002547,0,0.0,0,0.0,99.91883116883118,99.9132033467989,0.08116883116883117,0.08679665320110196,0.0,0.0,0.0,0.0
2074,BR81T2,T,manual,en,2,34,34,pass,,0,5361,4229.58,5361,4229.58,0,0.0,0,0.0,0,0.0,100.0,100.0,0.0,0.0,0.0,0.0,0.0,0.0
2075,BR81Q1,Q,manual,en,43,74,56,pass,,0,6573,4874.02,6334,4728.558416666667,239,145.4615833333341,0,0.0,0,0.0,96.36391297733151,97.0155727031622,3.6360870226684923,2.984427296837807,0.0,0.0,0.0,0.0
2076,BR81Q2,Q,manual,en,17,51,41,pass,,0,6483,5180.620000000001,6175,4969.4442500000005,308,211.17575000000005,0,0.0,0,0.0,95.24911306493907,95.92373596210491,4.750886935060929,4.076264037895078,0.0,0.0,0.0,0.0
2077,BR81T3,T,manual,en,2,34,34,pass,,0,5389,4506.49,5389,4506.49,0,0.0,0,0.0,0,0.0,100.0,100.0,0.0,0.0,0.0,0.0,0.0,0.0
2078,BR81T4,T,manual,en,2,31,31,pass,,0,4818,4075.4300000000003,4818,4075.4300000000003,0,0.0,0,0.0,0,0.0,100.0,99.99999999999999,0.0,0.0,0.0,0.0,0.0,0.0
2079,LO82T1,T,manual,en,7,16,13,pass,,0,5731,5187.119,1970,1787.453846153846,3751,3391.945153846154,10,7.720000000000001,0,0.0,34.37445471994416,34.4594725155495,65.4510556621881,65.39169727639089,0.17448961786773687,0.14883020805961847,0.0,0.0
2080,LO82T2,T,manual,en,2,27,27,pass,,0,4107,3630.8,4107,3630.8,0,0.0,0,0.0,0,0.0,100.0,100.0,0.0,0.0,0.0,0.0,0.0,0.0
2081,BR82T1,T,manual,en,6,7,4,pass,,0,5003,4261.24,448,386.5525,4555,3874.6874999999995,0,0.0,0,0.0,8.9546272236658,9.071361857112015,91.0453727763342,90.92863814288798,0.0,0.0,0.0,0.0
2082,BR82T2,T,manual,en,4,7,5,pass,,0,5405,4221.610000000001,595,503.05875,4810,3718.5512500000004,0,0.0,0,0.0,11.00832562442183,11.916277202299595,88.99167437557817,88.0837227977004,0.0,0.0,0.0,0.0
2083,BR82Q1,Q,manual,en,18,48,41,pass,,0,5715,4770.6,5556,4650.225714285715,159,120.37428571428552,0,0.0,0,0.0,97.21784776902886,97.47674745913963,2.7821522309711284,2.5232525408603848,0.0,0.0,0.0,0.0
2084,BR82Q2,Q,manual,en,32,60,45,pass,,0,5824,4733.6500000000015,5455,4474.575988095238,369,259.07401190476344,0,0.0,0,0.0,93.66414835164835,94.52697153560649,6.335851648351649,5.47302846439351,0.0,0.0,0.0,0.0
2085,BR82T3,T,manual,en,5,31,30,pass,,0,4512,3806.8,4505,3803.06,7,3.7400000000002365,0,0.0,0,0.0,99.84485815602837,99.90175475464957,0.1551418439716312,0.09824524535043176,0.0,0.0,0.0,0.0
2086,BR82T4,T,manual,en,2,37,37,pass,,0,5659,4692.43,5659,4692.43,0,0.0,0,0.0,0,0.0,100.0,100.0,0.0,0.0,0.0,0.0,0.0,0.0
2087,BR83T1,T,manual,en,11,18,14,pass,,0,4573,3905.6400000000012,1532,1271.4000000000005,3041,2634.2400000000007,0,0.0,0,0.0,33.50098403673737,32.55292346452823,66.49901596326262,67.44707653547178,0.0,0.0,0.0,0.0
2088,BR83T2,T,manual,en,4,15,13,pass,,0,4668,4196.17,1956,1922.25,2712,2273.92,0,0.0,0,0.0,41.90231362467866,45.809631163656384,58.09768637532134,54.190368836343616,0.0,0.0,0.0,0.0
2089,BR83Q1,Q,manual,en,60,87,61,pass,,0,7574,5662.588000000003,7148,5311.113382575759,426,351.47461742424423,0,0.0,0,0.0,94.37549511486665,93.79303920002225,5.624504885133351,6.2069607999777485,0.0,0.0,0.0,0.0
2090,BR83Q2,Q,manual,en,196,216,140,pass,,0,8077,5905.127999999998,7185,5359.877685714284,892,545.2503142857142,0,0.0,0,0.0,88.9562956543271,90.7664945741106,11.043704345672898,9.233505425889405,0.0,0.0,0.0,0.0
2091,BR83T3,T,manual,en,8,32,30,pass,,0,4295,4015.7999999999993,4287,4010.0119999999997,8,5.7879999999997835,0,0.0,0,0.0,99.81373690337603,99.85586931620101,0.18626309662398138,0.1441306837989886,0.0,0.0,0.0,0.0
2092,BR83T4,T,manual,en,2,26,26,pass,,0,4062,3920.4800000000005,4062,3920.4800000000005,0,0.0,0,0.0,0,0.0,100.0,100.0,0.0,0.0,0.0,0.0,0.0,0.0
2093,BR84T1,T,manual,en,8,39,37,pass,,0,5179,4667.03,5177,4664.87,2,2.1599999999998545,0,0.0,0,0.0,99.96138250627534,99.95371788910721,0.03861749372465727,0.04628211089279166,0.0,0.0,0.0,0.0
2094,BR84T2,T,manual,en,7,32,29,pass,,0,5048,4050.2799999999997,4160,3394.332727272727,888,655.9472727272728,0,0.0,0,0.0,82.40887480190175,83.80489070564819,17.591125198098258,16.19510929435182,0.0,0.0,0.0,0.0
2095,BR84Q1,Q,manual,en,50,79,57,pass,,0,7061,5084.65,6651,4820.05126984127,410,264.5987301587297,0,0.0,0,0.0,94.19345701741963,94.79612696726954,5.806542982580371,5.203873032730469,0.0,0.0,0.0,0.0
2096,BR84Q2,Q,manual,en,17,48,38,pass,,0,6256,5206.859999999999,5894,4940.485732600732,362,266.3742673992667,0,0.0,0,0.0,94.21355498721228,94.88416689906649,5.786445012787723,5.115833100933514,0.0,0.0,0.0,0.0
2097,BR84T3,T,manual,en,14,33,27,pass,,0,4938,4231.97,3727,3216.9685714285715,1211,1015.0014285714285,0,0.0,0,0.0,75.4759011745646,76.01586427665062,24.5240988254354,23.984135723349375,0.0,0.0,0.0,0.0
2098,BR84T4,T,manual,en,6,14,12,pass,,0,4622,4117.37,1895,1727.2500000000002,2727,2390.12,0,0.0,0,0.0,40.99956728688879,41.95032265742453,59.00043271311121,58.04967734257548,0.0,0.0,0.0,0.0
2099,BR85T1,T,manual,en-GB,5,32,31,pass,,0,4879,4145.26,4823,4100.66,56,44.59999999999991,0,0.0,0,0.0,98.85222381635582,98.92407231391999,1.1477761836441893,1.0759276860800024,0.0,0.0,0.0,0.0
2100,BR85T2,T,manual,en-GB,2,34,34,pass,,0,5315,4775.37,5315,4775.37,0,0.0,0,0.0,0,0.0,100.0,100.0,0.0,0.0,0.0,0.0,0.0,0.0
2101,BR85Q1,Q,manual,en-GB,25,52,40,pass,,0,5693,4784.780000000001,5371,4497.205940476191,322,287.57405952380986,0,0.0,0,0.0,94.34393114350958,93.98981646964313,5.6560688564904265,6.010183530356878,0.0,0.0,0.0,0.0
2102,BR85Q2,Q,manual,en-GB,26,57,44,pass,,0,6416,4954.099999999999,6069,4703.886565656565,347,250.2134343434344,0,0.0,0,0.0,94.59164588528678,94.94936649757908,5.408354114713217,5.050633502420912,0.0,0.0,0.0,0.0
2103,BR85T3,T,manual,en-GB,5,29,28,pass,,0,4190,3615.72,4189,3614.505,1,1.2149999999996908,0,0.0,0,0.0,99.97613365155131,99.9663967342604,0.02386634844868735,0.03360326573959518,0.0,0.0,0.0,0.0
2104,BR85T4,T,manual,en-GB,4,12,10,pass,,0,4837,4109.300000000001,1563,1333.3027272727272,3274,2775.9972727272734,0,0.0,0,0.0,32.313417407483975,32.44598173101811,67.68658259251602,67.55401826898189,0.0,0.0,0.0,0.0
2105,MA61T7,T,manual,en,3,29,28,pass,,0,4570,3429.0899999999997,4561,3419.3799999999997,0,0.0,9,9.71,0,0.0,99.80306345733041,99.71683449544922,0.0,0.0,0.19693654266958424,0.2831655045507701,0.0,0.0
2106,MA61T8,T,manual,en,3,30,29,pass,,0,4541,3467.8599999999997,4531,3461.16,0,0.0,10,6.7,0,0.0,99.77978418850473,99.80679727555324,0.0,0.0,0.22021581149526537,0.193202724446777,0.0,0.0
2107,ND67T1,T,manual,en,12,15,10,pass,,0,4721,4048.3599999999997,991,791.9799999999996,4,17.050000000000182,3726,3239.33,0,0.0,20.991315399279813,19.562983529132776,0.08472781190425757,0.42115819739351695,78.92395678881593,80.01585827347371,0.0,0.0
2108,ND67T3,T,manual,en,29,33,20,pass,,0,5323,4215.919999999999,1370,990.3959999999993,101,103.28400000000056,3852,3122.24,0,0.0,25.737366146909636,23.491811988842283,1.897426263385309,2.4498567335243693,72.36520758970505,74.05833127763337,0.0,0.0
2109,ND67T4,T,manual,en,25,31,20,pass,,0,5969,4733.16,1658,1166.63,128,93.90000000000009,4183,3472.63,0,0.0,27.77684704305579,24.648015279432773,2.144412799463897,1.983875465862132,70.07874015748031,73.3681092547051,0.0,0.0
2110,ND67T5,T,manual,en,25,29,20,pass,,0,5803,5078.860000000001,1487,1206.041000000001,57,52.068999999999505,4259,3820.75,0,0.0,25.62467689126314,23.746293459555904,0.9822505600551439,1.0252103818573362,73.39307254868172,75.22849615858676,0.0,0.0
2111,BA71T1,T,manual,en,34,68,53,pass,,0,7314,5878.720000000003,6344,5243.000571428575,960,629.6494285714278,10,6.07,0,0.0,86.73776319387476,89.18609104411459,13.125512715340443,10.710655186357362,0.13672409078479628,0.10325376952806048,0.0,0.0
2112,BA71T2,T,manual,en,14,27,18,pass,,0,7606,5705.43,2591,2164.43,5005,3535.08,10,5.92,0,0.0,34.06521167499343,37.9363168069716,65.80331317381015,61.959922389723474,0.1314751511964239,0.1037608033049218,0.0,0.0
2113,BO71T1,T,manual,en,9,31,26,pass,,0,5975,5176.1,3849,3163.6406153846156,649,510.56938461538425,1477,1501.89,0,0.0,64.418410041841,61.120160263221635,10.861924686192468,9.863978373976241,24.719665271966527,29.01586136280211,0.0,0.0
2114,BO71T2,T,manual,en,23,26,13,pass,,0,5111,4808.3099999999995,952,861.4243333333329,4006,3764.3616666666667,153,182.524,0,0.0,18.626491880258268,17.915324372457953,78.37996478184309,78.28866413909809,2.99354333789865,3.7960114884439653,0.0,0.0
2115,BO71T3,T,manual,en,6,10,6,pass,,0,6187,5331.18,863,684.7000000000007,3463,2780.7589375,1861,1865.7210625000002,0,0.0,13.948601907224827,12.843310486608981,55.97219977371909,52.16028979512978,30.079198319056086,34.99639971826125,0.0,0.0
2116,BO71T4,T,manual,en,31,61,50,pass,,0,6015,5207.919999999999,5977,5146.822999999999,28,55.09699999999975,10,6.0,0,0.0,99.36824605153782,98.82684449837939,0.46550290939318373,1.0579463586230158,0.1662510390689942,0.1152091429975883,0.0,0.0
2117,MA72T1,T,manual,en,5,35,33,pass,,0,5358,4543.9299999999985,5295,4491.007249999999,63,52.92275000000018,0,0.0,0,0.0,98.82418812989921,98.83530886259251,1.1758118701007838,1.1646911374074909,0.0,0.0,0.0,0.0
2118,MA72D1,D,manual,en,456,460,270,pass,,0,7412,5066.616999999999,6229,4012.3300000000013,1173,1047.5869999999982,10,6.699999999999999,0,0.0,84.03939557474366,79.19149996930895,15.825688073394495,20.676261892304044,0.13491635186184567,0.13223813838701445,0.0,0.0
2119,MA72D2,D,manual,en,427,436,261,pass,,0,8492,5497.3369999999995,7350,4596.398235294117,1129,882.7787647058833,10,8.68,0,0.0,86.55204898728215,83.61136010570422,13.294865756005652,16.058298130638224,0.11775788977861516,0.1578946315279562,0.0,0.0
2120,MA72T3,T,manual,en,3,34,33,pass,,0,5214,4453.06,5204,4444.64,0,0.0,10,8.42,0,0.0,99.80820866896816,99.81091653829053,0.0,0.0,0.19179133103183735,0.18908346170947615,0.0,0.0
2121,MA72T4,T,manual,en,43,82,64,pass,,0,7755,5757.25,7628,5614.100999999999,116,134.24900000000207,11,8.9,0,0.0,98.36234687298517,97.51358721611878,1.4958091553836235,2.331825090103818,0.14184397163120568,0.15458769377741108,0.0,0.0
2122,BA73T1,T,manual,en,91,122,86,pass,,0,6998,5557.449999999995,6767,5340.6609999999955,221,210.44899999999961,10,6.34,0,0.0,96.6990568733924,96.09912819728471,3.158045155758788,3.7867907043698064,0.14289797084881395,0.11408109834546429,0.0,0.0
2123,BA73T2,T,manual,en,70,73,39,pass,,0,5424,4912.251,1123,982.9685000000009,2286,1977.2764999999995,2015,1952.0059999999999,0,0.0,20.704277286135692,20.010551170939777,42.14601769911504,40.251943559073005,37.149705014749266,39.73750526998722,0.0,0.0
2124,BA73T3,T,manual,en,1,26,26,pass,,0,4337,4212.68,4337,4212.68,0,0.0,0,0.0,0,0.0,100.0,100.0,0.0,0.0,0.0,0.0,0.0,0.0
2125,MA73D1,D,manual,en,390,397,233,pass,,0,8119,4952.7899999999945,6950,4402.05826282051,1158,542.1129871794843,10,8.33,0,0.0,85.60167508313832,88.88037374531356,14.262840251262471,10.945608175987372,0.1231678778174652,0.1681880313924073,0.0,0.0
2126,MA73D2,D,manual,en,239,249,152,pass,,0,7178,4367.16,6380,3928.0884632034663,788,430.14153679653384,10,8.93,0,0.0,88.88269713011981,89.94606250294164,10.977988297575926,9.849456781902514,0.13931457230426303,0.20448071515584498,0.0,0.0
2127,MA73T1,T,manual,en,21,23,14,pass,,0,5647,4738.4,1096,913.8599999999999,4541,3815.1899999999996,10,9.35,0,0.0,19.408535505578183,19.286256964376157,80.41437931645122,80.51641904440316,0.17708517797060386,0.1973239912206652,0.0,0.0
2128,MA73D3,D,manual,en,354,360,206,pass,,0,7081,4485.060000000005,5600,3624.2278102453133,1350,770.5321897546911,10,9.15,0,0.0,79.08487501765288,80.80667394071226,19.06510379889846,17.179975067327756,0.14122299110295156,0.20401064868697386,0.0,0.0
2129,MA73T2,T,manual,en,38,41,20,pass,,0,6324,5176.74,1003,720.9189999999999,1517,1099.8516999999997,3804,3355.9693,0,0.0,15.86021505376344,13.926119526960983,23.98798228969007,21.246029354381324,60.15180265654649,64.82785111865769,0.0,0.0
2130,MA73T3,T,manual,en,31,60,48,pass,,0,5636,4915.22,5505,4838.384000000001,121,66.61599999999908,10,10.22,0,0.0,97.67565649396735,98.43677393890813,2.1469127040454223,1.3553004748515647,0.177430801987225,0.20792558624029037,0.0,0.0
2131,MA73T4,T,manual,en,3,35,34,pass,,0,5417,4534.030000000001,5407,4525.18,0,0.0,10,8.85,0,0.0,99.81539597563227,99.80480940796596,0.0,0.0,0.1846040243677312,0.19519059203401828,0.0,0.0
2132,BO78T1,T,manual,en,7,34,31,pass,,0,6118,4568.34,4616,3333.9309999999996,3,4.499000000000251,1499,1229.91,0,0.0,75.44949329846355,72.97904709369267,0.04903563255966002,0.09848216201071398,24.50147106897679,26.922470744296618,0.0,0.0
2133,BO78T2,T,manual,en,5,39,37,pass,,0,5769,4184.05,5720,4140.215538461539,49,43.834461538461596,0,0.0,0,0.0,99.15063269197435,98.95234374497291,0.8493673080256544,1.0476562550271054,0.0,0.0,0.0,0.0
2134,BO78T3,T,manual,en,6,25,21,pass,,0,4816,4026.16,3203,2617.361,1044,894.7922500000001,569,514.00675,0,0.0,66.50747508305648,65.00886700975619,21.677740863787374,22.224458292765316,11.814784053156146,12.766674697478491,0.0,0.0
2135,BO78T4,T,manual,en,5,40,38,pass,,0,6098,4514.18,5989,4432.429166666667,109,81.7508333333335,0,0.0,0,0.0,98.21252869793375,98.18902140957309,1.7874713020662512,1.8109785904269102,0.0,0.0,0.0,0.0
2136,MA7879T1,T,manual,en,1,38,38,pass,,0,5999,4889.33,5999,4889.33,0,0.0,0,0.0,0,0.0,100.0,100.0,0.0,0.0,0.0,0.0,0.0,0.0
2137,MA7879T2,T,manual,en,1,29,29,pass,,0,4611,4094.29,4611,4094.29,0,0.0,0,0.0,0,0.0,100.0,100.0,0.0,0.0,0.0,0.0,0.0,0.0
2138,MA7879T3,T,manual,en,4,19,17,pass,,0,6014,4864.83,2590,1971.94,4,1.6700000000000728,3420,2891.22,0,0.0,43.066178915862984,40.53461272028005,0.06651147322913202,0.03432802379528314,56.86730961090788,59.431059255924666,0.0,0.0
2139,MA7879T4,T,manual,en,4,13,11,pass,,0,5701,5148.77,1629,1269.7300000000005,1,0.6849999999999454,4071,3878.355,0,0.0,28.573934397474126,24.66084132715193,0.01754078231889142,0.013304148369415325,71.40852482020698,75.32585452447866,0.0,0.0
2140,MA7879D2,D,manual,en,287,295,163,pass,,0,7465,4325.640000000001,5694,3509.3303681318694,1663,711.7596318681315,108,104.55,0,0.0,76.27595445411923,81.1285813921609,22.277294038847955,16.45443522503332,1.4467515070328199,2.4169833828057805,0.0,0.0
2141,MA7879D3,D,manual,en,382,382,202,pass,,0,6400,3912.92,4340,2832.914225468976,1998,1039.7857745310241,62,40.22,0,0.0,67.8125,72.39898146317778,31.21875,26.573141657151798,0.96875,1.0278768796704252,0.0,0.0
2142,MA7879T5,T,manual,en,1,34,34,pass,,0,5477,5123.93,5477,5123.93,0,0.0,0,0.0,0,0.0,100.0,100.0,0.0,0.0,0.0,0.0,0.0,0.0
2143,MA7879T6,T,manual,en,4,19,17,pass,,0,6676,5153.009999999999,2513,1808.9799999999996,5,3.369999999999891,4158,3340.6600000000003,0,0.0,37.64230077890953,35.10530738345161,0.07489514679448772,0.06539866990360763,62.28280407429599,64.8292939466448,0.0,0.0
2144,CO80T1,T,manual,en,42,68,49,pass,,0,5523,4424.329999999998,5378,4352.869999999999,102,54.399999999998954,10,6.67,0,0.0,97.37461524533768,98.38484019049214,1.8468223791417708,1.2295647024520995,0.1810610175629187,0.150757289804332,0.0,0.0
2145,CO80T2,T,manual,en,12,45,41,pass,,0,5725,4238.709999999999,5712,4230.084464285714,3,1.6355357142855702,10,6.99,0,0.0,99.77292576419214,99.79650564170973,0.05240174672489083,0.0385856950413114,0.17467248908296942,0.16490866324896022,0.0,0.0
2146,CO80D,D,manual,en,240,251,142,pass,,0,8115,5014.020000000006,6838,4426.70991883117,1266,578.6300811688354,11,8.68,0,0.0,84.26370918052989,88.28664263068686,15.600739371534196,11.540242782614245,0.13555144793592114,0.1731145866988961,0.0,0.0
2147,CO80T3,T,manual,en,11,42,38,pass,,0,5550,4402.640000000001,5529,4390.517500000001,11,5.412499999999909,10,6.71,0,0.0,99.62162162162163,99.72465384405719,0.1981981981981982,0.12293760107571611,0.18018018018018017,0.15240855486707972,0.0,0.0
2148,CO80T4,T,manual,en,9,37,34,pass,,0,4948,4080.88,4935,4071.2200000000003,3,2.2300000000000004,10,7.43,0,0.0,99.73726758286176,99.76328635000294,0.060630557801131774,0.05464507655211622,0.2021018593371059,0.18206857344494323,0.0,0.0
2149,MA8081T1,T,manual,en,1,22,22,pass,,0,3439,3548.96,3439,3548.96,0,0.0,0,0.0,0,0.0,100.0,100.0,0.0,0.0,0.0,0.0,0.0,0.0
2150,MA8081T2,T,manual,en,1,28,28,pass,,0,4488,4186.429999999999,4488,4186.429999999999,0,0.0,0,0.0,0,0.0,100.0,100.0,0.0,0.0,0.0,0.0,0.0,0.0
2151,MA8081T3,T,manual,en,1,31,31,pass,,0,5017,4122.990000000001,5017,4122.990000000001,0,0.0,0,0.0,0,0.0,100.0,100.0,0.0,0.0,0.0,0.0,0.0,0.0
2152,MA8081T4,T,manual,en,5,35,33,pass,,0,5139,4496.17,5076,4447.276,63,48.89399999999978,0,0.0,0,0.0,98.77408056042032,98.9125411183296,1.2259194395796849,1.0874588816703945,0.0,0.0,0.0,0.0
2153,MA8081Q1,Q,manual,en,30,55,36,pass,,0,6402,5193.67,5552,4541.309785714285,647,483.7702142857154,203,168.58999999999997,0,0.0,86.72289909403311,87.439321052633,10.106216807247735,9.314612100609308,3.1708840987191502,3.246066846757687,0.0,0.0
2154,MA8081T5,T,manual,en,1,34,34,pass,,0,5596,4337.990000000001,5596,4337.990000000001,0,0.0,0,0.0,0,0.0,100.0,100.0,0.0,0.0,0.0,0.0,0.0,0.0
2155,MA8081T6,T,manual,en,2,34,33,pass,,0,5229,4729.38,5221,4722.0,0,0.0,8,7.38000000000001,0,0.0,99.84700707592273,99.84395417581163,0.0,0.0,0.15299292407726142,0.1560458241883716,0.0,0.0
2156,MA8081Q2,Q,manual,en,29,54,37,pass,,0,5464,4808.74,5033,4485.054396825397,421,304.88560317460275,10,18.799999999999997,0,0.0,92.11200585651537,93.26880631569594,7.70497803806735,6.340238881174752,0.18301610541727673,0.39095480312930203,0.0,0.0
2157,MA8182T1,T,manual,en,1,29,29,pass,,0,4595,4343.75,4595,4343.75,0,0.0,0,0.0,0,0.0,100.0,100.0,0.0,0.0,0.0,0.0,0.0,0.0
2158,MA8182T2,T,manual,en,1,27,27,pass,,0,4517,3755.9900000000002,4517,3755.9900000000002,0,0.0,0,0.0,0,0.0,100.0,100.0,0.0,0.0,0.0,0.0,0.0,0.0
2159,MA8182Q1,Q,manual,en,111,121,77,pass,,0,5405,4423.850000000002,4260,3545.775059523812,628,451.53294047618965,517,426.542,0,0.0,78.8159111933395,80.15134011152753,11.618871415356152,10.206786859323653,9.565217391304348,9.641873029148814,0.0,0.0
2160,MA8182Q2,Q,manual,en,79,101,63,pass,,0,6318,5017.619999999997,5464,4396.271297619046,600,418.0642579365063,254,203.28444444444443,0,0.0,86.48306426084204,87.61666482553578,9.49667616334283,8.331923460455487,4.020259575815131,4.051411714008724,0.0,0.0
2161,MA8182T3,T,manual,en,1,33,33,pass,,0,5253,4339.62,5253,4339.62,0,0.0,0,0.0,0,0.0,100.0,100.0,0.0,0.0,0.0,0.0,0.0,0.0
2162,MA8182T4,T,manual,en,5,27,26,pass,,0,4116,3763.58,4113,3760.67,3,2.9099999999999966,0,0.0,0,0.0,99.92711370262391,99.92268000148795,0.0728862973760933,0.07731999851205493,0.0,0.0,0.0,0.0
2163,MA8182T5,T,manual,en,1,25,25,pass,,0,3947,3619.17,3947,3619.17,0,0.0,0,0.0,0,0.0,100.0,100.0,0.0,0.0,0.0,0.0,0.0,0.0
2164,MA8182T6,T,manual,en,1,25,25,pass,,0,3981,3423.15,3981,3423.15,0,0.0,0,0.0,0,0.0,100.0,100.0,0.0,0.0,0.0,0.0,0.0,0.0
2165,CC82T1,T,manual,en,10,36,32,pass,,0,5142,4324.92,4625,3869.8799999999997,7,3.5950000000002547,510,451.445,0,0.0,89.94554647996888,89.4786493160567,0.13613380007779075,0.08312292481711234,9.918319719953326,10.43822775912618,0.0,0.0
2166,CC82T2,T,manual,en,6,10,7,pass,,0,6196,5031.5599999999995,775,576.8266666666659,4,4.693333333333612,5417,4450.04,0,0.0,12.50806972240155,11.464171482933047,0.0645577792123951,0.0932778965834376,87.42737249838605,88.44255062048352,0.0,0.0
2167,CC82T3,T,manual,en,1,29,29,pass,,0,4572,4291.75,4572,4291.75,0,0.0,0,0.0,0,0.0,100.0,100.0,0.0,0.0,0.0,0.0,0.0,0.0
2168,CC82T4,T,manual,en,2,33,32,pass,,0,5010,4421.599999999999,5005,4418.2,0,0.0,5,3.3999999999999986,0,0.0,99.9001996007984,99.92310475845849,0.0,0.0,0.0998003992015968,0.07689524154152341,0.0,0.0
2169,MA8283T1,T,manual,en,1,23,23,pass,,0,3882,3836.4,3882,3836.4,0,0.0,0,0.0,0,0.0,100.0,100.0,0.0,0.0,0.0,0.0,0.0,0.0
2170,MA8283T2,T,manual,en,8,17,13,pass,,0,5253,4255.35,1771,1391.3250000000003,987,764.1250000000005,2495,2099.9,0,0.0,33.71406815153246,32.69590045472171,18.789263278126786,17.95680731314699,47.49666857034076,49.347292232131316,0.0,0.0
2171,MA8283Q2,Q,manual,en,13,35,27,pass,,0,4706,4141.4,4130,3628.2124999999996,265,238.13749999999987,311,275.05,0,0.0,87.7603059923502,87.60835707731684,5.631109222269443,5.7501690249674,6.608584785380366,6.641473897715749,0.0,0.0
2172,MA8283T3,T,manual,en,4,11,9,pass,,0,5371,4639.0,1256,1016.3999999999996,1,1.099999999999909,4114,3621.5,0,0.0,23.384844535468254,21.90989437378745,0.01861850679575498,0.02371200689803641,76.59653695773599,78.06639361931451,0.0,0.0
2173,MA8283T4,T,manual,en,1,31,31,pass,,0,5019,4861.2,5019,4861.2,0,0.0,0,0.0,0,0.0,100.0,100.0,0.0,0.0,0.0,0.0,0.0,0.0
2174,BO83T1,T,manual,en,5,32,30,pass,,0,4983,4275.879999999999,4863,4161.3606666666665,120,114.51933333333318,0,0.0,0,0.0,97.59181216134859,97.3217365002448,2.408187838651415,2.678263499755213,0.0,0.0,0.0,0.0
2175,BO83T2,T,manual,en,9,38,34,pass,,0,5347,4477.24,5171,4314.4000625,176,162.83993750000002,0,0.0,0,0.0,96.70843463624462,96.36293927732264,3.291565363755377,3.637060722677364,0.0,0.0,0.0,0.0
2176,BO83T3,T,manual,en,7,21,18,pass,,0,4693,4363.34,2332,2172.47,2,7.0099999999997635,2359,2183.86,0,0.0,49.691029192414234,49.789152346596865,0.04261666311527807,0.16065674460389892,50.26635414447049,50.05019090879922,0.0,0.0
2177,BO83T4,T,manual,en,1,28,28,pass,,0,4403,4001.3599999999997,4403,4001.3599999999997,0,0.0,0,0.0,0,0.0,100.0,100.0,0.0,0.0,0.0,0.0,0.0,0.0
2178,MA8384T1,T,manual,en,2,34,34,pass,,0,5584,4604.349999999999,5584,4604.349999999999,0,0.0,0,0.0,0,0.0,100.0,100.0,0.0,0.0,0.0,0.0,0.0,0.0
2179,MA8384T2,T,manual,en,4,30,29,pass,,0,4940,3917.4300000000003,4541,3612.4800000000005,399,304.9499999999998,0,0.0,0,0.0,91.92307692307692,92.21555969091982,8.076923076923077,7.784440309080183,0.0,0.0,0.0,0.0
2180,MA8384Q1,Q,manual,en,63,94,71,pass,,0,6589,4917.520000000002,6449,4831.760673160173,140,85.75932683982933,0,0.0,0,0.0,97.87524662315981,98.25604518456805,2.124753376840188,1.7439548154319515,0.0,0.0,0.0,0.0
2181,MA8384Q2,Q,manual,en,55,78,57,pass,,0,5544,4565.769999999999,5347,4444.488888888889,197,121.28111111111002,0,0.0,0,0.0,96.44660894660895,97.34368767784821,3.5533910533910533,2.656312322151796,0.0,0.0,0.0,0.0
2182,MA8384T3,T,manual,en,2,35,35,pass,,0,5436,4299.05,5436,4299.05,0,0.0,0,0.0,0,0.0,100.0,100.0,0.0,0.0,0.0,0.0,0.0,0.0
2183,MA8384T4,T,manual,en,2,33,33,pass,,0,5227,4214.77,5227,4214.77,0,0.0,0,0.0,0,0.0,100.0,100.0,0.0,0.0,0.0,0.0,0.0,0.0
2184,BO84T1,T,manual,en,1,34,34,pass,,0,5349,4334.7699999999995,5349,4334.7699999999995,0,0.0,0,0.0,0,0.0,100.0,100.0,0.0,0.0,0.0,0.0,0.0,0.0
2185,BO84T2,T,manual,en,1,39,39,pass,,0,6130,4864.0,6130,4864.0,0,0.0,0,0.0,0,0.0,100.0,100.0,0.0,0.0,0.0,0.0,0.0,0.0
2186,BO84Q,Q,manual,en,28,48,30,pass,,0,5521,4460.29,4846,3862.2247673160173,433,394.92523268398315,242,203.14,0,0.0,87.7739539938417,86.59133749859353,7.842782104691179,8.85425012014876,4.383263901467125,4.554412381257721,0.0,0.0
2187,BO84T3,T,manual,en,1,33,33,pass,,0,5470,4688.45,5470,4688.45,0,0.0,0,0.0,0,0.0,100.0,100.0,0.0,0.0,0.0,0.0,0.0,0.0
2188,BO84T4,T,manual,en,2,32,31,pass,,0,5053,4248.49,5048,4244.51,0,0.0,5,3.980000000000004,0,0.0,99.90104888185236,99.9063196571017,0.0,0.0,0.09895111814763506,0.09368034289830043,0.0,0.0
2189,RA84T1,T,manual,en,82,96,61,pass,,0,6205,4815.94,4110,3090.9021984126975,233,112.93780158730146,1862,1612.1,0,0.0,66.23690572119258,64.18066251682326,3.7550362610797743,2.3450832358231515,30.008058017727638,33.474254247353585,0.0,0.0
2190,RA84T2,T,manual,en,64,83,57,pass,,0,5872,4954.160000000002,4144,3465.6778730158712,146,86.60212698413011,1582,1401.88,0,0.0,70.57220708446866,69.9549040203762,2.4863760217983653,1.7480688347596784,26.94141689373297,28.297027144864103,0.0,0.0
2191,MA8485Q1,Q,manual,en-GB,24,53,46,pass,,0,6531,5123.289999999999,6269,4915.489999999999,262,207.8000000000004,0,0.0,0,0.0,95.98836319093554,95.94401253881783,4.011636809064462,4.055987461182179,0.0,0.0,0.0,0.0
2192,MA8485Q2,Q,manual,en-GB,32,55,45,pass,,0,5877,4720.489999999999,5617,4514.079999999999,260,206.40999999999997,0,0.0,0,0.0,95.57597413646418,95.62736071890842,4.424025863535817,4.3726392810915815,0.0,0.0,0.0,0.0
2193,MA8485T2,T,manual,en-GB,2,40,40,pass,,0,6357,5127.7699999999995,6357,5127.7699999999995,0,0.0,0,0.0,0,0.0,100.0,100.0,0.0,0.0,0.0,0.0,0.0,0.0
2194,MA8485T3,T,manual,en-GB,4,22,21,pass,,0,5679,4957.59,3187,2759.59,2492,2198.0,0,0.0,0,0.0,56.11903504138053,55.66394155224615,43.88096495861947,44.33605844775385,0.0,0.0,0.0,0.0
2195,MA8485T4,T,manual,en-GB,9,14,11,pass,,0,5535,4976.860000000001,1300,1078.68,4235,3898.1800000000003,0,0.0,0,0.0,23.486901535682023,21.673906840859495,76.51309846431798,78.3260931591405,0.0,0.0,0.0,0.0
2196,BO85T1,T,manual,en,5,40,39,pass,,0,5943,5020.11,5942,5016.58,1,3.5299999999997453,0,0.0,0,0.0,99.9831734814067,99.9296828157152,0.016826518593303044,0.07031718428480144,0.0,0.0,0.0,0.0
2197,BO85T2,T,manual,en,4,31,30,pass,,0,5699,4443.61,4723,3765.9999999999995,976,677.6100000000001,0,0.0,0,0.0,82.87418845411476,84.75091198372493,17.12581154588524,15.24908801627506,0.0,0.0,0.0,0.0
2198,BO85Q1,Q,manual,en,50,83,60,pass,,0,6942,5423.01,6508,5058.759474025976,434,364.25052597402475,0,0.0,0,0.0,93.74819936617689,93.28324074685416,6.251800633823105,6.71675925314585,0.0,0.0,0.0,0.0
2199,BO85Q2,Q,manual,en,80,98,66,pass,,0,5860,4693.64,5550,4473.187412698414,310,220.45258730158673,0,0.0,0,0.0,94.7098976109215,95.30316370020738,5.290102389078498,4.696836299792628,0.0,0.0,0.0,0.0
2200,BO85T3,T,manual,en,2,33,33,pass,,0,5139,4496.070000000001,5139,4496.070000000001,0,0.0,0,0.0,0,0.0,100.0,100.0,0.0,0.0,0.0,0.0,0.0,0.0
2201,BO85T4,T,manual,en,2,31,31,pass,,0,4784,4311.4400000000005,4784,4311.4400000000005,0,0.0,0,0.0,0,0.0,100.0,100.0,0.0,0.0,0.0,0.0,0.0,0.0
2202,RA85T1,T,manual,en,24,31,21,pass,,0,5502,4460.759999999999,1822,1369.6590999999994,336,304.4348999999993,3344,2786.666,0,0.0,33.11523082515449,30.704613115253895,6.106870229007634,6.824731660075846,60.777898945837876,62.47065522467025,0.0,0.0
2203,RA85T2,T,manual,en,20,42,34,pass,,0,5310,4361.401,4294,3494.4751333333334,34,28.15786666666679,982,838.768,0,0.0,80.86629001883239,80.1227663618487,0.64030131826742,0.6456151742677821,18.493408662900187,19.23161846388351,0.0,0.0
2204,RA85D,D,manual,en,420,425,213,pass,,0,8298,5185.189999999998,5307,3394.614396753246,2491,1408.5836032467514,500,381.99199999999996,0,0.0,63.955169920462765,65.46750257470309,30.01928175463967,27.16551569463707,6.025548324897565,7.366981730659824,0.0,0.0
2205,RA85T3,T,manual,en,30,64,54,pass,,0,6381,4863.302999999999,6353,4831.351564285714,28,31.951435714285253,0,0.0,0,0.0,99.56119730449772,99.34300956131491,0.43880269550227236,0.6569904386850924,0.0,0.0,0.0,0.0
2206,MA8586T1,T,manual,en,31,52,39,pass,,0,5405,3948.0,4277,3090.040888888889,33,23.759111111111224,1095,834.1999999999999,0,0.0,79.1304347826087,78.2685128897895,0.61054579093432,0.6018011932905578,20.259019426456984,21.12968591691996,0.0,0.0
2207,MA8586T2,T,manual,en,9,22,17,pass,,0,5446,3821.66,2159,1565.4799999999996,2989,2007.5490909090913,298,248.63090909090906,0,0.0,39.64377524788836,40.96335100453728,54.88431876606684,52.53081359694717,5.471905986044804,6.505835398515542,0.0,0.0
2208,MA8586T3,T,manual,en,16,26,19,pass,,0,4336,3462.0499999999993,2293,1843.1649999999997,1705,1309.485,338,309.4,0,0.0,52.882841328413285,53.239121329847926,39.321955719557195,37.82397712338066,7.795202952029521,8.936901546771422,0.0,0.0
2209,OJ49T1,T,manual,en-GB,15,35,28,pass,,0,3973,3452.36,3898,3406.5655555555554,64,36.874444444444634,11,8.92,0,0.0,98.11225773974327,98.6735321795976,1.6108733954190788,1.06809383854652,0.27686886483765416,0.2583739818558899,0.0,0.0
2210,OJ49T2,T,manual,en,7,19,16,pass,,0,2347,2186.6400000000003,2302,2157.71,34,21.060000000000173,11,7.869999999999999,0,0.0,98.08265871325096,98.67696557275087,1.4486578610992757,0.9631215014817331,0.4686834256497657,0.3599129257673873,0.0,0.0
2211,OJ49T3,T,manual,en,7,24,21,pass,,0,3064,2322.51,3032,2298.4300000000003,21,13.839999999999918,11,10.239999999999998,0,0.0,98.9556135770235,98.96319068593893,0.685378590078329,0.5959070143939065,0.35900783289817234,0.4409022996671703,0.0,0.0
2212,OJ49T4,T,manual,en-GB,11,36,31,pass,,0,4641,3357.2599999999993,4509,3300.972777777778,121,48.31722222222152,11,7.97,0,0.0,97.1557853910795,98.32341784007728,2.6071967248437837,1.439186188207691,0.2370178840767076,0.23739597171502957,0.0,0.0
2213,OJ49T5,T,manual,en,7,35,32,pass,,0,5050,3849.21,4928,3782.6800000000003,111,58.3900000000001,11,8.14,0,0.0,97.58415841584159,98.2715933918908,2.198019801980198,1.516934643732093,0.21782178217821782,0.21147196437710594,0.0,0.0
2214,OJ49T6,T,manual,en,5,13,10,pass,,0,3793,2850.7200000000003,1356,1022.5600000000001,2426,1819.67,11,8.49,0,0.0,35.75006591088848,35.87023629118258,63.9599261798049,63.83194421058539,0.29000790930661746,0.2978194982320256,0.0,0.0
2215,OJ49T7,T,manual,en,7,23,20,pass,,0,3042,2397.4399999999996,2981,2354.9125,50,34.65750000000003,11,7.870000000000001,0,0.0,97.9947403024326,98.22612870395089,1.643655489809336,1.4456044781099853,0.3616042077580539,0.3282668179391352,0.0,0.0
2216,OJ49T8,T,manual,en,23,49,38,pass,,0,5565,4176.4,5275,3989.1587499999996,279,179.08125000000018,11,8.16,0,0.0,94.78885893980234,95.51668302844554,5.013477088948787,4.2879333876065555,0.1976639712488769,0.19538358394789773,0.0,0.0
2217,OJ49T9,T,manual,en-GB,11,31,26,pass,,0,3670,3074.260000000001,3602,3035.9275000000002,57,30.372500000000684,11,7.96,0,0.0,98.14713896457765,98.75311457066087,1.553133514986376,0.9879613305315968,0.2997275204359673,0.2589240988075178,0.0,0.0
2218,OJ49T10,T,manual,en,15,39,32,pass,,0,4520,3645.99,4383,3569.191285714285,126,69.02871428571484,11,7.7700000000000005,0,0.0,96.96902654867256,97.89361149411506,2.7876106194690267,1.893277663562293,0.24336283185840707,0.21311084232266134,0.0,0.0
2219,OJ49T11,T,manual,en,15,39,32,pass,,0,4481,3668.250000000001,4360,3602.3664285714294,110,58.353571428571286,11,7.529999999999999,0,0.0,97.29970988618612,98.2039508913359,2.454809194376255,1.5907741137755407,0.24548091943762554,0.20527499488857076,0.0,0.0
2220,OJ49T12,T,manual,en-GB,10,29,25,pass,,0,3455,2463.01,3421,2439.866805555556,23,14.053194444444216,11,9.09,0,0.0,99.01591895803183,99.06036944858347,0.6657018813314037,0.5705699304689877,0.3183791606367583,0.3690606209475398,0.0,0.0
2221,OJ49T13,T,manual,en,21,47,36,pass,,0,5420,4204.03,4968,3880.0513888888886,441,314.72861111111126,11,9.25,0,0.0,91.66051660516605,92.29361800198593,8.136531365313653,7.486355023896388,0.2029520295202952,0.22002697411769184,0.0,0.0
2222,OJ49T14,T,manual,en,15,41,34,pass,,0,5128,3724.29,5058,3682.799333333334,59,33.100666666666484,11,8.39,0,0.0,98.63494539781591,98.88594425604167,1.1505460218408736,0.8887779057663738,0.21450858034321374,0.22527783819197753,0.0,0.0
2223,OJ66T1,T,manual,en,40,63,44,pass,,0,4975,4226.790000000001,4756,4114.543333333334,208,104.29666666666753,11,7.95,0,0.0,95.59798994974874,97.34439925648856,4.180904522613066,2.46751474917532,0.22110552763819097,0.18808599433612738,0.0,0.0
2224,OJ66T2,T,manual,en,42,43,23,pass,,0,3839,3330.5399999999995,1013,801.2811886724379,2815,2522.6788113275616,11,6.579999999999999,0,0.0,26.38707996874186,24.05859676426159,73.32638707996874,75.74383767579918,0.28653295128939826,0.19756555993922906,0.0,0.0
2225,OJ66D1,D,manual,en,288,294,160,pass,,0,6289,4172.900000000003,4892,3571.2055384615414,1386,593.1544615384615,11,8.54,0,0.0,77.78661154396565,85.5809038908562,22.03847988551439,14.214442271285224,0.17490857051995548,0.2046538378585634,0.0,0.0
2226,OJ66T3,T,manual,en,34,53,39,pass,,0,4477,3700.69,4116,3498.4609999999993,350,193.98900000000094,11,8.24,0,0.0,91.93656466383739,94.53537043091961,7.817735090462363,5.241968389678707,0.2457002457002457,0.22266117940167915,0.0,0.0
2227,OJ66T4,T,manual,en,38,59,41,pass,,0,4907,3733.540000000001,4700,3650.166,196,77.01400000000058,11,6.359999999999999,0,0.0,95.78153658039535,97.76689147565044,3.9942938659058487,2.062760811455095,0.22416955369879762,0.17034771289446474,0.0,0.0
2228,OJ66D2,D,manual,en,159,164,93,pass,,0,4582,3325.7400000000034,3911,2957.58785714286,660,360.1121428571435,11,8.04,0,0.0,85.35573985159319,88.93021875260413,14.404190309908337,10.82803053928278,0.24006983849847227,0.24175070811308133,0.0,0.0
2229,OJ66T5,T,manual,en,37,62,44,pass,,0,5500,4095.01,5260,3965.385,229,121.55499999999984,11,8.07,0,0.0,95.63636363636364,96.8345620645615,4.163636363636364,2.968368819612158,0.2,0.19706911582633496,0.0,0.0
2230,OJ66T6,T,manual,en,23,42,32,pass,,0,3961,3670.08,3872,3619.979166666667,78,42.110833333333176,11,7.99,0,0.0,97.75309265337036,98.63488443485338,1.9691996970462005,1.1474091391286614,0.2777076495834385,0.21770642601796147,0.0,0.0
2231,OJ66D3,D,manual,en,208,216,124,pass,,0,5281,3357.510000000002,4497,3036.2849404761914,773,313.1750595238104,11,8.05,0,0.0,85.15432683203939,90.43264027437564,14.637379284226473,9.327598712254325,0.20829388373414126,0.2397610133700271,0.0,0.0
2232,SD70T1,T,manual,en,2,22,22,pass,,0,3412,3372.83,3412,3372.83,0,0.0,0,0.0,0,0.0,100.0,100.0,0.0,0.0,0.0,0.0,0.0,0.0
2233,SD70T2,T,manual,en,2,22,22,pass,,0,3601,3369.21,3601,3369.21,0,0.0,0,0.0,0,0.0,100.0,100.0,0.0,0.0,0.0,0.0,0.0,0.0
2234,SD70T3,T,manual,en,2,24,24,pass,,0,3680,3359.22,3680,3359.22,0,0.0,0,0.0,0,0.0,100.0,100.0,0.0,0.0,0.0,0.0,0.0,0.0
2235,SD70T4,T,manual,en,2,26,26,pass,,0,4042,3385.66,4042,3385.66,0,0.0,0,0.0,0,0.0,100.0,100.0,0.0,0.0,0.0,0.0,0.0,0.0
2236,NY71T1,T,manual,en,47,73,54,pass,,0,7112,5338.610000000002,5988,4540.39,1121,790.8800000000015,0,0.0,0,0.0,84.19572553430821,85.04816796881583,15.762092238470192,14.814343059335691,0.0,0.0,0.0,0.0
2237,NY71T2,T,manual,en,79,109,75,pass,,0,7295,5818.349999999999,6813,5581.278,474,229.35199999999804,0,0.0,0,0.0,93.39273474982865,95.92544278016965,6.497601096641535,3.9418735552175113,0.0,0.0,0.0,0.0
2238,NY71T3,T,manual,en,73,102,70,pass,,0,6767,5708.889999999999,6358,5500.023095238094,408,207.3069047619042,0,0.0,0,0.0,93.95596276045515,96.34137450954731,6.029259642382149,3.6312996880637787,0.0,0.0,0.0,0.0
2239,NY71T4,T,manual,en,29,36,23,pass,,0,5802,5354.27,2427,2196.930000000001,3375,3157.3399999999992,0,0.0,0,0.0,41.830403309203724,41.03136375266845,58.169596690796276,58.96863624733155,0.0,0.0,0.0,0.0
2240,SM72T1,T,manual,en,160,182,109,pass,,0,8135,6499.369999999995,6672,5540.911809523806,1462,954.2481904761892,0,0.0,0,0.0,82.0159803318992,85.25306005849507,17.971727105101415,14.682164432494071,0.0,0.0,0.0,0.0
2241,SM72T2,T,manual,en,80,92,58,pass,,0,7006,5133.180000000002,3916,2819.4687380952414,3090,2313.7112619047602,0,0.0,0,0.0,55.89494718812446,54.92635633457701,44.10505281187554,45.07364366542298,0.0,0.0,0.0,0.0
2242,SM72T3,T,manual,en,77,108,66,pass,,0,7106,5642.840000000001,6534,5321.090000000001,572,321.75,0,0.0,0,0.0,91.95046439628483,94.29808394354616,8.04953560371517,5.701916056453841,0.0,0.0,0.0,0.0
2243,SM72T4,T,manual,en,56,82,58,pass,,0,5633,4367.740000000001,5417,4236.219777777778,210,122.0422222222223,0,0.0,0,0.0,96.16545357713474,96.98882666499786,3.7280312444523345,2.7941732388425655,0.0,0.0,0.0,0.0
2244,OJ72T1,T,manual,en,53,72,49,pass,,0,6244,5177.940000000003,4655,3849.190000000002,1589,1328.7500000000014,0,0.0,0,0.0,74.55156950672645,74.33825034666295,25.44843049327354,25.661749653337054,0.0,0.0,0.0,0.0
2245,OJ72T2,T,manual,en,22,53,43,pass,,0,6625,5253.86,5919,4701.886363636362,706,551.9736363636375,0,0.0,0,0.0,89.3433962264151,89.49394090509382,10.656603773584905,10.506059094906174,0.0,0.0,0.0,0.0
2246,OJ74D1,D,manual,en,256,264,148,pass,,0,6389,5230.4209999999985,5205,4530.101999999997,1172,691.0590000000007,11,7.76,0,0.0,81.46814838002817,86.61065715360195,18.34402879949914,13.21230164837593,0.17217091876663015,0.14836281821291253,0.0,0.0
2247,OJ74D2,D,manual,en,98,120,75,pass,,0,6324,4957.619,5571,4573.148999999997,742,376.69000000000324,11,7.779999999999999,0,0.0,88.09297912713473,92.244865932618,11.733080328905755,7.598203895862172,0.1739405439595193,0.15693017151983643,0.0,0.0
2248,OJ77T1,T,manual,en,9,11,7,pass,,0,4634,3654.3999999999996,438,294.81821428571357,3,1.75,4189,3355.9500000000003,0,0.0,9.451877427708244,8.067486161496102,0.06473888649115235,0.04788747810858144,90.39706517047907,91.8331326619965,0.0,0.0
2249,OJ77T2,T,manual,en,9,18,13,pass,,0,4903,3730.92,1625,1218.2407692307693,380,282.209230769231,2898,2230.47,0,0.0,33.14297368957781,32.652556721419096,7.750356924332042,7.564065452200288,59.10666938609015,59.783377826380615,0.0,0.0
2250,OJ77D1,D,manual,en,399,402,225,pass,,0,7397,4123.810000000002,5703,3304.3123903318924,1584,723.8976096681102,110,95.6,0,0.0,77.09882384750574,80.12765841132087,21.41408679194268,17.55409705267968,1.487089360551575,2.318244535999475,0.0,0.0
2251,OJ77D2,D,manual,en,301,306,179,pass,,0,6714,4440.659999999996,5106,3526.856595238089,1492,803.013404761907,116,110.78999999999999,0,0.0,76.05004468275246,79.42190114167921,22.22222222222222,18.083199451475856,1.7277330950253202,2.4948994068449304,0.0,0.0
2252,OJ77T3,T,manual,en,11,11,5,pass,,0,6528,4976.01,56,22.391999999998916,865,669.1537142857151,5607,4284.464285714286,0,0.0,0.8578431372549019,0.4499990956609596,13.250612745098039,13.447595850605508,85.89154411764706,86.10240505373353,0.0,0.0
2253,OJ77T4,T,manual,en,6,21,19,pass,,0,4123,3532.8899999999994,2779,2315.2962499999994,1,0.6437500000001819,1343,1216.9499999999998,0,0.0,67.40237691001698,65.5354752058513,0.02425418384671356,0.018221625920993353,32.57336890613631,34.446303168227715,0.0,0.0
2254,OJ77D3,D,manual,en,389,401,210,pass,,0,8230,4881.199999999999,5666,3638.1641212121203,2059,909.9558787878784,505,333.08000000000004,0,0.0,68.8456865127582,74.5342153817119,25.018226002430133,18.64205274907561,6.136087484811664,6.823731869212492,0.0,0.0
2255,OJ77D4,D,manual,en,358,362,196,pass,,0,7383,4791.48,5872,4036.4495768398265,1511,755.0304231601733,0,0.0,0,0.0,79.53406474332927,84.2422294748142,20.46593525667073,15.757770525185819,0.0,0.0,0.0,0.0
2256,OJ77T5,T,manual,en,9,16,11,pass,,0,6091,4804.5,1272,1009.52,705,557.2716666666665,4114,3237.7083333333335,0,0.0,20.883270398949268,21.01196794671662,11.574454112625185,11.598952371041037,67.54227548842555,67.38907968224235,0.0,0.0
2257,OJ77T6,T,manual,en,18,30,23,pass,,0,5752,4227.08,2197,1514.7085714285708,35,14.881428571428387,3520,2697.4900000000002,0,0.0,38.195410292072324,35.83344936524908,0.6084840055632823,0.3520498446073504,61.19610570236439,63.814500790143555,0.0,0.0
2258,OJ78T1,T,manual,en,10,24,20,pass,,0,5622,4408.08,2755,2035.6190000000006,7,13.730999999999767,2860,2358.73,0,0.0,49.00391319815012,46.179266256510786,0.12451085023123444,0.31149616159415816,50.87157595161864,53.509237581895064,0.0,0.0
2259,OJ78T2,T,manual,en,14,42,36,pass,,0,5098,4144.68,4915,3994.271,172,141.36900000000014,11,9.04,0,0.0,96.41035700274618,96.37103467577714,3.373872106708513,3.4108543964793454,0.2157708905453119,0.21811092774351695,0.0,0.0
2260,OJ78D1,D,manual,en,283,294,169,pass,,0,7393,5141.5,6106,4243.280705882354,1276,889.4792941176465,11,8.74,0,0.0,82.59164074124172,82.53001470159202,17.259569863384282,17.299995995675317,0.14878939537400243,0.16998930273266558,0.0,0.0
2261,OJ78D2,D,manual,en,366,371,204,pass,,0,7358,4884.84,4952,3422.958428571425,2394,1447.5625714285757,11,11.58,0,0.0,67.30089698287578,70.07309202699423,32.53601522152759,29.63377657054429,0.14949714596357705,0.2370599651165647,0.0,0.0
2262,OJ78T3,T,manual,en,27,34,19,pass,,0,6261,4855.860000000001,1952,1476.5758509803927,4121,3209.172570072239,187,168.2615789473684,0,0.0,31.177128254272482,30.40812237132851,65.82015652451685,66.08865515217157,2.9867433317361445,3.4651241787730367,0.0,0.0
2263,OJ78T4,T,manual,en,1,31,31,pass,,0,4974,4355.05,4974,4355.05,0,0.0,0,0.0,0,0.0,100.0,100.0,0.0,0.0,0.0,0.0,0.0,0.0
2264,OJ78D3,D,manual,en,396,399,230,pass,,0,8235,5204.16,6253,3942.4079999999976,1969,1246.4320000000023,11,9.959999999999999,0,0.0,75.93199757134184,75.75493451392728,23.910139647844566,23.950685605361908,0.13357619914996965,0.19138535325585684,0.0,0.0
2265,OJ78D4,D,manual,en,359,366,208,pass,,0,7380,5144.289,5555,3820.1880854700853,1809,1300.490914529915,11,9.32,0,0.0,75.2710027100271,74.26075956211025,24.51219512195122,25.280284885431495,0.14905149051490515,0.18117178097886802,0.0,0.0
2266,OJ78T5,T,manual,en,19,23,11,pass,,0,6247,4991.08,990,771.097647058823,5060,4025.1823529411768,196,193.53,0,0.0,15.847606851288619,15.449514875714733,80.99887946214183,80.647522238497,3.1375060028813833,3.8775174912043084,0.0,0.0
2267,OJ78T6,T,manual,en,4,22,20,pass,,0,5694,4403.219999999999,3039,2183.4799999999996,1,1.349999999999909,2654,2218.39,0,0.0,53.37197049525817,49.58825586729711,0.017562346329469618,0.030659381089291685,46.61046715841236,50.3810847516136,0.0,0.0
2268,OJ79T1,T,manual,en,1,26,26,pass,,0,4125,3721.29,4125,3721.29,0,0.0,0,0.0,0,0.0,100.0,100.0,0.0,0.0,0.0,0.0,0.0,0.0
2269,OJ79T2,T,manual,en,1,28,28,pass,,0,4640,3906.42,4640,3906.42,0,0.0,0,0.0,0,0.0,100.0,100.0,0.0,0.0,0.0,0.0,0.0,0.0
2270,OJ79D1,D,manual,en,319,322,184,pass,,0,7093,4459.319999999992,5757,3787.2462842712785,1336,672.0737157287142,0,0.0,0,0.0,81.16452840828987,84.92878475353383,18.835471591710135,15.071215246466172,0.0,0.0,0.0,0.0
2271,OJ79D2,D,manual,en,341,343,191,pass,,0,7248,4271.029999999995,5732,3575.172026556776,1516,695.8579734432191,0,0.0,0,0.0,79.08388520971303,83.70749038421131,20.916114790286976,16.292509615788695,0.0,0.0,0.0,0.0
2272,OJ79T3,T,manual,en,4,12,10,pass,,0,6272,4923.83,1368,1087.42,3,1.8599999999996726,4901,3834.55,0,0.0,21.81122448979592,22.08484045956095,0.04783163265306122,0.03777547153333224,78.14094387755102,77.87738406890571,0.0,0.0
2273,OJ79T4,T,manual,en,1,40,40,pass,,0,6619,5040.990000000001,6619,5040.990000000001,0,0.0,0,0.0,0,0.0,100.0,100.0,0.0,0.0,0.0,0.0,0.0,0.0
2274,OJ79D3,D,manual,en,250,255,141,pass,,0,6741,4301.8200000000015,5476,3679.013476190478,1265,622.8065238095237,0,0.0,0,0.0,81.23423824358404,85.52225514295058,18.765761756415962,14.477744857049423,0.0,0.0,0.0,0.0
2275,OJ79D4,D,manual,en,371,375,207,pass,,0,8520,5206.359999999995,6818,4500.575697691199,1702,705.7843023087964,0,0.0,0,0.0,80.02347417840376,86.4438052245946,19.976525821596244,13.55619477540541,0.0,0.0,0.0,0.0
2276,OJ79T5,T,manual,en,9,19,14,pass,,0,5867,4736.35,1837,1520.69,2194,1733.789,1835,1481.341,0,0.0,31.3107209817624,32.10679109440814,37.39560252258394,36.60601518046597,31.27663200954491,31.276003673714985,0.0,0.0
2277,OJ79T6,T,manual,en,16,33,27,pass,,0,5501,4422.080000000002,3361,2498.497500000001,9,7.002500000000055,2131,1916.58,0,0.0,61.09798218505726,56.500504287575076,0.16360661697873113,0.158353082712209,38.738411197964005,43.3411426297127,0.0,0.0
2278,OJ80T1,T,manual,en,1,26,26,pass,,0,4272,3616.676,4272,3616.676,0,0.0,0,0.0,0,0.0,100.0,100.0,0.0,0.0,0.0,0.0,0.0,0.0
2279,OJ80T2,T,manual,en,10,21,17,pass,,0,5494,4296.838,2047,1562.4720000000002,3,6.207999999999629,3444,2728.158,0,0.0,37.25882781215872,36.36329784832475,0.05460502366217692,0.14447833499889057,62.6865671641791,63.49222381667636,0.0,0.0
2280,OJ80Q1,Q,manual,en,56,82,57,pass,,0,5983,4643.309999999999,5535,4267.286,309,246.45114285714106,139,129.57285714285717,0,0.0,92.51211766672238,91.90181142331657,5.164633127193715,5.30766076047348,2.3232492060839043,2.790527816209928,0.0,0.0
2281,OJ80Q2,Q,manual,en,31,55,37,pass,,0,5530,4409.63,4976,4045.898156565657,444,297.24059343434345,110,66.49125,0,0.0,89.98191681735986,91.75142033607483,8.028933092224232,6.74071505850476,1.9891500904159132,1.5078646054204092,0.0,0.0
2282,OJ80T3,T,manual,en,1,24,24,pass,,0,3709,3452.142,3709,3452.142,0,0.0,0,0.0,0,0.0,100.0,99.99999999999999,0.0,0.0,0.0,0.0,0.0,0.0
2283,OJ80T4,T,manual,en,3,3,1,pass,,0,4667,3995.2940000000003,9,5.285000000000309,3,2.161999999999807,4655,3987.847,0,0.0,0.19284336833083351,0.13228062815903682,0.0642811227769445,0.054113664726545954,99.74287550889223,99.81360570711442,0.0,0.0
2284,OJ80Q3,Q,manual,en,21,51,38,pass,,0,6135,4550.72,5660,4231.944166666667,402,256.43183333333326,73,62.34400000000001,0,0.0,92.25753871230644,92.99504620514263,6.552567237163815,5.634972780863979,1.1898940505297473,1.3699810139933901,0.0,0.0
2285,OJ80Q4,Q,manual,en,24,53,40,pass,,0,6084,4641.910000000001,5721,4401.12638888889,308,200.30236111111122,55,40.48125,0,0.0,94.03353057199212,94.81283327097874,5.062458908612755,4.315084978190254,0.9040105193951348,0.8720817508310157,0.0,0.0
2286,OJ80T5,T,manual,en,4,5,3,pass,,0,4420,4184.8150000000005,349,308.3890000000006,4,1.8551111111110004,4067,3874.570888888889,0,0.0,7.895927601809955,7.3692385445951745,0.09049773755656108,0.04432958472742523,92.01357466063348,92.5864318706774,0.0,0.0
2287,OJ80T6,T,manual,en,6,6,2,pass,,0,5707,4858.157999999999,18,8.128999999999905,4472,3708.179153846154,1217,1141.849846153846,0,0.0,0.31540213772560016,0.16732679340605855,78.35990888382688,76.3289121894791,21.324688978447522,23.503761017114847,0.0,0.0
2288,OJ81T1,T,manual,en,2,23,23,pass,,0,3527,3413.34,3527,3413.34,0,0.0,0,0.0,0,0.0,100.0,100.0,0.0,0.0,0.0,0.0,0.0,0.0
2289,OJ81T2,T,manual,en,1,24,24,pass,,0,3785,3496.8,3785,3496.8,0,0.0,0,0.0,0,0.0,100.0,100.0,0.0,0.0,0.0,0.0,0.0,0.0
2290,OJ81Q1,Q,manual,en,25,48,34,pass,,0,4971,3884.5199999999995,4617,3609.158333333333,251,202.0741666666667,103,73.28750000000001,0,0.0,92.87869643934822,92.91130778920775,5.049285857976263,5.202036974109201,2.072017702675518,1.8866552366830398,0.0,0.0
2291,OJ81Q2,Q,manual,en,18,46,34,pass,,0,5887,5066.8,5292,4595.113888888888,261,209.6718253968266,334,262.01428571428573,0,0.0,89.89298454221165,90.6906506846311,4.433497536945813,4.138150813073866,5.673517920842534,5.171198502295052,0.0,0.0
2292,OJ81T3,T,manual,en,1,24,24,pass,,0,3993,3428.9,3993,3428.9,0,0.0,0,0.0,0,0.0,100.0,100.0,0.0,0.0,0.0,0.0,0.0,0.0
2293,OJ81T4,T,manual,en,4,4,2,pass,,0,3864,3360.4,165,159.0,1,2.5,3698,3198.9,0,0.0,4.270186335403727,4.731579573860254,0.025879917184265012,0.07439590524937507,95.70393374741201,95.19402452089037,0.0,0.0
2294,OJ81Q3,Q,manual,en,26,44,30,pass,,0,4203,4144.599999999999,3848,3855.561428571428,332,261.8985714285713,23,27.139999999999997,0,0.0,91.5536521532239,93.02614072700452,7.899119676421604,6.319031304072078,0.5472281703545087,0.6548279689234184,0.0,0.0
2295,OJ81Q4,Q,manual,en,22,51,36,pass,,0,6402,5426.500000000001,5629,4807.812323232324,623,456.13767676767685,150,162.55,0,0.0,87.92564823492658,88.59877127489769,9.731333958138082,8.405743605780462,2.343017806935333,2.995485119321846,0.0,0.0
2296,OJ81T5,T,manual,en,1,19,19,pass,,0,3168,3195.6,3168,3195.6,0,0.0,0,0.0,0,0.0,100.0,100.0,0.0,0.0,0.0,0.0,0.0,0.0
2297,OJ81T6,T,manual,en,10,17,12,pass,,0,5689,5191.5,1323,1213.042857142857,16,6.957142857143481,4350,3971.5,0,0.0,23.255405167867814,23.36594158033048,0.2812445069432238,0.13401026403050142,76.46335032518896,76.50004815563902,0.0,0.0
2298,OJ82T1,T,manual,en,4,32,31,pass,,0,4848,4397.969999999999,4844,4393.934444444444,4,4.035555555555447,0,0.0,0,0.0,99.91749174917491,99.90824049378338,0.08250825082508251,0.0917595062166283,0.0,0.0,0.0,0.0
2299,OJ82T2,T,manual,en,1,30,30,pass,,0,4912,4312.29,4912,4312.29,0,0.0,0,0.0,0,0.0,100.0,100.0,0.0,0.0,0.0,0.0,0.0,0.0
2300,OJ82Q1,Q,manual,en,13,39,31,pass,,0,5215,4427.38,4718,4024.4476388888897,252,196.5798611111104,245,206.3525,0,0.0,90.46979865771812,90.899078888392,4.832214765100671,4.4400946182868966,4.697986577181208,4.660826493321106,0.0,0.0
2301,OJ82Q2,Q,manual,en,20,47,34,pass,,0,5606,4621.859999999999,5101,4182.282373737374,389,331.5276262626251,116,108.05000000000001,0,0.0,90.99179450588655,90.48916180363263,6.938993935069568,7.173034801197466,2.0692115590438815,2.337803395169911,0.0,0.0
2302,OJ82T3,T,manual,en,1,31,31,pass,,0,5026,4589.6,5026,4589.6,0,0.0,0,0.0,0,0.0,100.0,100.0,0.0,0.0,0.0,0.0,0.0,0.0
2303,OJ82T4,T,manual,en,1,23,23,pass,,0,3786,3643.68,3786,3643.68,0,0.0,0,0.0,0,0.0,100.0,100.0,0.0,0.0,0.0,0.0,0.0,0.0
2304,OJ82Q3,Q,manual,en,22,50,36,pass,,0,5915,4949.770000000001,5231,4372.091194444445,470,387.27769444444516,214,190.4011111111111,0,0.0,88.43617920540997,88.32917881930764,7.945900253592561,7.824155353570874,3.617920540997464,3.846665827121483,0.0,0.0
2305,OJ82Q4,Q,manual,en,16,45,34,pass,,0,6017,4761.509999999999,5282,4122.102303030303,463,375.3749696969693,272,264.0327272727273,0,0.0,87.78461027089912,86.57132512648936,7.6948645504404185,7.883527908099937,4.520525178660462,5.545146965410707,0.0,0.0
2306,OJ82T5,T,manual,en,5,29,27,pass,,0,4277,4054.14,4194,3979.6890909090907,83,74.45090909090914,0,0.0,0,0.0,98.05938742108955,98.16358317446094,1.9406125789104514,1.8364168255390574,0.0,0.0,0.0,0.0
2307,OJ82T6,T,manual,en,8,35,33,pass,,0,4928,4094.27,4893,4059.305,35,34.96500000000026,0,0.0,0,0.0,99.28977272727273,99.1460016071241,0.7102272727272727,0.8539983928759036,0.0,0.0,0.0,0.0
2308,SF83T1,T,manual,en,4,8,6,pass,,0,6243,5601.76,801,660.1110000000008,1,2.7899999999999636,5441,4938.8589999999995,0,0.0,12.830370014416147,11.783992887949514,0.016017940092904054,0.04980577532775348,87.15361204549095,88.16620133672274,0.0,0.0
2309,SF83T2,T,manual,en,9,15,11,pass,,0,5774,4806.84,1299,1063.7900000000004,10,7.670000000000073,4465,3735.38,0,0.0,22.49740214755802,22.130755340306738,0.17319016279875304,0.1595642875568996,77.32940768964323,77.70968037213638,0.0,0.0
2310,OJ83T1,T,manual,en,7,23,20,pass,,0,4977,4618.469,2741,2439.4057777777775,2,1.4292222222220516,2234,2177.634,0,0.0,55.07333735181837,52.818494132531306,0.04018485031143259,0.03094580091848731,44.8864777978702,47.15056006655019,0.0,0.0
2311,OJ83T2,T,manual,en,4,38,36,pass,,0,6219,5189.2390000000005,5513,4494.395,1,0.8930000000000291,705,693.951,0,0.0,88.64769255507316,86.60990561429142,0.016079755587715065,0.017208688981178725,11.336227689339122,13.372885696727401,0.0,0.0
2312,OJ83Q1,Q,manual,en,43,61,39,pass,,0,5922,4915.829000000001,4843,4067.772360317461,602,418.19963968253967,477,429.857,0,0.0,81.77980412022966,82.74845118325841,10.16548463356974,8.507204780364402,8.054711246200608,8.74434403637718,0.0,0.0
2313,OJ83Q2,Q,manual,en,32,71,53,pass,,0,8417,6530.217000000001,7611,5909.693428571428,592,415.06542857142983,214,205.45814285714286,0,0.0,90.42414161815374,90.49765771292788,7.033384816442913,6.3560740565195575,2.5424735654033506,3.1462682305525655,0.0,0.0
2314,OJ83T3,T,manual,en,2,38,37,pass,,0,5909,5208.608,5908,5207.929444444445,1,0.6785555555552492,0,0.0,0,0.0,99.98307666271789,99.98697242035578,0.016923337282112032,0.013027579644220666,0.0,0.0,0.0,0.0
2315,OJ83T4,T,manual,en,6,5,2,pass,,0,4614,4041.554,10,23.749750000000404,2840,2441.33225,1764,1576.472,0,0.0,0.21673168617251842,0.5876390616084903,61.551798872995235,60.40578079619869,38.23146944083225,39.00658014219283,0.0,0.0
2316,OJ84T1,T,manual,en,1,37,37,pass,,0,6055,4948.83,6055,4948.83,0,0.0,0,0.0,0,0.0,100.0,100.0,0.0,0.0,0.0,0.0,0.0,0.0
2317,OJ84T2,T,manual,en,1,28,28,pass,,0,4509,3895.52,4509,3895.52,0,0.0,0,0.0,0,0.0,100.0,100.0,0.0,0.0,0.0,0.0,0.0,0.0
2318,OJ84Q1,Q,manual,en,19,46,33,pass,,0,5942,4528.42,5066,3863.8678571428577,436,340.2521428571429,440,324.29999999999995,0,0.0,85.25748906092225,85.32485628856992,7.337596768764726,7.513705505609968,7.404914170313026,7.16143820582013,0.0,0.0
2319,OJ84Q2,Q,manual,en,13,43,34,pass,,0,6669,5675.86,5483,4613.941919191919,315,243.0064141414142,871,818.9116666666666,0,0.0,82.21622432148747,81.29062237602616,4.723346828609986,4.281402538847227,13.060428849902534,14.427975085126599,0.0,0.0
2320,OJ84T3,T,manual,en,7,29,26,pass,,0,5528,4695.68,3969,3279.7599999999998,2,1.0199999999999818,1557,1414.9,0,0.0,71.79811866859623,69.84632683658171,0.0361794500723589,0.021722093498704804,28.165701881331405,30.131951069919584,0.0,0.0
2321,OJ84T4,T,manual,en,2,37,36,pass,,0,5713,4693.84,5708,4689.82,0,0.0,5,4.019999999999996,0,0.0,99.91248030806932,99.91435583658583,0.0,0.0,0.0875196919306844,0.08564416341417679,0.0,0.0
2322,UN85T,T,manual,en,91,102,51,pass,,0,5168,3715.750000000002,3177,2651.7030952380956,1615,879.3219047619061,147,70.69000000000001,0,0.0,61.47445820433437,71.36387257587552,31.25,23.664721920524947,2.8444272445820435,1.9024423063984384,0.0,0.0
2323,WA85T1,T,manual,en,13,17,10,pass,,0,6393,5498.4000000000015,959,773.3659999999995,2418,1933.3940000000016,3016,2791.64,0,0.0,15.000782105427811,14.06529172122798,37.82261848897231,35.16284737378149,47.17659940559987,50.77186090499053,0.0,0.0
2324,WA85T2,T,manual,en,9,40,37,pass,,0,5725,5079.16,5588,4930.42,137,148.74,0,0.0,0,0.0,97.60698689956332,97.07156301435671,2.393013100436681,2.9284369856432955,0.0,0.0,0.0,0.0
2325,OJ85T1,T,manual,en,17,49,44,pass,,0,5771,5255.209999999999,5759,5246.899333333333,6,5.3506666666667115,0,0.0,0,0.0,99.79206376711142,99.84185852389025,0.10396811644429042,0.10181641964196887,0.0,0.0,0.0,0.0
2326,OJ85T2,T,manual,en,10,43,40,pass,,0,5515,4479.02,5510,4472.21,3,4.800000000000182,0,0.0,0,0.0,99.90933816863101,99.84795781219998,0.05439709882139619,0.10716629977093609,0.0,0.0,0.0,0.0
2327,OJ85Q1,Q,manual,en,84,110,75,pass,,0,7543,5322.630000000003,7031,4982.2940595238115,512,340.3359404761909,0,0.0,0,0.0,93.21224976799682,93.60586889420848,6.787750232003182,6.394131105791511,0.0,0.0,0.0,0.0
2328,OJ85Q2,Q,manual,en,60,91,66,pass,,0,6923,5173.83,6549,4875.054238095237,372,294.6757619047621,0,0.0,0,0.0,94.59771775241947,94.22524972979858,5.373393037700419,5.6955053008073735,0.0,0.0,0.0,0.0
2329,OJ85T3,T,manual,en,10,41,38,pass,,0,5437,4489.399999999998,5429,4484.427999999999,7,4.469999999999743,0,0.0,0,0.0,99.8528600331065,99.88925023388428,0.12874747103181902,0.09956787098498118,0.0,0.0,0.0,0.0
2330,OJ85T4,T,manual,en,5,47,46,pass,,0,7018,5404.8899999999985,7016,5402.029999999999,2,2.8599999999996726,0,0.0,0,0.0,99.97150185237959,99.94708495455042,0.028498147620404674,0.05291504544957758,0.0,0.0,0.0,0.0
2331,SA61T1,T,manual,en,74,91,60,pass,,0,4713,3999.8399999999997,4328,3800.733380952381,375,191.9466190476187,10,7.160000000000001,0,0.0,91.83110545300234,95.02213540922591,7.9567154678548695,4.798857430487687,0.21217907914279652,0.1790071602864115,0.0,0.0
2332,SA61T2,T,manual,en,16,39,33,pass,,0,4569,3902.2099999999996,4530,3874.112,29,20.497999999999593,10,7.6000000000000005,0,0.0,99.14642153644124,99.27994649185976,0.6347121908513897,0.5252920780788218,0.2188662727073758,0.19476143006142674,0.0,0.0
2333,SA61T3,T,manual,en,73,90,59,pass,,0,4897,4170.639999999999,4608,4016.1025000000013,279,147.49749999999858,10,7.040000000000001,0,0.0,94.09842760874004,96.29463343755398,5.697365734122933,3.536567529204117,0.20420665713702266,0.16879903324190057,0.0,0.0
2334,SA61T4,T,manual,en,66,80,50,pass,,0,4088,3682.610000000001,3822,3542.3238095238094,256,132.9861904761915,10,7.3,0,0.0,93.4931506849315,96.19057705061923,6.262230919765166,3.6111939759081593,0.2446183953033268,0.19822897347261856,0.0,0.0
2335,SA61T5,T,manual,en,14,32,26,pass,,0,3750,3686.889999999999,3671,3642.7699999999995,69,36.569999999999254,10,7.549999999999999,0,0.0,97.89333333333333,98.80332746569603,1.84,0.991892896180772,0.26666666666666666,0.20477963812318786,0.0,0.0
2336,SA61T6,T,manual,en,54,68,42,pass,,0,4477,3820.8799999999997,4234,3695.4681818181807,233,117.8218181818188,10,7.589999999999999,0,0.0,94.57225820862185,96.71772423677741,5.204377931650659,3.083630424975891,0.2233638597274961,0.19864533824668662,0.0,0.0
2337,SA61T7,T,manual,en,7,27,24,pass,,0,3607,3266.4,3575,3241.3500000000004,22,17.679999999999836,10,7.37,0,0.0,99.11283615192681,99.23310066127848,0.6099251455503188,0.541268674993872,0.2772387025228722,0.22563066372765123,0.0,0.0
2338,SA61T8,T,manual,en,36,56,39,pass,,0,4088,3319.360000000001,3965,3238.5155000000004,113,72.34450000000061,10,8.5,0,0.0,96.99119373776908,97.56445519618238,2.764187866927593,2.1794713438735354,0.2446183953033268,0.25607345994408554,0.0,0.0
2339,SA61T9,T,manual,en,22,41,31,pass,,0,4044,3601.4499999999994,3944,3538.8599999999997,90,53.749999999999545,10,8.84,0,0.0,97.52720079129574,98.26208888086742,2.2255192878338277,1.4924544280775676,0.24727992087042533,0.2454566910549918,0.0,0.0
2340,SA62T1,T,manual,en,16,19,12,pass,,0,3788,3150.4399999999996,623,499.299,29,24.690999999999804,3136,2626.45,0,0.0,16.446673706441395,15.848548139307525,0.7655755015839493,0.7837317961935414,82.78775079197466,83.36772006449894,0.0,0.0
2341,SA62T2,T,manual,en,67,87,64,pass,,0,4922,3901.37,4696,3692.603411764706,216,203.06658823529415,10,5.7,0,0.0,95.4083705810646,94.64889030685902,4.388459975619667,5.205007170181094,0.2031694433157253,0.14610252295988332,0.0,0.0
2342,SA62T3,T,manual,en,49,65,46,pass,,0,4697,3829.5800000000004,4375,3550.4384285714286,312,273.04157142857184,10,6.1000000000000005,0,0.0,93.14456035767512,92.71090899188496,6.642537790078774,7.129804611173335,0.21290185224611455,0.15928639694170116,0.0,0.0
2343,SA62T4,T,manual,en,48,74,55,pass,,0,5589,4348.558999999999,5380,4187.636000000001,199,154.69299999999885,10,6.23,0,0.0,96.26051171944891,96.29939481101675,3.5605653963141886,3.557339339307547,0.1789228842368939,0.14326584967572017,0.0,0.0
2344,SA62T5,T,manual,en,80,102,68,pass,,0,6220,4761.08,5708,4406.7049090909095,502,349.5750909090898,10,4.8,0,0.0,91.7684887459807,92.55683393454656,8.070739549839228,7.342348603869076,0.1607717041800643,0.10081746158434642,0.0,0.0
2345,SA62T6,T,manual,en,19,40,33,pass,,0,4551,3758.57,4474,3684.6890000000003,67,67.66100000000006,10,6.22,0,0.0,98.3080641617227,98.0343322061316,1.4722039112283014,1.8001793235193186,0.21973192704900021,0.16548847034909553,0.0,0.0
2346,SA62T7,T,manual,en,44,64,46,pass,,0,4681,3822.43,4516,3657.872,155,159.2579999999998,10,5.3,0,0.0,96.47511215552232,95.69493751357122,3.3112582781456954,4.166407233095173,0.21362956633198035,0.1386552533336124,0.0,0.0
2347,SA62T8,T,manual,en,55,72,51,pass,,0,4455,3874.8,4193,3616.7129999999997,252,252.76700000000028,10,5.32,0,0.0,94.11896745230078,93.33934654691855,5.656565656565657,6.523356044182932,0.2244668911335578,0.1372974088985238,0.0,0.0
2348,SA62T9,T,manual,en,41,62,45,pass,,0,4592,4042.341,4462,3895.993,120,139.40700000000015,10,6.941000000000001,0,0.0,97.16898954703832,96.37962259987468,2.6132404181184667,3.4486699662398634,0.21777003484320556,0.17170743388546392,0.0,0.0
2349,SA62T10,T,manual,en,41,64,44,pass,,0,5327,4173.120000000001,5018,3925.574,299,242.06600000000026,10,5.48,0,0.0,94.1993617420687,94.06808335250363,5.612915336962643,5.8006000306725,0.18772292096865026,0.13131661682386317,0.0,0.0
2350,SA65T1,T,manual,en,15,37,30,pass,,0,4193,3595.36,4101,3510.014,82,77.6260000000002,10,7.720000000000001,0,0.0,97.80586692105891,97.6262182368386,1.9556403529692343,2.159060566952967,0.23849272597185786,0.21472119620844646,0.0,0.0
2351,SA65T2,T,manual,en,33,53,39,pass,,0,4255,3472.2619999999997,4111,3377.919666666667,134,86.10233333333304,10,8.239999999999998,0,0.0,96.61574618096357,97.28297192627365,3.1492361927144534,2.4797187923415067,0.23501762632197415,0.23730928138487245,0.0,0.0
2352,SA65T3,T,manual,en,14,38,32,pass,,0,4341,3481.6800000000003,4279,3433.9410000000003,52,41.278999999999996,10,6.46,0,0.0,98.57175765952546,98.62885158888812,1.19788067265607,1.1856057994990923,0.230361667818475,0.18554261161278462,0.0,0.0
2353,SA65T4,T,manual,en,9,19,15,pass,,0,4014,3270.9390000000003,2081,1738.728,1923,1524.2310000000002,10,7.98,0,0.0,51.8435475834579,53.156845786485164,47.907324364723465,46.59918757274288,0.2491280518186348,0.24396664077196178,0.0,0.0
2354,SA65T5,T,manual,en,3,28,27,pass,,0,4205,3537.4510000000005,4195,3529.0400000000004,0,0.0,10,8.411000000000001,0,0.0,99.76218787158145,99.76222992205405,0.0,0.0,0.23781212841854935,0.237770077945956,0.0,0.0
2355,SA65T6,T,manual,en,3,24,23,pass,,0,3700,3322.171,3690,3313.7909999999997,0,0.0,10,8.379999999999999,0,0.0,99.72972972972973,99.74775530820057,0.0,0.0,0.2702702702702703,0.2522446917994287,0.0,0.0
2356,SA65T7,T,manual,en,9,33,30,pass,,0,4413,3811.529,4388,3793.409,15,8.960000000000036,10,9.159999999999998,0,0.0,99.43349195558577,99.52460023261007,0.3399048266485384,0.2350762646696388,0.22660321776569228,0.24032350272029937,0.0,0.0
2357,SA65T8,T,manual,en,22,48,40,pass,,0,5051,3975.509,5002,3923.761,39,43.05799999999999,10,8.690000000000001,0,0.0,99.02989507028312,98.69833020123963,0.7721243318154821,1.0830814368675807,0.19798059790140565,0.21858836189277905,0.0,0.0
2358,SA65T9,T,manual,en,11,14,7,pass,,0,4480,3655.68,700,504.48,2908,2426.7799999999997,872,724.42,0,0.0,15.625,13.799894957983193,64.91071428571429,66.38381915266106,19.464285714285715,19.816285889355743,0.0,0.0
2359,SA65T10,T,manual,en,14,15,8,pass,,0,4178,3586.9900000000002,425,321.1999999999998,99,70.55000000000018,3654,3195.2400000000002,0,0.0,10.172331258975586,8.954583090557815,2.369554810914313,1.9668301277672973,87.4581139301101,89.07858678167489,0.0,0.0
2360,SA65D1,D,manual,en,156,170,107,pass,,0,5774,4617.16,5147,3938.6479999999997,617,669.7720000000008,10,8.74,0,0.0,89.14097679251819,85.30455951277409,10.685833044683061,14.506146635594193,0.17319016279875304,0.189293851631739,0.0,0.0
2361,SA65D2,D,manual,en,148,156,91,pass,,0,5763,4545.320000000001,4770,3625.6405294117653,983,911.219470588235,10,8.46,0,0.0,82.7693909422176,79.76645273405975,17.057088322054486,20.047421756625162,0.17352073572791948,0.18612550931507574,0.0,0.0
2362,SA65D3,D,manual,en,124,139,90,pass,,0,5037,4141.720000000001,4624,3785.114,403,348.3060000000007,10,8.3,0,0.0,91.80067500496327,91.38990564306614,8.000794123486202,8.40969452304841,0.1985308715505261,0.20039983388543886,0.0,0.0
2363,SA65D4,D,manual,en,143,156,97,pass,,0,4670,3637.709,3989,3139.6080000000006,671,489.17099999999925,10,8.93,0,0.0,85.41755888650964,86.30728846095168,14.36830835117773,13.447227362056703,0.21413276231263384,0.24548417699161754,0.0,0.0
2364,SA65D5,D,manual,en,74,97,61,pass,,0,5512,4378.179999999999,5059,3965.664,443,403.61599999999925,10,8.9,0,0.0,91.78156748911466,90.57791136956455,8.037010159651668,9.21880781511951,0.18142235123367198,0.20328081531595324,0.0,0.0
2365,SA65D6,D,manual,en,106,125,80,pass,,0,5148,4248.02,4667,3782.4886666666666,471,456.3113333333337,10,9.22,0,0.0,90.65656565656566,89.04121606458223,9.14918414918415,10.74174164277319,0.19425019425019424,0.21704229264457325,0.0,0.0
2366,SA65D7,D,manual,en,65,87,54,pass,,0,5072,4482.040999999999,4389,3778.66675,673,694.2942499999998,10,9.08,0,0.0,86.53391167192429,84.3068314189897,13.268927444794953,15.490582303910202,0.1971608832807571,0.20258627710009797,0.0,0.0
2367,SA68T1,T,manual,en,22,43,35,pass,,0,4159,3570.73,4090,3529.2250000000004,59,33.284999999999854,10,8.22,0,0.0,98.34094734311132,98.83763264094459,1.4186102428468381,0.9321623309519301,0.24044241404183697,0.23020502810349708,0.0,0.0
2368,SA68T2,T,manual,en,29,49,37,pass,,0,4760,4043.99,4316,3759.2399999999993,348,226.99,96,57.76,0,0.0,90.67226890756302,92.95868684146102,7.310924369747899,5.613020803711186,2.0168067226890756,1.4282923548277815,0.0,0.0
2369,SA68T3,T,manual,en,22,38,29,pass,,0,4204,3532.3200000000006,3328,2825.1105627705633,866,699.5294372294375,10,7.68,0,0.0,79.162702188392,79.97889666764515,20.599429115128448,19.80368248713133,0.23786869647954328,0.21742084522353577,0.0,0.0
2370,SA68T4,T,manual,en,11,22,18,pass,,0,3077,3172.8499999999995,2338,2402.2699999999995,729,762.1599999999999,10,8.420000000000002,0,0.0,75.98310042248944,75.7133176796886,23.691907702307443,24.021305766109332,0.3249918752031199,0.2653765542020582,0.0,0.0
2371,SA68T5,T,manual,en,8,10,7,pass,,0,3198,3152.2200000000003,845,756.8200000000003,2343,2386.87,10,8.530000000000001,0,0.0,26.422764227642276,24.009111039204125,73.26454033771107,75.72028602064576,0.31269543464665417,0.27060294015011643,0.0,0.0
2372,SA68T6,T,manual,en,11,33,28,pass,,0,4159,3885.019999999999,4067,3827.7399999999993,82,48.529999999999745,10,8.75,0,0.0,97.7879297908151,98.52561891573275,1.9716277951430632,1.249157018496681,0.24044241404183697,0.22522406577057524,0.0,0.0
2373,SA68T7,T,manual,en,3,26,25,pass,,0,3902,3455.7,3892,3446.1299999999997,0,0.0,10,9.57,0,0.0,99.74372116863147,99.72306623838874,0.0,0.0,0.25627883136852897,0.276933761611251,0.0,0.0
2374,SA68T8,T,manual,en,5,24,22,pass,,0,3697,3790.4300000000003,3646,3730.48,41,51.620000000000346,10,8.33,0,0.0,98.62050311063024,98.41838524916697,1.1090073032188261,1.3618507662719095,0.2704895861509332,0.21976398456111837,0.0,0.0
2375,SA68T9,T,manual,en,1,24,24,pass,,0,3945,3558.73,3945,3558.73,0,0.0,0,0.0,0,0.0,100.0,100.0,0.0,0.0,0.0,0.0,0.0,0.0
2376,SA68T10,T,manual,en,3,25,24,pass,,0,3763,3305.4799999999996,3753,3297.0099999999998,0,0.0,10,8.47,0,0.0,99.73425458410843,99.74375884894177,0.0,0.0,0.26574541589157585,0.25624115105824274,0.0,0.0
2377,SA68D1,D,manual,en,105,118,72,pass,,0,5617,4339.950000000003,4925,3944.81242857143,682,385.34757142857234,10,9.790000000000001,0,0.0,87.68025636460744,90.89534277057173,12.141712658002492,8.8790785937297,0.17803097739006588,0.22557863569856784,0.0,0.0
2378,SA68D2,D,manual,en,66,83,52,pass,,0,4724,3678.1500000000005,4397,3513.733166666668,317,154.94683333333296,10,9.469999999999999,0,0.0,93.077900084674,95.52990407315274,6.710414902624894,4.212629537493929,0.21168501270110077,0.2574663893533433,0.0,0.0
2379,SA68D3,D,manual,en,87,98,63,pass,,0,4940,4424.789999999999,4219,3908.7808333333305,711,506.90916666666874,10,9.1,0,0.0,85.40485829959515,88.33822245424825,14.392712550607287,11.456118068126823,0.20242914979757085,0.20565947762492687,0.0,0.0
2380,SA68D4,D,manual,en,115,129,81,pass,,0,4744,4053.499999999998,4359,3828.8525741758212,375,215.52742582417707,10,9.12,0,0.0,91.88448566610455,94.45793941472365,7.9047217537942664,5.317069836540697,0.21079258010118043,0.2249907487356606,0.0,0.0
2381,SA68D5,D,manual,en,158,165,94,pass,,0,4937,3681.019999999998,4408,3384.7782619047616,519,288.1917380952365,10,8.05,0,0.0,89.28499088515292,91.9521834139658,10.512456957666599,7.829127201026798,0.20255215718047398,0.21868938500741655,0.0,0.0
2382,SA68D6,D,manual,en,72,90,61,pass,,0,4646,3860.41,4437,3742.014444444444,199,109.89555555555594,10,8.5,0,0.0,95.50150667240636,96.93308338866711,4.283254412397762,2.846732744852385,0.2152389151958674,0.22018386648050337,0.0,0.0
2383,SA68D7,D,manual,en,57,64,40,pass,,0,3634,3550.49,2573,2557.5099999999998,1051,984.44,10,8.540000000000001,0,0.0,70.80352228948817,72.03259268439004,28.92129884424876,27.726877135268655,0.275178866263071,0.24053018034130505,0.0,0.0
2384,SA71T1,T,manual,en,56,65,41,pass,,0,5509,4701.098,3171,2559.702666666667,547,468.13533333333316,1791,1673.26,0,0.0,57.560355781448536,54.44903864302908,9.929206752586676,9.957999882864241,32.510437465964785,35.59296147410669,0.0,0.0
2385,SA71T2,T,manual,en,27,28,16,pass,,0,5683,4581.74,1263,829.2920000000004,120,82.66799999999921,4300,3669.78,0,0.0,22.22417737110681,18.099935832238415,2.111560795354566,1.8042926922959228,75.66426183353862,80.09577147546565,0.0,0.0
2386,SA71T3,T,manual,en,68,90,61,pass,,0,6351,4622.66,5069,3596.6986470588226,291,174.9213529411776,991,851.04,0,0.0,79.8142024877972,77.80582277430793,4.581955597543694,3.783997805185274,15.603841914659109,18.410179420506807,0.0,0.0
2387,SA71T4,T,manual,en,72,73,45,pass,,0,6202,4751.18,1696,1256.471999999998,246,231.9880000000021,4260,3262.7200000000003,0,0.0,27.346017413737503,26.445472493149026,3.966462431473718,4.882744918104599,68.68752015478877,68.67178258874637,0.0,0.0
2388,SA71T5,T,manual,en,29,31,18,pass,,0,5225,4279.959999999999,1109,707.8119999999994,96,106.24900000000025,4020,3465.899,0,0.0,21.22488038277512,16.53781811044962,1.8373205741626795,2.482476471742733,76.9377990430622,80.97970541780765,0.0,0.0
2389,SA71T6,T,manual,en,42,60,41,pass,,0,5678,4753.120000000001,4392,3540.9169999999995,259,219.09400000000062,1027,993.109,0,0.0,77.35117999295527,74.49668849092804,4.561465304684748,4.609477564210468,18.087354702359985,20.89383394486148,0.0,0.0
2390,SA71T7,T,manual,en,21,30,21,pass,,0,6422,5428.65,1983,1434.0010000000002,87,96.24999999999955,4352,3898.399,0,0.0,30.878231080660232,26.415425566208917,1.3547181563375896,1.7730006539378953,67.76705076300217,71.81157377985319,0.0,0.0
2391,SA71D1,D,manual,en,355,358,205,pass,,0,8901,5537.580000000001,7129,4196.594384615383,1514,1140.3156153846173,257,199.23000000000002,0,0.0,80.09212448039546,75.78390532715343,17.009324794966858,20.592309553715108,2.8873160319065274,3.5977809801393383,0.0,0.0
2392,SA71D2,D,manual,en,180,196,125,pass,,0,6954,5255.679999999999,6562,4851.013000000001,382,397.84699999999896,10,6.819999999999999,0,0.0,94.36295657175727,92.30038739040431,5.493241299971239,7.569848240379913,0.1438021282714984,0.12976436921578177,0.0,0.0
2393,SA71D3,D,manual,en,197,213,134,pass,,0,6653,4655.38,6181,4177.488999999999,458,470.2310000000012,13,6.66,0,0.0,92.90545618517962,89.73465109185499,6.884112430482489,10.100808097298206,0.19540057117090034,0.1430602872375617,0.0,0.0
2394,SA71D4,D,manual,en,247,260,155,pass,,0,6014,4571.193,5199,3741.317000000002,802,823.2359999999983,13,6.640000000000001,0,0.0,86.44828732956435,81.84552697731209,13.335550382440971,18.009215537388123,0.21616228799467907,0.14525748529978935,0.0,0.0
2395,SA71D5,D,manual,en,178,188,115,pass,,0,6143,4332.062000000001,5504,3917.834000000001,626,405.9679999999991,13,8.26,0,0.0,89.59791632752727,90.43808698952141,10.190460686960769,9.371241685829958,0.21162298551196485,0.19067132464863148,0.0,0.0
2396,SA71D6,D,manual,en,292,300,177,pass,,0,6861,4487.45,5956,3763.3119999999994,891,712.0790000000002,13,6.88,0,0.0,86.80950298790263,83.86304025671595,12.986445124617402,15.868232515125522,0.1894767526599621,0.1533164714927186,0.0,0.0
2397,SA71D7,D,manual,en,105,127,86,pass,,0,5880,4516.939,5650,4279.822999999997,217,229.37600000000367,13,7.74,0,0.0,96.08843537414965,94.75051578070894,3.6904761904761907,5.078129237521331,0.22108843537414966,0.17135498176973388,0.0,0.0
2398,SA72T1,T,manual,en,9,15,10,pass,,0,4523,4259.130999999999,1307,1123.7049999999995,992,947.5460000000003,2224,2187.88,0,0.0,28.896749944726952,26.383433615918353,21.932345788193675,22.247402110900097,49.17090426707937,51.36916427318155,0.0,0.0
2399,SA72T2,T,manual,en,10,41,37,pass,,0,5388,4600.700000000001,5345,4550.329000000001,33,42.27099999999973,10,8.1,0,0.0,99.20193021529325,98.90514486925903,0.6124721603563474,0.9187949659834314,0.1855976243504083,0.17606016475753686,0.0,0.0
2400,SA72T3,T,manual,en,17,21,12,pass,,0,6007,5114.28,1347,1040.23,1549,1346.2599999999993,3111,2727.7900000000004,0,0.0,22.42383885466955,20.339715463369235,25.786582320625936,26.323548964859167,51.78957882470451,53.336735571771605,0.0,0.0
2401,SA72T4,T,manual,en,13,20,13,pass,,0,6468,4998.179,1516,1050.579999999999,88,59.560000000000855,4864,3888.0389999999998,0,0.0,23.438466295609153,21.01925521274846,1.3605442176870748,1.1916339931003042,75.20098948670378,77.78911079415123,0.0,0.0
2402,SA72T5,T,manual,en,14,17,11,pass,,0,6030,4986.8,1096,801.3030000000008,48,49.34799999999905,4886,4136.149,0,0.0,18.175787728026535,16.068480789283722,0.7960199004975125,0.989572471324277,81.02819237147595,82.941946739392,0.0,0.0
2403,SA72T6,T,manual,en,31,57,44,pass,,0,6535,5553.740000000001,5138,4235.171,147,140.83999999999992,1250,1177.729,0,0.0,78.62280030604438,76.25799911411049,2.2494261667941853,2.5359487480508616,19.127773527161438,21.206052137838643,0.0,0.0
2404,SA72T7,T,manual,en,8,13,9,pass,,0,6218,5334.94,1162,910.1799999999994,21,27.030000000000655,5035,4397.73,0,0.0,18.687680926342875,17.06073545344464,0.33772917336764235,0.506659868714562,80.97458990028949,82.4326046778408,0.0,0.0
2405,SA72D1,D,manual,en,410,413,246,pass,,0,8304,5600.3099999999995,6879,4396.532999999997,1415,1195.0870000000027,10,8.690000000000001,0,0.0,82.83959537572254,78.50517203511944,17.039980732177263,21.33965798321884,0.12042389210019268,0.15516998166172946,0.0,0.0
2406,SA72D2,D,manual,en,211,219,138,pass,,0,6354,4902.960000000001,6083,4482.069,261,413.3709999999999,10,7.52,0,0.0,95.73497009757634,91.41557344950805,4.1076487252124645,8.431049814805746,0.15738117721120554,0.1533767356861977,0.0,0.0
2407,SA72D3,D,manual,en,324,329,187,pass,,0,7320,5378.4,5908,4305.563035714281,1402,1065.096964285719,10,7.74,0,0.0,80.7103825136612,80.05286025052584,19.153005464480874,19.803230780264002,0.1366120218579235,0.14390896921017404,0.0,0.0
2408,SA72D4,D,manual,en,237,246,140,pass,,0,7039,4888.570000000001,5745,3993.5410238095246,1284,886.9889761904758,10,8.04,0,0.0,81.61670691859639,81.69139490299871,18.24122744708055,18.144139823925517,0.14206563432305724,0.1644652730757665,0.0,0.0
2409,SA72D6,D,manual,en,257,264,157,pass,,0,6824,5477.4,5837,4323.064,966,814.3759999999991,21,339.96000000000004,0,0.0,85.53634232121922,78.9254755906087,14.155920281359906,14.867930039799889,0.30773739742086753,6.2065943695914125,0.0,0.0
2410,SA72D7,D,manual,en,195,203,125,pass,,0,6063,4624.18,5277,3913.246999999998,776,702.5730000000026,10,8.36,0,0.0,87.03612073231074,84.6257498626783,12.798944416955303,15.193461327197527,0.16493485073396008,0.18078881012417336,0.0,0.0
2411,SA73T1,T,manual,en,23,26,17,pass,,0,5221,4717.699999999999,1065,848.3710000000005,70,106.76999999999907,4086,3762.559,0,0.0,20.398391112813638,17.982724632765983,1.3407393219689714,2.2631790915064354,78.26086956521739,79.7540962757276,0.0,0.0
2412,SA73T2,T,manual,en,12,16,10,pass,,0,5614,5127.22,980,677.5900000000001,71,72.98999999999978,4563,4376.64,0,0.0,17.456359102244388,13.215543705945914,1.2646954043462773,1.423578469423972,81.27894549340934,85.36087782463012,0.0,0.0
2413,SA73T3,T,manual,en,34,45,31,pass,,0,5809,5142.900000000001,3177,2595.037000000001,120,135.762999999999,2512,2412.1000000000004,0,0.0,54.69099672921329,50.45863228917539,2.065760027543467,2.6398141126601526,43.24324324324324,46.90155359816446,0.0,0.0
2414,SA73T4,T,manual,en,6,17,13,pass,,0,4733,4435.6,1864,1702.1800000000003,1974,1905.89375,895,827.52625,0,0.0,39.3830551447285,38.375417079989184,41.70716247623072,42.968115925692125,18.909782379040777,18.65646699431869,0.0,0.0
2415,SA73T5,T,manual,en,9,24,19,pass,,0,4924,4223.32,2844,2270.99,1963,1820.3637692307693,117,131.96623076923078,0,0.0,57.75792038992689,53.772624380818876,39.8659626320065,43.10267205020622,2.3761169780666127,3.1247035689749008,0.0,0.0
2416,SA73T6,T,manual,en,1,30,30,pass,,0,4922,4527.72,4922,4527.72,0,0.0,0,0.0,0,0.0,100.0,100.0,0.0,0.0,0.0,0.0,0.0,0.0
2417,SA73T7,T,manual,en,13,14,9,pass,,0,6456,5165.630999999999,764,567.3219999999992,17,25.19800000000032,5675,4573.111,0,0.0,11.833952912019827,10.982627291806157,0.26332094175960347,0.4878010063049475,87.90272614622057,88.5295717018889,0.0,0.0
2418,SA73D2,D,manual,en,125,141,93,pass,,0,6629,4761.371000000001,6207,4274.376875000003,395,462.07412499999793,27,24.919999999999998,0,0.0,93.63403228239554,89.77197691589255,5.9586664655302455,9.704644418592835,0.40730125207421936,0.5233786655146174,0.0,0.0
2419,SA73D3,D,manual,en,187,198,132,pass,,0,6545,4736.79,5851,3926.545000000002,240,363.01599999999775,454,447.229,0,0.0,89.3964858670741,82.89463961881363,3.6669213139801373,7.6637554124206,6.93659281894576,9.441604968765768,0.0,0.0
2420,SA73D4,D,manual,en,147,166,114,pass,,0,7139,6117.598999999999,6956,5748.569999999999,173,361.3290000000008,10,7.700000000000001,0,0.0,97.43661577251716,93.96774780432649,2.423308586636784,5.906385822280945,0.14007564084605686,0.12586637339256793,0.0,0.0
2421,SA73D5,D,manual,en,156,164,105,pass,,0,6601,4928.06,4967,3549.5826875000007,1264,1059.2383124999997,370,319.23900000000003,0,0.0,75.24617482199666,72.0279925061789,19.14861384638691,21.494022242018147,5.605211331616422,6.477985251802941,0.0,0.0
2422,SA73D6,D,manual,en,141,161,108,pass,,0,7191,5506.28,6488,4509.675,223,432.5649999999998,480,564.04,0,0.0,90.22389097482964,81.90057534306284,3.1010985954665555,7.855848231473878,6.675010429703796,10.24357642546329,0.0,0.0
2423,SA73D7,D,manual,en,128,139,91,pass,,0,4873,4331.360000000001,4661,3931.617000000001,177,370.7829999999988,34,27.529999999999998,0,0.0,95.64949722963267,90.77095877507297,3.6322593884670633,8.560429056924354,0.697722142417402,0.6355971334638542,0.0,0.0
2424,SA74T1,T,manual,en,14,33,28,pass,,0,6457,5043.039999999999,3733,3096.639166666666,2714,1939.440833333333,10,6.960000000000001,0,0.0,57.81322595632647,61.40421584335374,42.03190336069382,38.457772163879994,0.15487068297971193,0.13801199276626802,0.0,0.0
2425,SA74T2,T,manual,en,20,59,49,pass,,0,6982,4933.819999999999,6840,4863.4275,132,62.95249999999942,10,7.44,0,0.0,97.96619879690633,98.57326574540622,1.8905757662560871,1.2759383195981904,0.14322543683758235,0.15079593499560182,0.0,0.0
2426,SA74T3,T,manual,en,18,50,42,pass,,0,5956,5168.030000000001,5896,5138.929999999999,50,22.2400000000016,10,6.859999999999999,0,0.0,98.9926124916051,99.4369227732811,0.8394895903290799,0.4303380591831239,0.16789791806581597,0.13273916753579215,0.0,0.0
2427,SA74T4,T,manual,en,39,49,31,pass,,0,7167,5451.249999999998,2755,2019.3308888888873,4402,3424.7991111111105,10,7.119999999999999,0,0.0,38.440072554764896,37.043446712018124,61.42039905120692,62.82594104308391,0.13952839402818473,0.1306122448979592,0.0,0.0
2428,SA74T5,T,manual,en,18,55,47,pass,,0,6560,5123.3899999999985,6490,5094.299999999997,60,22.510000000001128,10,6.58,0,0.0,98.9329268292683,99.43221187534033,0.9146341463414634,0.43935753475728245,0.1524390243902439,0.1284305899023889,0.0,0.0
2429,SA74T6,T,manual,en,15,45,38,pass,,0,5617,4751.720000000001,5550,4718.830000000002,57,25.389999999999418,10,7.5,0,0.0,98.80719245148656,99.30782958591837,1.0147765711233754,0.5343328310590567,0.17803097739006588,0.15783758302256864,0.0,0.0
2430,SA74T7,T,manual,en,25,59,49,pass,,0,6429,4797.180000000002,6353,4754.719285714286,66,34.69071428571533,10,7.7700000000000005,0,0.0,98.81785658733862,99.11488177875928,1.026598226784881,0.7231480637732025,0.15554518587649713,0.1619701574675121,0.0,0.0
2431,SA74D1,D,manual,en,238,259,160,pass,,0,9381,6617.84,8428,6021.239134920636,943,589.4508650793646,10,7.149999999999999,0,0.0,89.84116831894255,90.9849608772747,10.052233237394734,8.906997828284826,0.10659844366272253,0.10804129444048208,0.0,0.0
2432,SA74D2,D,manual,en,199,213,129,pass,,0,6671,4843.269999999997,5843,4404.73220238095,818,431.29779761904695,10,7.24,0,0.0,87.58806775595863,90.94541915649867,12.26202968070754,8.905095062200688,0.149902563333833,0.14948578130065027,0.0,0.0
2433,SA74D3,D,manual,en,235,251,152,pass,,0,7643,5136.819999999996,6667,4643.77195238095,966,486.0880476190457,10,6.96,0,0.0,87.23014523093026,90.40168727697201,12.639016093157137,9.462820336687797,0.13083867591259976,0.13549238634018723,0.0,0.0
2434,SA74D5,D,manual,en,385,392,219,pass,,0,8011,5126.739999999991,6620,4452.561675685418,1381,666.4483243145735,10,7.7299999999999995,0,0.0,82.63637498439645,86.84976565391312,17.238796654599923,12.999456268790201,0.12482836100362002,0.15077807729668394,0.0,0.0
2435,SA75T2,T,manual,en,7,15,11,pass,,0,5725,4823.76,1622,1370.4966666666667,4093,3445.3033333333333,10,7.96,0,0.0,28.33187772925764,28.411377569917793,71.4934497816594,71.42360592843202,0.17467248908296942,0.16501650165016502,0.0,0.0
2436,SA75T3,T,manual,en,8,15,12,pass,,0,5448,4864.870000000001,1484,1220.4000000000005,3954,3636.74,10,7.73,0,0.0,27.239353891336272,25.085973520361293,72.57709251101322,74.755132202916,0.18355359765051396,0.15889427672270787,0.0,0.0
2437,SA75T4,T,manual,en,6,36,34,pass,,0,5139,4496.82,5126,4488.95,3,1.550000000000182,10,6.32,0,0.0,99.74703249659467,99.82498743556559,0.05837711617046118,0.03446880239814318,0.1945903872348706,0.14054376203628344,0.0,0.0
2438,SA75T5,T,manual,en,3,29,28,pass,,0,4423,3996.4700000000003,4413,3988.7900000000004,0,0.0,10,7.68,0,0.0,99.77390911146281,99.80783041033713,0.0,0.0,0.22609088853719195,0.19216958966287748,0.0,0.0
2439,SA75T6,T,manual,en,3,33,32,pass,,0,5090,4400.929999999999,5080,4393.65,0,0.0,10,7.280000000000001,0,0.0,99.80353634577604,99.83458041822979,0.0,0.0,0.19646365422396855,0.1654195817702168,0.0,0.0
2440,SA75T7,T,manual,en,5,22,19,pass,,0,4762,3952.4799999999996,2857,2548.6139999999996,1895,1396.9160000000002,10,6.95,0,0.0,59.99580008399832,64.48138890013358,39.79420411591768,35.342772132939324,0.20999580008399832,0.1758389669270939,0.0,0.0
2441,SA75D1,D,manual,en,168,183,114,pass,,0,7166,4848.960000000002,6535,4565.474419913422,621,276.10558008658,10,7.380000000000001,0,0.0,91.19452972369523,94.15368284979502,8.665922411387106,5.694119565568285,0.13954786491766677,0.15219758463670557,0.0,0.0
2442,SA75D3,D,manual,en,124,143,92,pass,,0,6587,4723.169999999998,6126,4507.019166666666,451,208.52083333333246,10,7.63,0,0.0,93.001366327615,95.42360674434052,6.84681949294064,4.4148492079119,0.1518141794443601,0.16154404774759332,0.0,0.0
2443,SA75D4,D,manual,en,105,120,78,pass,,0,6041,4428.029999999999,5229,3848.478333333332,802,572.3716666666672,10,7.18,0,0.0,86.558516801854,86.91174931816933,13.275947690779672,12.926101825567292,0.16553550736633008,0.1621488562633948,0.0,0.0
2444,SA75D5,D,manual,en,49,75,57,pass,,0,5342,4110.760000000001,5214,4048.1195238095243,118,55.28047619047662,10,7.36,0,0.0,97.60389367278172,98.47618259906983,2.208910520404343,1.3447750827213607,0.18719580681392736,0.17904231820879832,0.0,0.0
2445,SA76T1,T,manual,en,47,71,47,pass,,0,6468,5069.879999999999,4658,3725.339571428571,1791,1327.0204285714285,18,15.580000000000002,0,0.0,72.01607915893631,73.47983722353531,27.69016697588126,26.174592467108273,0.2782931354359926,0.3073051038683362,0.0,0.0
2446,SA76T2,T,manual,en,6,17,14,pass,,0,4835,3941.8900000000003,2111,1714.2000000000003,1225,1061.13,1499,1166.56,0,0.0,43.66080661840745,43.48675381606286,25.33609100310238,26.919320427510662,31.003102378490176,29.593925756426483,0.0,0.0
2447,SA76T3,T,manual,en,14,50,44,pass,,0,6346,4850.430000000002,6306,4817.630000000001,40,32.800000000000715,0,0.0,0,0.0,99.36968168925307,99.32377129450377,0.6303183107469272,0.6762287054962282,0.0,0.0,0.0,0.0
2448,SA76T4,T,manual,en,4,5,3,pass,,0,5253,3985.14,343,237.8199999999997,3,2.349999999999909,4907,3744.9700000000003,0,0.0,6.529602132114982,5.967669893654921,0.05711022272986865,0.05896907009540215,93.41328764515515,93.97336103624967,0.0,0.0
2449,SA76T5,T,manual,en,6,7,4,pass,,0,5537,4105.299999999999,246,193.02999999999975,10,13.86999999999989,5281,3898.4,0,0.0,4.442839082535669,4.7019706233405545,0.18060321473722232,0.3378559423184638,95.37655770272711,94.96017343434099,0.0,0.0
2450,SA76T6,T,manual,en,1,30,30,pass,,0,4777,3879.53,4777,3879.53,0,0.0,0,0.0,0,0.0,100.0,100.0,0.0,0.0,0.0,0.0,0.0,0.0
2451,SA76T7,T,manual,en,13,16,10,pass,,0,6585,4729.119999999998,619,398.12374999999884,29,12.236249999999927,5937,4318.759999999999,0,0.0,9.400151860288535,8.41855884392866,0.4403948367501898,0.2587426413370761,90.15945330296128,91.32269851473427,0.0,0.0
2452,SA76D1,D,manual,en,168,186,114,pass,,0,7791,5040.239999999997,6555,4278.363095238095,965,557.3969047619019,271,204.48,0,0.0,84.13554100885638,84.88411455085667,12.386086510075728,11.05893578007996,3.4783724810678986,4.05694966906338,0.0,0.0
2453,SA76D2,D,manual,en,148,166,105,pass,,0,6667,4320.180000000001,5892,3779.3883333333342,403,255.96166666666727,372,284.83,0,0.0,88.37558122093895,87.48219595788447,6.044697765111745,5.924791713925512,5.579721013949302,6.593012328190027,0.0,0.0
2454,SA76D3,D,manual,en,132,148,96,pass,,0,6513,4848.079999999996,5924,4282.404999999998,333,356.18499999999835,256,209.49,0,0.0,90.95654844157838,88.33197884523359,5.112851220635652,7.346929093579285,3.9306003377859664,4.321092061187112,0.0,0.0
2455,SA76D4,D,manual,en,139,151,100,pass,,0,6572,4453.300000000002,5983,3991.530000000002,356,298.87000000000023,233,162.9,0,0.0,91.0377358490566,89.63083556014641,5.4169202678028,6.711202928165632,3.5453438831405966,3.6579615116879602,0.0,0.0
2456,SA76D5,D,manual,en,97,124,78,pass,,0,6583,4851.6900000000005,5750,4260.044166666666,524,354.1258333333346,309,237.52,0,0.0,87.34619474403767,87.80536610267072,7.959896703630563,7.299020203956447,4.693908552331764,4.895613693372824,0.0,0.0
2457,SA77T1,T,manual,en,5,34,33,pass,,0,5039,3904.8300000000004,5036,3903.25,3,1.580000000000382,0,0.0,0,0.0,99.94046437785275,99.95953729099601,0.05953562214725144,0.04046270900398691,0.0,0.0,0.0,0.0
2458,SA77T2,T,manual,en,2,32,32,pass,,0,5177,3776.6,5177,3776.6,0,0.0,0,0.0,0,0.0,100.0,100.0,0.0,0.0,0.0,0.0,0.0,0.0
2459,SA77T3,T,manual,en,4,28,27,pass,,0,4416,3557.9900000000002,4160,3379.1800000000003,256,178.80999999999995,0,0.0,0,0.0,94.20289855072464,94.97440970885246,5.797101449275362,5.025590291147528,0.0,0.0,0.0,0.0
2460,SA77T4,T,manual,en,10,27,24,pass,,0,5724,4498.440000000001,3382,2657.330000000001,2341,1838.9000000000003,0,0.0,0,0.0,59.08455625436758,59.07225615991321,40.89797344514326,40.878615697886374,0.0,0.0,0.0,0.0
2461,SA77T5,T,manual,en,2,28,28,pass,,0,4435,3710.56,4435,3710.56,0,0.0,0,0.0,0,0.0,100.0,100.0,0.0,0.0,0.0,0.0,0.0,0.0
2462,SA77T6,T,manual,en,2,28,28,pass,,0,4360,3636.01,4360,3636.01,0,0.0,0,0.0,0,0.0,100.0,100.0,0.0,0.0,0.0,0.0,0.0,0.0
2463,SA77T7,T,manual,en,2,32,32,pass,,0,5074,4009.48,5074,4009.48,0,0.0,0,0.0,0,0.0,100.0,100.0,0.0,0.0,0.0,0.0,0.0,0.0
2464,SA77D1,D,manual,en,202,212,120,pass,,0,7016,4523.82,5594,3740.9024603174594,1422,782.9175396825407,0,0.0,0,0.0,79.73204104903078,82.69344183273118,20.267958950969213,17.30655816726883,0.0,0.0,0.0,0.0
2465,SA77D2,D,manual,en,167,179,102,pass,,0,5420,3778.190000000002,4673,3311.7004682539687,747,466.4895317460332,0,0.0,0,0.0,86.21771217712177,87.65309495430265,13.782287822878228,12.346905045697357,0.0,0.0,0.0,0.0
2466,SA77D3,D,manual,en,141,160,99,pass,,0,6894,4787.2400000000025,6287,4458.335785714284,607,328.90421428571915,0,0.0,0,0.0,91.19524223962867,93.12956496257304,8.804757760371338,6.870435037426971,0.0,0.0,0.0,0.0
2467,SA77D4,D,manual,en,251,263,143,pass,,0,7196,5003.700000000004,5714,4092.162293650796,1482,911.5377063492082,0,0.0,0,0.0,79.40522512506948,81.78272665529093,20.59477487493052,18.217273344709064,0.0,0.0,0.0,0.0
2468,SA77D5,D,manual,en,105,120,79,pass,,0,6230,4544.199999999998,4398,3077.1919999999977,1832,1467.0080000000005,0,0.0,0,0.0,70.59390048154093,67.7169138682276,29.40609951845907,32.28308613177239,0.0,0.0,0.0,0.0
2469,SA78T1,T,manual,en,4,6,4,pass,,0,4116,3867.8700000000003,516,436.32000000000016,2,2.0399999999999636,3598,3429.51,0,0.0,12.536443148688047,11.280627322014444,0.04859086491739553,0.05274220695111168,87.41496598639456,88.66663047103444,0.0,0.0
2470,SA78T2,T,manual,en,7,7,4,pass,,0,4379,3903.7999999999993,244,233.48999999999978,10,5.539999999999509,4125,3664.77,0,0.0,5.572048412879653,5.981095342999125,0.2283626398721169,0.14191300783850377,94.19958894724823,93.87699164916238,0.0,0.0
2471,SA78T3,T,manual,en,8,6,2,pass,,0,4853,4324.530000000001,237,183.9399999999996,4296,3812.1500000000005,320,328.44,0,0.0,4.883577168761591,4.2534101971774865,88.52256336286833,88.15177603115252,6.593859468370081,7.594813771669984,0.0,0.0
2472,SA78T4,T,manual,en,1,33,33,pass,,0,5310,4421.66,5310,4421.66,0,0.0,0,0.0,0,0.0,100.0,100.0,0.0,0.0,0.0,0.0,0.0,0.0
2473,SA78T5,T,manual,en,1,30,30,pass,,0,4822,4044.45,4822,4044.45,0,0.0,0,0.0,0,0.0,100.0,100.0,0.0,0.0,0.0,0.0,0.0,0.0
2474,SA78T6,T,manual,en,1,31,31,pass,,0,4831,4544.36,4831,4544.36,0,0.0,0,0.0,0,0.0,100.0,100.0,0.0,0.0,0.0,0.0,0.0,0.0
2475,SA78T7,T,manual,en,4,8,6,pass,,0,6547,5176.1,738,533.9499999999998,1,0.3857142857141298,5808,4641.764285714286,0,0.0,11.272338475637696,10.315681690848319,0.015274171376202841,0.007451832184736187,88.7123873529861,89.67686647696695,0.0,0.0
2476,SA78D1,D,manual,en,296,301,152,pass,,0,7329,4676.659999999999,3675,2459.387124098123,3412,1996.4928759018758,242,220.77999999999997,0,0.0,50.1432664756447,52.588538061311354,46.55478237140128,42.690571388595195,3.301951152954018,4.720890550093443,0.0,0.0
2477,SA78D2,D,manual,en,50,68,46,pass,,0,5348,4026.7099999999987,3680,2708.019999999999,227,100.37999999999965,1441,1218.31,0,0.0,68.81077038145101,67.25142858561952,4.244577412116679,2.4928539676311354,26.944652206432313,30.25571744674934,0.0,0.0
2478,SA78D3,D,manual,en,98,113,66,pass,,0,5657,4394.730000000001,4578,3629.2255454545466,1079,765.5044545454547,0,0.0,0,0.0,80.92628601732368,82.5813086459133,19.07371398267633,17.4186913540867,0.0,0.0,0.0,0.0
2479,SA78D4,D,manual,en,213,221,122,pass,,0,6334,4552.630000000002,5347,3989.002261904761,982,561.0977380952407,5,2.5299999999999976,0,0.0,84.41742974423745,87.61973325099468,15.503631196716135,12.324694475396429,0.07893905904641617,0.055572273608880944,0.0,0.0
2480,SA78D5,D,manual,en,148,160,89,pass,,0,5680,3828.6600000000026,4575,3206.8103589743614,814,377.2496410256412,291,244.60000000000002,0,0.0,80.54577464788733,83.7580343768932,14.330985915492958,9.853307450273489,5.123239436619718,6.388658172833312,0.0,0.0
2481,SA79T1,T,manual,en-GB,10,23,20,pass,,0,3674,3643.1199999999994,2692,2627.3559999999998,982,1015.7639999999997,0,0.0,0,0.0,73.27163854109962,72.11829420935902,26.72836145890038,27.881705790640982,0.0,0.0,0.0,0.0
2482,SA79T2,T,manual,en-GB,80,100,66,pass,,0,4918,3758.770000000002,4635,3628.7600000000007,283,130.01000000000113,0,0.0,0,0.0,94.2456283041887,96.54115575041833,5.754371695811305,3.4588442495816736,0.0,0.0,0.0,0.0
2483,SA79T3,T,manual,en-GB,4,15,14,pass,,0,4168,3461.26,1959,1648.3700000000001,2209,1812.8899999999999,0,0.0,0,0.0,47.00095969289827,47.62340881644256,52.99904030710173,52.37659118355743,0.0,0.0,0.0,0.0
2484,SA79T4,T,manual,en,10,35,32,pass,,0,4495,3698.0999999999995,4474,3691.5379999999996,21,6.561999999999898,0,0.0,0,0.0,99.53281423804226,99.8225575295422,0.4671857619577308,0.17744247045779993,0.0,0.0,0.0,0.0
2485,SA79T5,T,manual,en-GB,14,36,32,pass,,0,4309,3759.2200000000003,4280,3742.1500000000005,29,17.06999999999971,0,0.0,0,0.0,99.32699002088651,99.54591644011259,0.6730099791134834,0.45408355988741567,0.0,0.0,0.0,0.0
2486,SA79T6,T,manual,en-GB,9,28,24,pass,,0,3428,3571.3900000000003,3382,3542.38,46,29.01000000000022,0,0.0,0,0.0,98.65810968494749,99.18771122728124,1.3418903150525088,0.8122887727187514,0.0,0.0,0.0,0.0
2487,SA79T7,T,manual,en-GB,5,33,32,pass,,0,4714,4012.68,4713,4010.68,1,2.0,0,0.0,0,0.0,99.97878659312686,99.95015799914272,0.021213406873143825,0.049842000857282416,0.0,0.0,0.0,0.0
2488,SA79D1,D,manual,en,328,332,185,pass,,0,8027,4717.590000000012,5672,3519.6891269841344,2355,1197.9008730158776,0,0.0,0,0.0,70.6615173788464,74.60777911993465,29.338482621153606,25.39222088006534,0.0,0.0,0.0,0.0
2489,SA79D2,D,manual,en,227,239,134,pass,,0,6900,4480.730000000001,5750,3900.241742063494,1150,580.4882579365076,0,0.0,0,0.0,83.33333333333333,87.04478382012512,16.666666666666668,12.955216179874872,0.0,0.0,0.0,0.0
2490,SA79D3,D,manual,en-GB,276,284,157,pass,,0,6784,4706.169999999997,5531,4006.75705952381,1253,699.4129404761877,0,0.0,0,0.0,81.53007075471699,85.13838343119377,18.46992924528302,14.861616568806228,0.0,0.0,0.0,0.0
2491,SA79D4,D,manual,en-GB,282,286,165,pass,,0,6845,4400.349999999997,5412,3700.0822936507866,1433,700.2677063492097,0,0.0,0,0.0,79.06501095690285,84.08609073484585,20.93498904309715,15.913909265154139,0.0,0.0,0.0,0.0
2492,SA79D5,D,manual,en-GB,215,222,121,pass,,0,6227,4219.27,4624,3348.517666666666,1603,870.7523333333345,0,0.0,0,0.0,74.25726674160912,79.3624884557439,25.742733258390878,20.637511544256103,0.0,0.0,0.0,0.0
2493,SA80T1,T,manual,en,11,13,9,pass,,0,4851,4263.64,1063,960.5900000000005,3788,3303.0499999999997,0,0.0,0,0.0,21.913007627293343,22.5298102091171,78.08699237270666,77.4701897908829,0.0,0.0,0.0,0.0
2494,SA80T2,T,manual,en,9,40,36,pass,,0,5844,4783.450000000001,5432,4436.4766666666665,412,346.9733333333338,0,0.0,0,0.0,92.95003422313484,92.74637900817748,7.049965776865161,7.253620991822507,0.0,0.0,0.0,0.0
2495,SA80T3,T,manual,en,10,22,18,pass,,0,4536,3786.75,2314,1891.7666666666662,2222,1894.9833333333336,0,0.0,0,0.0,51.014109347442684,49.95752734314825,48.985890652557316,50.04247265685175,0.0,0.0,0.0,0.0
2496,SA80T4,T,manual,en,2,35,35,pass,,0,5495,4725.179999999999,5495,4725.179999999999,0,0.0,0,0.0,0,0.0,100.0,100.0,0.0,0.0,0.0,0.0,0.0,0.0
2497,SA80T5,T,manual,en,4,29,27,pass,,0,5543,4861.4400000000005,4284,3760.673333333333,1259,1100.7666666666669,0,0.0,0,0.0,77.28666786938481,77.3571890907495,22.71333213061519,22.642810909250485,0.0,0.0,0.0,0.0
2498,SA80T6,T,manual,en,2,34,34,pass,,0,5357,4669.910000000001,5357,4669.910000000001,0,0.0,0,0.0,0,0.0,100.0,100.0,0.0,0.0,0.0,0.0,0.0,0.0
2499,SA80T7,T,manual,en,2,38,38,pass,,0,5952,4864.44,5952,4864.44,0,0.0,0,0.0,0,0.0,100.0,100.0,0.0,0.0,0.0,0.0,0.0,0.0
2500,SA80Q1,Q,manual,en,3,34,33,pass,,0,5417,4665.9,5251,4527.53,0,0.0,166,138.36999999999998,0,0.0,96.93557319549566,97.03444137251121,0.0,0.0,3.0644268045043384,2.9655586274888015,0.0,0.0
2501,SA80Q2,Q,manual,en,14,41,34,pass,,0,5573,4773.52,5258,4529.652777777778,315,243.86722222222213,0,0.0,0,0.0,94.34774807105688,94.89124959731556,5.652251928943119,5.108750402684436,0.0,0.0,0.0,0.0
2502,SA80Q3,Q,manual,en,17,47,37,pass,,0,6028,5079.4,5702,4842.1930555555555,326,237.20694444444413,0,0.0,0,0.0,94.59190444591904,95.33002038735985,5.408095554080956,4.669979612640157,0.0,0.0,0.0,0.0
2503,SA80Q4,Q,manual,en,30,61,46,pass,,0,6464,5044.95,6105,4799.368916666666,359,245.58108333333337,0,0.0,0,0.0,94.44616336633663,95.1321403912163,5.553836633663367,4.867859608783702,0.0,0.0,0.0,0.0
2504,SA80Q5,Q,manual,en,26,61,45,pass,,0,7278,5795.579999999999,6806,5452.610015873015,472,342.96998412698406,0,0.0,0,0.0,93.51470184116515,94.0822146510447,6.485298158834845,5.917785348955309,0.0,0.0,0.0,0.0
2505,SA81T1,T,manual,en,5,32,31,pass,,0,4714,4352.039999999999,4713,4350.951999999999,1,1.0880000000001928,0,0.0,0,0.0,99.97878659312686,99.97500022977731,0.021213406873143825,0.024999770222704595,0.0,0.0,0.0,0.0
2506,SA81T2,T,manual,en,8,35,33,pass,,0,4786,4199.99,4784,4193.96,2,6.029999999999973,0,0.0,0,0.0,99.95821145006268,99.85642822959103,0.041788549937317176,0.14357177040897653,0.0,0.0,0.0,0.0
2507,SA81T3,T,manual,en,4,21,20,pass,,0,4028,3584.02,2951,2760.42,1077,823.5999999999999,0,0.0,0,0.0,73.26216484607745,77.02021752110758,26.737835153922543,22.979782478892414,0.0,0.0,0.0,0.0
2508,SA81T4,T,manual,en,7,20,18,pass,,0,4912,4575.4800000000005,2553,2313.290000000001,2359,2262.1899999999996,0,0.0,0,0.0,51.97475570032573,50.55841135793405,48.02524429967427,49.44158864206596,0.0,0.0,0.0,0.0
2509,SA81T5,T,manual,en,4,4,2,pass,,0,4906,4169.68,156,146.34714285714287,4750,4023.3328571428574,0,0.0,0,0.0,3.179779861394211,3.5097931461681195,96.82022013860579,96.49020685383188,0.0,0.0,0.0,0.0
2510,SA81T6,T,manual,en,2,26,26,pass,,0,4155,3911.22,4155,3911.22,0,0.0,0,0.0,0,0.0,100.0,100.0,0.0,0.0,0.0,0.0,0.0,0.0
2511,SA81T7,T,manual,en,2,30,30,pass,,0,4821,4073.4800000000005,4821,4073.4800000000005,0,0.0,0,0.0,0,0.0,100.0,100.0,0.0,0.0,0.0,0.0,0.0,0.0
2512,SA81Q1,Q,manual,en,44,65,44,pass,,0,5720,4591.259999999999,5307,4242.005821428571,409,345.21617857142854,0,0.0,0,0.0,92.77972027972028,92.39306468003493,7.15034965034965,7.5189856068144385,0.0,0.0,0.0,0.0
2513,SA81Q2,Q,manual,en,17,50,41,pass,,0,6210,4936.1,5993,4753.941190476191,217,182.15880952380982,0,0.0,0,0.0,96.50563607085346,96.30966128069105,3.494363929146538,3.690338719308965,0.0,0.0,0.0,0.0
2514,SA81Q3,Q,manual,en,44,75,56,pass,,0,7417,5862.110000000001,7012,5589.944147186147,403,269.492102813853,0,0.0,0,0.0,94.53957125522449,95.35720324569391,5.433463664554402,4.597186044169301,0.0,0.0,0.0,0.0
2515,SA82T2,T,manual,en,7,11,9,pass,,0,5182,4279.74,1164,987.5899999999999,4018,3292.15,0,0.0,0,0.0,22.462369741412584,23.07593451938669,77.53763025858741,76.92406548061331,0.0,0.0,0.0,0.0
2516,SA82T3,T,manual,en,5,33,32,pass,,0,4859,4272.5599999999995,4858,4270.469999999999,1,2.0900000000001455,0,0.0,0,0.0,99.97941963366948,99.95108319134195,0.020580366330520683,0.04891680865804449,0.0,0.0,0.0,0.0
2517,SA82T4,T,manual,en,6,5,3,pass,,0,5001,4337.1,282,264.3,4719,4072.8,0,0.0,0,0.0,5.638872225554889,6.093933734523068,94.36112777444511,93.90606626547692,0.0,0.0,0.0,0.0
2518,SA82T5,T,manual,en,2,27,27,pass,,0,4246,3751.9300000000003,4246,3751.9300000000003,0,0.0,0,0.0,0,0.0,100.0,99.99999999999999,0.0,0.0,0.0,0.0,0.0,0.0
2519,SA82T6,T,manual,en,6,5,3,pass,,0,3949,3930.98,312,291.81,3637,3639.17,0,0.0,0,0.0,7.9007343631299065,7.423339726989199,92.0992656368701,92.5766602730108,0.0,0.0,0.0,0.0
2520,SA82Q1,Q,manual,en,11,37,32,pass,,0,4907,4435.54,4748,4285.240714285715,159,150.2992857142857,0,0.0,0,0.0,96.75973099653557,96.61147716593052,3.2402690034644386,3.388522834069487,0.0,0.0,0.0,0.0
2521,SA82Q2,Q,manual,en,2,36,36,pass,,0,5606,4767.289999999999,5606,4767.289999999999,0,0.0,0,0.0,0,0.0,100.0,100.0,0.0,0.0,0.0,0.0,0.0,0.0
2522,SA82Q3,Q,manual,en,2,36,36,pass,,0,5612,4806.33,5612,4806.33,0,0.0,0,0.0,0,0.0,100.0,100.0,0.0,0.0,0.0,0.0,0.0,0.0
2523,SA83T1,T,manual,en,1,30,30,pass,,0,4827,4027.52,4827,4027.52,0,0.0,0,0.0,0,0.0,100.0,100.0,0.0,0.0,0.0,0.0,0.0,0.0
2524,SA83T2,T,manual,en,5,28,27,pass,,0,4102,3943.96,4097,3937.13,5,6.829999999999927,0,0.0,0,0.0,99.87810823988299,99.82682380145843,0.12189176011701609,0.17317619854156552,0.0,0.0,0.0,0.0
2525,SA83T3,T,manual,en,7,29,26,pass,,0,5067,4055.5699999999997,3771,2955.5,4,6.749999999999773,1292,1093.3200000000002,0,0.0,74.42273534635879,72.87508291066361,0.0789421748569173,0.16643776337234403,25.498322478784292,26.95847932596405,0.0,0.0
2526,SA83T4,T,manual,en,4,18,16,pass,,0,4978,4048.32,2388,1877.15,1,3.0300000000002,2589,2168.14,0,0.0,47.97107271996786,46.368617105367164,0.020088388911209322,0.07484586198719963,52.00883889112093,53.556537032645636,0.0,0.0
2527,SA83T5,T,manual,en,1,28,28,pass,,0,4398,3746.81,4398,3746.81,0,0.0,0,0.0,0,0.0,100.0,100.0,0.0,0.0,0.0,0.0,0.0,0.0
2528,SA83T6,T,manual,en,1,36,36,pass,,0,5738,4406.14,5738,4406.14,0,0.0,0,0.0,0,0.0,100.0,100.0,0.0,0.0,0.0,0.0,0.0,0.0
2529,SA83Q1,Q,manual,en,7,37,32,pass,,0,5250,4552.169999999999,4920,4269.968333333332,119,96.90712121212152,211,185.29454545454547,0,0.0,93.71428571428571,93.8007221464342,2.2666666666666666,2.1288115604672395,4.019047619047619,4.070466293098577,0.0,0.0
2530,SA83Q2,Q,manual,en,16,45,38,pass,,0,6584,4758.2,6087,4358.075555555555,248,192.78444444444432,249,207.34000000000003,0,0.0,92.45139732685298,91.59084434356595,3.766707168894289,4.051625497970752,3.781895504252734,4.357530158463286,0.0,0.0
2531,SA83Q3,Q,manual,en,28,50,39,pass,,0,6944,5435.279999999999,5982,4694.36,423,332.18999999999977,539,408.72999999999996,0,0.0,86.1463133640553,86.36831957139283,6.091589861751152,6.111736653861436,7.762096774193548,7.519943774745736,0.0,0.0
2532,SA84T1,T,manual,en,6,9,6,pass,,0,5546,4503.29,849,593.2099999999996,1996,1561.6400000000003,2701,2348.44,0,0.0,15.308330328164443,13.172813654017387,35.98990263252795,34.67775781706264,48.70176703930761,52.14942852891997,0.0,0.0
2533,SA84T2,T,manual,en,1,32,32,pass,,0,5059,4139.3099999999995,5059,4139.3099999999995,0,0.0,0,0.0,0,0.0,100.0,100.0,0.0,0.0,0.0,0.0,0.0,0.0
2534,SA84T3,T,manual,en,5,34,33,pass,,0,5185,4481.48,5126,4422.58,59,58.90000000000009,0,0.0,0,0.0,98.86210221793635,98.6857020448602,1.1378977820636451,1.314297955139822,0.0,0.0,0.0,0.0
2535,SA84T4,T,manual,en,9,35,32,pass,,0,5082,4318.039999999999,4938,4198.388888888889,144,119.65111111111082,0,0.0,0,0.0,97.16646989374262,97.22904115962079,2.833530106257379,2.7709588403792194,0.0,0.0,0.0,0.0
2536,SA84T5,T,manual,en,5,28,27,pass,,0,4200,4174.81,4174,4152.530000000001,26,22.279999999999745,0,0.0,0,0.0,99.38095238095238,99.46632301829305,0.6190476190476191,0.5336769817069458,0.0,0.0,0.0,0.0
2537,SA84T6,T,manual,en,1,34,34,pass,,0,5397,4869.32,5397,4869.32,0,0.0,0,0.0,0,0.0,100.0,100.0,0.0,0.0,0.0,0.0,0.0,0.0
2538,SA84Q1,Q,manual,en,4,20,18,pass,,0,6968,5391.66,2812,2123.0699999999997,89,56.820000000000164,4067,3211.77,0,0.0,40.355912743972446,39.3769265866171,1.2772675086107923,1.0538498347447756,58.36681974741676,59.56922357863812,0.0,0.0
2539,SA84Q2,Q,manual,en,7,35,32,pass,,0,5595,4857.840000000001,5212,4534.080000000001,94,65.93000000000046,289,257.83,0,0.0,93.15460232350313,93.33530952028062,1.6800714924039322,1.3571875566095313,5.16532618409294,5.307502923109858,0.0,0.0
2540,SA84Q3,Q,manual,en,4,40,38,pass,,0,6224,4987.849999999999,6017,4769.32,25,21.400000000000006,182,197.13000000000002,0,0.0,96.6741645244216,95.61875357117798,0.40167095115681234,0.4290425734534921,2.924164524421594,3.9522038553685466,0.0,0.0
2541,SA85T1,T,manual,en,1,30,30,pass,,0,4893,4320.4,4893,4320.4,0,0.0,0,0.0,0,0.0,100.0,100.0,0.0,0.0,0.0,0.0,0.0,0.0
2542,SA85T2,T,manual,en,9,38,36,pass,,0,5363,4501.599999999999,5316,4427.62,47,73.97999999999979,0,0.0,0,0.0,99.12362483684505,98.35658432557314,0.8763751631549506,1.643415674426866,0.0,0.0,0.0,0.0
2543,SA85T3,T,manual,en,6,12,8,pass,,0,5814,4357.530000000001,1071,817.7600000000007,2351,1610.5383333333339,2392,1929.2316666666666,0,0.0,18.42105263157895,18.76659483698335,40.43687650498796,36.95989088619776,41.14207086343309,44.273514276818894,0.0,0.0
2544,SA85T4,T,manual,en,12,38,35,pass,,0,5214,4244.860000000001,5139,4184.061250000001,75,60.79874999999947,0,0.0,0,0.0,98.56156501726122,98.56770894682039,1.4384349827387801,1.4322910531795976,0.0,0.0,0.0,0.0
2545,SA85T5,T,manual,en,6,26,22,pass,,0,4954,4476.96,3226,2912.63,563,505.1099999999997,1165,1059.22,0,0.0,65.11909568025838,65.05820914191773,11.364553895841745,11.282432722204346,23.51635042389988,23.659358135877916,0.0,0.0
2546,SA85Q1,Q,manual,en,9,35,30,pass,,0,5369,4422.34,4623,3757.085714285714,109,78.12857142857104,637,587.1257142857144,0,0.0,86.10542000372509,84.9569620220452,2.0301732166138944,1.766679437324381,11.864406779661017,13.276358540630397,0.0,0.0
2547,SA85Q2,Q,manual,en,16,40,29,pass,,0,5688,4621.300000000001,4670,3654.4660000000003,305,271.4220000000005,713,695.412,0,0.0,82.1026722925457,79.07874407634215,5.362165963431786,5.873282409711562,12.535161744022503,15.047973513946287,0.0,0.0
2548,SA85Q3,Q,manual,en,13,33,25,pass,,0,5385,4688.86,3872,3334.514523809524,286,265.4654761904758,1227,1088.88,0,0.0,71.90343546889508,71.11567681290386,5.311049210770659,5.661620867129234,22.785515320334262,23.222702319966906,0.0,0.0
2549,AM67T1,T,manual,en,25,58,47,pass,,0,6408,5202.199999999996,6186,5070.995714285711,212,122.3842857142854,10,8.82,0,0.0,96.53558052434457,97.47790769839135,3.3083645443196006,2.3525486470009898,0.1560549313358302,0.1695436546076661,0.0,0.0
2550,AM67T2,T,manual,en,27,56,44,pass,,0,5953,4804.039999999999,5661,4578.518000000001,282,216.40199999999822,10,9.120000000000001,0,0.0,95.09491012934654,95.30557614008214,4.737107340836553,4.5045836421011956,0.16798252981689904,0.18984021781667104,0.0,0.0
2551,AM67T3,T,manual,en,50,77,52,pass,,0,5149,4799.400000000002,4897,4698.487619047622,242,92.35238095238037,10,8.56,0,0.0,95.10584579530006,97.89739590464683,4.6999417362594675,1.9242484675663694,0.19421246844047388,0.1783556277868066,0.0,0.0
2552,AM67T4,T,manual,en,38,64,48,pass,,0,5051,4226.510000000001,4930,4155.614444444444,111,61.935555555556675,10,8.96,0,0.0,97.604434765393,98.32259818252987,2.197584636705603,1.465406577898944,0.19798059790140565,0.21199523957118283,0.0,0.0
2553,AM67T5,T,manual,en,48,70,50,pass,,0,5312,4802.8,5128,4681.6370000000015,174,112.18299999999908,10,8.98,0,0.0,96.53614457831326,97.47724244190891,3.2756024096385543,2.335783293079018,0.18825301204819278,0.18697426501207629,0.0,0.0
2554,AM69T1,T,manual,en,14,28,23,pass,,0,5880,5575.1900000000005,3145,2935.1850000000004,2725,2632.365,10,7.640000000000001,0,0.0,53.48639455782313,52.647264039431846,46.343537414965986,47.215700272098346,0.17006802721088435,0.13703568846980999,0.0,0.0
2555,AM69T3,T,manual,en,44,69,46,pass,,0,5128,4627.560000000002,4923,4528.305000000002,195,91.94499999999971,10,7.31,0,0.0,96.00234009360375,97.85513315872728,3.8026521060842433,1.9869002238760742,0.19500780031201248,0.15796661739664092,0.0,0.0
2556,AM69T5,T,manual,en,52,81,54,pass,,0,6175,5444.389999999998,5543,5013.853333333333,622,423.8366666666657,10,6.7,0,0.0,89.76518218623482,92.09210459451536,10.072874493927126,7.784832950370306,0.16194331983805668,0.12306245511434712,0.0,0.0
2557,AM71T4,T,manual,en,73,99,68,pass,,0,6529,5764.409,6267,5526.772999999998,252,230.96500000000106,10,6.670999999999999,0,0.0,95.98713432378618,95.87753054996615,3.8597028641445856,4.0067420615019005,0.1531628120692296,0.11572738853193795,0.0,0.0
2558,AM81T1,T,manual,en,5,40,39,pass,,0,6223,5190.549999999999,6153,5138.49,70,52.059999999999945,0,0.0,0,0.0,98.87514060742407,98.9970234368227,1.124859392575928,1.0029765631773118,0.0,0.0,0.0,0.0
2559,AM81T2,T,manual,en,5,29,27,pass,,0,4348,3867.1400000000003,4332,3852.5427272727275,8,8.327272727272714,8,6.269999999999996,0,0.0,99.63201471941122,99.62253053348799,0.18399264029438822,0.2153341416983278,0.18399264029438822,0.16213532481368648,0.0,0.0
2560,CL68TYP1,TYP,manual,en,18,44,38,pass,,0,5254,4828.24,5222,4800.860999999999,19,20.379000000000815,12,5.92,0,0.0,99.39094023601066,99.4329403675045,0.3616292348686715,0.4220792669792888,0.22839741149600304,0.1226119662651401,0.0,0.0
2561,CL68TYP2,TYP,manual,en,13,43,38,pass,,0,5696,4573.500000000001,5657,4541.929000000001,27,24.510999999999513,12,7.06,0,0.0,99.31530898876404,99.30969716847054,0.47401685393258425,0.5359352793265444,0.21067415730337077,0.15436755220290801,0.0,0.0
2562,CL68DYP1,DYP,manual,en,296,299,176,pass,,0,6565,4987.319999999999,5462,4019.3789999999963,1091,960.7810000000028,12,7.16,0,0.0,83.1987814166032,80.59196121363773,16.618431073876618,19.264474707859193,0.1827875095201828,0.14356407850308386,0.0,0.0
2563,CL68DYP2,DYP,manual,en,72,85,55,pass,,0,4464,3365.2,4115,3067.6890000000008,337,290.87099999999907,12,6.640000000000001,0,0.0,92.18189964157706,91.15918816117916,7.549283154121864,8.643498157613191,0.26881720430107525,0.19731368120765483,0.0,0.0
2564,CL68DYP3,DYP,manual,en,184,190,102,pass,,0,6832,5263.86,4104,3109.3359999999993,1130,652.6440000000002,1598,1501.88,0,0.0,60.07025761124122,59.06950412814929,16.539812646370024,12.398582029157316,23.38992974238876,28.531913842693385,0.0,0.0
2565,CL68DYP4,DYP,manual,en,124,129,70,pass,,0,5481,4830.57,2478,1907.7659999999992,584,426.0640000000003,2419,2496.7400000000002,0,0.0,45.21072796934866,39.493600134145645,10.654989965334792,8.820159939717266,44.13428206531655,51.68623992613709,0.0,0.0
2566,CL68DYP5,DYP,manual,en,120,127,73,pass,,0,5316,4611.792000000001,3454,2894.076625,777,647.645375000001,1085,1070.07,0,0.0,64.97366440933033,62.753841131603494,14.616252821670429,14.043247722360436,20.41008276899925,23.20291114603607,0.0,0.0
2567,CL68TYP3,TYP,manual,en,4,30,29,pass,,0,4574,4001.2400000000002,4571,3999.1133333333337,3,2.1266666666665515,0,0.0,0,0.0,99.93441189331001,99.94684980989227,0.06558810668998688,0.05315019010773039,0.0,0.0,0.0,0.0
2568,SD71DYP1,DYP,manual,en,68,83,55,pass,,0,4453,3688.230000000001,4139,3513.1775000000002,314,175.0525000000008,0,0.0,0,0.0,92.9485739950595,95.25375315530754,7.05142600494049,4.746246844692461,0.0,0.0,0.0,0.0
2569,SD71DYP2,DYP,manual,en,64,78,49,pass,,0,4468,3278.4099999999985,3807,2982.13,661,296.2799999999982,0,0.0,0,0.0,85.20590868397494,90.96269228070929,14.794091316025067,9.037307719290704,0.0,0.0,0.0,0.0
2570,AM71DYP,DYP,manual,en,868,868,485,pass,,0,9992,5865.2,6851,3850.342000000003,3118,2001.986999999997,23,12.871,0,0.0,68.5648518815052,65.64724135579355,31.20496397117694,34.13331173702512,0.23018414731785428,0.21944690718134083,0.0,0.0
2571,OJ72DYP,DYP,manual,en,436,441,253,pass,,0,8647,5433.810000000001,6979,4474.231000000005,1657,951.7489999999958,11,7.83,0,0.0,80.7100728576385,82.34058607128338,19.162715392621717,17.51531614097651,0.12721174973979416,0.14409778774009394,0.0,0.0
2572,MA71DYP,DYP,manual,en,358,362,219,pass,,0,8166,4541.85,7136,3921.1150000000007,1019,613.7949999999994,11,6.94,0,0.0,87.38672544697526,86.33299206270573,12.478569679157482,13.514206765965397,0.13470487386725447,0.15280117132886378,0.0,0.0
2573,MA84DYP2,DYP,manual,en,192,209,105,pass,,0,7451,5168.050000000005,5694,4322.8966576479115,1602,773.1833423520925,155,71.97,0,0.0,76.41927258086163,83.64657187232916,21.500469735605957,14.960833241785426,2.0802576835324116,1.3925948858853907,0.0,0.0
2574,BO84IIT,IIT,manual,en,14,45,45,pass,,0,6068,5050.399999999999,6068,5050.399999999999,0,0.0,0,0.0,0,0.0,100.0,100.0,0.0,0.0,0.0,0.0,0.0,0.0
2575,GS62DSG1,DSG,manual,en,568,568,327,pass,,0,8359,4527.13,6393,3465.282529411763,1186,699.5244705882358,13,7.0200000000000005,0,0.0,76.48044024404832,76.54479834711535,14.18830003588946,15.451830863885855,0.15552099533437014,0.15506512956332158,0.0,0.0
2576,GS62DSG2,DSG,manual,en,599,599,320,pass,,0,7994,4552.71,5722,3344.1039999999994,1733,921.265000000001,13,7.7700000000000005,0,0.0,71.57868401300976,73.45304225395422,21.678759069301975,20.235530046939097,0.16262196647485613,0.1706675804081525,0.0,0.0
2577,GS62DSG3,DSG,manual,en,547,549,301,pass,,0,8471,4783.33,6081,3449.255999999997,2308,1290.2740000000026,13,7.71,0,0.0,71.78609373155471,72.10993178392452,27.24589776885846,26.97438813546217,0.1534647621296187,0.16118478131343647,0.0,0.0
2578,GS62DSG4,DSG,manual,en,427,430,253,pass,,0,6136,3754.211,4792,3013.258999999999,1331,733.0720000000007,13,7.880000000000001,0,0.0,78.09647979139504,80.26344283792251,21.691655801825295,19.52665952979203,0.211864406779661,0.2098976322854523,0.0,0.0
2579,GS62DSG5,DSG,manual,en,718,718,405,pass,,0,8978,4907.880000000001,6261,3583.6389999999965,2704,1317.0610000000042,13,7.180000000000001,0,0.0,69.73713521942526,73.01806482636078,30.11806638449543,26.835639828194736,0.14479839607930498,0.1462953454444689,0.0,0.0
2580,GS62DSG6,DSG,manual,en,411,414,242,pass,,0,7267,4284.02,5926,3541.6060000000025,1328,735.3339999999985,13,7.08,0,0.0,81.54671804045687,82.67015560151452,18.274391082977846,17.16457906358977,0.17889087656529518,0.16526533489572875,0.0,0.0
2581,GS62DSG7,DSG,manual,en,507,508,291,pass,,0,7118,4135.888999999999,4988,3001.9039999999973,2045,1087.2970000000023,13,7.44,0,0.0,70.07586400674347,72.58183186250884,28.729980331553808,26.289317725886804,0.18263557178982862,0.1798887736107038,0.0,0.0
2582,ML70DSG1,DSG,manual,en,419,420,218,pass,,0,7239,4931.32999999999,5050,3951.9703538961007,2175,969.089646103889,14,10.27,0,0.0,69.76101671501588,80.14005053192767,30.045586406962286,19.651689221850717,0.19339687802182623,0.208260246221608,0.0,0.0
2583,ML70DSG2,DSG,manual,en,538,539,297,pass,,0,8450,4719.320000000005,6349,3919.7660523088057,2087,791.2339476911997,14,8.32,0,0.0,75.13609467455622,83.0578569011807,24.698224852071007,16.765846513718053,0.16568047337278108,0.17629658510124321,0.0,0.0
2584,ML70DSG3,DSG,manual,en,429,432,233,pass,,0,7716,5286.790000000001,5524,4177.387314824063,2192,1109.4026851759384,0,0.0,0,0.0,71.59149818558839,79.01557116556667,28.40850181441161,20.984428834433338,0.0,0.0,0.0,0.0
2585,ML70DSG4,DSG,manual,en,330,335,180,pass,,0,6139,4019.5300000000016,4530,3267.2221046176046,1601,748.6378953823969,0,0.0,0,0.0,73.790519628604,81.28368502331375,26.07916598794592,18.62501076947794,0.0,0.0,0.0,0.0
2586,ML70DSG5,DSG,manual,en,244,253,140,pass,,0,6396,5002.0899999999965,5266,4491.598333333331,1130,510.49166666666554,0,0.0,0,0.0,82.33270794246404,89.79443259384246,17.66729205753596,10.205567406157543,0.0,0.0,0.0,0.0
2587,ML70DSG6,DSG,manual,en,382,385,179,pass,,0,8450,4928.04,5189,3635.326522089023,3261,1292.713477910977,0,0.0,0,0.0,61.40828402366864,73.7682024108778,38.59171597633136,26.231797589122184,0.0,0.0,0.0,0.0
2588,ML70DSG7,DSG,manual,en,205,216,123,pass,,0,5833,4479.440000000002,4707,3956.71583730159,1126,522.7241626984119,0,0.0,0,0.0,80.69603977370136,88.33059126367554,19.303960226298646,11.669408736324442,0.0,0.0,0.0,0.0
2589,ML70DSG8,DSG,manual,en,352,353,194,pass,,0,7138,4585.159999999994,5321,3664.8386796536793,1817,920.3213203463156,0,0.0,0,0.0,74.54469038946483,79.92826160163841,25.455309610535164,20.0717383983616,0.0,0.0,0.0,0.0
2590,SY70DSG1,DSG,manual,en,732,734,423,pass,,0,9447,5838.219999999999,7405,4479.218857142857,2029,1352.0411428571429,13,6.96,0,0.0,78.38467238276702,76.72233758136655,21.47771779400868,23.158448000540286,0.137609823224304,0.11921441809318595,0.0,0.0
2591,SY70DSG2,DSG,manual,en,515,517,299,pass,,0,10077,6014.76,8195,4847.062666666665,1869,1161.4773333333353,13,6.22,0,0.0,81.32380668849856,80.58613588350433,18.547186662697232,19.3104518440193,0.1290066488042076,0.10341227247637479,0.0,0.0
2592,OJ72DSG1,DSG,manual,en,676,678,367,pass,,0,10362,5542.029,6994,3773.0630000000033,3354,1758.3359999999973,14,10.63,0,0.0,67.49662227369234,68.08089600397261,32.36826867400116,31.72729698816078,0.13510905230650452,0.19180700786661345,0.0,0.0
2593,OJ72DSG3,DSG,manual,en,546,555,308,pass,,0,9649,5541.459000000001,7065,4194.057,2176,1032.0520000000001,408,315.35,0,0.0,73.22002280029018,75.68506777727669,22.551559747124053,18.624192653956296,4.22841745258576,5.690739568766998,0.0,0.0
2594,RO72DSG1,DSG,manual,en,350,364,205,pass,,0,8015,5270.7789999999995,6421,4404.4169999999995,1581,856.982,13,9.38,0,0.0,80.11228945726762,83.56292305179177,19.725514660012475,16.25911463941099,0.16219588271990018,0.17796230879723854,0.0,0.0
2595,RO72DSG2,DSG,manual,en,625,632,344,pass,,0,9357,5315.49,6558,4072.382999999999,2786,1233.8870000000015,13,9.219999999999999,0,0.0,70.08656620711767,76.61350129527096,29.774500374051513,23.213043388285964,0.13893341883082183,0.17345531644307485,0.0,0.0
2596,RO72DSG3,DSG,manual,en,395,401,231,pass,,0,7322,4882.901000000001,6103,4148.117,1206,726.5040000000006,13,8.28,0,0.0,83.35154329418192,84.95189642386768,16.470909587544387,14.878532249578692,0.1775471182736957,0.16957132655362042,0.0,0.0
2597,BR73DSG1,DSG,manual,en,632,634,338,pass,,0,11116,6689.669,7598,4652.742781512607,2216,1412.531218487392,14,9.540000000000001,0,0.0,68.35192515293271,69.55116585757243,19.935228499460237,21.11511374460219,0.12594458438287154,0.1426079526505721,0.0,0.0
2598,BR73DSG2,DSG,manual,en,547,551,295,pass,,0,8613,5826.129999999999,5358,3823.277714285717,1958,1269.746285714285,14,9.74,0,0.0,62.20828979449669,65.62293862796948,22.733077905491697,21.79399164993375,0.16254499013119703,0.16717786935753237,0.0,0.0
2599,BR73DSG3,DSG,manual,en,488,492,283,pass,,0,9363,6007.378000000001,7228,4737.992000000003,1582,895.759999999998,32,46.76,0,0.0,77.19747944035032,78.86955007658919,16.896293922887963,14.910997776400917,0.34177079995727866,0.778376190078267,0.0,0.0
2600,BR73DSG4,DSG,manual,en,401,413,225,pass,,0,10235,7093.94,7883,5809.366000000004,1742,961.4519999999974,14,9.040000000000001,0,0.0,77.0200293111871,81.8919528498973,17.020029311187102,13.5531453606881,0.13678553981436248,0.1274327101723443,0.0,0.0
2601,RO73DSG2,DSG,manual,en,1,1,0,warn,zero_k_passages,1,6481,5257.179,0,0.0,0,0.0,6481,5257.179,0,0.0,0.0,0.0,0.0,0.0,100.0,100.0,0.0,0.0
2602,BR76CTM1,CTM,manual,en,739,739,328,pass,,0,7411,3481.200000000001,3288,1871.2349963924983,0,0.0,0,0.0,0,0.0,44.36648225610579,53.75258521178035,0.0,0.0,0.0,0.0,0.0,0.0
2603,BR76CTM2,CTM,manual,en,796,796,313,pass,,0,7896,3490.6599999999958,2658,1477.1611222943725,0,0.0,0,0.0,0,0.0,33.66261398176292,42.31753084787331,0.0,0.0,0.0,0.0,0.0,0.0
2604,BR76CTM3,CTM,manual,en,591,591,256,pass,,0,6369,2856.059000000004,2926,1546.7016853008129,0,0.0,0,0.0,0,0.0,45.9412780656304,54.15510272374663,0.0,0.0,0.0,0.0,0.0,0.0
2605,BR76CTM4,CTM,manual,en,672,672,276,pass,,0,6951,3323.2,2876,1711.373783910534,0,0.0,0,0.0,0,0.0,41.37534167745648,51.497766728169665,0.0,0.0,0.0,0.0,0.0,0.0
2606,BR76CTM5,CTM,manual,en,602,602,238,pass,,0,7183,3344.869999999998,2934,1687.6235519480513,0,0.0,0,0.0,0,0.0,40.84644299039399,50.454084970359155,0.0,0.0,0.0,0.0,0.0,0.0
2607,BR76CTM6,CTM,manual,en,572,572,255,pass,,0,6877,3333.0300000000034,3777,2158.9008600288607,0,0.0,0,0.0,0,0.0,54.92220444961466,64.77292013659819,0.0,0.0,0.0,0.0,0.0,0.0
2608,BR76CTM7,CTM,manual,en,733,733,353,pass,,0,6326,3193.2100000000087,3589,2101.655659451665,0,0.0,0,0.0,0,0.0,56.734113183686375,65.81639351786006,0.0,0.0,0.0,0.0,0.0,0.0
2609,BR76CTM0,CTM,manual,en,8,8,2,pass,,0,1227,562.24,216,119.50999999999999,1011,442.7300000000001,0,0.0,0,0.0,17.6039119804401,21.256047239612975,82.3960880195599,78.74395276038703,0.0,0.0,0.0,0.0
2610,BR77DSG,DSG,manual,en,1611,1611,755,pass,,0,15227,6691.087000000001,7459,3901.2894999999994,21,9.152499999999918,13,7.5600000000000005,0,0.0,48.9853549615814,58.305765565445476,0.13791291784330464,0.13678644441478516,0.08537466342680765,0.11298612617053101,0.0,0.0
2611,BR7879CBS1,CBS,manual,en,631,631,310,pass,,0,9552,5529.110000000006,4485,2982.3389130869214,0,0.0,143,86.91,0,0.0,46.9535175879397,53.93886019787846,0.0,0.0,1.497068676716918,1.5718623792979323,0.0,0.0
2612,BR7879CBS2,CBS,manual,en,421,426,208,pass,,0,7954,5259.620000000011,5612,4010.973867965378,0,0.0,0,0.0,0,0.0,70.55569524767412,76.25976530558043,0.0,0.0,0.0,0.0,0.0,0.0
2613,BR7879CBS3,CBS,manual,en,872,873,413,pass,,0,11533,6418.8799999999965,6296,4010.9740106005183,8,3.300000000000182,60,27.709999999999997,0,0.0,54.591173155293504,62.48713187659717,0.06936616665221539,0.0514108380278208,0.5202462498916154,0.43169524901540474,0.0,0.0
2614,BR7879CBS4,CBS,manual,en,763,763,390,pass,,0,8654,5257.78999999999,5125,3422.324838383829,0,0.0,47,22.770000000000003,0,0.0,59.22116940143286,65.09055778918206,0.0,0.0,0.543101455974116,0.4330716898164447,0.0,0.0
2615,BR7879CBS5,CBS,manual,en,908,909,470,pass,,0,10006,5984.040000000012,6177,4102.856385531146,0,0.0,0,0.0,0,0.0,61.73296022386568,68.563318185225,0.0,0.0,0.0,0.0,0.0,0.0
2616,BR80DSG1.0,DSG,manual,en,1909,1909,919,pass,,0,16115,7471.0,7123,3990.272,8979,3470.5580000000004,13,10.17,0,0.0,44.201054917778464,53.41014589747022,55.718274899162274,46.45372774728953,0.08067018305926156,0.13612635524026234,0.0,0.0
2617,BR80DCO1,DCO,manual,en-GB,375,384,199,pass,,0,6947,4171.450000000008,5268,3373.1699893439936,609,342.0342857142855,0,0.0,0,0.0,75.83129408377717,80.86324873470824,8.766373974377428,8.199409934537988,0.0,0.0,0.0,0.0
2618,BR80DCO2,DCO,manual,en-GB,334,342,197,pass,,0,7310,4496.18,6160,4095.2039101731607,730,265.7931580086583,0,0.0,0,0.0,84.26812585499316,91.08184970737739,9.986320109439124,5.911532856973214,0.0,0.0,0.0,0.0
2619,OJ81DSG,DSG,manual,en,1002,1005,394,pass,,0,11526,5213.16,3605,2286.764666666666,43,29.242208333332655,13,8.52,0,0.0,31.27711261495749,43.86523081330069,0.3730695818150269,0.5609305744180623,0.11278847822314766,0.16343254379301614,0.0,0.0
2620,OJ82CNM1,CNM,manual,en,540,540,258,pass,,0,7094,3130.740000000001,3279,1715.0305642135684,0,0.0,268,141.35,0,0.0,46.22215957146885,54.78035749418884,0.0,0.0,3.777840428531153,4.514907018787889,0.0,0.0
2621,OJ82CNM2,CNM,manual,en,533,532,234,pass,,0,7753,3191.739999999999,2909,1452.290617243868,65,41.26999999999998,239,118.08,0,0.0,37.52095962853089,45.501532619946126,0.8383851412356507,1.2930251210938233,3.082677673158777,3.699549462048915,0.0,0.0
2622,OJ82CNM3,CNM,manual,en,530,529,271,pass,,0,6672,3184.47,3718,2106.084122294374,9,4.680000000000007,258,131.4,0,0.0,55.725419664268586,66.13609556046609,0.13489208633093525,0.1469632309301079,3.866906474820144,4.126275329960716,0.0,0.0
2623,OJ82CNM4,CNM,manual,en,351,353,179,pass,,0,5812,3012.340000000003,3603,2217.2113685203713,0,0.0,243,129.88000000000002,0,0.0,61.992429456297316,73.60428665158545,0.0,0.0,4.18100481761872,4.3115982923574325,0.0,0.0
2624,BR85DSG1.1,DSG,manual,en,382,386,207,pass,,0,6340,3677.0999999999995,4764,2961.6060763403248,0,0.0,94,36.76,0,0.0,75.14195583596215,80.5418965037754,0.0,0.0,1.4826498422712935,0.9997008512142722,0.0,0.0
2625,BR85DSG1.2,DSG,manual,en,382,386,207,pass,,0,6340,3677.0999999999995,4764,2961.6060763403248,0,0.0,94,36.76,0,0.0,75.14195583596215,80.5418965037754,0.0,0.0,1.4826498422712935,0.9997008512142722,0.0,0.0
2626,BA71DSG,DSG,manual,en,751,749,197,pass,,0,9741,3839.0299999999897,2050,953.6707773615256,89,27.503333333332876,19,9.78,0,0.0,21.045067241556307,24.841451547956858,0.9136638948773227,0.716413607951304,0.19505184272661943,0.25475185137912504,0.0,0.0
2627,RV78DSG,DSG,manual,en,666,668,347,pass,,0,6938,4489.251,4233,2897.501999999998,81,72.26899999999999,28,26.36,0,0.0,61.01181896800231,64.54310529752064,1.1674834246180454,1.6098231085764638,0.403574517151917,0.5871803559212884,0.0,0.0
2628,MA79DSG1.1,DSG,manual,en,653,650,279,pass,,0,8994,4429.3299999999945,3897,2098.1667409812394,151,56.21000000000049,44,27.019999999999996,0,0.0,43.3288859239493,47.36984467134402,1.6788970424727596,1.269040690126962,0.48921503224371804,0.6100245409576625,0.0,0.0
2629,MA79DSG1.2,DSG,manual,en,653,650,279,pass,,0,8994,4429.3299999999945,3897,2098.1667409812394,151,56.21000000000049,44,27.019999999999996,0,0.0,43.3288859239493,47.36984467134402,1.6788970424727596,1.269040690126962,0.48921503224371804,0.6100245409576625,0.0,0.0
2630,MA79DSG1.3,DSG,manual,en,653,650,279,pass,,0,8994,4429.3299999999945,3897,2098.1667409812394,151,56.21000000000049,44,27.019999999999996,0,0.0,43.3288859239493,47.36984467134402,1.6788970424727596,1.269040690126962,0.48921503224371804,0.6100245409576625,0.0,0.0
2631,ND81DTV,DTV,manual,en,240,239,112,pass,,0,4125,2567.149999999999,2427,1570.9812987012983,38,35.37999999999997,0,0.0,0,0.0,58.836363636363636,61.195539750357355,0.9212121212121213,1.378182030656564,0.0,0.0,0.0,0.0
2632,MA82DSG,DSG,manual,en,490,493,218,pass,,0,7800,4372.359999999999,4477,2715.578852813852,0,0.0,27,33.69,0,0.0,57.3974358974359,62.107851430665654,0.0,0.0,0.34615384615384615,0.7705220979059366,0.0,0.0
2633,RV82CPA,CPA,manual,en,347,348,165,pass,,0,5666,3673.189999999998,3629,2467.379608946606,110,88.982,0,0.0,0,0.0,64.04871161313096,67.17266487566958,1.941404871161313,2.422472020233096,0.0,0.0,0.0,0.0
2634,MA84DSG1.1,DSG,manual,en,527,527,209,pass,,0,5878,3786.7700000000013,2992,1930.229247474752,43,20.553333333332375,0,0.0,0,0.0,50.901667233752974,50.972972941973005,0.7315413405920381,0.5427668787207136,0.0,0.0,0.0,0.0
2635,MA84DSG1.2,DSG,manual,en,527,527,209,pass,,0,5878,3786.7700000000013,2992,1930.229247474752,43,20.553333333332375,0,0.0,0,0.0,50.901667233752974,50.972972941973005,0.7315413405920381,0.5427668787207136,0.0,0.0,0.0,0.0
2636,MA84DSG1.0,DSG,manual,en,706,707,324,pass,,0,10520,5227.820000000011,4904,2792.7940979576033,0,0.0,115,60.44000000000001,0,0.0,46.61596958174905,53.42177232493846,0.0,0.0,1.0931558935361216,1.1561224372683048,0.0,0.0
2637,RV84DSG1.1,DSG,manual,en,201,201,106,pass,,0,3241,2014.33,1884,1168.9536666666672,57,36.25333333333333,380,344.47,0,0.0,58.13020672631904,58.031884878181195,1.7587164455414996,1.7997713052644468,11.724776303609996,17.100971538923613,0.0,0.0
2638,RV84DSG1.2,DSG,manual,en,201,201,106,pass,,0,3241,2014.33,1884,1168.9536666666672,57,36.25333333333333,380,344.47,0,0.0,58.13020672631904,58.031884878181195,1.7587164455414996,1.7997713052644468,11.724776303609996,17.100971538923613,0.0,0.0
2639,SD72CA1,CA,manual,en,221,221,107,pass,,0,5469,3131.9599999999996,3087,1913.8177619047617,0,0.0,156,70.54,0,0.0,56.44541963795941,61.106072935310856,0.0,0.0,2.852441031267142,2.2522637581578313,0.0,0.0
2640,SD72CA2,CA,manual,en,281,281,145,pass,,0,6119,3281.409999999999,3733,2118.637964285713,0,0.0,156,70.64,0,0.0,61.00670044124857,64.56486584382061,0.0,0.0,2.5494361823827423,2.152733123870532,0.0,0.0
2641,SD74CA1,CA,manual,en,391,390,206,pass,,0,6389,3472.7500000000045,3597,2160.2294722222236,161,116.68444444444435,164,70.13,0,0.0,56.29989043668806,62.20515361665023,2.5199561746752233,3.3600012798054624,2.5669118797933947,2.0194370455690707,0.0,0.0
2642,SD74CA2,CA,manual,en,389,389,203,pass,,0,6272,3427.5780000000004,3214,1917.8688698412725,0,0.0,164,69.91,0,0.0,51.24362244897959,55.9540547243935,0.0,0.0,2.614795918367347,2.0396326502270696,0.0,0.0
2643,SD74CA3,CA,manual,en,261,261,131,pass,,0,5608,3388.3319999999994,2827,1857.9371687229443,0,0.0,164,70.16,0,0.0,50.41012838801712,54.83338612399684,0.0,0.0,2.9243937232524964,2.070635345060638,0.0,0.0
2644,SD74CA4,CA,manual,en,352,352,182,pass,,0,5999,3428.0379999999964,3591,2229.4483152236635,7,9.009000000000015,164,70.13,0,0.0,59.85997666277713,65.03569433079988,0.11668611435239207,0.2628033878270901,2.7337889648274714,2.045776622079454,0.0,0.0
2645,SD74CA5,CA,manual,en,332,333,168,pass,,0,5717,3493.0120000000034,3244,2139.4893797424807,0,0.0,164,70.89099999999999,0,0.0,56.74304705264999,61.250559108943186,0.0,0.0,2.868637397236313,2.029509202945765,0.0,0.0
2646,SD74CA6,CA,manual,en,308,308,172,pass,,0,5564,3390.0800000000004,3901,2539.6229253968245,0,0.0,164,70.63,0,0.0,70.11143062544932,74.91336267571339,0.0,0.0,2.9475197699496767,2.083431659429866,0.0,0.0
2647,SD74CA7,CA,manual,en,323,323,175,pass,,0,5709,3442.119999999997,3481,2388.7790230880196,57,35.809999999999945,164,70.50999999999999,0,0.0,60.97390085829392,69.39848183933219,0.9984235417761429,1.040347227871195,2.8726572079173236,2.048446887383358,0.0,0.0
2648,SD74CA8,CA,manual,en,271,272,139,pass,,0,5842,3489.371999999999,3740,2377.112668109669,0,0.0,164,71.262,0,0.0,64.0191715166039,68.12436931658962,0.0,0.0,2.8072577884286205,2.0422586069928923,0.0,0.0
2649,SD74CA10,CA,manual,en,271,273,136,pass,,0,5695,3465.289999999999,3212,2139.6099372294375,0,0.0,164,70.53,0,0.0,56.40035118525022,61.744036927051944,0.0,0.0,2.8797190517998246,2.0353274906284904,0.0,0.0
2650,SD74CA9,CA,manual,en,175,179,93,pass,,0,5360,3450.4299999999994,3426,2393.502785353533,210,145.13800000000015,164,70.76,0,0.0,63.917910447761194,69.36824643170658,3.917910447761194,4.206374277988545,3.0597014925373136,2.0507588909208425,0.0,0.0
2651,SD74CA11,CA,manual,en,267,269,133,pass,,0,5987,3436.0299999999966,3642,2281.653013708513,0,0.0,164,70.53,0,0.0,60.83180223818273,66.40375705999409,0.0,0.0,2.7392684148989477,2.0526596100732553,0.0,0.0
2652,SD74CA12,CA,manual,en,318,319,163,pass,,0,6082,3439.620000000002,3930,2355.0361910866936,12,5.175999999999476,164,71.25999999999999,0,0.0,64.61690233475831,68.46791770854607,0.19730351857941467,0.15048173926187988,2.6964814205853336,2.0717404829603256,0.0,0.0
2653,SD74CA13,CA,manual,en,265,266,133,pass,,0,6157,3451.8019999999974,3459,2151.5925253968253,65,35.245000000000005,164,71.351,0,0.0,56.17995777164203,62.33244332661105,1.0557089491635536,1.0210608835616883,2.663634887120351,2.067065260406016,0.0,0.0
2654,SD74CA14,CA,manual,en,368,369,189,pass,,0,5901,3455.2989999999963,3647,2297.2478215728697,85,55.60799999999972,164,70.88,0,0.0,61.80308422301305,66.48477661623124,1.4404338247754618,1.6093542121824993,2.7791899678020675,2.0513420112123457,0.0,0.0
2655,SD74CA15,CA,manual,en,248,249,129,pass,,0,5737,3437.5050000000006,3291,2107.5443444444436,86,49.378999999999905,164,70.7,0,0.0,57.36447620707687,61.310291750686716,1.4990413107896112,1.4364779105775816,2.8586369182499562,2.056724281128318,0.0,0.0
2656,SD74CA16,CA,manual,en,324,325,155,pass,,0,5924,3416.2830000000004,3687,2233.5842218253974,22,12.302999999999884,164,71.271,0,0.0,62.23835246455098,65.3805384924316,0.3713706954760297,0.36012824464483423,2.7683997299122214,2.0862147544568175,0.0,0.0
2657,SD74CA17,CA,manual,en,303,303,157,pass,,0,5824,3445.7130000000025,3753,2457.349953246754,0,0.0,164,70.86099999999999,0,0.0,64.44024725274726,71.31615294851174,0.0,0.0,2.815934065934066,2.0564974506002076,0.0,0.0
2658,SD74CA18,CA,manual,en,314,315,156,pass,,0,5499,3409.844000000002,3414,2235.4864446248203,0,0.0,164,71.17099999999999,0,0.0,62.08401527550464,65.55978644843631,0.0,0.0,2.98236042916894,2.087221585503617,0.0,0.0
2659,BR72CB,CB,manual,en,601,602,305,pass,,0,8659,5275.97,4467,3097.931000000003,99,42.79664285714284,15,9.4,0,0.0,51.58794318050583,58.71775237539264,1.1433190899641992,0.8111616035940848,0.17323016514609077,0.17816628980073806,0.0,0.0
2660,OJ81CB,CB,manual,en,794,794,372,pass,,0,9476,5409.05,4222,3253.736307692312,30,31.79769230769216,13,8.64,0,0.0,44.55466441536513,60.15356315235229,0.3165892781764458,0.5878609424518567,0.13718868720979316,0.1597323004963903,0.0,0.0
2661,BR83CB1,CB,manual,en,901,900,436,pass,,0,9805,4553.480000000004,4199,2443.914956349205,9,2.5399999999999636,0,0.0,0,0.0,42.82508924018358,53.67136687432915,0.09178990311065782,0.0557815121621257,0.0,0.0,0.0,0.0
2662,BR83CB2,CB,manual,en,742,740,356,pass,,0,8024,3660.7800000000084,3724,2039.7181232378769,111,35.00583333333316,0,0.0,0,0.0,46.410767696909275,55.71812901179181,1.3833499501495514,0.9562397448995317,0.0,0.0,0.0,0.0
2663,BR78CPJ1,CPJ,manual,en,486,487,260,pass,,0,6268,4559.9490000000005,3758,2888.3862380952405,198,166.3867619047619,15,10.08,0,0.0,59.955328653477984,63.34251190298927,3.1589023611997447,3.648873307678701,0.2393107849393746,0.22105510390576735,0.0,0.0
2664,BR78CPJ2,CPJ,manual,en,762,762,404,pass,,0,7467,5102.129999999999,4888,3512.8760000000007,364,226.76600000000053,64,54.6,0,0.0,65.46136333199411,68.85116608161692,4.874782375786795,4.444535909512313,0.8571045935449311,1.0701412939301822,0.0,0.0
2665,MA79CPJ,CPJ,manual,en,547,547,301,pass,,0,5987,3487.6490000000003,3894,2344.46242857143,32,13.068571428571204,109,99.41999999999999,0,0.0,65.0409219976616,67.22185714707615,0.534491398029063,0.37471005335029994,1.8206113245364957,2.8506308977766963,0.0,0.0
2666,BR81CPJ2,CPJ,manual,en,438,439,226,pass,,0,5092,3178.700000000001,3309,2236.8173336940827,0,0.0,0,0.0,0,0.0,64.98428908091124,70.368934900874,0.0,0.0,0.0,0.0,0.0,0.0
2667,BR82CPJ1,CPJ,manual,en,617,619,317,pass,,0,7825,4802.540000000006,4887,3158.1166565656545,6,2.530909090909063,0,0.0,0,0.0,62.453674121405754,65.7592993825278,0.07667731629392971,0.052699385968863546,0.0,0.0,0.0,0.0
2668,BR82CPJ2,CPJ,manual,en,397,398,211,pass,,0,5785,3600.859999999997,4148,2657.029547397045,0,0.0,0,0.0,0,0.0,71.70267934312878,73.7887490043225,0.0,0.0,0.0,0.0,0.0,0.0
2669,BR83CPJ1,CPJ,manual,en,447,447,226,pass,,0,6877,4146.586999999998,4663,2878.48016764624,70,48.2800000000002,0,0.0,0,0.0,67.80572924240221,69.41805797505856,1.0178857059764432,1.1643310510547644,0.0,0.0,0.0,0.0
2670,BR83CPJ2,CPJ,manual,en,349,349,183,pass,,0,5384,3579.063999999997,3405,2284.414967293815,567,443.96000000000004,0,0.0,0,0.0,63.24294205052006,63.82716171864535,10.531203566121842,12.404360469664704,0.0,0.0,0.0,0.0
2671,CL68CHS,CHS,manual,en,472,471,263,pass,,0,7012,3558.8500000000035,4670,2559.2003030303044,9,5.119999999999891,0,0.0,0,0.0,66.6001140901312,71.91087859927511,0.12835139760410724,0.1438666985121566,0.0,0.0,0.0,0.0
2672,SA69CV1,CV,manual,en,361,362,205,pass,,0,8784,4754.2,5897,3327.1460000000015,0,0.0,163,92.569,0,0.0,67.13342440801458,69.98329897774603,0.0,0.0,1.8556466302367942,1.9470994068402676,0.0,0.0
2673,SA69CV2,CV,manual,en,425,425,229,pass,,0,6074,3394.3709999999996,3843,2222.4130000000036,113,68.64683333333335,212,132.47,0,0.0,63.26967402041488,65.47348536739219,1.8603885413236747,2.022372726296959,3.490286466908133,3.9026376315376257,0.0,0.0
2674,ML71CJN1,CJN,manual,en,359,359,197,pass,,0,5410,3364.380000000001,3652,2308.885,0,0.0,67,33.64,0,0.0,67.50462107208872,68.62735481723229,0.0,0.0,1.2384473197781884,0.9998870519976932,0.0,0.0
2675,ML71CJN2,CJN,manual,en,342,343,199,pass,,0,5377,3657.9500000000003,4131,2857.805999999999,0,0.0,102,52.599999999999994,0,0.0,76.82722707829645,78.12589018439287,0.0,0.0,1.8969685698344803,1.4379638868765288,0.0,0.0
2676,ML7172CAN1,CAN,manual,en,606,606,317,pass,,0,6735,3263.029999999999,3715,2023.2353484571006,0,0.0,276,138.25,0,0.0,55.15961395694135,62.004803770026676,0.0,0.0,4.097995545657016,4.236859605949073,0.0,0.0
2677,ML7172CAN2,CAN,manual,en,262,263,152,pass,,0,4415,2942.739999999999,3406,2550.5334877344876,0,0.0,72,31.029999999999998,0,0.0,77.14609286523216,86.6720637139023,0.0,0.0,1.6308040770101926,1.0544594493567223,0.0,0.0
2678,ML7172CAN3,CAN,manual,en,564,564,289,pass,,0,5623,2696.960000000001,3501,1875.5147860750378,0,0.0,15,9.5,0,0.0,62.262137648941845,69.54180952164798,0.0,0.0,0.26676151520540636,0.3522484575225438,0.0,0.0
2679,ML7172CAN4,CAN,manual,en,488,487,268,pass,,0,4883,2575.1300000000015,3288,1921.4948095238112,6,2.0459999999998217,15,9.3,0,0.0,67.33565431087446,74.61739055984786,0.12287528158918698,0.07945229949555248,0.3071882039729674,0.3611468158889064,0.0,0.0
2680,ML7172CAN5,CAN,manual,en-GB,895,894,469,pass,,0,9131,4517.690000000003,5160,2973.6020649905695,27,19.435000000000286,15,8.75,0,0.0,56.51078742744497,65.82129506430427,0.29569598072500275,0.4301977337975884,0.16427554484722373,0.19368305483554635,0.0,0.0
2681,ML7172CAN6,CAN,manual,en,859,860,464,pass,,0,8307,4401.659999999999,4934,3088.3340603563115,0,0.0,46,20.060000000000002,0,0.0,59.395690381605874,70.1629398989543,0.0,0.0,0.5537498495244975,0.4557371537101913,0.0,0.0
2682,ML7172CAN7,CAN,manual,en,406,406,222,pass,,0,4247,2325.6229999999987,2757,1724.279961399712,0,0.0,144,71.87,0,0.0,64.91641158464799,74.14271192707128,0.0,0.0,3.3906286790675773,3.0903547135541762,0.0,0.0
2683,SD72CCTR,CCTR,manual,en,83,91,56,pass,,0,2942,2222.6400000000003,2673,2079.698630952381,22,22.752857142857238,0,0.0,0,0.0,90.85656016315431,93.5688474495366,0.7477906186267845,1.023686118438309,0.0,0.0,0.0,0.0
2684,SD72CES1,CES,manual,en,378,378,192,pass,,0,6682,3318.140000000004,2989,1762.2061350871381,0,0.0,134,59.910000000000004,0,0.0,44.73211613289434,53.10825146278144,0.0,0.0,2.005387608500449,1.8055296039347324,0.0,0.0
2685,SD72CES2,CES,manual,en,414,411,203,pass,,0,6723,3238.7999999999984,3544,1920.0700292207785,262,109.62750000000017,0,0.0,0,0.0,52.714561951509744,59.283377461429524,3.897069760523576,3.384818451278258,0.0,0.0,0.0,0.0
2686,BR79CJLD1,CJLD,manual,en,267,267,144,pass,,0,4095,2621.840000000001,2380,1745.0406973304482,0,0.0,266,160.51000000000002,0,0.0,58.11965811965812,66.55786384106,0.0,0.0,6.495726495726496,6.122036432429132,0.0,0.0
2687,BR79CJLD2,CJLD,manual,en,218,219,119,pass,,0,4571,3032.2700000000004,2902,2192.9671587301596,0,0.0,48,30.54,0,0.0,63.487201925180486,72.32097269471912,0.0,0.0,1.0500984467293808,1.0071662483881711,0.0,0.0
2688,BR80CJLD,CJLD,manual,en,224,221,116,pass,,0,4952,3241.169999999998,3067,2278.263159812408,66,22.57999999999997,95,55.28,0,0.0,61.9345718901454,70.2913811929769,1.332794830371567,0.6966620078551876,1.9184168012924072,1.7055569439430835,0.0,0.0
2689,OJ83CJS,CJS,manual,en,426,425,226,pass,,0,6944,3544.7499999999955,4032,2205.37274236874,28,12.680000000000291,9,2.7600000000000016,0,0.0,58.064516129032256,62.215184212391364,0.4032258064516129,0.3577121094576573,0.12960829493087558,0.07786162634882587,0.0,0.0
2690,NY83CDS,CDS,manual,en,457,456,255,pass,,0,5995,3391.4000000000033,4159,2550.626410062162,15,7.9528571428571695,98,59.57,0,0.0,69.3744787322769,75.20865748841658,0.25020850708924103,0.23450071188468366,1.634695579649708,1.7565017396945197,0.0,0.0
2691,BR84CRE,CRE,manual,en,629,629,330,pass,,0,8417,4654.200000000003,4599,3109.610984765237,3,2.1599999999998545,0,0.0,0,0.0,54.63942022098135,66.81300727869957,0.035642152786028274,0.04640969446950826,0.0,0.0,0.0,0.0
2692,BR84CMZ1,CMZ,manual,en,23,29,19,pass,,0,2053,1659.9699999999998,1896,1576.68,0,0.0,26,12.620000000000001,0,0.0,92.35265465172918,94.98243944167668,0.0,0.0,1.2664393570384802,0.7602547033982543,0.0,0.0
2693,BR84CMZ2,CMZ,manual,en,25,33,22,pass,,0,2373,1655.95,2200,1578.2,0,0.0,41,17.19,0,0.0,92.70965023177412,95.30480992783598,0.0,0.0,1.727770754319427,1.038074821099671,0.0,0.0
2694,BR84CMZ3,CMZ,manual,en,59,63,36,pass,,0,2530,1673.0800000000002,2216,1529.0042857142855,0,0.0,67,29.200000000000003,0,0.0,87.58893280632411,91.38859383378473,0.0,0.0,2.6482213438735176,1.7452841466038684,0.0,0.0
2695,BR84CIM1,CIM,manual,en,567,567,279,pass,,0,7467,3251.300000000002,3192,1552.7810678210699,0,0.0,0,0.0,0,0.0,42.74809160305343,47.75877549967917,0.0,0.0,0.0,0.0,0.0,0.0
2696,BR84CIM2,CIM,manual,en,318,317,150,pass,,0,4592,1967.9500000000025,1900,857.9390396825405,5,3.6399999999998727,0,0.0,0,0.0,41.37630662020906,43.59557100955509,0.10888501742160278,0.18496404888334908,0.0,0.0,0.0,0.0
2697,BR70S1,S,manual,en,380,380,199,pass,,0,6688,4109.749999999996,4267,2904.242999999999,2421,1205.5069999999976,0,0.0,0,0.0,63.80083732057416,70.66714520347958,36.19916267942584,29.332854796520433,0.0,0.0,0.0,0.0
2698,BR70S2,S,manual,en,526,531,300,pass,,0,9539,4973.87,7152,3876.7290000000003,2374,1090.0009999999995,13,7.14,0,0.0,74.97641262186812,77.94190439235445,24.887304748925462,21.914545414335308,0.13628262920641576,0.14355019331023933,0.0,0.0
2699,BR70S3,S,manual,en,518,518,275,pass,,0,8119,5213.57,5121,3540.440230769228,2983,1663.6387692307717,13,6.54,0,0.0,63.07427023032393,67.90817483546262,36.74097795294987,31.90978099902316,0.16011824116270476,0.1254418757204756,0.0,0.0
2700,BR70S4,S,manual,en,418,425,240,pass,,0,8271,5786.3070000000025,6025,4450.2829999999985,2202,1315.704000000003,13,6.48,0,0.0,72.84487970015718,76.91059254201336,26.623141095393542,22.73823355725858,0.1571756740418329,0.11198852739752656,0.0,0.0
2701,BR70S5,S,manual,en,390,392,224,pass,,0,7541,5413.431,5919,4275.663999999994,1609,1128.1870000000051,13,9.58,0,0.0,78.49091632409495,78.98251589426363,21.336692746320118,20.840516855207078,0.17239092958493568,0.1769672505292854,0.0,0.0
2702,BR70S6,S,manual,en,380,387,228,pass,,0,8526,5444.189000000001,6996,4420.602916666668,1517,1017.3460833333337,13,6.24,0,0.0,82.054890921886,81.19855715271213,17.79263429509735,18.6868252247182,0.15247478301665493,0.11461762256967932,0.0,0.0
2703,BR74S2,S,manual,en,321,321,55,pass,,0,18021,7598.267000000001,945,502.37300000000096,324,154.17753333333337,13,9.34,0,0.0,5.243882137506243,6.611678689364311,1.7979024471449976,2.029114445877374,0.07213806115087953,0.12292276646766952,0.0,0.0
2704,BR74S3,S,manual,en,642,643,63,pass,,0,19309,7311.289,844,462.7539999999999,283,118.06505462184873,2634,998.331,0,0.0,4.371018695944896,6.329308005742899,1.4656377854886322,1.614832276796181,13.6413071624631,13.654651047168292,0.0,0.0
2705,BR74S4,S,manual,en,686,685,219,pass,,0,18397,7493.744999999999,2437,1164.23541666667,1356,599.0333333333342,2493,1199.99,0,0.0,13.24672500951242,15.536095992947054,7.370766972876012,7.993777921897987,13.551122465619395,16.013221693559096,0.0,0.0
2706,BR74S5,S,manual,en,639,639,238,pass,,0,13129,5418.35,3091,1610.8300000000027,994,383.39799999999934,1021,437.47999999999996,0,0.0,23.543301089191864,29.729161091476232,7.571025973036789,7.075917945500001,7.776677583974408,8.074044681498979,0.0,0.0
2707,BR74S6,S,manual,en,771,773,212,pass,,0,17830,7162.161,3050,1605.0370000000064,249,99.00199999999927,86,38.46,0,0.0,17.106001121704992,22.409954202370017,1.3965227145260797,1.3822922997681744,0.4823331463825014,0.5369887663793093,0.0,0.0
2708,BR74S7,S,manual,en,703,707,246,pass,,0,17904,7772.5599999999995,4094,2202.2180000000035,2391,1116.6719579831936,12,6.449,0,0.0,22.866398570151922,28.333238984324385,13.35455764075067,14.366848991621726,0.06702412868632708,0.08297137622610826,0.0,0.0
2709,BR74S8,S,manual,en,425,425,31,pass,,0,11528,4260.399999999999,195,90.41000000000008,77,31.87099999999998,12,8.28,0,0.0,1.6915336571825121,2.1221012111538844,0.6679389312977099,0.7480752980940755,0.1040943789035392,0.19434794854943202,0.0,0.0
2710,BR74S9,S,manual,en,730,737,269,pass,,0,16272,7544.679999999999,5570,3097.306,486,282.93066666666687,12,7.52,0,0.0,34.230580137659786,41.052847834500604,2.9867256637168142,3.7500684809251936,0.07374631268436578,0.09967288208379946,0.0,0.0
2711,BR74S10,S,manual,en,824,836,357,pass,,0,14839,6539.373,6770,3733.0610000000024,48,27.69699999999988,12,6.87,0,0.0,45.62302041916571,57.08591634090918,0.32347193207089425,0.4235421346970097,0.08086798301772356,0.10505594343677904,0.0,0.0
2712,BR74S11,S,manual,en,783,797,337,pass,,0,15621,7658.450000000001,8133,4936.265999999998,266,101.35100000000011,12,8.281,0,0.0,52.06452851930094,64.45515737518686,1.7028359259970554,1.3233878918057844,0.07681966583445363,0.10812892948311995,0.0,0.0
2713,BR74S12,S,manual,en,578,583,230,pass,,0,11129,5136.673999999999,5347,2976.4080000000004,159,65.625,27,14.449,0,0.0,48.04564650912032,57.94426510228216,1.4286997933327343,1.277577669908583,0.24260939886782282,0.2812909676572818,0.0,0.0
2714,BR78S1,S,manual,en,480,482,254,pass,,0,9416,5122.57999999999,6270,3759.1138937728847,3146,1363.466106227105,0,0.0,0,0.0,66.58878504672897,73.38321497707976,33.41121495327103,26.61678502292024,0.0,0.0,0.0,0.0
2715,BR78S2,S,manual,en,661,662,345,pass,,0,10817,5560.739999999998,7329,4014.5548474025986,3488,1546.1851525973998,0,0.0,0,0.0,67.75446057132292,72.19461523830641,32.245539428677084,27.805384761693592,0.0,0.0,0.0,0.0
2716,BR78S3,S,manual,en,605,608,333,pass,,0,10142,5703.810000000001,7481,4586.979984126979,2661,1116.8300158730224,0,0.0,0,0.0,73.76257148491422,80.41957891526853,26.23742851508578,19.58042108473147,0.0,0.0,0.0,0.0
2717,BR78S4,S,manual,en,655,655,336,pass,,0,9578,5393.120000000004,6331,3987.0134343434424,3247,1406.1065656565622,0,0.0,0,0.0,66.09939444560452,73.92777157458835,33.90060555439549,26.072228425411655,0.0,0.0,0.0,0.0
2718,BR78S5,S,manual,en,572,575,300,pass,,0,8825,5147.709999999999,6095,4033.357002497507,2730,1114.3529975024924,0,0.0,0,0.0,69.06515580736544,78.35245191546353,30.93484419263456,21.647548084536474,0.0,0.0,0.0,0.0
2719,BR78S6,S,manual,en,523,525,281,pass,,0,7515,4595.590000000004,5201,3593.22328499279,2314,1002.366715007214,0,0.0,0,0.0,69.208250166334,78.18850865705572,30.791749833666,21.811491342944283,0.0,0.0,0.0,0.0
2720,BR78S7,S,manual,en,928,928,469,pass,,0,10940,5664.120000000003,6402,3943.270263070268,4538,1720.8497369297345,0,0.0,0,0.0,58.519195612431446,69.61840962179943,41.480804387568554,30.38159037820056,0.0,0.0,0.0,0.0
2721,BR79S1,S,manual,en,633,633,327,pass,,0,9994,5042.239999999998,6002,3468.574285714288,2976,1189.9057142857116,0,0.0,0,0.0,60.0560336201721,68.79034488073336,29.77786672003202,23.598752028576826,0.0,0.0,0.0,0.0
2722,BR79S2,S,manual,en,502,501,251,pass,,0,8935,5078.350000000006,5399,3490.7100000000087,2259,1053.4599999999978,0,0.0,0,0.0,60.4252937884723,68.73708980279036,25.28259653049804,20.74413933659548,0.0,0.0,0.0,0.0
2723,BR79S3,S,manual,en,466,471,236,pass,,0,8881,4830.989999999999,5493,3451.6642857142842,2155,832.9700000000016,0,0.0,0,0.0,61.85114288931427,71.44838398991273,24.265285440828734,17.242221573631944,0.0,0.0,0.0,0.0
2724,BR79S4,S,manual,en,571,572,274,pass,,0,9242,4893.369999999999,5134,3133.6161428571404,2702,1166.9938571428581,0,0.0,0,0.0,55.55074659164683,64.03799718511253,29.236096083098897,23.848469605667635,0.0,0.0,0.0,0.0
2725,BR79S5,S,manual,en,330,329,184,pass,,0,7386,5039.919999999998,5873,4271.606000000001,911,468.2940000000001,0,0.0,0,0.0,79.51529921473058,84.75543262591475,12.334145681018143,9.291695106271533,0.0,0.0,0.0,0.0
2726,BR79S6,S,manual,en,454,456,237,pass,,0,7686,4709.550000000001,4978,3514.999416666669,1310,553.2445833333305,0,0.0,0,0.0,64.76710902940411,74.6355685079608,17.043976060369502,11.747291850247484,0.0,0.0,0.0,0.0
2727,OJ81S2.2,S,manual,en,799,800,389,pass,,0,9414,5627.03,5354,3448.7039999999965,1577,908.5055833333321,12,7.979999999999999,0,0.0,56.872742723603146,61.28817511191511,16.75164648396006,16.145383680793103,0.12746972594008923,0.14181548703312402,0.0,0.0
2728,OJ81S2.3,S,manual,en,799,800,389,pass,,0,9414,5627.03,5354,3448.7039999999965,1577,908.5055833333321,12,7.979999999999999,0,0.0,56.872742723603146,61.28817511191511,16.75164648396006,16.145383680793103,0.12746972594008923,0.14181548703312402,0.0,0.0
2729,BR81S1,S,manual,en,604,605,255,pass,,0,10575,5487.3100000000095,4254,2507.810676212678,6321,2979.4993237873314,0,0.0,0,0.0,40.226950354609926,45.702004738436024,59.773049645390074,54.297995261563976,0.0,0.0,0.0,0.0
2730,BR81S2,S,manual,en,599,600,271,pass,,0,9008,4930.530000000001,4321,2691.340737012991,4687,2239.189262987009,0,0.0,0,0.0,47.96847246891652,54.58522181211738,52.03152753108348,45.41477818788262,0.0,0.0,0.0,0.0
2731,BR81S3,S,manual,en,573,573,251,pass,,0,9469,5010.759999999993,4248,2760.758405011657,5221,2250.0015949883364,0,0.0,0,0.0,44.86218185658464,55.09660021656717,55.13781814341536,44.903399783432846,0.0,0.0,0.0,0.0
2732,BR81S4,S,manual,en,489,491,239,pass,,0,8510,5082.670000000001,5268,3577.007226384731,3242,1505.6627736152702,0,0.0,0,0.0,61.90364277320799,70.37653883460327,38.09635722679201,29.62346116539673,0.0,0.0,0.0,0.0
2733,BR81S5,S,manual,en,415,416,159,pass,,0,8232,4526.1100000000015,3734,2465.465679653681,4498,2060.6443203463205,0,0.0,0,0.0,45.35957240038873,54.47206717586802,54.64042759961127,45.52793282413197,0.0,0.0,0.0,0.0
2734,LS84S1,S,manual,en,102,111,54,pass,,0,5504,4939.240000000001,3234,3057.910000000002,2053,1761.5499999999995,157,93.33999999999999,0,0.0,58.75726744186046,61.910536843724984,37.30014534883721,35.664393712392986,2.852470930232558,1.889764417197787,0.0,0.0
2735,LS84S2,S,manual,en,208,223,125,pass,,0,8003,5420.049999999997,6386,4576.90107142857,1454,767.1389285714274,163,76.01,0,0.0,79.79507684618268,84.44389021187207,18.168186929901285,14.153724201279099,2.0367362239160314,1.4023855868488306,0.0,0.0
2736,BR84SBR1,SBR,manual,en,550,549,236,pass,,0,8605,4666.4000000000015,3719,2407.02203174603,10,4.560000000000002,166,92.36,0,0.0,43.219058686809994,51.581991079762325,0.11621150493898896,0.0977198697068404,1.9291109819872168,1.9792559574832842,0.0,0.0
2737,BR84SBR2,SBR,manual,en,628,628,277,pass,,0,8082,4463.200000000002,3354,2257.7436886446885,130,131.95199999999977,163,99.16,0,0.0,41.499628804751296,50.585761082736326,1.6085127443702054,2.9564438071338888,2.0168275179411035,2.2217243233554393,0.0,0.0
2738,BR84SBR3,SBR,manual,en,715,713,320,pass,,0,8876,4910.479999999994,3819,2582.072210678207,203,157.64666666666653,65,34.56,0,0.0,43.02613789995493,52.58288824469726,2.2870662460567823,3.2104125598040665,0.7323118521856692,0.7038008504260285,0.0,0.0
2739,MA79S1,S,manual,en,392,392,164,pass,,0,8985,4740.839999999996,3263,2036.4229191919153,3066,1469.4476002885992,0,0.0,0,0.0,36.316082359488036,42.954896583557286,34.123539232053425,30.995511350068774,0.0,0.0,0.0,0.0
2740,MA79S2,S,manual,en,552,552,237,pass,,0,7674,4023.0799999999904,3541,2174.5657622932563,1353,558.794965728714,12,4.710000000000001,0,0.0,46.142819911389104,54.052262502691015,17.63096168881939,13.889730398816711,0.1563721657544957,0.11707448024896379,0.0,0.0
2741,MA79S3,S,manual,en,259,268,128,pass,,0,7501,4543.2499999999945,4836,3282.4731540404005,1562,734.5620959595931,0,0.0,0,0.0,64.47140381282496,72.24945037231947,20.82389014798027,16.168207691841612,0.0,0.0,0.0,0.0
2742,MA79S4,S,manual,en,248,253,130,pass,,0,5389,3369.4700000000016,3608,2536.037821789323,321,134.36499999999904,0,0.0,0,0.0,66.95119688253851,75.26518478542091,5.9565782148821675,3.9877191368375136,0.0,0.0,0.0,0.0
2743,MA81S1,S,manual,en,807,807,318,pass,,0,11160,7187.710000000004,4392,2673.020208791211,558,249.2528681318705,574,340.71000000000004,0,0.0,39.354838709677416,37.18875982463413,5.0,3.467764672362552,5.14336917562724,4.74017454794364,0.0,0.0
2744,MA81S2,S,manual,en,765,766,333,pass,,0,8569,6126.099999999999,4368,2667.030000000004,720,261.6933333333326,46,28.86,0,0.0,50.974442758781656,43.53552831328258,8.402380674524448,4.271777041402077,0.5368187653168398,0.4710990679224956,0.0,0.0
2745,MA81S3,S,manual,en,863,862,382,pass,,0,9201,5081.93,5606,3330.338623015862,47,26.554285714286323,231,143.04999999999998,0,0.0,60.92815998261059,65.5329495490072,0.5108140419519618,0.5225236418897214,2.5105966742745354,2.814875450862172,0.0,0.0
2746,ND81S1,S,manual,en,234,240,77,pass,,0,8594,5034.55000000001,2376,1730.2069920634979,0,0.0,804,517.1800000000001,0,0.0,27.64719571794275,34.36666617798004,0.0,0.0,9.355364207586689,10.272616221906606,0.0,0.0
2747,ND81S2,S,manual,en,331,343,155,pass,,0,9034,6394.49,4723,3920.203608946609,0,0.0,0,0.0,0,0.0,52.28027451848572,61.30596199144278,0.0,0.0,0.0,0.0,0.0,0.0
2748,ND81S3,S,manual,en,221,226,110,pass,,0,5421,4143.69,3458,2908.6505540293033,245,115.81714285714372,0,0.0,0,0.0,63.78896882494005,70.19469492238326,4.519461353993728,2.7950243106299877,0.0,0.0,0.0,0.0
2749,MA82S1,S,manual,en,409,410,155,pass,,0,10679,5394.379999999997,3295,1878.5163692418732,109,55.92999999999955,0,0.0,0,0.0,30.85494896525892,34.82358249218398,1.0206948216125105,1.0368198013488035,0.0,0.0,0.0,0.0
2750,MA82S2,S,manual,en,448,452,180,pass,,0,12351,6289.349999999991,3977,2410.6182290764787,2,0.7142857142853245,0,0.0,0,0.0,32.19982187677111,38.3285749572926,0.016193020808031738,0.011357067332638913,0.0,0.0,0.0,0.0
2751,MA83S1,S,manual,en,536,539,242,pass,,0,10745,5986.579999999994,4638,3076.664327922073,561,294.9151428571429,0,0.0,0,0.0,43.16426244765007,51.3926871088681,5.221033038622616,4.926270806656609,0.0,0.0,0.0,0.0
2752,MA83S2,S,manual,en,524,527,220,pass,,0,9875,5621.000000000003,4421,2998.1895021644946,102,48.0022222222222,0,0.0,0,0.0,44.769620253164554,53.33907671525517,1.0329113924050632,0.853980114254086,0.0,0.0,0.0,0.0
2753,RV83S1,S,manual,en,291,307,149,pass,,0,7778,5748.60999999999,5333,4366.903891774885,547,303.5458398268411,0,0.0,0,0.0,68.56518385188994,75.96451823614566,7.032656209822576,5.280334547426971,0.0,0.0,0.0,0.0
2754,RV83S2,S,manual,en,218,240,134,pass,,0,7053,5324.879999999997,6020,4788.722230158727,833,422.9955476190488,0,0.0,0,0.0,85.35375017722954,89.93108258136765,11.810577059407345,7.94375737329384,0.0,0.0,0.0,0.0
2755,BR72DSS1.01,DSS,manual,en,187,196,121,pass,,0,7264,5118.68,4979,3288.3229999999985,553,364.9770000000019,1732,1465.3799999999999,0,0.0,68.54350220264317,64.2416208866348,7.612885462555066,7.130295310509778,23.84361233480176,28.62808380285542,0.0,0.0
2756,BR72DSS1.02,DSS,manual,en,187,196,121,pass,,0,7264,5118.68,4979,3288.3229999999985,553,364.9770000000019,1732,1465.3799999999999,0,0.0,68.54350220264317,64.2416208866348,7.612885462555066,7.130295310509778,23.84361233480176,28.62808380285542,0.0,0.0
2757,BR72DT1.1,DT,manual,en,362,368,209,pass,,0,6976,4441.1799999999985,5691,3750.142999999999,544,313.3530000000012,12,7.52,0,0.0,81.57970183486239,84.44023885543933,7.798165137614679,7.055624856457097,0.1720183486238532,0.1693243687488461,0.0,0.0
2758,BR72DSS1.03,DSS,manual,en,187,196,121,pass,,0,7264,5118.68,4979,3288.3229999999985,553,364.9770000000019,1732,1465.3799999999999,0,0.0,68.54350220264317,64.2416208866348,7.612885462555066,7.130295310509778,23.84361233480176,28.62808380285542,0.0,0.0
2759,BR72DSS1.04,DSS,manual,en,187,196,121,pass,,0,7264,5118.68,4979,3288.3229999999985,553,364.9770000000019,1732,1465.3799999999999,0,0.0,68.54350220264317,64.2416208866348,7.612885462555066,7.130295310509778,23.84361233480176,28.62808380285542,0.0,0.0
2760,BR72DT1.2,DT,manual,en,362,368,209,pass,,0,6976,4441.1799999999985,5691,3750.142999999999,544,313.3530000000012,12,7.52,0,0.0,81.57970183486239,84.44023885543933,7.798165137614679,7.055624856457097,0.1720183486238532,0.1693243687488461,0.0,0.0
2761,BR72DSS1.05,DSS,manual,en,187,196,121,pass,,0,7264,5118.68,4979,3288.3229999999985,553,364.9770000000019,1732,1465.3799999999999,0,0.0,68.54350220264317,64.2416208866348,7.612885462555066,7.130295310509778,23.84361233480176,28.62808380285542,0.0,0.0
2762,BR72DSS1.06,DSS,manual,en,187,196,121,pass,,0,7264,5118.68,4979,3288.3229999999985,553,364.9770000000019,1732,1465.3799999999999,0,0.0,68.54350220264317,64.2416208866348,7.612885462555066,7.130295310509778,23.84361233480176,28.62808380285542,0.0,0.0
2763,BR72DSS1.07,DSS,manual,en,187,196,121,pass,,0,7264,5118.68,4979,3288.3229999999985,553,364.9770000000019,1732,1465.3799999999999,0,0.0,68.54350220264317,64.2416208866348,7.612885462555066,7.130295310509778,23.84361233480176,28.62808380285542,0.0,0.0
2764,BR72DSS1.08,DSS,manual,en,187,196,121,pass,,0,7264,5118.68,4979,3288.3229999999985,553,364.9770000000019,1732,1465.3799999999999,0,0.0,68.54350220264317,64.2416208866348,7.612885462555066,7.130295310509778,23.84361233480176,28.62808380285542,0.0,0.0
2765,BR72DSS1.09,DSS,manual,en,187,196,121,pass,,0,7264,5118.68,4979,3288.3229999999985,553,364.9770000000019,1732,1465.3799999999999,0,0.0,68.54350220264317,64.2416208866348,7.612885462555066,7.130295310509778,23.84361233480176,28.62808380285542,0.0,0.0
2766,BR72DSS1.10,DSS,manual,en,187,196,121,pass,,0,7264,5118.68,4979,3288.3229999999985,553,364.9770000000019,1732,1465.3799999999999,0,0.0,68.54350220264317,64.2416208866348,7.612885462555066,7.130295310509778,23.84361233480176,28.62808380285542,0.0,0.0
2767,BR72DT2.0,DT,manual,en,501,505,239,pass,,0,9094,4672.300000000001,5611,3159.9319999999993,1866,899.815000000002,11,8.159,0,0.0,61.700021992522544,67.63118806583479,20.51902353199912,19.258502236585876,0.12095887398284583,0.1746249170644008,0.0,0.0
2768,BR72DSS2.1,DSS,manual,en,44,78,60,pass,,0,6909,4838.22,6506,4621.871,389,207.46900000000005,14,8.88,0,0.0,94.16702851353307,95.52833480081517,5.6303372412794905,4.288126625081126,0.20263424518743667,0.1835385741036993,0.0,0.0
2769,BR72DSS2.2,DSS,manual,en,44,78,60,pass,,0,6909,4838.22,6506,4621.871,389,207.46900000000005,14,8.88,0,0.0,94.16702851353307,95.52833480081517,5.6303372412794905,4.288126625081126,0.20263424518743667,0.1835385741036993,0.0,0.0
2770,BR72DSS2.3,DSS,manual,en,44,78,60,pass,,0,6909,4838.22,6506,4621.871,389,207.46900000000005,14,8.88,0,0.0,94.16702851353307,95.52833480081517,5.6303372412794905,4.288126625081126,0.20263424518743667,0.1835385741036993,0.0,0.0
2771,BR72DSS2.4,DSS,manual,en,44,78,60,pass,,0,6909,4838.22,6506,4621.871,389,207.46900000000005,14,8.88,0,0.0,94.16702851353307,95.52833480081517,5.6303372412794905,4.288126625081126,0.20263424518743667,0.1835385741036993,0.0,0.0
2772,BR72DSS2.5,DSS,manual,en,44,78,60,pass,,0,6909,4838.22,6506,4621.871,389,207.46900000000005,14,8.88,0,0.0,94.16702851353307,95.52833480081517,5.6303372412794905,4.288126625081126,0.20263424518743667,0.1835385741036993,0.0,0.0
2773,BR72DSS2.6,DSS,manual,en,44,78,60,pass,,0,6909,4838.22,6506,4621.871,389,207.46900000000005,14,8.88,0,0.0,94.16702851353307,95.52833480081517,5.6303372412794905,4.288126625081126,0.20263424518743667,0.1835385741036993,0.0,0.0
2774,BR72DSS2.7,DSS,manual,en,44,78,60,pass,,0,6909,4838.22,6506,4621.871,389,207.46900000000005,14,8.88,0,0.0,94.16702851353307,95.52833480081517,5.6303372412794905,4.288126625081126,0.20263424518743667,0.1835385741036993,0.0,0.0
2775,BR73DSS,DSS,manual,en,141,155,91,pass,,0,5462,4347.06,4543,3663.336000000001,906,674.2039999999995,13,9.52,0,0.0,83.17466129622849,84.27157665180606,16.587330648114243,15.509424760642812,0.2380080556572684,0.2189985875511265,0.0,0.0
2776,BR75DSS1.01,DSS,manual,en,224,241,141,pass,,0,8158,5574.94,7040,4907.0109999999995,1104,658.2489999999999,14,9.68,0,0.0,86.29566070115224,88.01908181971466,13.53272860995342,11.80728402458143,0.17161068889433684,0.1736341557039179,0.0,0.0
2777,BR75DSS1.02,DSS,manual,en,224,241,141,pass,,0,8158,5574.94,7040,4907.0109999999995,1104,658.2489999999999,14,9.68,0,0.0,86.29566070115224,88.01908181971466,13.53272860995342,11.80728402458143,0.17161068889433684,0.1736341557039179,0.0,0.0
2778,BR75DSS1.03,DSS,manual,en,224,241,141,pass,,0,8158,5574.94,7040,4907.0109999999995,1104,658.2489999999999,14,9.68,0,0.0,86.29566070115224,88.01908181971466,13.53272860995342,11.80728402458143,0.17161068889433684,0.1736341557039179,0.0,0.0
2779,BR75DSS1.04,DSS,manual,en,224,241,141,pass,,0,8158,5574.94,7040,4907.0109999999995,1104,658.2489999999999,14,9.68,0,0.0,86.29566070115224,88.01908181971466,13.53272860995342,11.80728402458143,0.17161068889433684,0.1736341557039179,0.0,0.0
2780,BR75DSS1.05,DSS,manual,en,224,241,141,pass,,0,8158,5574.94,7040,4907.0109999999995,1104,658.2489999999999,14,9.68,0,0.0,86.29566070115224,88.01908181971466,13.53272860995342,11.80728402458143,0.17161068889433684,0.1736341557039179,0.0,0.0
2781,BR75DSS1.06,DSS,manual,en,224,241,141,pass,,0,8158,5574.94,7040,4907.0109999999995,1104,658.2489999999999,14,9.68,0,0.0,86.29566070115224,88.01908181971466,13.53272860995342,11.80728402458143,0.17161068889433684,0.1736341557039179,0.0,0.0
2782,BR75DSS1.07,DSS,manual,en,224,241,141,pass,,0,8158,5574.94,7040,4907.0109999999995,1104,658.2489999999999,14,9.68,0,0.0,86.29566070115224,88.01908181971466,13.53272860995342,11.80728402458143,0.17161068889433684,0.1736341557039179,0.0,0.0
2783,BR75DSS1.08,DSS,manual,en,224,241,141,pass,,0,8158,5574.94,7040,4907.0109999999995,1104,658.2489999999999,14,9.68,0,0.0,86.29566070115224,88.01908181971466,13.53272860995342,11.80728402458143,0.17161068889433684,0.1736341557039179,0.0,0.0
2784,BR75DSS1.09,DSS,manual,en,224,241,141,pass,,0,8158,5574.94,7040,4907.0109999999995,1104,658.2489999999999,14,9.68,0,0.0,86.29566070115224,88.01908181971466,13.53272860995342,11.80728402458143,0.17161068889433684,0.1736341557039179,0.0,0.0
2785,BR75DSS1.10,DSS,manual,en,224,241,141,pass,,0,8158,5574.94,7040,4907.0109999999995,1104,658.2489999999999,14,9.68,0,0.0,86.29566070115224,88.01908181971466,13.53272860995342,11.80728402458143,0.17161068889433684,0.1736341557039179,0.0,0.0
2786,BR75DSS1.11,DSS,manual,en,224,241,141,pass,,0,8158,5574.94,7040,4907.0109999999995,1104,658.2489999999999,14,9.68,0,0.0,86.29566070115224,88.01908181971466,13.53272860995342,11.80728402458143,0.17161068889433684,0.1736341557039179,0.0,0.0
2787,BR75DSS1.12,DSS,manual,en,224,241,141,pass,,0,8158,5574.94,7040,4907.0109999999995,1104,658.2489999999999,14,9.68,0,0.0,86.29566070115224,88.01908181971466,13.53272860995342,11.80728402458143,0.17161068889433684,0.1736341557039179,0.0,0.0
2788,BR75DSS1.13,DSS,manual,en,224,241,141,pass,,0,8158,5574.94,7040,4907.0109999999995,1104,658.2489999999999,14,9.68,0,0.0,86.29566070115224,88.01908181971466,13.53272860995342,11.80728402458143,0.17161068889433684,0.1736341557039179,0.0,0.0
2789,BR75DSS1.14,DSS,manual,en,224,241,141,pass,,0,8158,5574.94,7040,4907.0109999999995,1104,658.2489999999999,14,9.68,0,0.0,86.29566070115224,88.01908181971466,13.53272860995342,11.80728402458143,0.17161068889433684,0.1736341557039179,0.0,0.0
2790,BR75DSS1.15,DSS,manual,en,224,241,141,pass,,0,8158,5574.94,7040,4907.0109999999995,1104,658.2489999999999,14,9.68,0,0.0,86.29566070115224,88.01908181971466,13.53272860995342,11.80728402458143,0.17161068889433684,0.1736341557039179,0.0,0.0
2791,BR76DT1,DT,manual,en,543,546,286,pass,,0,10912,5425.599999999993,7528,4004.8752664002636,176,74.76384615384666,0,0.0,0,0.0,68.9882697947214,73.81442174875164,1.6129032258064515,1.377983009323333,0.0,0.0,0.0,0.0
2792,BR76DT2,DT,manual,en,440,446,250,pass,,0,9271,5263.709999999996,6815,4293.4064084249085,52,19.57599999999924,0,0.0,0,0.0,73.50879085319815,81.56616546931558,0.5608887930104627,0.371904987166832,0.0,0.0,0.0,0.0
2793,BR76DT3,DT,manual,en,670,675,337,pass,,0,11699,5979.490000000009,7220,4154.13071464647,280,108.98111111111109,0,0.0,0,0.0,61.714676468074195,69.47299376111447,2.3933669544405505,1.822582044808352,0.0,0.0,0.0,0.0
2794,BR76DT4,DT,manual,en,641,642,328,pass,,0,10561,5683.800000000009,6677,3946.3031033133607,306,127.29750000000107,0,0.0,0,0.0,63.223179623141746,69.4307171841612,2.8974528927184924,2.2396548084028445,0.0,0.0,0.0,0.0
2795,BR76DT5,DT,manual,en,828,829,436,pass,,0,11805,6518.009999999998,8015,4939.591868853366,102,47.73249999999916,0,0.0,0,0.0,67.89495976281236,75.78374179931248,0.8640406607369758,0.7323170722352248,0.0,0.0,0.0,0.0
2796,BR76DT6,DT,manual,en,434,436,226,pass,,0,7599,4369.569999999994,4896,3228.435013098009,120,53.726153846154375,0,0.0,0,0.0,64.42953020134229,73.88450152069913,1.5791551519936833,1.2295524238347124,0.0,0.0,0.0,0.0
2797,BR76DSS2.1,DSS,manual,en,109,125,74,pass,,0,5559,3659.779999999999,5142,3466.5616666666665,417,193.21833333333234,0,0.0,0,0.0,92.49865083648139,94.7204932172608,7.5013491635186185,5.279506782739192,0.0,0.0,0.0,0.0
2798,BR76DSS2.2,DSS,manual,en,109,125,74,pass,,0,5559,3659.779999999999,5142,3466.5616666666665,417,193.21833333333234,0,0.0,0,0.0,92.49865083648139,94.7204932172608,7.5013491635186185,5.279506782739192,0.0,0.0,0.0,0.0
2799,BR76DSS2.3,DSS,manual,en,109,125,74,pass,,0,5559,3659.779999999999,5142,3466.5616666666665,417,193.21833333333234,0,0.0,0,0.0,92.49865083648139,94.7204932172608,7.5013491635186185,5.279506782739192,0.0,0.0,0.0,0.0
2800,BR76DSS2.4,DSS,manual,en,109,125,74,pass,,0,5559,3659.779999999999,5142,3466.5616666666665,417,193.21833333333234,0,0.0,0,0.0,92.49865083648139,94.7204932172608,7.5013491635186185,5.279506782739192,0.0,0.0,0.0,0.0
2801,BR76DSS2.5,DSS,manual,en,109,125,74,pass,,0,5559,3659.779999999999,5142,3466.5616666666665,417,193.21833333333234,0,0.0,0,0.0,92.49865083648139,94.7204932172608,7.5013491635186185,5.279506782739192,0.0,0.0,0.0,0.0
2802,BR76DSS2.6,DSS,manual,en,109,125,74,pass,,0,5559,3659.779999999999,5142,3466.5616666666665,417,193.21833333333234,0,0.0,0,0.0,92.49865083648139,94.7204932172608,7.5013491635186185,5.279506782739192,0.0,0.0,0.0,0.0
2803,BR77DSS1.1,DSS,manual,en,342,346,194,pass,,0,7507,4445.779999999999,5874,3610.451632423132,1414,738.6403199578195,0,0.0,0,0.0,78.24696949513788,81.2107578967725,18.83575329692287,16.61441456747342,0.0,0.0,0.0,0.0
2804,BR77DSS1.2,DSS,manual,en,342,346,194,pass,,0,7507,4445.779999999999,5874,3610.451632423132,1414,738.6403199578195,0,0.0,0,0.0,78.24696949513788,81.2107578967725,18.83575329692287,16.61441456747342,0.0,0.0,0.0,0.0
2805,BR77DSS2.1,DSS,manual,en,24,43,34,pass,,0,4054,2756.56,3994,2724.494,60,32.0659999999998,0,0.0,0,0.0,98.51998026640355,98.83673854369215,1.480019733596448,1.163261456307855,0.0,0.0,0.0,0.0
2806,BR77DSS2.2,DSS,manual,en,24,43,34,pass,,0,4054,2756.56,3994,2724.494,60,32.0659999999998,0,0.0,0,0.0,98.51998026640355,98.83673854369215,1.480019733596448,1.163261456307855,0.0,0.0,0.0,0.0
2807,BR77DSS2.3,DSS,manual,en,24,43,34,pass,,0,4054,2756.56,3994,2724.494,60,32.0659999999998,0,0.0,0,0.0,98.51998026640355,98.83673854369215,1.480019733596448,1.163261456307855,0.0,0.0,0.0,0.0
2808,BR77DSS2.4,DSS,manual,en,24,43,34,pass,,0,4054,2756.56,3994,2724.494,60,32.0659999999998,0,0.0,0,0.0,98.51998026640355,98.83673854369215,1.480019733596448,1.163261456307855,0.0,0.0,0.0,0.0
2809,BR77DSS2.5,DSS,manual,en,24,43,34,pass,,0,4054,2756.56,3994,2724.494,60,32.0659999999998,0,0.0,0,0.0,98.51998026640355,98.83673854369215,1.480019733596448,1.163261456307855,0.0,0.0,0.0,0.0
2810,BR77DSS2.6,DSS,manual,en,24,43,34,pass,,0,4054,2756.56,3994,2724.494,60,32.0659999999998,0,0.0,0,0.0,98.51998026640355,98.83673854369215,1.480019733596448,1.163261456307855,0.0,0.0,0.0,0.0
2811,BR77DSS2.7,DSS,manual,en,24,43,34,pass,,0,4054,2756.56,3994,2724.494,60,32.0659999999998,0,0.0,0,0.0,98.51998026640355,98.83673854369215,1.480019733596448,1.163261456307855,0.0,0.0,0.0,0.0
2812,BR77DSS2.8,DSS,manual,en,24,43,34,pass,,0,4054,2756.56,3994,2724.494,60,32.0659999999998,0,0.0,0,0.0,98.51998026640355,98.83673854369215,1.480019733596448,1.163261456307855,0.0,0.0,0.0,0.0
2813,BR78DSS1.1,DSS,manual,en,359,362,198,pass,,0,6746,4278.000000000004,4903,3447.5701738816792,1843,830.4298261183245,0,0.0,0,0.0,72.68010672991403,80.58836311083861,27.319893270085977,19.41163688916138,0.0,0.0,0.0,0.0
2814,BR78DSS1.2,DSS,manual,en,359,362,198,pass,,0,6746,4278.000000000004,4903,3447.5701738816792,1843,830.4298261183245,0,0.0,0,0.0,72.68010672991403,80.58836311083861,27.319893270085977,19.41163688916138,0.0,0.0,0.0,0.0
2815,BR78DSS1.3,DSS,manual,en,359,362,198,pass,,0,6746,4278.000000000004,4903,3447.5701738816792,1843,830.4298261183245,0,0.0,0,0.0,72.68010672991403,80.58836311083861,27.319893270085977,19.41163688916138,0.0,0.0,0.0,0.0
2816,BR78DSS1.4,DSS,manual,en,359,362,198,pass,,0,6746,4278.000000000004,4903,3447.5701738816792,1843,830.4298261183245,0,0.0,0,0.0,72.68010672991403,80.58836311083861,27.319893270085977,19.41163688916138,0.0,0.0,0.0,0.0
2817,BR78DSS1.5,DSS,manual,en,359,362,198,pass,,0,6746,4278.000000000004,4903,3447.5701738816792,1843,830.4298261183245,0,0.0,0,0.0,72.68010672991403,80.58836311083861,27.319893270085977,19.41163688916138,0.0,0.0,0.0,0.0
2818,BR78DSS2.1,DSS,manual,en,93,113,72,pass,,0,5924,4358.390000000004,5305,4084.242619047621,619,274.1473809523832,0,0.0,0,0.0,89.55097906819717,93.7098933103191,10.449020931802837,6.29010668968089,0.0,0.0,0.0,0.0
2819,BR78DSS2.2,DSS,manual,en,93,113,72,pass,,0,5924,4358.390000000004,5305,4084.242619047621,619,274.1473809523832,0,0.0,0,0.0,89.55097906819717,93.7098933103191,10.449020931802837,6.29010668968089,0.0,0.0,0.0,0.0
2820,BR78DT1,DT,manual,en,447,448,204,pass,,0,7629,4817.019999999998,4361,3289.9602214452193,1104,548.8426168831154,0,0.0,0,0.0,57.163455236597194,68.29866227346412,14.471097129374755,11.39382059620088,0.0,0.0,0.0,0.0
2821,BR78DSS2.3,DSS,manual,en,93,113,72,pass,,0,5924,4358.390000000004,5305,4084.242619047621,619,274.1473809523832,0,0.0,0,0.0,89.55097906819717,93.7098933103191,10.449020931802837,6.29010668968089,0.0,0.0,0.0,0.0
2822,BR78DSS2.4,DSS,manual,en,93,113,72,pass,,0,5924,4358.390000000004,5305,4084.242619047621,619,274.1473809523832,0,0.0,0,0.0,89.55097906819717,93.7098933103191,10.449020931802837,6.29010668968089,0.0,0.0,0.0,0.0
2823,BR79DSS1.1,DSS,manual,en,502,507,296,pass,,0,8900,6464.5,7467,5586.909999999999,1419,867.3100000000013,14,10.28,0,0.0,83.89887640449439,86.42447211694638,15.9438202247191,13.41650553020344,0.15730337078651685,0.15902235285018176,0.0,0.0
2824,BR79DSS1.2,DSS,manual,en,502,507,296,pass,,0,8900,6464.5,7467,5586.909999999999,1419,867.3100000000013,14,10.28,0,0.0,83.89887640449439,86.42447211694638,15.9438202247191,13.41650553020344,0.15730337078651685,0.15902235285018176,0.0,0.0
2825,BR79DSS1.3,DSS,manual,en,502,507,296,pass,,0,8900,6464.5,7467,5586.909999999999,1419,867.3100000000013,14,10.28,0,0.0,83.89887640449439,86.42447211694638,15.9438202247191,13.41650553020344,0.15730337078651685,0.15902235285018176,0.0,0.0
2826,BR79DSS1.4,DSS,manual,en,502,507,296,pass,,0,8900,6464.5,7467,5586.909999999999,1419,867.3100000000013,14,10.28,0,0.0,83.89887640449439,86.42447211694638,15.9438202247191,13.41650553020344,0.15730337078651685,0.15902235285018176,0.0,0.0
2827,BR79DSS1.5,DSS,manual,en,502,507,296,pass,,0,8900,6464.5,7467,5586.909999999999,1419,867.3100000000013,14,10.28,0,0.0,83.89887640449439,86.42447211694638,15.9438202247191,13.41650553020344,0.15730337078651685,0.15902235285018176,0.0,0.0
2828,BR79DT2.1,DT,manual,en,253,253,135,pass,,0,4815,3033.7099999999996,3431,2364.9833333333327,0,0.0,67,41.290000000000006,0,0.0,71.2564901349948,77.95680316620023,0.0,0.0,1.3914849428868121,1.3610397829720051,0.0,0.0
2829,BR79DT2.2,DT,manual,en,253,253,135,pass,,0,4815,3033.7099999999996,3431,2364.9833333333327,0,0.0,67,41.290000000000006,0,0.0,71.2564901349948,77.95680316620023,0.0,0.0,1.3914849428868121,1.3610397829720051,0.0,0.0
2830,BR79DT2.3,DT,manual,en,253,253,135,pass,,0,4815,3033.7099999999996,3431,2364.9833333333327,0,0.0,67,41.290000000000006,0,0.0,71.2564901349948,77.95680316620023,0.0,0.0,1.3914849428868121,1.3610397829720051,0.0,0.0
2831,BR79DSS1.6,DSS,manual,en,502,507,296,pass,,0,8900,6464.5,7467,5586.909999999999,1419,867.3100000000013,14,10.28,0,0.0,83.89887640449439,86.42447211694638,15.9438202247191,13.41650553020344,0.15730337078651685,0.15902235285018176,0.0,0.0
2832,BR79DSS2.1,DSS,manual,en,11,39,36,pass,,0,4979,3697.9700000000003,4965,3693.316666666667,14,4.653333333333194,0,0.0,0,0.0,99.71881903996787,99.87416519513859,0.28118096003213494,0.12583480486140217,0.0,0.0,0.0,0.0
2833,BR79DSS2.2,DSS,manual,en,11,39,36,pass,,0,4979,3697.9700000000003,4965,3693.316666666667,14,4.653333333333194,0,0.0,0,0.0,99.71881903996787,99.87416519513859,0.28118096003213494,0.12583480486140217,0.0,0.0,0.0,0.0
2834,BR80DSS1.1,DSS,manual,en,15,38,30,pass,,0,4035,3243.0299999999997,3962,3203.2999999999997,73,39.729999999999976,0,0.0,0,0.0,98.1908302354399,98.77491111707262,1.809169764560099,1.2250888829273852,0.0,0.0,0.0,0.0
2835,BR80DSS1.2,DSS,manual,en,15,38,30,pass,,0,4035,3243.0299999999997,3962,3203.2999999999997,73,39.729999999999976,0,0.0,0,0.0,98.1908302354399,98.77491111707262,1.809169764560099,1.2250888829273852,0.0,0.0,0.0,0.0
2836,BR80DSS1.3,DSS,manual,en,15,38,30,pass,,0,4035,3243.0299999999997,3962,3203.2999999999997,73,39.729999999999976,0,0.0,0,0.0,98.1908302354399,98.77491111707262,1.809169764560099,1.2250888829273852,0.0,0.0,0.0,0.0
2837,BR80DSS1.4,DSS,manual,en,15,38,30,pass,,0,4035,3243.0299999999997,3962,3203.2999999999997,73,39.729999999999976,0,0.0,0,0.0,98.1908302354399,98.77491111707262,1.809169764560099,1.2250888829273852,0.0,0.0,0.0,0.0
2838,BR80DT2.1,DT,manual,en,980,981,425,pass,,0,12935,6158.549999999996,6293,3656.0722758352713,1865,714.5499436674452,0,0.0,0,0.0,48.65094704290684,59.36579675143132,14.418245071511404,11.602567871779002,0.0,0.0,0.0,0.0
2839,BR80DT2.2,DT,manual,en,980,981,425,pass,,0,12935,6158.549999999996,6293,3656.0722758352713,1865,714.5499436674452,0,0.0,0,0.0,48.65094704290684,59.36579675143132,14.418245071511404,11.602567871779002,0.0,0.0,0.0,0.0
2840,BR80DSS2.1,DSS,manual,en,36,55,41,pass,,0,3933,3359.24,3804,3301.3569999999995,2,3.2599999999997635,14,8.9,0,0.0,96.72006102212052,98.27690191829103,0.05085176709890669,0.09704576035054845,0.3559623696923468,0.26494087948464534,0.0,0.0
2841,BR80DT2.6,DT,manual,en,980,981,425,pass,,0,12935,6158.549999999996,6293,3656.0722758352713,1865,714.5499436674452,0,0.0,0,0.0,48.65094704290684,59.36579675143132,14.418245071511404,11.602567871779002,0.0,0.0,0.0,0.0
2842,BR80DT2.7,DT,manual,en,980,981,425,pass,,0,12935,6158.549999999996,6293,3656.0722758352713,1865,714.5499436674452,0,0.0,0,0.0,48.65094704290684,59.36579675143132,14.418245071511404,11.602567871779002,0.0,0.0,0.0,0.0
2843,BR80DSS2.2,DSS,manual,en,36,55,41,pass,,0,3933,3359.24,3804,3301.3569999999995,2,3.2599999999997635,14,8.9,0,0.0,96.72006102212052,98.27690191829103,0.05085176709890669,0.09704576035054845,0.3559623696923468,0.26494087948464534,0.0,0.0
2844,BR80DSG2.0,DSG,manual,en,442,441,223,pass,,0,5620,3391.8799999999965,3296,2278.375714285711,2324,1113.504285714285,0,0.0,0,0.0,58.64768683274021,67.17147169963896,41.35231316725979,32.82852830036104,0.0,0.0,0.0,0.0
2845,BR81DT1,DT,manual,en,747,748,310,pass,,0,10550,5498.929999999998,4409,3108.70957720057,508,205.3943333333309,57,34.33,0,0.0,41.791469194312796,56.53299054908084,4.815165876777251,3.7351690844097125,0.5402843601895735,0.6243032735459446,0.0,0.0
2846,BR81DT2,DT,manual,en,833,833,421,pass,,0,12121,6668.630000000002,6966,4405.107090964595,723,302.4157698412673,0,0.0,0,0.0,57.470505733850345,66.05715253304793,5.964854384951737,4.534901019268834,0.0,0.0,0.0,0.0
2847,BR81DT3,DT,manual,en,873,874,455,pass,,0,12348,7046.309999999992,8100,5355.683302808298,1746,658.156078144077,0,0.0,0,0.0,65.59766763848397,76.00692139301711,14.139941690962099,9.340436031682934,0.0,0.0,0.0,0.0
2848,BR81DSS2,DSS,manual,en,40,65,51,pass,,0,4931,4394.000000000002,4838,4359.230649350651,93,34.76935064935026,0,0.0,0,0.0,98.11397282498478,99.208708451312,1.88602717501521,0.7912915486879891,0.0,0.0,0.0,0.0
2849,BR81DT4,DT,manual,en,964,964,401,pass,,0,15733,6869.360000000003,6303,3390.7985241980273,2006,733.5580476190481,0,0.0,0,0.0,40.06228945528507,49.36119993999478,12.750270132841797,10.678695651691683,0.0,0.0,0.0,0.0
2850,BR81DT5,DT,manual,en,510,511,275,pass,,0,7879,5014.940000000002,5394,3894.304376984125,755,369.23911111111227,0,0.0,0,0.0,68.46046452595508,77.65405721671891,9.582434319076025,7.362782228922223,0.0,0.0,0.0,0.0
2851,BR81DSS3,DSS,manual,en,189,205,115,pass,,0,6047,4141.859999999999,4944,3671.6318140470657,1103,470.22818595293285,0,0.0,0,0.0,81.75955019017695,88.64693191095466,18.24044980982305,11.353068089045331,0.0,0.0,0.0,0.0
2852,BR81DT6,DT,manual,en,766,766,384,pass,,0,10437,5669.689999999999,6124,3837.8487622655066,1703,813.4628340548359,0,0.0,0,0.0,58.67586471208202,67.69062792261143,16.316949314937244,14.347571631867634,0.0,0.0,0.0,0.0
2853,BR82DSS1.1,DSS,manual,en,307,315,176,pass,,0,6845,4172.329999999998,5539,3640.541073620822,1306,531.7889263791759,0,0.0,0,0.0,80.92037983929876,87.25438960055469,19.079620160701243,12.745610399445301,0.0,0.0,0.0,0.0
2854,BR82DSS1.2,DSS,manual,en,307,315,176,pass,,0,6845,4172.329999999998,5539,3640.541073620822,1306,531.7889263791759,0,0.0,0,0.0,80.92037983929876,87.25438960055469,19.079620160701243,12.745610399445301,0.0,0.0,0.0,0.0
2855,BR82DSS1.3,DSS,manual,en,307,315,176,pass,,0,6845,4172.329999999998,5539,3640.541073620822,1306,531.7889263791759,0,0.0,0,0.0,80.92037983929876,87.25438960055469,19.079620160701243,12.745610399445301,0.0,0.0,0.0,0.0
2856,BR82DSS2.1,DSS,manual,en,441,446,273,pass,,0,7025,4901.72,5542,3956.40757142857,1112,752.8874285714281,14,8.98,0,0.0,78.88967971530249,80.71467916218327,15.829181494661922,15.359658009258549,0.199288256227758,0.18320099883306268,0.0,0.0
2857,BR82DT,DT,manual,en-GB,749,749,357,pass,,0,10010,4981.849999999996,5870,3301.3730714285707,1132,481.537861111108,0,0.0,0,0.0,58.64135864135864,66.26801432055508,11.308691308691309,9.665844236801759,0.0,0.0,0.0,0.0
2858,BR82DSS2.2,DSS,manual,en,441,446,273,pass,,0,7025,4901.72,5542,3956.40757142857,1112,752.8874285714281,14,8.98,0,0.0,78.88967971530249,80.71467916218327,15.829181494661922,15.359658009258549,0.199288256227758,0.18320099883306268,0.0,0.0
2859,BR82DSS2.3,DSS,manual,en,441,446,273,pass,,0,7025,4901.72,5542,3956.40757142857,1112,752.8874285714281,14,8.98,0,0.0,78.88967971530249,80.71467916218327,15.829181494661922,15.359658009258549,0.199288256227758,0.18320099883306268,0.0,0.0
2860,BR83DSS1.1,DSS,manual,en,1134,1134,615,pass,,0,12552,6971.548999999997,7688,4542.480166666668,4849,2420.108833333329,15,8.959999999999999,0,0.0,61.24920331421288,65.1574014134688,38.631293817718294,34.71407621653854,0.11950286806883365,0.12852236999266595,0.0,0.0
2861,BR83DSS1.2,DSS,manual,en,1134,1134,615,pass,,0,12552,6971.548999999997,7688,4542.480166666668,4849,2420.108833333329,15,8.959999999999999,0,0.0,61.24920331421288,65.1574014134688,38.631293817718294,34.71407621653854,0.11950286806883365,0.12852236999266595,0.0,0.0
2862,BR83DSS1.3,DSS,manual,en,1134,1134,615,pass,,0,12552,6971.548999999997,7688,4542.480166666668,4849,2420.108833333329,15,8.959999999999999,0,0.0,61.24920331421288,65.1574014134688,38.631293817718294,34.71407621653854,0.11950286806883365,0.12852236999266595,0.0,0.0
2863,BR83DSS1.5,DSS,manual,en,1134,1134,615,pass,,0,12552,6971.548999999997,7688,4542.480166666668,4849,2420.108833333329,15,8.959999999999999,0,0.0,61.24920331421288,65.1574014134688,38.631293817718294,34.71407621653854,0.11950286806883365,0.12852236999266595,0.0,0.0
2864,BR83DSS2.0,DSS,manual,en,494,496,265,pass,,0,7209,4023.029999999996,5107,3194.5038235930697,0,0.0,0,0.0,0,0.0,70.84200305174087,79.40541889056439,0.0,0.0,0.0,0.0,0.0,0.0
2865,BR83DT2.2,DT,manual,en,536,536,251,pass,,0,7068,4137.65,3724,2791.530252886002,0,0.0,0,0.0,0,0.0,52.68817204301075,67.46656321549676,0.0,0.0,0.0,0.0,0.0,0.0
2866,BR85DS1.1,DS,manual,en,446,446,241,pass,,0,6507,3158.529999999996,4607,2450.6432619047596,7,3.138333333333321,0,0.0,0,0.0,70.80067619486707,77.58809515517544,0.10757645612417396,0.0993605675213889,0.0,0.0,0.0,0.0
2867,BR85DS1.2,DS,manual,en,446,446,241,pass,,0,6507,3158.529999999996,4607,2450.6432619047596,7,3.138333333333321,0,0.0,0,0.0,70.80067619486707,77.58809515517544,0.10757645612417396,0.0993605675213889,0.0,0.0,0.0,0.0
2868,BR85DS1.3,DS,manual,en,446,446,241,pass,,0,6507,3158.529999999996,4607,2450.6432619047596,7,3.138333333333321,0,0.0,0,0.0,70.80067619486707,77.58809515517544,0.10757645612417396,0.0993605675213889,0.0,0.0,0.0,0.0
2869,RA65TS1,TS,manual,en,45,74,54,pass,,0,6042,4421.939999999999,5810,4202.398999999999,129,88.80099999999993,103,130.74,0,0.0,96.16021185038066,95.03518817532579,2.135054617676266,2.0081909750019213,1.7047335319430652,2.9566208496723165,0.0,0.0
2870,RA65TS3,TS,manual,en,74,87,55,pass,,0,5230,4401.219999999999,3601,2749.1359999999995,38,23.22100000000046,1412,1457.1299999999999,0,0.0,68.8527724665392,62.463044337706364,0.7265774378585086,0.5276037098804527,26.998087954110897,33.10741112691481,0.0,0.0
2871,RA65TS4,TS,manual,en,83,107,84,pass,,0,6535,4464.719999999999,6340,4288.548,39,23.5,11,9.059999999999999,0,0.0,97.01606732976282,96.05413105413106,0.5967865340474369,0.5263487967890484,0.16832440703902066,0.2029242595280331,0.0,0.0
2872,RV78DT1,DT,manual,en,133,147,106,pass,,0,6473,5944.5199999999995,5655,5432.0289999999995,159,64.34999999999991,17,66.18,0,0.0,87.36289201297699,91.37876565307207,2.456357175961687,1.0825096054853869,0.26262938359338794,1.1132942609327585,0.0,0.0
2873,RV78DS1,DS,manual,en,433,433,254,pass,,0,4925,3161.7980000000007,3854,2477.7160000000013,0,0.0,23,14.48,0,0.0,78.25380710659898,78.36414597010943,0.0,0.0,0.467005076142132,0.45796727052139313,0.0,0.0
2874,RV78DT2,DT,manual,en,541,546,353,pass,,0,10782,6428.342,8771,5447.313000000001,380,210.45499999999947,12,8.280000000000001,0,0.0,81.34854386941198,84.73900424090692,3.524392506028566,3.2738612849160718,0.11129660545353366,0.1288045968929469,0.0,0.0
2875,RV78DT3,DT,manual,en,389,400,236,pass,,0,9241,5802.280000000001,7291,4866.595999999999,309,196.46399999999971,12,7.3999999999999995,0,0.0,78.89838762038741,83.8738564840028,3.3437939616924575,3.385979304687118,0.12985607618223136,0.1275360720268584,0.0,0.0
2876,RV78DS2,DS,manual,en,507,508,292,pass,,0,6954,3628.839999999997,5531,3004.81826190476,2,1.1514285714285712,0,0.0,0,0.0,79.53695714696578,82.80382331281518,0.028760425654299683,0.031729934949696656,0.0,0.0,0.0,0.0
2877,RV78DS3,DS,manual,en,487,487,287,pass,,0,5572,3213.909999999998,4360,2631.290919913417,0,0.0,0,0.0,0,0.0,78.2483847810481,81.87195409682967,0.0,0.0,0.0,0.0,0.0,0.0
2878,RV78DT4,DT,manual,en,370,376,197,pass,,0,7301,4863.6489999999985,5625,3940.300312500003,485,285.2203125000006,12,8.82,0,0.0,77.04424051499795,81.01530995554994,6.642925626626489,5.864327637541293,0.16436104643199562,0.18134532323364624,0.0,0.0
2879,RV78DT5,DT,manual,en,575,580,243,pass,,0,8518,5126.879999999999,4411,3112.5673333333352,798,514.7586666666655,30,22.1,0,0.0,51.784456445174925,60.71075065797007,9.368396337168349,10.040388436371936,0.3521953510213665,0.43106138626221024,0.0,0.0
2880,RV78DS4,DS,manual,en,499,499,275,pass,,0,6010,3379.310000000003,4412,2674.058086607837,4,2.8999999999999773,0,0.0,0,0.0,73.41098169717138,79.13029839250719,0.06655574043261231,0.0858163352873804,0.0,0.0,0.0,0.0
2881,RV78DS5,DS,manual,en,664,665,386,pass,,0,7986,4289.030000000001,6149,3508.125936174935,13,7.644285714285843,0,0.0,0,0.0,76.99724517906336,81.7929913331204,0.16278487352867518,0.17822877700286177,0.0,0.0,0.0,0.0
2882,RV78DT7,DT,manual,en,498,505,258,pass,,0,8653,5092.429999999999,6029,3957.2879999999973,1186,549.8410000000029,12,7.960000000000001,0,0.0,69.67525713625332,77.7092272255092,13.706229053507455,10.797222544050737,0.13868022651103665,0.15631044511166578,0.0,0.0
2883,RV78DS6,DS,manual,en,518,518,289,pass,,0,7058,4511.598999999999,5049,3243.8119999999976,52,38.2949999999999,73,69.36,0,0.0,71.53584584868234,71.89938644813066,0.7367526211391329,0.8488121395540673,1.0342873335222442,1.537370675009016,0.0,0.0
2884,RV78DS7,DS,manual,en,417,421,256,pass,,0,6674,3999.2599999999998,5618,3460.621,0,0.0,13,7.840000000000001,0,0.0,84.17740485465987,86.53153333366674,0.0,0.0,0.19478573569074017,0.19603626670934127,0.0,0.0
2885,RV79DS1,DS,manual,en,258,267,150,pass,,0,5122,3125.1100000000006,4227,2762.684714285717,0,0.0,0,0.0,0,0.0,82.52635689183913,88.40279907861536,0.0,0.0,0.0,0.0,0.0,0.0
2886,RV79DS2,DS,manual,en,390,392,244,pass,,0,4482,2943.4900000000002,3433,2329.5375714285715,1034,594.5924285714286,15,19.36,0,0.0,76.59526996876394,79.14202431224741,23.070058009817046,20.200253052377573,0.33467202141900937,0.657722635375014,0.0,0.0
2887,RV79DS3,DS,manual,en,377,385,214,pass,,0,6503,4023.4800000000023,4895,3333.923971944721,0,0.0,0,0.0,0,0.0,75.27295094571735,82.86170111308417,0.0,0.0,0.0,0.0,0.0,0.0
2888,RV79DS4,DS,manual,en,297,307,185,pass,,0,6041,3884.960000000001,5194,3510.286698412698,0,0.0,0,0.0,0,0.0,85.97914252607184,90.35580027626274,0.0,0.0,0.0,0.0,0.0,0.0
2889,RV80DS1,DS,manual,en,482,485,254,pass,,0,6674,4059.539999999997,4399,3054.534666666665,0,0.0,0,0.0,0,0.0,65.91249625412047,75.24336911735486,0.0,0.0,0.0,0.0,0.0,0.0
2890,RV80DS2,DS,manual,en,445,448,232,pass,,0,6219,3904.9500000000003,4105,2919.93095238095,20,16.950000000000045,0,0.0,0,0.0,66.00739668757035,74.77511754006966,0.32159511175430133,0.43406445665117466,0.0,0.0,0.0,0.0
2891,RV80DS3,DS,manual,en,383,385,200,pass,,0,5287,3505.0899999999956,3532,2719.6310119047625,0,0.0,0,0.0,0,0.0,66.80537166635143,77.59090385424528,0.0,0.0,0.0,0.0,0.0,0.0
2892,RV80DS4,DS,manual,en,340,341,193,pass,,0,5116,3562.3700000000003,4089,3037.5004999999996,0,0.0,0,0.0,0,0.0,79.92572322126661,85.26628340121884,0.0,0.0,0.0,0.0,0.0,0.0
2893,RV81DS1,DS,manual,en,280,280,140,pass,,0,4708,3379.9799999999987,3484,2763.953408369407,140,73.99999999999989,0,0.0,0,0.0,74.00169923534409,81.77425334970644,2.9736618521665252,2.1893620672311647,0.0,0.0,0.0,0.0
2894,RV81DS2,DS,manual,en,394,393,206,pass,,0,6191,4084.1599999999953,4003,2823.246943001442,783,599.638,0,0.0,0,0.0,64.6583750605718,69.12674682190328,12.647391374575998,14.68203988090576,0.0,0.0,0.0,0.0
2895,RV82DS1,DS,manual,en,142,147,85,pass,,0,4819,3518.5000000000005,4253,3089.0190000000007,503,374.6809999999995,63,54.8,0,0.0,88.25482465241751,87.79363365070344,10.437850176385142,10.648884467812973,1.307325171197344,1.5574818814835865,0.0,0.0
2896,RV82DS2,DS,manual,en,343,345,193,pass,,0,5103,3098.639999999995,4030,2646.5612462814947,0,0.0,0,0.0,0,0.0,78.97315304722711,85.41041380352345,0.0,0.0,0.0,0.0,0.0,0.0
2897,RV82DS3,DS,manual,en,421,421,232,pass,,0,4534,2531.700000000001,3215,1970.700317099567,0,0.0,0,0.0,0,0.0,70.90868989854434,77.84098894417056,0.0,0.0,0.0,0.0,0.0,0.0
2898,RV83DS1,DS,manual,en,460,465,249,pass,,0,7426,4044.6900000000046,5576,3274.262226190476,52,27.049999999999727,0,0.0,0,0.0,75.08753029894963,80.95211811512063,0.7002423915970913,0.6687780769354313,0.0,0.0,0.0,0.0
2899,RV83DS2,DS,manual,en,483,487,259,pass,,0,6963,3989.780000000004,5337,3281.031563492069,0,0.0,0,0.0,0,0.0,76.64799655320982,82.23590181644265,0.0,0.0,0.0,0.0,0.0,0.0
2900,RV83DS3,DS,manual,en,279,284,159,pass,,0,5247,3509.6999999999985,4357,3136.1482279942247,0,0.0,0,0.0,0,0.0,83.03792643415285,89.35658967986512,0.0,0.0,0.0,0.0,0.0,0.0
2901,RV84DS1,DS,manual,en,550,550,327,pass,,0,6861,4608.43,5116,3579.7099999999987,0,0.0,12,8.98,0,0.0,74.56638973910509,77.67743027451863,0.0,0.0,0.17490161783996502,0.19486028864493982,0.0,0.0
2902,RV84DS2,DS,manual,en,631,631,371,pass,,0,7601,4037.88,5877,3348.3324143911627,0,0.0,0,0.0,0,0.0,77.31877384554664,82.92302927256785,0.0,0.0,0.0,0.0,0.0,0.0
2903,RV84DS3,DS,manual,en,462,463,277,pass,,0,6649,3880.460000000001,5455,3431.558314574316,0,0.0,0,0.0,0,0.0,82.04241239284103,88.43174042701935,0.0,0.0,0.0,0.0,0.0,0.0
2904,RV85DT1,DT,manual,en,300,310,177,pass,,0,5948,4055.6700000000005,4865,3431.562,1071,617.8880000000007,12,6.22,0,0.0,81.79219905850707,84.61146986811056,18.00605245460659,15.235164596725093,0.20174848688634836,0.15336553516435014,0.0,0.0
2905,RV85DS1,DS,manual,en,372,373,226,pass,,0,5923,3361.619999999999,4962,2967.1338719336227,0,0.0,0,0.0,0,0.0,83.775113962519,88.26499937332666,0.0,0.0,0.0,0.0,0.0,0.0
2906,RV85DT2,DT,manual,en,261,266,159,pass,,0,5694,3910.250000000002,4666,3433.9356623376643,0,0.0,0,0.0,0,0.0,81.94590797330524,87.81882647753118,0.0,0.0,0.0,0.0,0.0,0.0
2907,RV85DT3,DT,manual,en,289,295,167,pass,,0,5660,3701.579999999999,4703,3295.8960238095237,28,14.777500000000032,0,0.0,0,0.0,83.09187279151944,89.04024832124458,0.49469964664310956,0.3992214135585354,0.0,0.0,0.0,0.0
2908,RV85DS2,DS,manual,en,317,320,191,pass,,0,5058,3092.410000000002,4129,2724.436456793206,0,0.0,0,0.0,0,0.0,81.63305654408857,88.10075173709839,0.0,0.0,0.0,0.0,0.0,0.0
2909,OJ77DT1,DT,manual,en,606,618,338,pass,,0,11008,6309.590000000001,8038,5165.507166666668,0,0.0,0,0.0,0,0.0,73.01962209302326,81.8675566346889,0.0,0.0,0.0,0.0,0.0,0.0
2910,OJ77DT2,DT,manual,en,464,477,251,pass,,0,11345,6614.8200000000015,7801,5234.666124098125,3179,1237.6883203463208,0,0.0,0,0.0,68.76156897311591,79.1354280856943,28.021154693697664,18.710839000098574,0.0,0.0,0.0,0.0
2911,OJ77DT3,DT,manual,en,346,356,204,pass,,0,8831,5174.350000000001,7067,4468.405936813185,1754,702.474063186816,0,0.0,0,0.0,80.02491224096931,86.35685519559333,19.861850300079265,13.576083241118514,0.0,0.0,0.0,0.0
2912,OJ77DT4,DT,manual,en,533,538,298,pass,,0,9872,6017.780000000001,7359,4991.228570124323,2169,873.4699448051907,0,0.0,0,0.0,74.54416531604538,82.94135993878676,21.971231766612643,14.514820163003478,0.0,0.0,0.0,0.0
2913,WO78DSS1,DSS,manual,en,89,113,78,pass,,0,7205,4922.229999999999,6737,4619.030178571429,468,303.1998214285697,0,0.0,0,0.0,93.50451075641915,93.84019394809731,6.495489243580846,6.15980605190269,0.0,0.0,0.0,0.0
2914,WO78DSS2,DSS,manual,en,312,328,204,pass,,0,8442,5196.430000000001,7584,4796.7713138528115,858,399.65868614718954,0,0.0,0,0.0,89.8365316275764,92.30897585174458,10.163468372423596,7.691024148255425,0.0,0.0,0.0,0.0
2915,WO78DSS3,DSS,manual,en,168,185,112,pass,,0,7083,5349.420000000003,6239,4933.257277777781,844,416.1627222222214,0,0.0,0,0.0,88.0841451362417,92.22041413420106,11.915854863758295,7.779585865798931,0.0,0.0,0.0,0.0
2916,ML70I,I,manual,en,75,78,48,pass,,0,1814,927.4999999999998,1576,823.8643964646467,26,15.090000000000032,32,12.34,0,0.0,86.87982359426681,88.82635002314252,1.4332965821389194,1.626954177897578,1.7640573318632855,1.330458221024259,0.0,0.0
2917,ML72IFW,IFW,manual,en,652,652,311,pass,,0,8175,5280.151,4721,3187.378999999997,0,0.0,26,26.900000000000002,0,0.0,57.74923547400611,60.365300159029495,0.0,0.0,0.3180428134556575,0.5094551273249572,0.0,0.0
2918,US66FRR1,FRR,manual,en,81,85,49,pass,,0,2681,1592.0140000000001,2163,1379.095722222222,518,212.9182777777781,0,0.0,0,0.0,80.67885117493472,86.6258539323286,19.321148825065276,13.374146067671395,0.0,0.0,0.0,0.0
2919,US66FRR2,FRR,manual,en,72,77,43,pass,,0,2710,1655.8310000000006,2230,1444.186726190477,480,211.6442738095236,0,0.0,0,0.0,82.28782287822878,87.21824426469105,17.71217712177122,12.78175573530895,0.0,0.0,0.0,0.0
2920,US66FRR3,FRR,manual,en,8,18,14,pass,,0,2072,1691.0310000000004,1925,1632.7820000000002,147,58.24900000000021,0,0.0,0,0.0,92.9054054054054,96.55541501013286,7.094594594594595,3.4445849898671397,0.0,0.0,0.0,0.0
2921,US66FRR4,FRR,manual,en,8,20,16,pass,,0,2325,1666.978,2210,1619.991,115,46.986999999999966,0,0.0,0,0.0,95.05376344086021,97.18130653193984,4.946236559139785,2.8186934680601645,0.0,0.0,0.0,0.0
2922,US66FRR5,FRR,manual,en,25,34,23,pass,,0,2259,1668.9410000000003,2083,1598.0216666666668,176,70.91933333333354,0,0.0,0,0.0,92.20894200973882,95.75063867845937,7.791057990261177,4.249361321540637,0.0,0.0,0.0,0.0
2923,US66FRR6,FRR,manual,en,122,122,64,pass,,0,3030,1607.9979999999991,2277,1309.0180666666663,753,298.9799333333329,0,0.0,0,0.0,75.14851485148515,81.40669743784923,24.85148514851485,18.593302562150765,0.0,0.0,0.0,0.0
2924,US66FRR7,FRR,manual,en,18,28,19,pass,,0,2193,1678.9680000000003,2041,1618.3708750000003,152,60.597125,0,0.0,0,0.0,93.0688554491564,96.39081120068994,6.931144550843594,3.6091887993100515,0.0,0.0,0.0,0.0
2925,US66FRR8,FRR,manual,en,8,18,14,pass,,0,1920,1648.349,1810,1604.976,110,43.37299999999985,0,0.0,0,0.0,94.27083333333333,97.36870043904538,5.729166666666667,2.6312995609546186,0.0,0.0,0.0,0.0
2926,BR71FCLW,FCLW,manual,en,155,157,88,pass,,0,3654,2292.0299999999997,2859,1987.6369523809517,0,0.0,130,62.39000000000001,0,0.0,78.24302134646962,86.71949984864736,0.0,0.0,3.557744937055282,2.7220411600197214,0.0,0.0
2927,OJ78FOE,FOE,manual,en,23,25,13,pass,,0,1023,588.7,703,444.3806776556777,108,53.92932234432243,212,90.39000000000001,0,0.0,68.71945259042033,75.48508198669572,10.557184750733137,9.160747807766676,20.72336265884653,15.354170205537628,0.0,0.0
2928,US80WOL,WOL,manual,en,757,757,370,pass,,0,7873,4268.719999999995,4161,2823.137749417247,0,0.0,15,11.399999999999999,0,0.0,52.85151784580211,66.13546331024875,0.0,0.0,0.1905245776705195,0.2670589778669018,0.0,0.0
2929,OJ81FOG,FOG,manual,en,23,23,4,pass,,0,1537,702.4099999999999,36,14.870000000000005,105,38.71636363636367,372,195.98999999999998,0,0.0,2.342225113858165,2.1169971953702262,6.831489915419649,5.511932295434813,24.20299284320104,27.902507082757936,0.0,0.0
2930,OJ81FQA,FQA,manual,en,3,10,9,pass,,0,1482,1091.5600000000002,1279,990.7800000000001,0,0.0,203,100.78,0,0.0,86.30229419703105,90.76734215251567,0.0,0.0,13.697705802968962,9.232657847484333,0.0,0.0
2931,US84FCC,FCC,manual,en,1,1,0,warn,zero_k_passages,1,6402,4537.6,0,0.0,0,0.0,6402,4537.6,0,0.0,0.0,0.0,0.0,0.0,100.0,100.0,0.0,0.0
2932,BR85IRF,IRF,manual,en,111,111,32,pass,,0,3438,1416.376000000002,769,392.954888888889,0,0.0,325,127.21300000000001,0,0.0,22.36765561372891,27.743684508131206,0.0,0.0,9.453170447934847,8.98158398617315,0.0,0.0
2933,US89FSM,FSM,manual,en-GB,165,180,89,pass,,0,11070,6018.270000000007,5109,3012.7153381618436,0,0.0,186,172.43,0,0.0,46.15176151761518,50.059491152139074,0.0,0.0,1.6802168021680217,2.8651090761963123,0.0,0.0
2934,BR95FOF,FOF,manual,en,3,3,0,warn,zero_k_passages,1,2352,1890.42,0,0.0,1230,1101.5845454545456,1122,788.8354545454546,0,0.0,0.0,0.0,52.295918367346935,58.27194726328253,47.704081632653065,41.72805273671748,0.0,0.0
2935,GSBR74DT01,DT,manual,en,442,447,230,pass,,0,9646,5948.098999999999,6679,4486.150000000004,1114,528.544,11,7.34,0,0.0,69.2411362222683,75.42157586818922,11.548828529960605,8.885931454738733,0.11403690648973668,0.1234007705655202,0.0,0.0
2936,GSBR74DT02,DT,manual,en,435,437,223,pass,,0,7452,4537.33,5255,3415.227,943,466.3839999999975,11,9.559999999999999,0,0.0,70.51798174986581,75.26953075927914,12.654320987654321,10.278820363517697,0.14761137949543746,0.21069659910123353,0.0,0.0
2937,GSBR74DT03,DT,manual,en,553,562,310,pass,,0,9588,6407.830000000002,7530,5254.974999999998,273,176.01260000000343,11,9.06,0,0.0,78.53566958698373,82.00865191492278,2.8473091364205256,2.74683629247348,0.114726741760534,0.14138951876064124,0.0,0.0
2938,GSBR74DT04,DT,manual,en,539,543,289,pass,,0,9370,6112.62,7119,4958.274,531,307.53799999999876,11,7.699999999999999,0,0.0,75.97652081109925,81.11536460633903,5.667022411953042,5.031197751536964,0.11739594450373532,0.12596889713412576,0.0,0.0
2939,GSBR74DT05,DT,manual,en,650,655,363,pass,,0,11430,6672.4400000000005,8372,5289.135000000001,1661,728.1949999999993,11,7.72,0,0.0,73.24584426946632,79.26837858414613,14.531933508311461,10.913473931575243,0.09623797025371829,0.11569980396976218,0.0,0.0
2940,GSBR74DT06,DT,manual,en,441,445,248,pass,,0,8136,5033.16,6204,3964.0639999999958,906,526.6320000000022,12,7.1,0,0.0,76.25368731563422,78.75895063935968,11.135693215339233,10.463247740981853,0.14749262536873156,0.1410644604979774,0.0,0.0
2941,GSBR74DT07,DT,manual,en,801,807,446,pass,,0,13616,7484.6900000000005,9712,5515.128333333331,1843,1083.309000000003,12,8.0,0,0.0,71.32784958871916,73.68546103223154,13.535546415981198,14.473665575995836,0.0881316098707403,0.10688485428254209,0.0,0.0
2942,GSBR74DT08,DT,manual,en,623,633,340,pass,,0,11415,6140.408000000001,8660,4996.726125000002,931,429.78299999999837,12,6.699999999999999,0,0.0,75.86508979413053,81.37449702039345,8.155935173017959,6.999258029759558,0.10512483574244415,0.10911327064911644,0.0,0.0
2943,GSBR74DT09,DT,manual,en,514,519,281,pass,,0,9207,5530.210000000001,6952,4362.960846153847,698,373.5012352941202,12,6.799,0,0.0,75.50776583034647,78.89322188766515,7.581188226349517,6.7538345794123575,0.13033561420658196,0.12294289005299978,0.0,0.0
2944,GSBR74DT10,DT,manual,en,271,279,168,pass,,0,6150,4083.2400000000002,4981,3463.7599999999993,219,106.39,12,8.84,0,0.0,80.99186991869918,84.82871445224869,3.5609756097560976,2.605528942702364,0.1951219512195122,0.2164947443696672,0.0,0.0
2945,GSBR74DT11,DT,manual,en,808,816,408,pass,,0,13968,7684.709000000001,9269,5451.74155555556,884,446.1934444444439,12,8.059999999999999,0,0.0,66.35882016036655,70.942719568894,6.328751431844215,5.806250366076892,0.0859106529209622,0.10488360717367434,0.0,0.0
2946,OJ80CB1,CB,manual,en,757,757,370,pass,,0,7873,4268.719999999995,4161,2823.137749417247,0,0.0,15,11.399999999999999,0,0.0,52.85151784580211,66.13546331024875,0.0,0.0,0.1905245776705195,0.2670589778669018,0.0,0.0
2947,OJ80CB2,CB,manual,en,636,637,327,pass,,0,6596,4172.839999999998,3891,3050.6601882284385,0,0.0,15,11.24,0,0.0,58.99029714978775,73.10752840340008,0.0,0.0,0.22741055184960582,0.26936091486853087,0.0,0.0
2948,OJ80CB3,CB,manual,en,928,928,448,pass,,0,9908,4853.859999999997,5089,2993.429807720061,0,0.0,15,11.5,0,0.0,51.362535324989906,61.67111963921627,0.0,0.0,0.15139281388776746,0.2369248392001419,0.0,0.0
2949,OJ80CB4,CB,manual,en,534,533,261,pass,,0,7637,4503.059999999996,4665,3243.777676850927,332,190.1049523809511,15,11.52,0,0.0,61.08419536467199,72.03496459853811,4.3472567762210295,4.221683752402838,0.19641220374492602,0.25582603829396033,0.0,0.0
2950,OJ80CB5,CB,manual,en,427,427,221,pass,,0,6772,4071.7699999999945,4371,3089.893650072145,79,33.792857142856974,15,11.73,0,0.0,64.54518606024808,75.88576098532455,1.1665682220909628,0.8299304023276615,0.22150029533372712,0.2880811047775296,0.0,0.0
2951,OJ80CB6,CB,manual,en,925,925,439,pass,,0,9994,5364.439999999995,4901,3359.496972888225,248,99.2216666666668,15,12.19,0,0.0,49.03942365419252,62.62530614357189,2.4814888933360018,1.8496183509679835,0.15009005403241946,0.22723713938453988,0.0,0.0
2952,OJ80CB7,CB,manual,en,659,659,341,pass,,0,8408,5190.612999999991,5213,3846.0293912753905,70,40.86999999999989,15,11.33,0,0.0,62.00047573739296,74.09586095660372,0.8325404376784015,0.78738291604479,0.17840152235965748,0.21827865032511612,0.0,0.0
2953,OJ80CB8,CB,manual,en,584,583,295,pass,,0,6920,4078.2700000000036,4157,2916.9353682151223,52,17.14111111111106,15,11.02,0,0.0,60.07225433526011,71.52384143803916,0.7514450867052023,0.4203034892518407,0.21676300578034682,0.27021261466258956,0.0,0.0
2954,BR80CB9,CB,manual,en,584,586,262,pass,,0,8689,5034.810000000003,4443,3097.1445067155114,0,0.0,0,0.0,0,0.0,51.133617217171135,61.51462531288191,0.0,0.0,0.0,0.0,0.0,0.0
2955,BR80CB10,CB,manual,en,515,515,233,pass,,0,6647,3799.7900000000022,3386,2343.4037896825407,15,7.0919999999999845,0,0.0,0,0.0,50.940273807732815,61.671928966667615,0.22566571385587483,0.18664189336779086,0.0,0.0,0.0,0.0
2956,BR80CB11,CB,manual,en,551,551,277,pass,,0,7174,4144.830000000001,4155,2819.6110606060597,15,4.960000000000036,0,0.0,0,0.0,57.91747978812378,68.02718231160407,0.20908837468636743,0.11966715160814884,0.0,0.0,0.0,0.0
2957,BR80CB12,CB,manual,en,475,476,246,pass,,0,5962,3381.7099999999928,3317,2252.2263300865748,0,0.0,0,0.0,0,0.0,55.63569272056357,66.60022089672324,0.0,0.0,0.0,0.0,0.0,0.0
2958,BR80CB13,CB,manual,en,325,322,154,pass,,0,5215,3086.650000000001,3154,2111.965685425685,120,109.23000000000002,0,0.0,0,0.0,60.47938638542665,68.4225838830345,2.3010546500479387,3.538788006414721,0.0,0.0,0.0,0.0
2959,BR80CB14,CB,manual,en,417,417,213,pass,,0,5131,2813.240000000002,2873,1843.5601326728836,23,8.682727272727334,0,0.0,0,0.0,55.99298382381602,65.5315626350003,0.44825570064314946,0.30863798583580954,0.0,0.0,0.0,0.0
2960,BR80CB15,CB,manual,en,428,428,217,pass,,0,6694,4031.8900000000085,4172,2974.281302308807,0,0.0,0,0.0,0,0.0,62.324469674335226,73.76890992335606,0.0,0.0,0.0,0.0,0.0,0.0
2961,BR75CB2,CB,manual,en,1340,1340,661,pass,,0,13471,6600.119999999997,6682,4013.8144898989835,0,0.0,19,11.66,0,0.0,49.60285056788657,60.81426534516017,0.0,0.0,0.14104372355430184,0.17666345460385577,0.0,0.0
2962,BR75CB3,CB,manual,en,928,927,449,pass,,0,8887,4333.550000000007,4609,2720.61633236209,13,4.912499999999909,20,13.58,0,0.0,51.86227073253066,62.78031480800004,0.14628108473050525,0.11335971662955087,0.22504782266231574,0.313368946937268,0.0,0.0
2963,BR75CB4,CB,manual,en,940,942,451,pass,,0,9947,4880.740000000003,4950,3079.6532474747523,0,0.0,19,12.55,0,0.0,49.76374786367749,63.09808036229649,0.0,0.0,0.19101236553734793,0.25713313964685663,0.0,0.0
2964,BR75CB5,CB,manual,en,1228,1225,622,pass,,0,13667,6927.620000000008,7756,4706.068128676887,38,16.179166666666333,19,12.65,0,0.0,56.749835369869025,67.93196117392237,0.27804199897563475,0.23354581611962427,0.13902099948781738,0.18260239447313775,0.0,0.0
2965,BR75CB6,CB,manual,en,1622,1623,799,pass,,0,15304,7587.529999999996,8001,4878.695773310028,5,1.449999999999818,15,9.83,0,0.0,52.28044955567172,64.29886634135259,0.032671197072660745,0.01911030335299918,0.09801359121798223,0.1295546772137969,0.0,0.0
2966,GS75CB7,CB,manual,en,1092,1092,511,pass,,0,12125,5556.200000000001,5414,3295.9818499001017,0,0.0,14,9.860000000000001,0,0.0,44.651546391752575,59.320792086319805,0.0,0.0,0.1154639175257732,0.1774594147078939,0.0,0.0
2967,GS75CB8,CB,manual,en,1447,1447,679,pass,,0,13208,5795.510000000009,4975,2860.962204822957,0,0.0,14,8.9,0,0.0,37.66656571774682,49.36515000099996,0.0,0.0,0.10599636583888553,0.1535671580240563,0.0,0.0
2968,GS75CB9,CB,manual,en,944,944,444,pass,,0,11583,5549.379999999987,5098,3276.9881576478983,0,0.0,14,10.01,0,0.0,44.01277734611068,59.05142840547783,0.0,0.0,0.1208667875334542,0.18038051097600133,0.0,0.0
2969,BR75CB11,CB,manual,en,1349,1349,610,pass,,0,14786,6176.11000000001,4603,2472.300308857818,8,5.544615384615099,15,9.66,0,0.0,31.130799404842417,40.030056279078806,0.05410523468145543,0.08977520453189937,0.10144731502772893,0.15640913131404693,0.0,0.0
2970,BR75CB12,CB,manual,en,963,962,459,pass,,0,10780,4749.219999999998,4294,2459.6036760461798,6,2.550000000000182,16,10.03,0,0.0,39.83302411873841,51.78963442515151,0.055658627087198514,0.053693027486622705,0.14842300556586271,0.2111925747807009,0.0,0.0
