code,title,catalog_media,year,place,source,link_kind,url,video_id,remote_title,remote_format,match_score
LO61T1,What is the mind?,audio,1961,London,kft_pdf_youtube,primary,https://youtu.be/qABduBARkVM,qABduBARkVM,Audio | J. Krishnamurti – London 1961 – Public Talk 1 – What is the mind?,audio,1.0
LO61T2,What is thinking?,audio,1961,London,kft_pdf_youtube,primary,https://youtu.be/r0eIRGJ1gXI,r0eIRGJ1gXI,Audio | J. Krishnamurti – London 1961 – Public Talk 2 – What is thinking?,audio,1.0
LO61T3,Can the mind experience without leaving a residue as memory?,audio,1961,London,kft_pdf_youtube,primary,https://youtu.be/X5y8NaqtRpk,X5y8NaqtRpk,Audio | J. Krishnamurti – London 1961 – Public Talk 3 – Can the mind experience without leaving...,audio,1.0
LO61T4,Why has the mind to be occupied?,audio,1961,London,kft_pdf_youtube,primary,https://youtu.be/64wiVBPBJ-U,64wiVBPBJ-U,Audio | J. Krishnamurti – London 1961 – Public Talk 4 – Why has the mind to be occupied?,audio,1.0
LO61T5,Can the mind free itself from fear?,audio,1961,London,kft_pdf_youtube,primary,https://youtu.be/W-moDx3OmXU,W-moDx3OmXU,Audio | J. Krishnamurti – London 1961 – Public Talk 5 – Can the mind free itself from fear?,audio,1.0
LO61T6,Can the mind wipe away entirely the conditioning of centuries?,audio,1961,London,kft_pdf_youtube,primary,https://youtu.be/260PAc-z-uo,260PAc-z-uo,Audio | J. Krishnamurti – London 1961 – Public Talk 6 – Can the mind wipe away entirely the...,audio,1.0
LO61T7,What significance has desire?,audio,1961,London,kft_pdf_youtube,primary,https://youtu.be/T4x39NdF8Us,T4x39NdF8Us,Audio | J. Krishnamurti – London 1961 – Public Talk 7 – What significance has desire?,audio,1.0
LO61T8,Can the mind be free from conflict?,audio,1961,London,kft_pdf_youtube,primary,https://youtu.be/x4Bt4_cB36Q,x4Bt4_cB36Q,Audio | J. Krishnamurti – London 1961 – Public Talk 8 – Can the mind be free from conflict?,audio,1.0
LO61T9,Time and death,audio,1961,London,kft_pdf_youtube,primary,https://youtu.be/dgWsTMRcEWg,dgWsTMRcEWg,Audio | J. Krishnamurti – London 1961 – Public Talk 9 – Time and death,audio,1.0
LO61T10,What is the quality of the mind that is capable of meditation?,audio,1961,London,kft_pdf_youtube,primary,https://youtu.be/PWi633S29Lk,PWi633S29Lk,Audio | J. Krishnamurti – London 1961 – Public Talk 10 – What is the quality of the mind that is...,audio,1.0
LO61T11,The truly religious mind is not a slave to time,audio,1961,London,kft_pdf_youtube,primary,https://youtu.be/FsP51H2yExE,FsP51H2yExE,Audio | J. Krishnamurti – London 1961 – Public Talk 11 – The truly religious mind is not a slave...,audio,1.0
LO61T12,How is one to understand the totality of suffering?,audio,1961,London,kft_pdf_youtube,primary,https://youtu.be/TNvLasKZIWo,TNvLasKZIWo,Audio | J. Krishnamurti – London 1961 – Public Talk 12 – How is one to understand the totality of...,audio,1.0
LO65D1,Can we deal with life as a whole?,audio,1965,London,kft_pdf_youtube,primary,https://youtu.be/4JUOo0ImP5g,4JUOo0ImP5g,Audio | J. Krishnamurti – London 1965 – Public Discussion 1 – Can we deal with life as a whole?,audio,1.0
LO65D2,Effort involves dissipation of energy,audio,1965,London,kft_pdf_youtube,primary,https://youtu.be/vK9Rrz7V1rY,vK9Rrz7V1rY,Audio | J. Krishnamurti – London 1965 – Public Discussion 2 – Effort involves dissipation of energy,audio,1.0
LO65D3,Time is disorder,audio,1965,London,kft_pdf_youtube,primary,https://youtu.be/jidij_TWngM,jidij_TWngM,Audio | J. Krishnamurti – London 1965 – Public Discussion 3 – Time is disorder,audio,1.0
LO65D4,Is it possible to live in this world without experiencing?,audio,1965,London,kft_pdf_youtube,primary,https://youtu.be/fVsc9Mrx_aY,fVsc9Mrx_aY,Audio | J. Krishnamurti – London 1965 – Public Discus. 4 – Is it possible to live in this world...,audio,1.0
LO65D5,On change and meditation,audio,1965,London,kft_pdf_youtube,primary,https://youtu.be/XB5DKQFapIA,XB5DKQFapIA,Audio | J. Krishnamurti – London 1965 – Public Discussion 5 – On change and meditation,audio,1.0
LO65D6,Is it possible to look at fear out of silence?,audio,1965,London,kft_pdf_youtube,primary,https://youtu.be/y0EjOUkgcKY,y0EjOUkgcKY,Audio | J. Krishnamurti – London 1965 – Public Discussion 6 – Is it possible to look at fear out...,audio,1.0
LO69T1,Looking at violence without the word,audio,1969,London,kft_pdf_youtube,primary,https://youtu.be/lqsA8NALv8M,lqsA8NALv8M,Audio | J. Krishnamurti – London 1969 – Public Talk 1 – Looking at violence without the word,audio,1.0
LO69T2,Can the mind be free of fear?,audio,1969,London,kft_pdf_youtube,primary,https://youtu.be/k7n_s_6LUhY,k7n_s_6LUhY,Audio | J. Krishnamurti – London 1969 – Public Talk 2 – Can the mind be free of fear?,audio,1.0
LO69T3,A way of living in which there is no division,audio,1969,London,kft_pdf_youtube,primary,https://youtu.be/i8wfcfGHU_Q,i8wfcfGHU_Q,Audio | J. Krishnamurti – London 1969 – Public Talk 3 – A way of living in which there is no...,audio,1.0
LO69T4,Meditation and the activity of silence,audio,1969,London,kft_pdf_youtube,primary,https://youtu.be/60IVE66_47U,60IVE66_47U,Audio | J. Krishnamurti – London 1969 – Public Talk 4 – Meditation and the activity of silence,audio,1.0
BR69T1,Living without resistance,audio,1969,Brockwood Park,kft_pdf_youtube,primary,https://youtu.be/ryaTvOJslOg,ryaTvOJslOg,Audio | J. Krishnamurti – Brockwood Park 1969 – Public Meetings 1 – Living without resistance,audio,1.0
BR69T2,Why are we not completely aware of the psychological dangers in which we live?,audio,1969,Brockwood Park,kft_pdf_youtube,primary,https://youtu.be/6C47rSIv3nI,6C47rSIv3nI,Audio | J. Krishnamurti – Brockwood Park 1969 – Public Meetings 2 – Why are we not completely...,audio,1.0
BR69D1,How am I to become extraordinarily alert?,audio,1969,Brockwood Park,kft_pdf_youtube,primary,https://youtu.be/hL99qUl1SaM,hL99qUl1SaM,Audio | J. Krishnamurti – Brockwood Park 1969 – Public Discus. 1 – How am I to become...,audio,1.0
BR69D2,Can I live completely without resistance?,audio,1969,Brockwood Park,kft_pdf_youtube,primary,https://youtu.be/ezDC67nJsNI,ezDC67nJsNI,Audio | J. Krishnamurti – Brockwood Park 1969 – Public Discus. 2 – Can I live completely without...,audio,1.0
BR69T3,Knowing what love is,audio,1969,Brockwood Park,kft_pdf_youtube,primary,https://youtu.be/l2a9_bzjvIY,l2a9_bzjvIY,Audio | J. Krishnamurti – Brockwood Park 1969 – Public Meetings 3 – Knowing what love is,audio,1.0
BR69T4,Meditation is the beginning of understanding oneself,audio,1969,Brockwood Park,kft_pdf_youtube,primary,https://youtu.be/5hsxwWFXW1E,5hsxwWFXW1E,Audio | J. Krishnamurti – Brockwood Park 1969 – Public Meetings 4 – Meditation is the beginning...,audio,1.0
BR70T1,Observing without the ‘me’,audio,1970,Brockwood Park,kft_pdf_youtube,primary,https://youtu.be/D6PHOGhPc6M,D6PHOGhPc6M,Audio | J. Krishnamurti – Brockwood Park 1970 – Public Meeting 1 – Observing without the ‘me’,audio,1.0
BR70T2,Can one live without psychological effort?,audio,1970,Brockwood Park,kft_pdf_youtube,primary,https://youtu.be/mpj2mvZL_fQ,mpj2mvZL_fQ,Audio | J. Krishnamurti – Brockwood Park 1970 – Public Meeting 2 – Can one live without...,audio,1.0
BR70D1,If one is conforming there is no freedom,audio,1970,Brockwood Park,kft_pdf_youtube,primary,https://youtu.be/IQbd_OcnAC0,IQbd_OcnAC0,Audio | J. Krishnamurti – Brockwood Park 1970 – Public Discus. 1 – If one is conforming there is...,audio,1.0
BR70D2,Maturity is freedom from conditioning,audio,1970,Brockwood Park,kft_pdf_youtube,primary,https://youtu.be/seCdHr_ACU8,seCdHr_ACU8,Audio | J. Krishnamurti – Brockwood Park 1970 – Public Discus. 2 – Maturity is freedom from...,audio,1.0
BR70T3,Does a free mind choose?,audio,1970,Brockwood Park,kft_pdf_youtube,primary,https://youtu.be/3XuNopimqT8,3XuNopimqT8,Audio | J. Krishnamurti – Brockwood Park 1970 – Public Meeting 3 – Does a free mind choose?,audio,1.0
BR70T4,Acting without ideas,audio,1970,Brockwood Park,kft_pdf_youtube,primary,https://youtu.be/AKggy68VpZs,AKggy68VpZs,Audio | J. Krishnamurti – Brockwood Park 1970 – Public Meeting 4 – Acting without ideas,audio,1.0
BR71T1,Being free of the deepest conditioning,audio,1971,Brockwood Park,kft_pdf_youtube,primary,https://youtu.be/XDdM_e0w0d0,XDdM_e0w0d0,Audio | J. Krishnamurti – Brockwood Park 1971 – Public Talk 1 – Being free of the deepest...,audio,1.0
BR71T2,Action without the authority of the image,audio,1971,Brockwood Park,kft_pdf_youtube,primary,https://youtu.be/ECERDuyYbtc,ECERDuyYbtc,Audio | J. Krishnamurti – Brockwood Park 1971 – Public Talk 2 – Action without the authority of...,audio,1.0
BR71D1,Can I live a harmonious life?,audio,1971,Brockwood Park,kft_pdf_youtube,primary,https://youtu.be/EZOce7crw8M,EZOce7crw8M,Audio | J. Krishnamurti – Brockwood Park 1971 – Public Discussion 1 – Can I live a harmonious life?,audio,1.0
BR71D2,Can habit end without decision or choice?,audio,1971,Brockwood Park,kft_pdf_youtube,primary,https://youtu.be/R63I1ReSJX8,R63I1ReSJX8,Audio | J. Krishnamurti – Brockwood Park 1971 – Public Discus. 2 – Can habit end without decision...,audio,1.0
BR71T3,What is the relationship between the pursuit of pleasure and love?,audio,1971,Brockwood Park,kft_pdf_youtube,primary,https://youtu.be/jAAlBUPYJEA,jAAlBUPYJEA,Audio | J. Krishnamurti – Brockwood Park 1971 – Public Talk 3 – What is the relationship between...,audio,1.0
BR71T4,Meditation is the total release of energy,audio,1971,Brockwood Park,kft_pdf_youtube,primary,https://youtu.be/LK4TELr4LVA,LK4TELr4LVA,Audio | J. Krishnamurti – Brockwood Park 1971 – Public Talk 4 – Meditation is the total release...,audio,1.0
BR72T1,Complete freedom from thought,audio,1972,Brockwood Park,kft_pdf_youtube,primary,https://youtu.be/pxflkugI1jY,pxflkugI1jY,Audio | J. Krishnamurti – Brockwood Park 1972 – Public Talk 1 – Complete freedom from thought,audio,1.0
BR72T2,If I don't change now what will the future be?,audio,1972,Brockwood Park,kft_pdf_youtube,primary,https://youtu.be/8beaV0DEaS4,8beaV0DEaS4,Audio | J. Krishnamurti – Brockwood Park 1972 – Public Talk 2 – If I don't change now what will...,audio,1.0
BR72D1,You can learn only if you do not know,audio,1972,Brockwood Park,kft_pdf_youtube,primary,https://youtu.be/8PZNEPXfMpg,8PZNEPXfMpg,Audio | J. Krishnamurti – Brockwood Park 1972 – Public Discus. 1 – You can learn only if you do...,audio,1.0
BR72D2,The action of intelligence,audio,1972,Brockwood Park,kft_pdf_youtube,primary,https://youtu.be/dfOs044CX28,dfOs044CX28,Audio | J. Krishnamurti – Brockwood Park 1972 – Public Discussion 2 – The action of intelligence,audio,1.0
BR72T3,"If freedom is responsibility, how do I act?",audio,1972,Brockwood Park,kft_pdf_youtube,primary,https://youtu.be/jKBLVSK9ez4,jKBLVSK9ez4,"Audio | J. Krishnamurti – Brockwood Park 1972 – Public Talk 3 – If freedom is responsibility, how...",audio,1.0
BR72T4,"To come upon the new, thought must be quiet",audio,1972,Brockwood Park,kft_pdf_youtube,primary,https://youtu.be/5ULCTmwGJQc,5ULCTmwGJQc,"Audio | J. Krishnamurti – Brockwood Park 1972 – Public Talk 4 – To come upon the new, thought...",audio,1.0
BR73T1,Can the fragmented mind be whole?,audio,1973,Brockwood Park,kft_pdf_youtube,primary,https://youtu.be/2za2IzvIEoI,2za2IzvIEoI,Audio | J. Krishnamurti – Brockwood Park 1973 – Public Talk 1 – Can the fragmented mind be whole?,audio,1.0
BR73T2,Why does the mind always cling to the known?,audio,1973,Brockwood Park,kft_pdf_youtube,primary,https://youtu.be/gMbnjW-klx0,gMbnjW-klx0,Audio | J. Krishnamurti – Brockwood Park 1973 – Public Talk 2 – Why does the mind always cling to...,audio,1.0
BR73D1,The word is you,audio,1973,Brockwood Park,kft_pdf_youtube,primary,https://youtu.be/YxVUM8BqJdk,YxVUM8BqJdk,Audio | J. Krishnamurti – Brockwood Park 1973 – Public Discussion 1 – The word is you,audio,1.0
BR73D2,Can the movement of the self end?,audio,1973,Brockwood Park,kft_pdf_youtube,primary,https://youtu.be/uSK0DwI9fy4,uSK0DwI9fy4,Audio | J. Krishnamurti – Brockwood Park 1973 – Public Discus. 2 – Can the movement of the self...,audio,1.0
BR73T3,To live a life that is whole,audio,1973,Brockwood Park,kft_pdf_youtube,primary,https://youtu.be/OMHIFWIsTZw,OMHIFWIsTZw,Audio | J. Krishnamurti – Brockwood Park 1973 – Public Talk 3 – To live a life that is whole,audio,1.0
BR73T4,"Is there anything truly holy, sacred?",audio,1973,Brockwood Park,kft_pdf_youtube,primary,https://youtu.be/N_2JihQj1II,N_2JihQj1II,Audio | J. Krishnamurti – Brockwood Park 1973 – Public Talk 4 – Is there anything truly holy...,audio,1.0
BR74T1,Can the conditioned mind go beyond itself?,audio,1974,Brockwood Park,kft_pdf_youtube,primary,https://youtu.be/t6oH8SsyPvM,t6oH8SsyPvM,Audio | J. Krishnamurti – Brockwood Park 1974 – Public Talk 1 – Can the conditioned mind go...,audio,1.0
BR74T2,Is thought a slave to time?,audio,1974,Brockwood Park,kft_pdf_youtube,primary,https://youtu.be/UUHHkCF7uow,UUHHkCF7uow,Audio | J. Krishnamurti – Brockwood Park 1974 – Public Talk 2 – Is thought a slave to time?,audio,1.0
BR74D1,The place of pleasure,audio,1974,Brockwood Park,kft_pdf_youtube,primary,https://youtu.be/bTjWutwuNCU,bTjWutwuNCU,Audio | J. Krishnamurti – Brockwood Park 1974 – Public Discussion 1 – The place of pleasure,audio,1.0
BR74D2,Is the mind capable of seeing thought?,audio,1974,Brockwood Park,kft_pdf_youtube,primary,https://youtu.be/sef9y0E3ScM,sef9y0E3ScM,Audio | J. Krishnamurti – Brockwood Park 1974 – Public Discus. 2 – Is the mind capable of seeing...,audio,1.0
BR74T3,Death means a total renewal,audio,1974,Brockwood Park,kft_pdf_youtube,primary,https://youtu.be/MCn4cZTlleY,MCn4cZTlleY,Audio | J. Krishnamurti – Brockwood Park 1974 – Public Talk 3 – Death means a total renewal,audio,1.0
BR74T4,The energy to meet problems,audio,1974,Brockwood Park,kft_pdf_youtube,primary,https://youtu.be/uk4yHqclyf8,uk4yHqclyf8,Audio | J. Krishnamurti – Brockwood Park 1974 – Public Talk 4 – The energy to meet problems,audio,1.0
BR75T1,What is the function of thought?,audio,1975,Brockwood Park,kft_pdf_youtube,primary,https://youtu.be/TJa392nGchY,TJa392nGchY,Audio | J. Krishnamurti – Brockwood Park 1975 – Public Talk 1 – What is the function of thought?,audio,1.0
BR75T2,Can suffering end totally?,audio,1975,Brockwood Park,kft_pdf_youtube,primary,https://youtu.be/_LPtEp6IhPg,_LPtEp6IhPg,Audio | J. Krishnamurti – Brockwood Park 1975 – Public Talk 2 – Can suffering end totally?,audio,1.0
BR75D1,The action of total awareness,audio,1975,Brockwood Park,kft_pdf_youtube,primary,https://youtu.be/AwiPPFup9wU,AwiPPFup9wU,Audio | J. Krishnamurti – Brockwood Park 1975 – Public Discussion 1 – The action of total awareness,audio,1.0
BR75D2,Do you respond according to an image?,audio,1975,Brockwood Park,kft_pdf_youtube,primary,https://youtu.be/mFiOP_01Uq0,mFiOP_01Uq0,Audio | J. Krishnamurti – Brockwood Park 1975 – Public Discussion 2 – Do you respond according to...,audio,1.0
BR75T3,Is there something with no beginning or end?,audio,1975,Brockwood Park,kft_pdf_youtube,primary,https://youtu.be/Kk973G84oIc,Kk973G84oIc,Audio | J. Krishnamurti – Brockwood Park 1975 – Public Talk 3 – Is there something with no...,audio,1.0
BR75T4,Can we ever perceive truth?,audio,1975,Brockwood Park,kft_pdf_youtube,primary,https://youtu.be/mDnoUCsVV2Y,mDnoUCsVV2Y,Audio | J. Krishnamurti – Brockwood Park 1975 – Public Talk 4 – Can we ever perceive truth?,audio,1.0
BR76T1,A transformation which implies freedom,video,1976,Brockwood Park,kft_pdf_youtube,primary,https://youtu.be/KRonyIv4nBI,KRonyIv4nBI,J. Krishnamurti - Brockwood Park 1976 - Public Talk 1 - A transformation which implies freedom,video,1.0
BR76T2,Pleasure is a factor of conditioning,video,1976,Brockwood Park,kft_pdf_youtube,primary,https://youtu.be/hMWF7vLWr7A,hMWF7vLWr7A,J. Krishnamurti - Brockwood Park 1976 - Public Talk 2 - Pleasure is a factor of conditioning,video,1.0
BR76D1,How do you observe your fears?,video,1976,Brockwood Park,kft_pdf_youtube,primary,https://youtu.be/C4nW9g7z2D8,C4nW9g7z2D8,J. Krishnamurti - Brockwood Park 1976 - Public Discussion 1 - How do you observe your fears?,video,1.0
BR76D2,Can thought perceive the whole?,video,1976,Brockwood Park,kft_pdf_youtube,primary,https://youtu.be/Ep7lXtozntA,Ep7lXtozntA,J. Krishnamurti - Brockwood Park 1976 - Public Discussion 2 - Can thought perceive the whole?,video,1.0
BR76T3,Is psychological time an invention of thought?,video,1976,Brockwood Park,kft_pdf_youtube,primary,https://youtu.be/pcTo2_iEKbE,pcTo2_iEKbE,J. Krishnamurti - Brockwood Park 1976 - Talk 3 - Is psychological time an invention of thought?,video,1.0
BR76T4,Freedom is the first and last step,video,1976,Brockwood Park,kft_pdf_youtube,primary,https://youtu.be/Jgm2oBl2Y5A,Jgm2oBl2Y5A,J. Krishnamurti - Brockwood Park 1976 - Public Talk 4 - Freedom is the first and last step,video,1.0
BR77T1,Is it possible to see the limitation of thought?,video,1977,Brockwood Park,kft_pdf_youtube,primary,https://youtu.be/S4JiOjz85i8,S4JiOjz85i8,J. Krishnamurti - Brockwood Park 1977 - Public Talk 1 - Is it possible to see the limitation of...,video,1.0
BR77T2,What is the function of the brain?,video,1977,Brockwood Park,kft_pdf_youtube,primary,https://youtu.be/dRG7qWXo5uw,dRG7qWXo5uw,J. Krishnamurti - Brockwood Park 1977 - Public Talk 2 - What is the function of the brain?,video,1.0
BR77D1,Is there such a thing as love?,video,1977,Brockwood Park,kft_pdf_youtube,primary,https://youtu.be/jgGQ2eYM2Vg,jgGQ2eYM2Vg,J. Krishnamurti - Brockwood Park 1977 - Public Discussion 1 - Is there such a thing as love?,video,1.0
BR77D2,Why is your mind chattering?,video,1977,Brockwood Park,kft_pdf_youtube,primary,https://youtu.be/rRrRy_cxPCo,rRrRy_cxPCo,J. Krishnamurti - Brockwood Park 1977 - Public Discussion 2 - Why is your mind chattering?,video,1.0
BR77T3,What is at the very root of sorrow?,video,1977,Brockwood Park,kft_pdf_youtube,primary,https://youtu.be/ETco2E-PgNw,ETco2E-PgNw,J. Krishnamurti - Brockwood Park 1977 - Public Talk 3 - What is at the very root of sorrow?,video,1.0
BR77T4,Is the flowering of goodness a matter of time?,video,1977,Brockwood Park,kft_pdf_youtube,primary,https://youtu.be/inmUua26ydI,inmUua26ydI,J. Krishnamurti - Brockwood Park 1977 - Public Talk 4 - Is the flowering of goodness a...,video,1.0
BR78T1,Can I strip myself of the network of language?,video,1978,Brockwood Park,kft_pdf_youtube,primary,https://youtu.be/_Io-vhYnC4w,_Io-vhYnC4w,J. Krishnamurti - Brockwood Park 1978 - Public Talk 1 - Can I strip myself of the network...,video,1.0
BR78T2,How is one to have complete order?,video,1978,Brockwood Park,kft_pdf_youtube,primary,https://youtu.be/XgkDph72sAw,XgkDph72sAw,J. Krishnamurti - Brockwood Park 1978 - Public Talk 2 - How is one to have complete order?,video,1.0
BR78D1,Are you aware of the structure of yourself?,video,1978,Brockwood Park,kft_pdf_youtube,primary,https://youtu.be/aZb56-ZesRg,aZb56-ZesRg,J. Krishnamurti - Brockwood Park 1978 - Public Discussion 1 - Are you aware of the structure...,video,1.0
BR78D2,Can one learn through relationship?,video,1978,Brockwood Park,kft_pdf_youtube,primary,https://youtu.be/uK6x0Vd4mSU,uK6x0Vd4mSU,J. Krishnamurti - Brockwood Park 1978 - Public Discussion 2 - Can one learn through relationship?,video,1.0
BR78T3,How is freedom to be understood and lived?,video,1978,Brockwood Park,kft_pdf_youtube,primary,https://youtu.be/FObkaNrZrkU,FObkaNrZrkU,J. Krishnamurti - Brockwood Park 1978 - Public Talk 3 - How is freedom to be understood and lived?,video,1.0
BR78T4,The beginning of meditation,video,1978,Brockwood Park,kft_pdf_youtube,primary,https://youtu.be/6y_zN5sCx68,6y_zN5sCx68,J. Krishnamurti - Brockwood Park 1978 - Public Talk 4 - The beginning of meditation,video,1.0
BR79T1,What will make us change?,video,1979,Brockwood Park,kft_pdf_youtube,primary,https://youtu.be/YY_rVTjmglQ,YY_rVTjmglQ,J. Krishnamurti - Brockwood Park 1979 - Public Talk 1 - What will make us change?,video,1.0
BR79T2,Is thought the instrument of right action?,video,1979,Brockwood Park,kft_pdf_youtube,primary,https://youtu.be/4wn9ee_iX0Y,4wn9ee_iX0Y,J. Krishnamurti - Brockwood Park 1979 - Public Talk 2 - Is thought the instrument of right action?,video,1.0
BR79Q1,1st Question & Answer Meeting,video,1979,Brockwood Park,kft_pdf_youtube,primary,https://youtu.be/axYo71Ak53Y,axYo71Ak53Y,Audio | J. Krishnamurti – Madras (Chennai) 1982/83 – Public Q&A 1 – 1st Question & Answer Meeting,audio,1.0
BR79Q2,2nd Question & Answer Meeting,video,1979,Brockwood Park,kft_pdf_youtube,primary,https://youtu.be/JWTZYor6dUM,JWTZYor6dUM,"Audio | J. Krishnamurti - Brockwood Park 1973 - School Disc. 11 - Love, relationship and images - 2",audio,1.0
BR79T3,Can one know oneself completely?,video,1979,Brockwood Park,kft_pdf_youtube,primary,https://youtu.be/nErCKUfZU8w,nErCKUfZU8w,J. Krishnamurti - Brockwood Park 1979 - Public Talk 3 - Can one know oneself completely?,video,1.0
BR79T4,"Meditation, the timeless and love",video,1979,Brockwood Park,kft_pdf_youtube,primary,https://youtu.be/QYIjwaQaiRg,QYIjwaQaiRg,"J. Krishnamurti - Brockwood Park 1979 - Public Talk 4 - Meditation, the timeless and love",video,1.0
BR80T1,What is right action in this chaotic world?,video,1980,Brockwood Park,kft_pdf_youtube,primary,https://youtu.be/xMVhYKutjgI,xMVhYKutjgI,J. Krishnamurti - Brockwood Park 1980 - Public Talk 1 - What is right action in this chaotic world?,video,1.0
BR80T2,Can the brain transform itself?,video,1980,Brockwood Park,kft_pdf_youtube,primary,https://youtu.be/KzBPntK9tfA,KzBPntK9tfA,J. Krishnamurti - Brockwood Park 1980 - Public Talk 2 - Can the brain transform itself?,video,1.0
BR80Q1,1st Question & Answer Meeting,video,1980,Brockwood Park,kft_pdf_youtube,primary,https://youtu.be/wjZFVyGhxgo,wjZFVyGhxgo,"Audio | J. Krishnamurti - Brockwood Park 1973 - School Disc. 10 - Love, relationship and images - 1",audio,1.0
BR80Q2,2nd Question & Answer Meeting,video,1980,Brockwood Park,kft_pdf_youtube,primary,https://youtu.be/7p7lx-D1KOQ,7p7lx-D1KOQ,J. Krishnamurti - Brockwood Park 1980 - Public Q&A 2,video,0.88
BR80T3,What is the relationship between the inner and outer confusion?,video,1980,Brockwood Park,kft_pdf_youtube,primary,https://youtu.be/meZdaRLeTSk,meZdaRLeTSk,J. Krishnamurti - Brockwood Park 1980 - Public Talk 3 - What is the relationship between the...,video,1.0
BR80T4,"Religion, death and meditation",video,1980,Brockwood Park,kft_pdf_youtube,primary,https://youtu.be/u-aQeSu0ink,u-aQeSu0ink,"J. Krishnamurti - Brockwood Park 1980 - Public Talk 4 - Religion, death and meditation",video,1.0
BR81T1,Thought and the problems of our world,video,1981,Brockwood Park,kft_pdf_youtube,primary,https://youtu.be/sXKDU6GXM-4,sXKDU6GXM-4,J. Krishnamurti - Brockwood Park 1981 - Public Talk 1 - Thought and the problems of our world,video,1.0
BR81T2,Looking at the whole content of consciousness,video,1981,Brockwood Park,kft_pdf_youtube,primary,https://youtu.be/YXC-AkZt2Ks,YXC-AkZt2Ks,J. Krishnamurti - Brockwood Park 1981 - Public Talk 2 - Looking at the whole content of...,video,1.0
BR81Q1,1st Question & Answer Meeting,video,1981,Brockwood Park,kft_pdf_youtube,primary,https://youtu.be/ntDcVa740cU,ntDcVa740cU,J. Krishnamurti - Brockwood Park 1981 - Public Q&A 1,video,0.88
BR81Q2,2nd Question & Answer Meeting,video,1981,Brockwood Park,kft_pdf_youtube,primary,https://youtu.be/K-zyiuF1WPo,K-zyiuF1WPo,J. Krishnamurti - Brockwood Park 1981 - Public Q&A 2,video,0.88
BR81T3,"Knowledge, sorrow, death, and to be free of the content of consciousness",video,1981,Brockwood Park,kft_pdf_youtube,primary,https://youtu.be/2awlnBwslbQ,2awlnBwslbQ,"J. Krishnamurti - Brockwood Park 1981 - Public Talk 3 - Knowledge, sorrow, death, and to be free...",video,1.0
BR81T4,What is meditation?,video,1981,Brockwood Park,kft_pdf_youtube,primary,https://youtu.be/aw96QLmEziw,aw96QLmEziw,J. Krishnamurti - Brockwood Park 1981 - Public Talk 4 - What is meditation?,video,1.0
LO82T1,Is it possible not to have conflict and not to have images?,audio,1982,London,kft_pdf_youtube,primary,https://youtu.be/jCdPGOxFt_0,jCdPGOxFt_0,Audio | J. Krishnamurti – London 1982 – Public Talk 1 – Is it possible not to have conflict and...,audio,1.0
LO82T2,Order in consciousness,video,1982,London,kft_pdf_youtube,primary,https://youtu.be/hta0Aae2ZLY,hta0Aae2ZLY,J. Krishnamurti - London 1982 - Public Talk 2 - Order in consciousness,video,1.0
BR82T1,What can we do in this world?,video,1982,Brockwood Park,kft_pdf_youtube,primary,https://youtu.be/luHW3KchCcw,luHW3KchCcw,J. Krishnamurti - Brockwood Park 1982 - Public Talk 1 - What can we do in this world?,video,1.0
BR82T2,What has happened to mankind?,video,1982,Brockwood Park,kft_pdf_youtube,primary,https://youtu.be/tTbcxER89HY,tTbcxER89HY,J. Krishnamurti - Brockwood Park 1982 - Public Talk 2 - What has happened to mankind?,video,1.0
BR82Q1,1st Question & Answer Meeting,video,1982,Brockwood Park,kft_pdf_youtube,primary,https://youtu.be/4JIslA35p9k,4JIslA35p9k,J. Krishnamurti - Brockwood Park 1982 - Public Q&A 1,video,0.88
BR82Q2,2nd Question & Answer Meeting,video,1982,Brockwood Park,kft_pdf_youtube,primary,https://youtu.be/Wop6CJdyG6k,Wop6CJdyG6k,J. Krishnamurti - Brockwood Park 1982 - Public Q&A 2,video,0.88
BR82T3,The intelligence which brings order and peace,video,1982,Brockwood Park,kft_pdf_youtube,primary,https://youtu.be/lVc3Nc6QqMg,lVc3Nc6QqMg,J. Krishnamurti - Brockwood Park 1982 - Public Talk 3 - The intelligence which brings order...,video,1.0
BR82T4,The beauty of death as part of life,video,1982,Brockwood Park,kft_pdf_youtube,primary,https://youtu.be/dredvOQE9Jg,dredvOQE9Jg,J. Krishnamurti - Brockwood Park 1982 - Public Talk 4 - The beauty of death as part of life,video,1.0
BR83T1,How can the brain transform itself?,video,1983,Brockwood Park,kft_pdf_youtube,primary,https://youtu.be/kCn5hgxEmi0,kCn5hgxEmi0,J. Krishnamurti - Brockwood Park 1983 - Public Talk 1 - How can the brain transform itself?,video,1.0
BR83T2,Only in peace can the human mind be free,video,1983,Brockwood Park,kft_pdf_youtube,primary,https://youtu.be/01Jt1OTJr9M,01Jt1OTJr9M,J. Krishnamurti - Brockwood Park 1983 - Public Talk 2 - Only in peace can the human mind be free,video,1.0
BR83Q1,1st Question & Answer Meeting,video,1983,Brockwood Park,kft_pdf_youtube,primary,https://youtu.be/Q463m1vgr0Q,Q463m1vgr0Q,J. Krishnamurti - Brockwood Park 1983 - Public Q&A 1,video,0.88
BR83Q2,2nd Question & Answer Meeting,video,1983,Brockwood Park,kft_pdf_youtube,primary,https://youtu.be/BsbwEgFvdP4,BsbwEgFvdP4,J. Krishnamurti - Brockwood Park 1983 - Public Q&A 2,video,0.88
BR83T3,Freedom from the self,video,1983,Brockwood Park,kft_pdf_youtube,primary,https://youtu.be/0wqmthX5zKQ,0wqmthX5zKQ,J. Krishnamurti - Brockwood Park 1983 - Public Talk 3 - Freedom from the self,video,1.0
BR83T4,What kind of brain is needed for meditation?,video,1983,Brockwood Park,kft_pdf_youtube,primary,https://youtu.be/UN3MIrfBcC8,UN3MIrfBcC8,J. Krishnamurti - Brockwood Park 1983 - Public Talk 4 - What kind of brain is needed for meditation?,video,1.0
BR84T1,The cause of conflict in relationship,video,1984,Brockwood Park,kft_pdf_youtube,primary,https://youtu.be/SaloO4_MvxE,SaloO4_MvxE,J. Krishnamurti - Brockwood Park 1984 - Public Talk 1 - The cause of conflict in relationship,video,1.0
BR84T2,"Looking at fear, that extraordinary jewel",video,1984,Brockwood Park,kft_pdf_youtube,primary,https://youtu.be/iuYZPwYB0f8,iuYZPwYB0f8,"J. Krishnamurti - Brockwood Park 1984 - Public Talk 2 - Looking at fear, that extraordinary jewel",video,1.0
BR84Q1,1st Question & Answer Meeting,video,1984,Brockwood Park,kft_pdf_youtube,primary,https://youtu.be/0LPv6kXJGdk,0LPv6kXJGdk,J. Krishnamurti - Brockwood Park 1984 - Public Q&A 1,video,0.88
BR84Q2,2nd Question & Answer Meeting,video,1984,Brockwood Park,kft_pdf_youtube,primary,https://youtu.be/QEwqCUH4Fvk,QEwqCUH4Fvk,J. Krishnamurti - Brockwood Park 1984 - Public Q&A 2,video,0.88
BR84T3,Is it possible to end all sorrow?,video,1984,Brockwood Park,kft_pdf_youtube,primary,https://youtu.be/xrHEe7vnmEo,xrHEe7vnmEo,J. Krishnamurti - Brockwood Park 1984 - Public Talk 3 - Is it possible to end all sorrow?,video,1.0
BR84T4,"The nature, depth and beauty of death",video,1984,Brockwood Park,kft_pdf_youtube,primary,https://youtu.be/V8V_WeCrNzc,V8V_WeCrNzc,"J. Krishnamurti - Brockwood Park 1984 - Public Talk 4 - The Nature, depth and beauty of death",video,1.0
BR85T1,Why do we have so many problems?,video,1985,Brockwood Park,kft_pdf_youtube,primary,https://youtu.be/Cp4uFzuTtRA,Cp4uFzuTtRA,J. Krishnamurti - Brockwood Park 1985 - Public Talk 1 - Why do we have so many problems?,video,1.0
BR85T2,The relationship of time and thought to fear,video,1985,Brockwood Park,kft_pdf_youtube,primary,https://youtu.be/CmHezO4chVc,CmHezO4chVc,J. Krishnamurti - Brockwood Park 1985 - Public Talk 2 - The relationship of time and thought to fear,video,1.0
BR85Q1,1st Question & Answer Meeting,video,1985,Brockwood Park,kft_pdf_youtube,primary,https://youtu.be/rpWKg66m9n4,rpWKg66m9n4,J. Krishnamurti - Brockwood Park 1985 - Public Q&A 1,video,0.88
BR85Q2,2nd Question & Answer Meeting,video,1985,Brockwood Park,kft_pdf_youtube,primary,https://youtu.be/1aUEvVw_nCs,1aUEvVw_nCs,J. Krishnamurti - Brockwood Park 1985 - Public Q&A 2,video,0.88
BR85T3,The relationship of freedom to self-interest,video,1985,Brockwood Park,kft_pdf_youtube,primary,https://youtu.be/Cg4a9MnjG3k,Cg4a9MnjG3k,J. Krishnamurti - Brockwood Park 1985 - Public Talk 3 - The relationship of freedom to self-interest,video,1.0
BR85T4,The nature of the brain that lives religiously,video,1985,Brockwood Park,kft_pdf_youtube,primary,https://youtu.be/D2InOZ2reLU,D2InOZ2reLU,J. Krishnamurti - Brockwood Park 1985 - Public Talk 4 - The nature of the brain that lives...,video,1.0
MA61T7,Death is not separate from life,audio,1961,Madras (Chennai) (Chennai),kft_pdf_youtube,primary,https://youtu.be/ef5HxUsp2QE,ef5HxUsp2QE,Audio | J. Krishnamurti - Madras (Chennai) 1961 - Public Talk 7 - Death is not separate from life,audio,1.0
MA61T8,The religious mind frees itself from the known,audio,1961,Madras (Chennai) (Chennai),kft_pdf_youtube,primary,https://youtu.be/HpYmZ8KyG8Q,HpYmZ8KyG8Q,"Audio | J. Krishnamurti, Madras 1961, Public Talk 8 - The religious mind frees itself from the known",audio,1.0
ND62T1,By questioning everything an extraordinary revolution takes place,audio,1962,New Delhi,kft_pdf_youtube,primary,https://youtu.be/RIdy5Y0hSaE,RIdy5Y0hSaE,Audio | J. Krishnamurti - New Delhi 1962 - Public Talk 1 - By questioning everything an...,audio,1.0
ND62T2,A new mind free from the past and authority,audio,1962,New Delhi,kft_pdf_youtube,primary,https://youtu.be/xrF64RM4urk,xrF64RM4urk,Audio | J. Krishnamurti - New Delhi 1962 - Public Talk 2 - A new mind free from the past and...,audio,1.0
ND62T3,The energy that brings about a mutation of the mind,audio,1962,New Delhi,kft_pdf_youtube,primary,https://youtu.be/pOsbURi8QIM,pOsbURi8QIM,Audio | J. Krishnamurti - New Delhi 1962 - Public Talk 3 - The energy that brings about a...,audio,1.0
ND62D1,Seeing one conditioning totally breaks down all conditioning,audio,1962,New Delhi,kft_pdf_youtube,primary,https://youtu.be/0EaXM-cUbjc,0EaXM-cUbjc,Audio | J. Krishnamurti - New Delhi 1962 - Public Discussion 1 - Seeing one conditioning...,audio,1.0
ND62T5,A religious mind has no belief,audio,1962,New Delhi,kft_pdf_youtube,primary,https://youtu.be/i21-6LaIZ0c,i21-6LaIZ0c,Audio | J. Krishnamurti - New Delhi 1962 - Public Talk 5 - A religious mind has no belief,audio,1.0
ND62T6,Laying the right foundation for meditation,audio,1962,New Delhi,kft_pdf_youtube,primary,https://youtu.be/avS26TbmnXo,avS26TbmnXo,Audio | J. Krishnamurti - New Delhi 1962 - Public Talk 6 - Laying the right foundation for...,audio,1.0
ND62D2,Dreams and consciousness,audio,1962,New Delhi,kft_pdf_youtube,primary,https://youtu.be/onDoES1jV7w,onDoES1jV7w,Audio | J. Krishnamurti - New Delhi 1962 - Public Discussion 2 - Dreams and consciousness,audio,1.0
ND62T7,Investigating fear and death,audio,1962,New Delhi,kft_pdf_youtube,primary,https://youtu.be/jNy0SJ576rs,jNy0SJ576rs,Audio | J. Krishnamurti - New Delhi 1962 - Public Talk 7 - Investigating fear and death,audio,1.0
ND62T8,The freedom and energy necessary for a new way of living,audio,1962,New Delhi,kft_pdf_youtube,primary,https://youtu.be/9EBrzCjqG4A,9EBrzCjqG4A,Audio | J. Krishnamurti - New Delhi 1962 - Public Talk 8 - The freedom and energy necessary...,audio,1.0
ND66T1,How is a mind so heavily conditioned to be made new?,audio,1966,New Delhi,kft_pdf_youtube,primary,https://youtu.be/HdjjPZJIDmA,HdjjPZJIDmA,Audio | J. Krishnamurti – New Delhi 1966 – 1: How is a mind so heavily conditioned to be made new?,audio,1.0
ND66T2,Time and will have not changed man,audio,1966,New Delhi,kft_pdf_youtube,primary,https://youtu.be/5CWfrcWjrGY,5CWfrcWjrGY,Audio | J. Krishnamurti – New Delhi 1966 – 2: Time and will have not changed man,audio,1.0
ND66T3,Die totally to the past so that the mind is renewed,audio,1966,New Delhi,kft_pdf_youtube,primary,https://youtu.be/pD4oWIpvU3Q,pD4oWIpvU3Q,Audio | J. Krishnamurti – New Delhi 1966 – 3: Die totally to the past so that the mind is renewed,audio,1.0
ND66T4,To bring about a radical transformation demands great energy,audio,1966,New Delhi,kft_pdf_youtube,primary,https://youtu.be/3EeUbSrF028,3EeUbSrF028,Audio | J. Krishnamurti – New Delhi 1966 – 4: To bring about a radical transformation demands...,audio,1.0
ND67T1,Freedom and love,audio,1967,New Delhi,kft_pdf_youtube,primary,https://youtu.be/D_r6PVjT3_U,D_r6PVjT3_U,Audio | J. Krishnamurti – New Delhi 1967 – Public Talk 1 – Freedom and love,audio,1.0
ND67T2,Being alone means being innocent,audio,1967,New Delhi,kft_pdf_youtube,primary,https://youtu.be/NZIkjD6afPU,NZIkjD6afPU,Audio | J. Krishnamurti – New Delhi 1967 – Public Talk 2 – Being alone means being innocent,audio,1.0
ND67T3,Love is not mechanical,audio,1967,New Delhi,kft_pdf_youtube,primary,https://youtu.be/6hescBbZf-M,6hescBbZf-M,Audio | J. Krishnamurti – New Delhi 1967 – Public Talk 3 – Love is not mechanical,audio,1.0
ND67T4,Intelligence creates its own austerity,audio,1967,New Delhi,kft_pdf_youtube,primary,https://youtu.be/4jcQw_GXFcw,4jcQw_GXFcw,Audio | J. Krishnamurti – New Delhi 1967 – Public Talk 4 – Intelligence creates its own austerity,audio,1.0
ND67T5,What causes disorder inwardly?,audio,1967,New Delhi,kft_pdf_youtube,primary,https://youtu.be/XqMKL99YDMs,XqMKL99YDMs,Audio | J. Krishnamurti – New Delhi 1967 – Public Talk 5 – What causes disorder inwardly?,audio,1.0
ND69T1,How is the mind to act without the past?,audio,1969,New Delhi,kft_pdf_youtube,primary,https://youtu.be/dAeK0Ws8u6c,dAeK0Ws8u6c,Audio | J. Krishnamurti - New Delhi 1969 - Public Talk 1 - How is the mind to act without the past?,audio,1.0
ND69T2,Observing with great energy,audio,1969,New Delhi,kft_pdf_youtube,primary,https://youtu.be/CNKdKWAxEUc,CNKdKWAxEUc,Audio | J. Krishnamurti - New Delhi 1969 - Public Talk 2 - Observing with great energy,audio,1.0
ND69T3,A fundamental mutation of the mind,audio,1969,New Delhi,kft_pdf_youtube,primary,https://youtu.be/GYGItUYI688,GYGItUYI688,Audio | J. Krishnamurti - New Delhi 1969 - Public Talk 3 - A fundamental mutation of the mind,audio,1.0
BE69T,Why does man perpetuate violence?,audio,1969,Benares (Varanasi),kft_pdf_youtube,primary,https://youtu.be/b73Ccck_SxM,b73Ccck_SxM,Audio | J. Krishnamurti — Benares 1969 — Public Meeting — Why does man perpetuate violence?,audio,1.0
BO69T1,A new quality of mind,audio,1969,Bombay (Mumbai),kft_pdf_youtube,primary,https://youtu.be/ITT5inkYAGk,ITT5inkYAGk,Audio | J. Krishnamurti - Bombay (Mumbai) 1969 - Public Talk 1 - A new quality of mind,audio,1.0
BO69T2,Learning is the only movement in life,audio,1969,Bombay (Mumbai),kft_pdf_youtube,primary,https://youtu.be/sNWObc4dH1A,sNWObc4dH1A,Audio | J. Krishnamurti - Bombay (Mumbai) 1969 - Talk 2 - Learning is the only movement in life,audio,1.0
BO69T3,Love means living in the movement of the present,audio,1969,Bombay (Mumbai),kft_pdf_youtube,primary,https://youtu.be/R4sdzxWPzes,R4sdzxWPzes,Audio | J. Krishnamurti - Bombay 1969 - Talk 3 - Love means living in the movement of the present,audio,1.0
BO69T4,"Learning, energy and the immobile mind",audio,1969,Bombay (Mumbai),kft_pdf_youtube,primary,https://youtu.be/HtT5HLDDSto,HtT5HLDDSto,"Audio | J. Krishnamurti - Bombay 1969 - Public Talk 4 - Learning, energy and the immobile mind",audio,1.0
MA6970T1,Why is there fragmentation and division?,audio,6970,Madras (Chennai),kft_pdf_youtube,primary,https://youtu.be/F2MrKnB2J3U,F2MrKnB2J3U,Audio | J. Krishnamurti – Madras 1969 — Public Talk 1 — Why is there fragmentation and division?,audio,1.0
MA6970T2,Order is the total response to a challenge,audio,6970,Madras (Chennai),kft_pdf_youtube,primary,https://youtu.be/frrC8QD2GK8,frrC8QD2GK8,Audio | J. Krishnamurti – Madras 1969 — Public Talk 2 — Order is the total response to a challenge,audio,1.0
MA6970D2,Meeting a challenge anew,audio,6970,Madras (Chennai),kft_pdf_youtube,primary,https://youtu.be/3UMgeGdi_7I,3UMgeGdi_7I,Audio | J. Krishnamurti – Madras 1970 — Public Disc. 2 — Meeting a challenge anew,audio,1.0
MA6970T3,"Living, dying and love",audio,6970,Madras (Chennai),kft_pdf_youtube,primary,https://youtu.be/d9fBhsnr8WI,d9fBhsnr8WI,"Audio | J. Krishnamurti – Madras 1970 — Public Talk 3 — Living, dying and love",audio,1.0
MA6970D3,To live in fear is to be asleep,audio,6970,Madras (Chennai),kft_pdf_youtube,primary,https://youtu.be/xpYT0-H3El8,xpYT0-H3El8,Audio | J. Krishnamurti – Madras 1970 — Public Disc. 3 — To live in fear is to be asleep,audio,1.0
MA6970T4,Meditation concerns the whole of life,audio,6970,Madras (Chennai),kft_pdf_youtube,primary,https://youtu.be/KI9MNlyEdBA,KI9MNlyEdBA,Audio | J. Krishnamurti – Madras 1970 — Public Talk 4 — Meditation concerns the whole of life,audio,1.0
ND70T1,A psychological revolution,audio,1970,New Delhi,kft_pdf_youtube,primary,https://youtu.be/kBh8u2ibPp8,kBh8u2ibPp8,Audio | J. Krishnamurti - New Delhi 1970 - Public Talk 1 - A psychological revolution,audio,1.0
ND70T2,Responding totally to the demands of life,audio,1970,New Delhi,kft_pdf_youtube,primary,https://youtu.be/j5P7o6O1b2E,j5P7o6O1b2E,Audio | J. Krishnamurti - New Delhi 1970 - Public Talk 2 - Responding totally to the demands of life,audio,1.0
ND70T3,To understand death one must understand time and love,audio,1970,New Delhi,kft_pdf_youtube,primary,https://youtu.be/irhTXr9OdrA,irhTXr9OdrA,Audio | J. Krishnamurti - New Delhi 1970 - Public Talk 3 - To understand death one must...,audio,1.0
ND70T4,A religious mind finds what beauty is,audio,1970,New Delhi,kft_pdf_youtube,primary,https://youtu.be/CeG8kEmVwVM,CeG8kEmVwVM,Audio | J. Krishnamurti - New Delhi 1970 - Public Talk 4 - A religious mind finds what beauty is,audio,1.0
ND70T5,Freeing the mind of the past,audio,1970,New Delhi,kft_pdf_youtube,primary,https://youtu.be/AZyz_pnfwpc,AZyz_pnfwpc,Audio | J. Krishnamurti - New Delhi 1970 - Public Talk 5 - Freeing the mind of the past,audio,1.0
MA6970D1,Can the conditioned mind throw off its conditioning?,audio,6970,Madras (Chennai),kft_pdf_youtube,primary,https://youtu.be/B19UeXgyEqo,B19UeXgyEqo,Audio | J. Krishnamurti – Madras 1969 — Public Disc. 1 — Can the conditioned mind throw off...,audio,1.0
MA71T1,Conditioning disappears at the moment of attention,audio,1971,Madras (Chennai),kft_pdf_youtube,primary,https://youtu.be/2RQNsKs-7ow,2RQNsKs-7ow,Audio | J. Krishnamurti – Madras 1971 — Public Talk 1 – Conditioning disappears at the moment...,audio,1.0
MA71T2,Why are we fragmented?,audio,1971,Madras (Chennai),kft_pdf_youtube,primary,https://youtu.be/vzPoy5u4IXQ,vzPoy5u4IXQ,Audio | J. Krishnamurti – Madras 1971 — Public Talk 2 — Why are we fragmented?,audio,1.0
MA71D1,What is the place of memory in daily life?,audio,1971,Madras (Chennai),kft_pdf_youtube,primary,https://youtu.be/HEK0dsvhaAE,HEK0dsvhaAE,Audio | J. Krishnamurti – Madras 1971 — Public Disc. 1 — What is the place of memory in daily life?,audio,1.0
MA71T3,"Attention, meditation and understanding oneself",audio,1971,Madras (Chennai),kft_pdf_youtube,primary,https://youtu.be/b9UU1cBEiY4,b9UU1cBEiY4,"Audio | J. Krishnamurti – Madras 1971 — Public Talk 3 — Attention, meditation and understanding...",audio,1.0
MA71D2,Burdened with habits we are not capable of awareness,audio,1971,Madras (Chennai),kft_pdf_youtube,primary,https://youtu.be/sFqGhB0Jd5M,sFqGhB0Jd5M,Audio | J. Krishnamurti – Madras 1971 — Public Disc. 2 — Burdened with habits we are not...,audio,1.0
BA71T1,What is fear and what is pleasure?,audio,1971,Bangalore,kft_pdf_youtube,primary,https://youtu.be/xjjAQy3PyHo,xjjAQy3PyHo,Audio | J. Krishnamurti – Bangalore 1971 – Public Talk 1 – What is fear and what is pleasure?,audio,1.0
BA71T2,How does the observer come into being?,audio,1971,Bangalore,kft_pdf_youtube,primary,https://youtu.be/ZJNw7fd22DA,ZJNw7fd22DA,Audio | J. Krishnamurti – Bangalore 1971 – Public Talk 2 – How does the observer come into being?,audio,1.0
BO71T1,To perceive ‘what is’ is the basis of truth,audio,1971,Bombay (Mumbai),kft_pdf_youtube,primary,https://youtu.be/VteKT-b2YgA,VteKT-b2YgA,Audio | J. Krishnamurti – Bombay 1971 – Public Talk 1 – To perceive ‘what is’ is the basis of truth,audio,1.0
BO71T2,Direct perception is freedom,audio,1971,Bombay (Mumbai),kft_pdf_youtube,primary,https://youtu.be/olvtauhVRQQ,olvtauhVRQQ,Audio | J. Krishnamurti – Bombay 1971 – Public Talk 2  – Direct perception is freedom,audio,1.0
BO71T3,Love is that quality of mind in which there is no division,audio,1971,Bombay (Mumbai),kft_pdf_youtube,primary,https://youtu.be/9vackzgT8uI,9vackzgT8uI,Audio | J. Krishnamurti – Bombay 1971 – Public Talk 3 – Love is that quality of mind in which...,audio,1.0
BO71T4,"A mind in meditation is concerned only with meditation, not with the meditator",audio,1971,Bombay (Mumbai),kft_pdf_youtube,primary,https://youtu.be/eXLemf4RDoY,eXLemf4RDoY,Audio | J. Krishnamurti – Bombay 1971 – Public Talk 4 – A mind in meditation is concerned only...,audio,1.0
ND72T1,Thought is the origin of fragmentation,audio,1972,New Delhi,kft_pdf_youtube,primary,https://youtu.be/Vkn1nZ-qtMY,Vkn1nZ-qtMY,Audio | J. Krishnamurti - New Delhi 1972 - Public Talk 1 - Thought is the origin of fragmentation,audio,1.0
ND72T2,Seeing is the action of intelligence,audio,1972,New Delhi,kft_pdf_youtube,primary,https://youtu.be/-pdv9-fBKyQ,-pdv9-fBKyQ,Audio | J. Krishnamurti - New Delhi 1972 - Public Talk 2 - Seeing is the action of intelligence,audio,1.0
ND72T3,Freedom is the immobility of attention,audio,1972,New Delhi,kft_pdf_youtube,primary,https://youtu.be/_m7_AU0sm1A,_m7_AU0sm1A,Audio | J. Krishnamurti - New Delhi 1972 - Public Talk 3 - Freedom is the immobility of attention,audio,1.0
ND72T4,Meditation is action without choice or will,audio,1972,New Delhi,kft_pdf_youtube,primary,https://youtu.be/1-eCv-uMtew,1-eCv-uMtew,Audio | J. Krishnamurti - New Delhi 1972 - Talk 4 - Meditation is action without choice or will,audio,1.0
RA72T1,An energy that has never known corruption,audio,1972,Rajghat,kft_pdf_youtube,primary,https://youtu.be/yjUGAfwAHXQ,yjUGAfwAHXQ,Audio | J. Krishnamurti - Rajghat 1972 - Public Talk 1 - An energy that has never known corruption,audio,1.0
RA72T2,Can the mind observe without time?,audio,1972,Rajghat,kft_pdf_youtube,primary,https://youtu.be/f0fUIoWLt2I,f0fUIoWLt2I,Audio | J. Krishnamurti - Rajghat 1972 - Public Talk 2 - Can the mind observe without time?,audio,1.0
MA72T1,Can the mind bring about a radical change in itself?,audio,1972,Madras (Chennai),kft_pdf_youtube,primary,https://youtu.be/VyhzAOQhlvE,VyhzAOQhlvE,Audio | J. Krishnamurti – Madras (Chennai) 1972 – Public Talk 1 – Can the mind bring about a...,audio,1.0
MA72T2,Observing fear without any movement of thought,audio,1972,Madras (Chennai),kft_pdf_youtube,primary,https://youtu.be/ylMpL2S1cdU,ylMpL2S1cdU,Audio | J. Krishnamurti – Madras (Chennai) 1972 – Public Talk 2 – Observing fear without any...,audio,1.0
MA72D1,Why does the mind get hurt?,audio,1972,Madras (Chennai),kft_pdf_youtube,primary,https://youtu.be/07nkKU6hvb0,07nkKU6hvb0,Audio | J. Krishnamurti – Madras (Chennai) 1972 – Public Discussion 1 – Why does the mind get hurt?,audio,1.0
MA72D2,"Meditation, freedom from the known, and suffering",audio,1972,Madras (Chennai),kft_pdf_youtube,primary,https://youtu.be/0nFQhsJF5Xw,0nFQhsJF5Xw,"Audio | J. Krishnamurti – Madras (Chennai) 1972 – Public Discus. 2 – Meditation, freedom from the...",audio,1.0
MA72T3,"Freedom, order, love and death",audio,1972,Madras (Chennai),kft_pdf_youtube,primary,https://youtu.be/DWfPNwx7VEY,DWfPNwx7VEY,"Audio | J. Krishnamurti – Madras (Chennai) 1972 – Public Talk 3 – Freedom, order, love and death",audio,1.0
MA72T4,"What is religion, what is truth?",audio,1972,Madras (Chennai),kft_pdf_youtube,primary,https://youtu.be/LxmWnptX14I,LxmWnptX14I,"Audio | J. Krishnamurti – Madras (Chennai) 1972 – Public Talk 4 – What is religion, what is truth?",audio,1.0
BA73T1,In the state of attention there is no observer,audio,1973,Bangalore,kft_pdf_youtube,primary,https://youtu.be/FmcMh_cft6E,FmcMh_cft6E,Audio | J. Krishnamurti – Bangalore 1973 – Public Talk 1 – In the state of attention there is...,audio,1.0
BA73T2,"Fear, love and death",audio,1973,Bangalore,kft_pdf_youtube,primary,https://youtu.be/vrG7fhBA1_Y,vrG7fhBA1_Y,"Audio | J. Krishnamurti – Bangalore 1973 – Public Talk 2 – Fear, love and death",audio,1.0
BA73T3,A meditative mind is free of all control,audio,1973,Bangalore,kft_pdf_youtube,primary,https://youtu.be/ns-xSeWWKT8,ns-xSeWWKT8,Audio | J. Krishnamurti – Bangalore 1973 – Public Talk 3 – A meditative mind is free of all control,audio,1.0
ND73T1,What place has thought in the transformation of man and society?,audio,1973,New Delhi,kft_pdf_youtube,primary,https://youtu.be/cybXluTmM3w,cybXluTmM3w,Audio | J. Krishnamurti - New Delhi 1973 - Talk 1 - What place has thought in the transformation...,audio,1.0
ND73T2,An energy that will solve all our problems,audio,1973,New Delhi,kft_pdf_youtube,primary,https://youtu.be/Wt7VuubgruY,Wt7VuubgruY,"Audio | J. Krishnamurti - New Delhi 1973, Public Talk 2 - An energy that will solve all our problems",audio,1.0
ND73T3,What does this life mean?,audio,1973,New Delhi,kft_pdf_youtube,primary,https://youtu.be/Ayj_4IhDJ14,Ayj_4IhDJ14,Audio | J. Krishnamurti - New Delhi 1973 - Public Talk 3 - What does this life mean?,audio,1.0
ND73T4,Meditation is the beginning of order,audio,1973,New Delhi,kft_pdf_youtube,primary,https://youtu.be/W0DA0mPSSqc,W0DA0mPSSqc,Audio | J. Krishnamurti - New Delhi 1973 - Public Talk 4 - Meditation is the beginning of order,audio,1.0
MA73D1,Can the mind free itself from the habit of comparison?,audio,1973,Madras (Chennai),kft_pdf_youtube,primary,https://youtu.be/SHH7zYr1YF4,SHH7zYr1YF4,Audio | J. Krishnamurti – Madras (Chennai) 1973 – Public Discus. 1 – Can the mind free itself...,audio,1.0
MA73D2,We are the world and the world is us,audio,1973,Madras (Chennai),kft_pdf_youtube,primary,https://youtu.be/edVvc6Jedp0,edVvc6Jedp0,Audio | J. Krishnamurti – Madras (Chennai) 1973 – Public Discussion 2 – We are the world and the...,audio,1.0
MA73T1,A different quality of mind not bound by thought,audio,1973,Madras (Chennai),kft_pdf_youtube,primary,https://youtu.be/xjEKnqjz8Q8,xjEKnqjz8Q8,Audio | J. Krishnamurti – Madras (Chennai) 1973 – Public Talk 1 – A different quality of mind not...,audio,1.0
MA73D3,Can the brain look at the present without time?,audio,1973,Madras (Chennai),kft_pdf_youtube,primary,https://youtu.be/Ygc03xsAGP8,Ygc03xsAGP8,Audio | J. Krishnamurti – Madras (Chennai) 1973 – Public Discus. 3 – Can the brain look at the...,audio,1.0
MA73T2,Living in the past prevents action in the present,audio,1973,Madras (Chennai),kft_pdf_youtube,primary,https://youtu.be/Cd1vEWdUWwI,Cd1vEWdUWwI,Audio | J. Krishnamurti – Madras (Chennai) 1973 – Public Talk 2 –Living in the past prevents...,audio,1.0
MA73T3,Order is essential for survival,audio,1973,Madras (Chennai),kft_pdf_youtube,primary,https://youtu.be/0mdTcUiqukU,0mdTcUiqukU,Audio | J. Krishnamurti – Madras (Chennai) 1973 – Public Talk 3 – Order is essential for survival,audio,1.0
MA73T4,In meditation there is no direction,audio,1973,Madras (Chennai),kft_pdf_youtube,primary,https://youtu.be/-ja4kbq9xiY,-ja4kbq9xiY,Audio | J. Krishnamurti – Madras (Chennai) 1973 – Public Talk 4 – In meditation there is...,audio,1.0
BA74T1,What is your mind?,audio,1974,Bangalore,kft_pdf_youtube,primary,https://youtu.be/POxNUf5ltPM,POxNUf5ltPM,Audio | J. Krishnamurti — Bangalore 1974 - Public Talk 1 - What is your mind?,audio,1.0
BA74T2,Is there a non-mechanistic behaviour?,audio,1974,Bangalore,kft_pdf_youtube,primary,https://youtu.be/1khG_EdomGU,1khG_EdomGU,Audio | J. Krishnamurti — Bangalore 1974 - Public Talk 2 - Is there a non-mechanistic behaviour?,audio,1.0
BA74T3,"Sorrow, love and death",audio,1974,Bangalore,kft_pdf_youtube,primary,https://youtu.be/8W8vJgJjaYY,8W8vJgJjaYY,"Audio | J. Krishnamurti — Bangalore 1974 - Public Talk 3 - Sorrow, love and death",audio,1.0
BA74T4,Meditation is concerned with the whole of life,audio,1974,Bangalore,kft_pdf_youtube,primary,https://youtu.be/A14pzhh16WA,A14pzhh16WA,Audio | J. Krishnamurti — Bangalore 1974 - Public Talk 4 - Meditation is concerned with...,audio,1.0
BO74T1,Can the human mind radically regenerate?,audio,1974,Bombay (Mumbai),kft_pdf_youtube,primary,https://youtu.be/boRV_3sNcoI,boRV_3sNcoI,Audio | J. Krishnamurti — Mumbai 1974 - Public Talk 1 - Can the human mind radically regenerate?,audio,1.0
BO74T2,Can the mind remain with hurt?,audio,1974,Bombay (Mumbai),kft_pdf_youtube,primary,https://youtu.be/3TNOLquKtYE,3TNOLquKtYE,Audio | J. Krishnamurti — Mumbai 1974 - Public Talk 2 - Can the mind remain with hurt?,audio,1.0
BO74T3,"Living, love and the meaning of death",audio,1974,Bombay (Mumbai),kft_pdf_youtube,primary,https://youtu.be/dIvt4uIjwTQ,dIvt4uIjwTQ,"Audio | J. Krishnamurti — Mumbai 1974 - Public Talk 3 - Living, love and the meaning of death",audio,1.0
BO74T4,"Meditation, order and space",audio,1974,Bombay (Mumbai),kft_pdf_youtube,primary,https://youtu.be/IyYhMYx4GEo,IyYhMYx4GEo,"Audio | J. Krishnamurti — Mumbai 1974 - Public Talk 4 - Meditation, order and space",audio,1.0
RA74T1,Suffering and the stream of consciousness,audio,1974,Rajghat,kft_pdf_youtube,primary,https://youtu.be/nmLW7WcZRnk,nmLW7WcZRnk,Audio | J. Krishnamurti - Rajghat 1974 - Public Talk 1 - Suffering and the stream of consciousness,audio,1.0
RA74T2,Truth has no abiding place,audio,1974,Rajghat,kft_pdf_youtube,primary,https://youtu.be/u0HNShx8vzc,u0HNShx8vzc,Audio | J. Krishnamurti - Rajghat 1974 - Public Talk 2 - Truth has no abiding place,audio,1.0
MA74T1,Knowledge and envy,audio,1974,Madras (Chennai),kft_pdf_youtube,primary,https://youtu.be/L72u6D-QoJg,L72u6D-QoJg,Audio | J. Krishnamurti – Madras 1974 — Public Talk 1 — Knowledge and envy,audio,1.0
MA74T2,Looking at the content of consciousness,audio,1974,Madras (Chennai),kft_pdf_youtube,primary,https://youtu.be/QpkXkcuTm3M,QpkXkcuTm3M,Audio | J. Krishnamurti – Madras 1974 — Public Talk 2 — Looking at the content of consciousness,audio,1.0
MA74D1,Relationship and sleep,audio,1974,Madras (Chennai),kft_pdf_youtube,primary,https://youtu.be/TvhzPLNK6Z8,TvhzPLNK6Z8,Audio | J. Krishnamurti – Madras 1974 — Public Disc. 1 — Relationship and sleep,audio,1.0
MA74D2,Your consciousness is the collective consciousness,audio,1974,Madras (Chennai),kft_pdf_youtube,primary,https://youtu.be/HlNvW2NBhFI,HlNvW2NBhFI,Audio | J. Krishnamurti – Madras 1974 — Public Disc. 2 — Your consciousness is the collective...,audio,1.0
MA74T3,"Sorrow, passion and death",audio,1974,Madras (Chennai),kft_pdf_youtube,primary,https://youtu.be/-hLVmkRJUTU,-hLVmkRJUTU,"Audio | J. Krishnamurti – Madras 1974 — Public Talk 3 — Sorrow, passion and death",audio,1.0
MA74T4,Meditation is inquiry into the sacred,audio,1974,Madras (Chennai),kft_pdf_youtube,primary,https://youtu.be/1WLDaPB7pfQ,1WLDaPB7pfQ,Audio | J. Krishnamurti – Madras 1974 — Public Talk 4 — Meditation is inquiry into the sacred,audio,1.0
RA76T1,Can the image-making machinery stop?,audio,1976,Rajghat,kft_pdf_youtube,primary,https://youtu.be/rnyHs_wPmyM,rnyHs_wPmyM,Audio | J. Krishnamurti - Rajghat 1976 - Public Talk 1 - Can the image-making machinery stop?,audio,1.0
RA76D1,The trap,audio,1976,Rajghat,kft_pdf_youtube,primary,https://youtu.be/gjq_dc01K5w,gjq_dc01K5w,Audio | J. Krishnamurti - Rajghat 1976 - Public Discussion 1 - The trap,audio,1.0
RA76D2,Is it possible not to be hurt?,audio,1976,Rajghat,kft_pdf_youtube,primary,https://youtu.be/zXbrHU0zGgo,zXbrHU0zGgo,Audio | J. Krishnamurti - Rajghat 1976 - Public Discussion 2 - Is it possible not to be hurt?,audio,1.0
RA76T2,"Desire, suffering, death and meditation",audio,1976,Rajghat,kft_pdf_youtube,primary,https://youtu.be/Sk3eGMIN7wo,Sk3eGMIN7wo,"Audio | J. Krishnamurti - Rajghat 1976 - Public Talk 2 - Desire, suffering, death and meditation",audio,1.0
MA76T1,Relationship without the movement of thought,audio,1976,Madras (Chennai),kft_pdf_youtube,primary,https://youtu.be/pjrqKFFUhMw,pjrqKFFUhMw,Audio | J. Krishnamurti – Madras 1976 — Public Talk 1 — Relationship without the movement of thought,audio,1.0
MA76T2,Looking into the content of consciousness,audio,1976,Madras (Chennai),kft_pdf_youtube,primary,https://youtu.be/frDFJO3CMik,frDFJO3CMik,Audio | J. Krishnamurti – Madras 1976 — Public Talk 2 — Looking into the content of consciousness,audio,1.0
MA76D1,The observer is the past,audio,1976,Madras (Chennai),kft_pdf_youtube,primary,https://youtu.be/c5GHfFOIyAI,c5GHfFOIyAI,Audio | J. Krishnamurti – Madras 1976 — Public Disc. 1 — The observer is the past,audio,1.0
MA76D2,Giving all your energy to understand fear,audio,1976,Madras (Chennai),kft_pdf_youtube,primary,https://youtu.be/57nSkj55srg,57nSkj55srg,Audio | J. Krishnamurti – Madras 1976 — Public Disc. 2 — Giving all your energy to understand fear,audio,1.0
MA76T3,Pleasure and desire,audio,1976,Madras (Chennai),kft_pdf_youtube,primary,https://youtu.be/mKgp8wiAEao,mKgp8wiAEao,Audio | J. Krishnamurti – Madras 1976 — Public Talk 3 — Pleasure and desire,audio,1.0
MA76T4,"Love, compassion and sorrow",audio,1976,Madras (Chennai),kft_pdf_youtube,primary,https://youtu.be/_UZntQt-qDI,_UZntQt-qDI,"Audio | J. Krishnamurti – Madras 1976 — Public Talk 4 — Love, compassion and sorrow",audio,1.0
MA76T5,"Listening, learning and dying",audio,1976,Madras (Chennai),kft_pdf_youtube,primary,https://youtu.be/16a2SaESNIw,16a2SaESNIw,"Audio | J. Krishnamurti – Madras 1976 — Public Talk 5 — Listening, learning and dying",audio,1.0
MA76T6,"Religion, meditation and truth",audio,1976,Madras (Chennai),kft_pdf_youtube,primary,https://youtu.be/PukouyhHGr4,PukouyhHGr4,"Audio | J. Krishnamurti – Madras 1976 — Public Talk 6 — Religion, meditation and truth",audio,1.0
BO77T1,Consciousness and the factors of disorder,audio,1977,Bombay (Mumbai),kft_pdf_youtube,primary,https://youtu.be/IjlH68TMjuI,IjlH68TMjuI,Audio | J. Krishnamurti - Bombay (Mumbai) 1977 - Public Talk 1 - Consciousness and the factors of...,audio,1.0
BO77T2,"Thought, the thinker, fear and pleasure",audio,1977,Bombay (Mumbai),kft_pdf_youtube,primary,https://youtu.be/aJYPNGmHQ1c,aJYPNGmHQ1c,"Audio | J. Krishnamurti - Bombay (Mumbai) 1977 - Public Talk 2 - Thought, the thinker, fear and...",audio,1.0
BO77T3,"Suffering, love, compassion and death",audio,1977,Bombay (Mumbai),kft_pdf_youtube,primary,https://youtu.be/pXrwW9GYdg4,pXrwW9GYdg4,"Audio | J. Krishnamurti - Bombay (Mumbai) 1977 - Public Talk 3 - Suffering, love, compassion and...",audio,1.0
BO77T4,Meditation is the essence of order and the understanding of space,audio,1977,Bombay (Mumbai),kft_pdf_youtube,primary,https://youtu.be/QLuAn9f1n5c,QLuAn9f1n5c,Audio | J. Krishnamurti - Bombay (Mumbai) 1977 - Public Talk 4 - Meditation is the essence of...,audio,1.0
RV77T1,Is it possible to bring about a mutation in consciousness?,audio,1977,Rishi Valley,kft_pdf_youtube,primary,https://youtu.be/hEfredoMOE4,hEfredoMOE4,Audio | J. Krishnamurti - Rishi Valley 1977 - Public Talk 1 - Is it possible to bring about a...,audio,1.0
RV77T2,Listening without resistance,audio,1977,Rishi Valley,kft_pdf_youtube,primary,https://youtu.be/dp_HqAB23UE,dp_HqAB23UE,Audio | J. Krishnamurti - Rishi Valley 1977 - Public Talk 2 - Listening without resistance,audio,1.0
RV77T3,Looking freely,audio,1977,Rishi Valley,kft_pdf_youtube,primary,https://youtu.be/etFFsWFvuHM,etFFsWFvuHM,Audio | J. Krishnamurti - Rishi Valley 1977 - Public Talk 3 - Looking freely,audio,1.0
MA7778T1,Why should the brain register hurt?,audio,7778,Madras (Chennai),kft_pdf_youtube,primary,https://youtu.be/LZDxSIFCP74,LZDxSIFCP74,Audio | J. Krishnamurti – Madras 1977 — Public Talk 1 — Why should the brain register hurt?,audio,1.0
MA7778T2,Observing the content of consciousness,audio,7778,Madras (Chennai),kft_pdf_youtube,primary,https://youtu.be/FzQHuZGtuUk,FzQHuZGtuUk,Audio | J. Krishnamurti – Madras 1977 — Public Talk 2 — Observing the content of consciousness,audio,1.0
MA7778D1,Desire in itself is not contradictory,audio,7778,Madras (Chennai),kft_pdf_youtube,primary,https://youtu.be/4sBGguTVh80,4sBGguTVh80,Audio | J. Krishnamurti – Madras 1977 — Public Disc. 1 — Desire in itself is not contradictory,audio,1.0
MA7778D2,What are you afraid of?,audio,7778,Madras (Chennai),kft_pdf_youtube,primary,https://youtu.be/6G8KcJYPtXE,6G8KcJYPtXE,Audio | J. Krishnamurti – Madras 1977 — Public Disc. 2 — What are you afraid of?,audio,1.0
MA7778T3,What place has knowledge in correct action?,audio,7778,Madras (Chennai),kft_pdf_youtube,primary,https://youtu.be/mxg9-SdfNIM,mxg9-SdfNIM,Audio | J. Krishnamurti – Madras 1977 — Public Talk 3 — What place has knowledge in correct action?,audio,1.0
MA7778T4,Fear and pleasure are movements of time,audio,7778,Madras (Chennai),kft_pdf_youtube,primary,https://youtu.be/J76ge4mKGIg,J76ge4mKGIg,Audio | J. Krishnamurti – Madras 1978 — Public Talk 4 — Fear and pleasure are movements of time,audio,1.0
MA7778D3,Discontent with yourself and the world,audio,7778,Madras (Chennai),kft_pdf_youtube,primary,https://youtu.be/16CBQAlIx2U,16CBQAlIx2U,Audio | J. Krishnamurti – Madras 1978 — Public Disc. 3 — Discontent with yourself and the world,audio,1.0
MA7778T5,The innermost nature of the self is not-a-thing,audio,7778,Madras (Chennai),kft_pdf_youtube,primary,https://youtu.be/oUWzvo-Ol6E,oUWzvo-Ol6E,Audio | J. Krishnamurti – Madras 1978 — Public Talk 5 — The innermost nature of the self is not...,audio,1.0
MA7778T6,Can the brain renew itself?,audio,7778,Madras (Chennai),kft_pdf_youtube,primary,https://youtu.be/_mt7X8q-oG8,_mt7X8q-oG8,Audio | J. Krishnamurti – Madras 1978 — Public Talk 6 — Can the brain renew itself?,audio,1.0
BO78T1,When you change radically it affects all mankind.,audio,1978,Bombay (Mumbai),kft_pdf_youtube,primary,https://youtu.be/dbv_T5eLue8,dbv_T5eLue8,Audio | J. Krishnamurti – Bombay 1978 – Public Talk 1 – When you change radically it affects all...,audio,1.0
BO78T2,Can there be a regeneration of the mind?,audio,1978,Bombay (Mumbai),kft_pdf_youtube,primary,https://youtu.be/W5ZU8HfTCLI,W5ZU8HfTCLI,Audio | J. Krishnamurti – Bombay 1978 – Public Talk 2 – Can there be a regeneration of the mind?,audio,1.0
BO78T3,What makes our lives so disorderly and confused?,audio,1978,Bombay (Mumbai),kft_pdf_youtube,primary,https://youtu.be/NpfcefsBl-E,NpfcefsBl-E,Audio | J. Krishnamurti – Bombay 1978 – Public Talk 3 – What makes our lives so disorderly...,audio,1.0
BO78T4,Meditation is a flowering that has no motive.,audio,1978,Bombay (Mumbai),kft_pdf_youtube,primary,https://youtu.be/UsCy65k0kNw,UsCy65k0kNw,Audio | J. Krishnamurti – Bombay 1978 – Public Talk 4 – Meditation is a flowering that has no motive,audio,1.0
RA78T1,What is the cause of our destructive way of living?,audio,1978,Rajghat,kft_pdf_youtube,primary,https://youtu.be/494vZU0shBw,494vZU0shBw,"Audio | J. Krishnamurti - Rajghat 1978, Talk 1 - What is the cause of our destructive way of living?",audio,1.0
RA78T2,Do you know your life is in disorder?,audio,1978,Rajghat,kft_pdf_youtube,primary,https://youtu.be/_RUGxh3YKj8,_RUGxh3YKj8,"Audio | J. Krishnamurti - Rajghat 1978, Talk 2 - Do you know your life is in disorder?",audio,1.0
MA7879D1,Learning is never ending,audio,7879,Madras (Chennai),kft_pdf_youtube,primary,https://youtu.be/8WwfOPlVWWI,8WwfOPlVWWI,J. Krishnamurti - Madras (Chennai) 1978 - Public Discussion 1 - Learning is never ending,audio,1.0
MA7879T1,Organisations have not saved man,video,7879,Madras (Chennai),kft_pdf_youtube,primary,https://youtu.be/GyKls3Nj5WE,GyKls3Nj5WE,J. Krishnamurti - Madras (Chennai) 1978 - Public Talk 1 - Organisations have not saved man,video,1.0
MA7879T2,An action that is not the outcome of thought,video,7879,Madras (Chennai),kft_pdf_youtube,primary,https://youtu.be/F5aeP0zVosY,F5aeP0zVosY,J. Krishnamurti - Madras (Chennai) 1979 - Public Talk 2 - An action that is not the outcome...,video,1.0
MA7879T3,Is freedom a matter of time?,video,7879,Madras (Chennai),kft_pdf_youtube,primary,https://youtu.be/ji8yzz53GIM,ji8yzz53GIM,J. Krishnamurti - Madras (Chennai) 1979 - Public Talk 3 - Is freedom a matter of time?,video,1.0
MA7879T4,What brings about disorder in relationship?,video,7879,Madras (Chennai),kft_pdf_youtube,primary,https://youtu.be/iqm5SL4tcDU,iqm5SL4tcDU,J. Krishnamurti - Madras (Chennai) 1979 - Public Talk 4 - What brings about disorder in...,video,1.0
MA7879D2,Are we aware of division?,video,7879,Madras (Chennai),kft_pdf_youtube,primary,https://youtu.be/5Pgp4bI93G0,5Pgp4bI93G0,J. Krishnamurti - Madras (Chennai) 1979 - Public Discussion 2 - Are we aware of division?,video,1.0
MA7879D3,Can you understand what a religious life is?,video,7879,Madras (Chennai),kft_pdf_youtube,primary,https://youtu.be/eWBDLyBODvw,eWBDLyBODvw,J. Krishnamurti - Madras (Chennai) 1979 - Public Discussion 3 - Can you understand what a...,video,1.0
MA7879T5,What is a religious mind?,video,7879,Madras (Chennai),kft_pdf_youtube,primary,https://youtu.be/njmHFUQkv9Q,njmHFUQkv9Q,J. Krishnamurti - Madras (Chennai) 1979 - Public Talk 5 - What is a religious mind?,video,1.0
MA7879T6,The movement of meditation,video,7879,Madras (Chennai),kft_pdf_youtube,primary,https://youtu.be/KUFQZOY9BC0,KUFQZOY9BC0,J. Krishnamurti - Madras (Chennai) 1979 - Public Talk 6 - The movement of meditation,video,1.0
BO79T1,Action not based on knowledge,audio,1979,Bombay (Mumbai),kft_pdf_youtube,primary,https://youtu.be/ZC2DD17ZfzY,ZC2DD17ZfzY,Audio | J. Krishnamurti - Bombay (Mumbai) 1979 - Public Talk 1 - Action not based on knowledge,audio,1.0
BO79T2,Security not based on thought,audio,1979,Bombay (Mumbai),kft_pdf_youtube,primary,https://youtu.be/a_Yd6Xxecgk,a_Yd6Xxecgk,Audio | J. Krishnamurti - Bombay (Mumbai) 1979 - Public Talk 2 - Security not based on thought,audio,1.0
BO79T3,"Desire, will, pleasure and sorrow",audio,1979,Bombay (Mumbai),kft_pdf_youtube,primary,https://youtu.be/fp-OLL5GbrE,fp-OLL5GbrE,"Audio | J. Krishnamurti - Bombay (Mumbai) 1979 - Public Talk 3 - Desire, will, pleasure and sorrow",audio,1.0
BO79T4,"Time, death, space and meditation",audio,1979,Bombay (Mumbai),kft_pdf_youtube,primary,https://youtu.be/BBelZYupJfk,BBelZYupJfk,"Audio | J. Krishnamurti - Bombay (Mumbai) 1979 - Public Talk 4 - Time, death, space and meditation",audio,1.0
MA7980T1,The flowering of the seed of a million years,audio,7980,Madras (Chennai),kft_pdf_youtube,primary,https://youtu.be/bCT_VPxomjY,bCT_VPxomjY,Audio | J. Krishnamurti – Madras (Chennai) 1979/80 – Public Talk 1 – The flowering of the seed of...,audio,1.0
MA7980T2,Thought has put together the whole structure of the ‘me’,audio,7980,Madras (Chennai),kft_pdf_youtube,primary,https://youtu.be/cKaxx60Tv8Y,cKaxx60Tv8Y,Audio | J. Krishnamurti – Madras (Chennai) 1979/80 – Public Talk 2 – Thought has put together the...,audio,1.0
MA7980T3,Where is security found for the brain?,audio,7980,Madras (Chennai),kft_pdf_youtube,primary,https://youtu.be/4wdrmK2iChE,4wdrmK2iChE,Audio | J. Krishnamurti – Madras (Chennai) 1979/80 – Public Talk 3 – Where is security found for...,audio,1.0
MA7980T4,"A mind living in control, conflict and desire is never free",audio,7980,Madras (Chennai),kft_pdf_youtube,primary,https://youtu.be/v4V6yYjYhjc,v4V6yYjYhjc,Audio | J. Krishnamurti – Madras (Chennai) 1979/80 – Public Talk 4 – A mind living in control...,audio,1.0
MA7980D,Bringing together all one’s energy to look at a problem,audio,7980,Madras (Chennai),kft_pdf_youtube,primary,https://youtu.be/yRtOGLrcE2k,yRtOGLrcE2k,Audio | J. Krishnamurti – Madras (Chennai) 1979/80 – Public Discussion – Bringing together all...,audio,1.0
MA7980T5,Why does the mind live in concepts?,audio,7980,Madras (Chennai),kft_pdf_youtube,primary,https://youtu.be/zAx6SV-6fOw,zAx6SV-6fOw,Audio | J. Krishnamurti – Madras (Chennai) 1979/80 – Public Talk 5 – Why does the mind live...,audio,1.0
MA7980T6,"Sorrow, death and meditation",audio,7980,Madras (Chennai),kft_pdf_youtube,primary,https://youtu.be/rEwaeGpIXn8,rEwaeGpIXn8,"Audio | J. Krishnamurti – Madras (Chennai) 1979/80 – Public Talk 6 – Sorrow, death and meditation",audio,1.0
BO80T1,A crowded brain is incapable of being free,audio,1980,Bombay (Mumbai),kft_pdf_youtube,primary,https://youtu.be/NtEQ553mXNw,NtEQ553mXNw,Audio | J. Krishnamurti - Bombay 1980 - Public Talk 1 - A crowded brain is incapable of being free,audio,1.0
BO80T2,The tremendous energy of the brain,audio,1980,Bombay (Mumbai),kft_pdf_youtube,primary,https://youtu.be/mCV5Awjh680,mCV5Awjh680,Audio | J. Krishnamurti - Bombay (Mumbai) 1980 - Public Talk 2 - The tremendous energy of the brain,audio,1.0
BO80T3,Learning and desire,audio,1980,Bombay (Mumbai),kft_pdf_youtube,primary,https://youtu.be/q4pZO3B5Nvo,q4pZO3B5Nvo,Audio | J. Krishnamurti - Bombay (Mumbai) 1980 - Public Talk 3 - Learning and desire,audio,1.0
BO80T4,Time perpetuates the agony of humanity,audio,1980,Bombay (Mumbai),kft_pdf_youtube,primary,https://youtu.be/YcjDe1_v-gQ,YcjDe1_v-gQ,Audio | J. Krishnamurti - Bombay 1980 - Public Talk 4 - Time perpetuates the agony of humanity,audio,1.0
BO80T5,Self-centred occupation creates sorrow,audio,1980,Bombay (Mumbai),kft_pdf_youtube,primary,https://youtu.be/95blDojMYOI,95blDojMYOI,Audio | J. Krishnamurti - Bombay 1980 - Public Talk 5 - Self-centred occupation creates sorrow,audio,1.0
CO80T1,Life is relationship and action,audio,1980,Colombo,kft_pdf_youtube,primary,https://youtu.be/ZXGMYNNs-yo,ZXGMYNNs-yo,Audio | J. Krishnamurti – Colombo 1980 – Public Talk 1 – Life is relationship and action,audio,1.0
CO80T2,The book of life,audio,1980,Colombo,kft_pdf_youtube,primary,https://youtu.be/GedkWqg7tMo,GedkWqg7tMo,Audio | J. Krishnamurti – Colombo 1980 – Public Talk 2 – The book of life,audio,1.0
CO80D,The root of all fear,audio,1980,Colombo,kft_pdf_youtube,primary,https://youtu.be/ip7tWBzkpHQ,ip7tWBzkpHQ,Audio | J. Krishnamurti – Colombo 1980 – Public Q&A Meeting – The root of all fear,audio,1.0
CO80T3,What is death?,audio,1980,Colombo,kft_pdf_youtube,primary,https://youtu.be/jmSDq6vw0As,jmSDq6vw0As,Audio | J. Krishnamurti – Colombo 1980 – Public Talk 3 – What is death?,audio,1.0
CO80T4,What is the magnitude of the mind?,audio,1980,Colombo,kft_pdf_youtube,primary,https://youtu.be/pKItMJpPXFY,pKItMJpPXFY,Audio | J. Krishnamurti – Colombo 1980 – Public Talk 4 – What is the magnitude of the mind?,audio,1.0
MA8081T1,What is the cause of the present crisis?,video,8081,Madras (Chennai),kft_pdf_youtube,primary,https://youtu.be/-eX4ZZrBcBw,-eX4ZZrBcBw,J. Krishnamurti - Madras (Chennai) 1980 - Public Talk 1 - What is the cause of the present...,video,1.0
MA8081T2,What is our relationship to another?,video,8081,Madras (Chennai),kft_pdf_youtube,primary,https://youtu.be/4yz7eibY-Tw,4yz7eibY-Tw,J. Krishnamurti - Madras (Chennai) 1980 - Public Talk 2 - What is our relationship to another?,video,1.0
MA8081T3,Salvaging the brain,video,8081,Madras (Chennai),kft_pdf_youtube,primary,https://youtu.be/Gqiv_MPflG8,Gqiv_MPflG8,J. Krishnamurti - Madras (Chennai) 1981 - Public Talk 3 - Salvaging the brain,video,1.0
MA8081T4,Is there order which thought has never touched?,video,8081,Madras (Chennai),kft_pdf_youtube,primary,https://youtu.be/Tz3ChAPqQZs,Tz3ChAPqQZs,J. Krishnamurti - Madras (Chennai) 1981 - Public Talk 4 - Is there order which thought has...,video,1.0
MA8081Q1,1st Question & Answer Meeting,video,8081,Madras (Chennai),,,,,,,
MA8081T5,Is thought the cause of the decay of man?,video,8081,Madras (Chennai),kft_pdf_youtube,primary,https://youtu.be/jD1bQ6_OMAg,jD1bQ6_OMAg,J. Krishnamurti - Madras (Chennai) 1981 - Public Talk 5 - Is thought the cause of the decay of...,video,1.0
MA8081T6,Can the brain ever be free from the known?,video,8081,Madras (Chennai),kft_pdf_youtube,primary,https://youtu.be/awmN2FTw7cY,awmN2FTw7cY,J. Krishnamurti - Madras (Chennai) 1981 - Public Talk 6 - Can the brain ever be free from the...,video,1.0
MA8081Q2,2nd Question & Answer Meeting,video,8081,Madras (Chennai),,,,,,,
ND81T1,What is the process of thinking?,audio,1981,New Delhi,kft_pdf_youtube,primary,https://youtu.be/qqqlDn4xJzg,qqqlDn4xJzg,Audio | J. Krishnamurti — New Delhi 1981 - Public Talk 1 - What is the process of thinking?,audio,1.0
ND81T2,Can we be free of fear?,audio,1981,New Delhi,kft_pdf_youtube,primary,https://youtu.be/pEw_2CDXztc,pEw_2CDXztc,Audio | J. Krishnamurti — New Delhi 1981 - Public Talk 2 - Can we be free of fear?,audio,1.0
ND81T3,"Disorder, sorrow, death and love",audio,1981,New Delhi,kft_pdf_youtube,primary,https://youtu.be/LIyW4N96gYA,LIyW4N96gYA,"Audio | J. Krishnamurti — New Delhi 1981 - Public Talk 3 - Disorder, sorrow, death and love",audio,1.0
ND81T4,Meditation is the release of creative energy,audio,1981,New Delhi,kft_pdf_youtube,primary,https://youtu.be/ivXUlRuXjW8,ivXUlRuXjW8,Audio | J. Krishnamurti — New Delhi 1981 - Public Talk 4 - Meditation is the release...,audio,1.0
RA81T1,Thought in relationships brings disorder,audio,1981,Rajghat,kft_pdf_youtube,primary,https://youtu.be/L6V9SGkEiuw,L6V9SGkEiuw,Audio | J. Krishnamurti - Rajghat 1981 - Public Talk 1 - Thought in relationships brings disorder,audio,1.0
RA81T2,Perceiving the whole movement of fear,audio,1981,Rajghat,kft_pdf_youtube,primary,https://youtu.be/u2eOI5iIoFc,u2eOI5iIoFc,Audio | J. Krishnamurti - Rajghat 1981 - Public Talk 2 - Perceiving the whole movement of fear,audio,1.0
RA81Q,Question & answer meeting,audio,1981,Rajghat,kft_pdf_youtube,primary,https://youtu.be/7WFKGCtUr2A,7WFKGCtUr2A,Audio | J. Krishnamurti - Rajghat 1981 - Public Q&A,audio,0.88
RA81T3,Understanding the nature of meditation,audio,1981,Rajghat,kft_pdf_youtube,primary,https://youtu.be/lHkjlofGrsg,lHkjlofGrsg,Audio | J. Krishnamurti - Rajghat 1981 - Public Talk 3 - Understanding the nature of meditation,audio,1.0
MA8182T1,How do we psychologically respond to the present condition of the world?,video,8182,Madras (Chennai),kft_pdf_youtube,primary,https://youtu.be/zGkhrTVsAaY,zGkhrTVsAaY,J. Krishnamurti - Madras 1981/82 - Public Talk 1 - How do we psychologically respond...,video,1.0
MA8182T2,Why have we become habituated to conflict?,video,8182,Madras (Chennai),kft_pdf_youtube,primary,https://youtu.be/ihARc9IPSZk,ihARc9IPSZk,J. Krishnamurti - Madras 1981/82 - Public Talk 2 - Why have we become habituated to...,video,1.0
MA8182Q1,1st Question & Answer Meeting,video,8182,Madras (Chennai),,,,,,,
MA8182Q2,2nd Question & Answer Meeting,video,8182,Madras (Chennai),,,,,,,
MA8182T3,Discovering the causes of disorder,video,8182,Madras (Chennai),kft_pdf_youtube,primary,https://youtu.be/xXkHQ9M6Q8Q,xXkHQ9M6Q8Q,J. Krishnamurti - Madras (Chennai) 1981/82 - Public Talk 3 - Discovering the causes of disorder,video,1.0
MA8182T4,"Fear, pleasure and suffering are one unitary movement",video,8182,Madras (Chennai),kft_pdf_youtube,primary,https://youtu.be/A_1iIfjA778,A_1iIfjA778,"J. Krishnamurti - Madras 1981/82 - Public Talk 4 - Fear, pleasure and suffering are...",video,1.0
MA8182T5,Can one live a totally integrated life?,video,8182,Madras (Chennai),kft_pdf_youtube,primary,https://youtu.be/UUahYBYwP3Q,UUahYBYwP3Q,J. Krishnamurti - Madras (Chennai) 1981/82 - Public Talk 5 - Can one live a totally integrated life?,video,1.0
MA8182T6,In meditation there is no becoming nor being,video,8182,Madras (Chennai),kft_pdf_youtube,primary,https://youtu.be/6eThcRlV2-o,6eThcRlV2-o,J. Krishnamurti - Madras 1981/82 - Public Talk 6 - In meditation there is no becoming nor being,video,1.0
BO82T1,Thought limits our lives,audio,1982,Bombay (Mumbai),kft_pdf_youtube,primary,https://youtu.be/mOfRg5ySe4w,mOfRg5ySe4w,Audio | J. Krishnamurti - Bombay (Mumbai) 1982 - Public Talk 1 - Thought limits our lives,audio,1.0
BO82T2,Why have we lost relationship with nature and each other?,audio,1982,Bombay (Mumbai),kft_pdf_youtube,primary,https://youtu.be/LTDE7BaGR6w,LTDE7BaGR6w,Audio | J. Krishnamurti - Bombay 1982 - Talk 2 - Why have we lost relationship with nature and...,audio,1.0
BO82T3,The movement of fear,audio,1982,Bombay (Mumbai),kft_pdf_youtube,primary,https://youtu.be/-BQT0qcoc0U,-BQT0qcoc0U,Audio | J. Krishnamurti - Bombay (Mumbai) 1982 - Public Talk 3 - The movement of fear,audio,1.0
BO82T4,Remaining with suffering without thought,audio,1982,Bombay (Mumbai),kft_pdf_youtube,primary,https://youtu.be/6q5i1C_VU_U,6q5i1C_VU_U,Audio | J. Krishnamurti -  Bombay 1982 - Public Talk 4 - Remaining with suffering without thought,audio,1.0
BO82T5,"Fragmentation, time and death",audio,1982,Bombay (Mumbai),kft_pdf_youtube,primary,https://youtu.be/YBqCHN-FGLk,YBqCHN-FGLk,"Audio | J. Krishnamurti - Bombay (Mumbai) 1982 - Public Talk 5 - Fragmentation, time and death",audio,1.0
BO82T6,Without meditation there is no religious mind,audio,1982,Bombay (Mumbai),kft_pdf_youtube,primary,https://youtu.be/3k2F_VCd95k,3k2F_VCd95k,Audio | J. Krishnamurti - Bombay 1982 - Talk 6 - Without meditation there is no religious mind,audio,1.0
ND82T1,The root cause of confusion,audio,1982,New Delhi,kft_pdf_youtube,primary,https://youtu.be/5IKSFzIT2jU,5IKSFzIT2jU,Audio | J. Krishnamurti - New Delhi 1982 - Public Talk 1 - The root cause of confusion,audio,1.0
ND82T2,"Conflict, duality and observation",audio,1982,New Delhi,kft_pdf_youtube,primary,https://youtu.be/1X5p2QvlYoY,1X5p2QvlYoY,"Audio | J. Krishnamurti - New Delhi 1982 - Public Talk 2 - Conflict, duality and observation",audio,1.0
ND82T3,Factors of disorder,audio,1982,New Delhi,kft_pdf_youtube,primary,https://youtu.be/SvS45eVCzMc,SvS45eVCzMc,Audio | J. Krishnamurti - New Delhi 1982 - Public Talk 3 - Factors of disorder,audio,1.0
ND82T4,In ending is a new beginning,audio,1982,New Delhi,kft_pdf_youtube,primary,https://youtu.be/bYLqn7vvP1M,bYLqn7vvP1M,Audio | J. Krishnamurti - New Delhi 1982 - Public Talk 4 - In ending is a new beginning,audio,1.0
CC82T1,Your consciousness is the consciousness of all humanity,video,1982,Calcutta (Kolkata),kft_pdf_youtube,primary,https://youtu.be/lzSAOmc3zdU,lzSAOmc3zdU,J. Krishnamurti - Calcutta (Kolkata) 1982 - Public Talk 1 - Your consciousness...,video,1.0
CC82T2,Is there a new instrument totally different from thought?,video,1982,Calcutta (Kolkata),kft_pdf_youtube,primary,https://youtu.be/l74Url_29i4,l74Url_29i4,J. Krishnamurti - Calcutta (Kolkata) 1982 - Public Talk 2 - Is there a new...,video,1.0
CC82T3,What is the nature and the structure of disorder?,video,1982,Calcutta (Kolkata),kft_pdf_youtube,primary,https://youtu.be/mvzte8rEFzw,mvzte8rEFzw,J. Krishnamurti - Calcutta (Kolkata) 1982 - Public Talk 3 - What is the nature...,video,1.0
CC82T4,"Time, death and meditation",video,1982,Calcutta (Kolkata),kft_pdf_youtube,primary,https://youtu.be/SuRrKU0t4oQ,SuRrKU0t4oQ,"J. Krishnamurti - Calcutta (Kolkata) 1982 - Public Talk 4 - Time, death and meditation",video,1.0
MA8283T1,What instrument will solve human problems?,video,8283,Madras (Chennai),kft_pdf_youtube,primary,https://youtu.be/ppsNEFSdh0E,ppsNEFSdh0E,J. Krishnamurti Madras - 1982/83 - Public Talk 1 - What instrument will solve human problems?,video,1.0
MA8283T2,The mirror of relationship,video,8283,Madras (Chennai),kft_pdf_youtube,primary,https://youtu.be/QFNp9guZbO0,QFNp9guZbO0,J. Krishnamurti - Madras 1982/83 - Public Talk 2 - The mirror of relationship,video,1.0
MA8283Q1,1st Question & Answer Meeting,audio,8283,Madras (Chennai),,,,,,,
MA8283Q2,2nd Question & Answer Meeting,video,8283,Madras (Chennai),,,,,,,
MA8283T3,Psychological time is the cause of conflict,video,8283,Madras (Chennai),kft_pdf_youtube,primary,https://youtu.be/XHtFNFv49Es,XHtFNFv49Es,J. Krishnamurti - Madras 1982/83 - Public Talk 3 - Psychological time is the cause of conflict,video,1.0
MA8283T4,Remaining with the challenge of sorrow,video,8283,Madras (Chennai),kft_pdf_youtube,primary,https://youtu.be/QRIJNPYeVT4,QRIJNPYeVT4,J. Krishnamurti - Madras 1982/83 - Public Talk 4 - Remaining with the challenge of sorrow,video,1.0
BO83T1,Why do we have problems at all?,audio,1983,Bombay (Mumbai),kft_pdf_youtube,primary,https://youtu.be/wJFangOLts4,wJFangOLts4,Audio | J. Krishnamurti – Bombay 1983 – Public Talk 1 – Why do we have problems at all?,audio,1.0
BO83T2,Is it possible to live without a single problem?,audio,1983,Bombay (Mumbai),kft_pdf_youtube,primary,https://youtu.be/nrCu1KXqqbc,nrCu1KXqqbc,Audio | J. Krishnamurti – Bombay 1983 – Public Talk 2 – Is it possible to live without a...,audio,1.0
BO83T3,Is there time psychologically?,audio,1983,Bombay (Mumbai),kft_pdf_youtube,primary,https://youtu.be/ucUcJmD8734,ucUcJmD8734,Audio | J. Krishnamurti – Bombay 1983 – Public Talk 3 –  Is there time psychologically?,audio,1.0
BO83T4,A religious mind,audio,1983,Bombay (Mumbai),kft_pdf_youtube,primary,https://youtu.be/5c-Kzvr-iT4,5c-Kzvr-iT4,Audio | J. Krishnamurti – Bombay 1983 – Public Talk 4 – A religious mind,audio,1.0
ND83T1,Bringing about peace requires great intelligence,audio,1983,New Delhi,kft_pdf_youtube,primary,https://youtu.be/YzTEeIz1LFM,YzTEeIz1LFM,Audio | J. Krishnamurti - New Delhi 1983 - Talk 1 - Bringing about peace requires great intelligence,audio,1.0
ND83T2,Your consciousness is not separate from humanity’s,audio,1983,New Delhi,kft_pdf_youtube,primary,https://youtu.be/HDyWjAh7T9I,HDyWjAh7T9I,"Audio | J. Krishnamurti, New Delhi 1983, Talk 2 - Your consciousness is not separate from humanity’s",audio,1.0
ND83T3,"Fear, thought and love",audio,1983,New Delhi,kft_pdf_youtube,primary,https://youtu.be/oMpkxPehT7M,oMpkxPehT7M,"Audio | J. Krishnamurti - New Delhi 1983 - Public Talk 3 - Fear, thought and love",audio,1.0
ND83T4,Being with death while living,audio,1983,New Delhi,kft_pdf_youtube,primary,https://youtu.be/9dbTQMRuolA,9dbTQMRuolA,Audio | J. Krishnamurti - New Delhi 1983 - Public Talk 4 - Being with death while living,audio,1.0
MA8384T1,Can we radically bring about a change in ourselves?,video,8384,Madras (Chennai),kft_pdf_youtube,primary,https://youtu.be/1JvwyI_OmUQ,1JvwyI_OmUQ,J. Krishnamurti - Madras 1983/84 - Public Talk 1 - Can we radically bring about a change...,video,1.0
MA8384T2,What relationship has time to fear?,video,8384,Madras (Chennai),kft_pdf_youtube,primary,https://youtu.be/9Y9c0n6Q_FM,9Y9c0n6Q_FM,J. Krishnamurti - Madras 1983/84 - Public Talk 2 - What relationship has time to fear?,video,1.0
MA8384Q1,1st Question & Answer Meeting,video,8384,Madras (Chennai),,,,,,,
MA8384Q2,2nd Question & Answer Meeting,video,8384,Madras (Chennai),,,,,,,
MA8384T3,To live means also to end,video,8384,Madras (Chennai),kft_pdf_youtube,primary,https://youtu.be/uglJ9Bskvh4,uglJ9Bskvh4,J. Krishnamurti - Madras (Chennai) 1983/84 - Public Talk 3 - To live means also to end,video,1.0
MA8384T4,What has religion to do with your daily life?,video,8384,Madras (Chennai),kft_pdf_youtube,primary,https://youtu.be/p_4n0U0Gx2U,p_4n0U0Gx2U,J. Krishnamurti - Madras 1983/84 - Public Talk 4 - What has religion to do with your daily life?,video,1.0
BO84T1,A different quality of life,video,1984,Bombay (Mumbai),kft_pdf_youtube,primary,https://youtu.be/j_xylrYXJTg,j_xylrYXJTg,J. Krishnamurti - Bombay (Mumbai) 1984 - Public Talk 1 - A different quality of life,video,1.0
BO84T2,The endless cycle of action and reaction,video,1984,Bombay (Mumbai),kft_pdf_youtube,primary,https://youtu.be/kZzSnuy4LVw,kZzSnuy4LVw,J. Krishnamurti - Bombay (Mumbai) 1984 - Public Talk 2 - The endless cycle of action and reaction,video,1.0
BO84Q,Question & Answer Meeting,video,1984,Bombay (Mumbai),kft_pdf_youtube,primary,https://youtu.be/0F5RxYhBh_4,0F5RxYhBh_4,J. Krishnamurti - Bombay (Mumbai) 1984 - Public Q&A 1,video,0.88
BO84T3,The art of living and dying,video,1984,Bombay (Mumbai),kft_pdf_youtube,primary,https://youtu.be/N_8GDPFNytQ,N_8GDPFNytQ,J. Krishnamurti - Bombay (Mumbai) 1984 - Public Talk 3 - The art of living and dying,video,1.0
BO84T4,"Love, freedom, goodness, beauty are one",video,1984,Bombay (Mumbai),kft_pdf_youtube,primary,https://youtu.be/1siNZF6cdEQ,1siNZF6cdEQ,"J. Krishnamurti - Bombay (Mumbai) 1984 - Public Talk 4 - Love, freedom, goodness, beauty are one",video,1.0
MA84TR,Why is there violence in the human heart?,audio,1984,Madras (Chennai),kft_pdf_youtube,primary,https://youtu.be/cMsZKPmI4Lc,cMsZKPmI4Lc,Audio | Madras (Chennai) 1984 - Radio Talk - Why is there violence in the human heart?,audio,1.0
RA84T1,What is the significance of our daily life?,video,1984,Rajghat,kft_pdf_youtube,primary,https://youtu.be/9_2vIO6K2Ts,9_2vIO6K2Ts,J. Krishnamurti - Rajghat 1984 - Public Talk 1 - What is the significance of our daily life?,video,1.0
RA84T2,A religious mind has great sense of beauty,video,1984,Rajghat,kft_pdf_youtube,primary,https://youtu.be/ARKgnyXlwYY,ARKgnyXlwYY,J. Krishnamurti - Rajghat 1984 - Public Talk 2 - A religious mind has great sense of beauty,video,1.0
RA84T3,Unless you radically change now the future is what you are now,audio,1984,Rajghat,kft_pdf_youtube,primary,https://youtu.be/h-XEMtGFqWk,h-XEMtGFqWk,Audio | J. Krishnamurti - Rajghat 1984 - Public Talk 3 - Unless you radically change now the...,audio,1.0
RA84T4,What place has thought in the movement of desire?,audio,1984,Rajghat,kft_pdf_youtube,primary,https://youtu.be/dBGosvmL3hE,dBGosvmL3hE,Audio | J. Krishnamurti - Rajghat 1984 - Public Talk 4 - What place has thought in the movement...,audio,1.0
MA8485T1,Without change won't we destroy ourselves?,audio,8485,Madras (Chennai),kft_pdf_youtube,primary,https://youtu.be/mslLEnbrp7E,mslLEnbrp7E,"Audio | J. Krishnamurti, Madras 1984/85 - Public Talk 1 - Without change won't we destroy ourselves?",audio,1.0
MA8485Q1,1st Question & Answer Meeting,video,8485,Madras (Chennai),,,,,,,
MA8485Q2,2nd Question & Answer Meeting,video,8485,Madras (Chennai),,,,,,,
MA8485T2,Can thought give human beings security?,video,8485,Madras (Chennai),kft_pdf_youtube,primary,https://youtu.be/ayVJlXjcauo,ayVJlXjcauo,J. Krishnamurti - Madras (Chennai) 1984/85 - Public Talk 2 - Can thought give human beings security?,video,1.0
MA8485T3,The shallowness of a life without passion,video,8485,Madras (Chennai),kft_pdf_youtube,primary,https://youtu.be/anyJlx8feP0,anyJlx8feP0,J. Krishnamurti - Madras (Chennai) 1984/85 - Public Talk 3 - The shallowness of...,video,1.0
MA8485T4,Death is not at the far end of life,video,8485,Madras (Chennai),kft_pdf_youtube,primary,https://youtu.be/wA5bpeRPq_o,wA5bpeRPq_o,J. Krishnamurti - Madras (Chennai) 1984/85 - Public Talk 4 - Death is not at the far end of life,video,1.0
BO85T1,What is our brain?,video,1985,Bombay (Mumbai),kft_pdf_youtube,primary,https://youtu.be/auk57Y-z8lI,auk57Y-z8lI,J. Krishnamurti - Bombay (Mumbai) 1985 - Public Talk 1 - What is our brain?,video,1.0
BO85T2,Thought and time are always together,video,1985,Bombay (Mumbai),kft_pdf_youtube,primary,https://youtu.be/9pVkMrTLJ-4,9pVkMrTLJ-4,J. Krishnamurti - Bombay (Mumbai) 1985 - Public Talk 2 - Thought and time are always together,video,1.0
BO85Q1,1st Question & Answer Meeting,video,1985,Bombay (Mumbai),kft_pdf_youtube,primary,https://youtu.be/qmTnwQ5Ieys,qmTnwQ5Ieys,J. Krishnamurti - Bombay (Mumbai) 1985 - Public Q&A 1,video,0.88
BO85Q2,2nd Question & Answer Meeting,video,1985,Bombay (Mumbai),kft_pdf_youtube,primary,https://youtu.be/37oNbCe0mek,37oNbCe0mek,J. Krishnamurti - Bombay (Mumbai) 1985 - Public Q&A 2,video,0.88
BO85T3,Sorrow is part of our self-centred activity,video,1985,Bombay (Mumbai),kft_pdf_youtube,primary,https://youtu.be/5IZ3vIDBtSo,5IZ3vIDBtSo,J. Krishnamurti - Bombay (Mumbai) 1985 - Public Talk 3 - Sorrow is part of our self-centred activity,video,1.0
BO85T4,Is there a meditation that is not brought about by thought?,video,1985,Bombay (Mumbai),kft_pdf_youtube,primary,https://youtu.be/V26gWLti_0E,V26gWLti_0E,J. Krishnamurti - Bombay (Mumbai) 1985 - Public Talk 4 - Is there a meditation that...,video,1.0
RA85T1,"Whatever you think, you are",video,1985,Rajghat,kft_pdf_youtube,primary,https://youtu.be/-4T2l9ekS-M,-4T2l9ekS-M,"J. Krishnamurti - Rajghat 1985 - Public Talk 1 - Whatever you think, you are",video,1.0
RA85T2,All time is contained now,video,1985,Rajghat,kft_pdf_youtube,primary,https://youtu.be/LMi3F-Zv5XQ,LMi3F-Zv5XQ,J. Krishnamurti - Rajghat 1985 - Public Talk 2 - All time is contained now,video,1.0
RA85D,Why do we divide the spiritual and the mundane?,video,1985,Rajghat,kft_pdf_youtube,primary,https://youtu.be/rk-ucoZOgiw,rk-ucoZOgiw,J. Krishnamurti - Rajghat 1985 - Public Discussion - Why do we divide the spiritual and the mundane?,video,1.0
RA85T3,"As long as there is a meditator, there is no meditation",video,1985,Rajghat,kft_pdf_youtube,primary,https://youtu.be/Lc-Vv7V-Ye4,Lc-Vv7V-Ye4,"J. Krishnamurti - Rajghat 1985 - Public Talk 3 - As long as there is a meditator, there is no...",video,1.0
MA8586T1,An action with no past or future,video,8586,Madras (Chennai),,,,,,,
MA8586T2,Fear destroys love,video,8586,Madras (Chennai),kft_pdf_youtube,primary,https://youtu.be/FBCHw0rrJZY,FBCHw0rrJZY,J. Krishnamurti - Madras (Chennai) 1986 - Public Talk 2 - Fear destroys love,video,1.0
MA8586T3,"What is creation, the origin, the beginning?",video,8586,Madras (Chennai),kft_pdf_youtube,primary,https://youtu.be/iqvDsVlAHx8,iqvDsVlAHx8,"J. Krishnamurti - Madras (Chennai) 1986 - Public Talk 3 - What is creation, the origin, the...",video,1.0
OJ49T1,Does self-knowledge come through searching?,audio,1949,"Ojai, California",kft_pdf_youtube,primary,https://youtu.be/thqaDF0gwxY,thqaDF0gwxY,Audio | J. Krishnamurti - Ojai 1949 - Public Talk 1 - Does self-knowledge come through searching?,audio,1.0
OJ49T2,Relationship has significance only when it is a process of selfrevelation,audio,1949,"Ojai, California",kft_pdf_youtube,primary,https://youtu.be/0V0sZKnprtA,0V0sZKnprtA,Audio | J. Krishnamurti - Ojai 1949 - Public Talk 2 - Relationship has significance only...,audio,1.0
OJ49T3,If we had no belief what would happen to us?,audio,1949,"Ojai, California",kft_pdf_youtube,primary,https://youtu.be/C_8VXZLkovY,C_8VXZLkovY,Audio | J. Krishnamurti - Ojai 1949 - Public Talk 3 - If we had no belief what would happen to us?,audio,1.0
OJ49T4,Simplicity cannot be found unless one is free inwardly,audio,1949,"Ojai, California",kft_pdf_youtube,primary,https://youtu.be/LUz-7Qb1UxI,LUz-7Qb1UxI,Audio | J. Krishnamurti - Ojai 1949 - Public Talk 4 - Simplicity cannot be found unless...,audio,1.0
OJ49T5,How is one to be aware?,audio,1949,"Ojai, California",kft_pdf_youtube,primary,https://youtu.be/JrRQNj-ADMM,JrRQNj-ADMM,Audio | J. Krishnamurti - Ojai 1949 - Public Talk 5 - How is one to be aware?,audio,1.0
OJ49T6,What is true religion?,audio,1949,"Ojai, California",kft_pdf_youtube,primary,https://youtu.be/GO_t46f9V5s,GO_t46f9V5s,Audio | J. Krishnamurti - Ojai 1949 - Public Talk 6 - What is true religion?,audio,1.0
OJ49T7,To understand ‘what is’ there must be no prejudice,audio,1949,"Ojai, California",kft_pdf_youtube,primary,https://youtu.be/4LbYeEUv9Y0,4LbYeEUv9Y0,Audio | J. Krishnamurti - Ojai 1949 - Public Talk 7 - To understand ‘what is’ there must be no...,audio,1.0
OJ49T8,Experiencing the state of immortality without ideation,audio,1949,"Ojai, California",kft_pdf_youtube,primary,https://youtu.be/KjmCh_CZkEw,KjmCh_CZkEw,Audio | J. Krishnamurti - Ojai 1949 - Public Talk 8 - Experiencing the state of immortality...,audio,1.0
OJ49T9,Ideals and ambition,audio,1949,"Ojai, California",kft_pdf_youtube,primary,https://youtu.be/fHEZXF6uR1U,fHEZXF6uR1U,Audio | J. Krishnamurti - Ojai 1949 - Public Talk 9 - Ideals and ambition,audio,1.0
OJ49T10,Without self-knowledge there cannot be complete action,audio,1949,"Ojai, California",kft_pdf_youtube,primary,https://youtu.be/6lPPayCkPP0,6lPPayCkPP0,Audio | J. Krishnamurti - Ojai 1949 - Public Talk 10 - Without self-knowledge there cannot be...,audio,1.0
OJ49T11,Why do we want to dominate or be subservient to another?,audio,1949,"Ojai, California",kft_pdf_youtube,primary,https://youtu.be/_wf-UqbQ33g,_wf-UqbQ33g,Audio | J. Krishnamurti - Ojai 1949 - Public Talk 11 - Why do we want to dominate or be...,audio,1.0
OJ49T12,Why do we seek a method or technique?,audio,1949,"Ojai, California",kft_pdf_youtube,primary,https://youtu.be/yTmCBw7gtFE,yTmCBw7gtFE,Audio | J. Krishnamurti - Ojai 1949 - Public Talk 12 - Why do we seek a method or technique?,audio,1.0
OJ49T13,Simplicity comes into being when there is freedom from the desire to achieve,audio,1949,"Ojai, California",kft_pdf_youtube,primary,https://youtu.be/kig9NrcMySQ,kig9NrcMySQ,Audio | J. Krishnamurti - Ojai 1949 - Public Talk 13 - Simplicity comes into being when...,audio,1.0
OJ49T14,Why do we seek?,audio,1949,"Ojai, California",kft_pdf_youtube,primary,https://youtu.be/26WYssS9d6k,26WYssS9d6k,Audio | J. Krishnamurti - Ojai 1949 - Public Talk 14 - Why do we seek?,audio,1.0
OJ66T1,Freedom to inquire,audio,1966,"Ojai, California",kft_pdf_youtube,primary,https://youtu.be/9ngDpZWqnEM,9ngDpZWqnEM,Audio | J. Krishnamurti - Ojai 1966 - Public Talk 1 - Freedom to inquire,audio,1.0
OJ66T2,Learning is in the active present,audio,1966,"Ojai, California",kft_pdf_youtube,primary,https://youtu.be/eIcEF8WP1tg,eIcEF8WP1tg,Audio | J. Krishnamurti - Ojai 1966 - Public Talk 2 - Learning is in the active present,audio,1.0
OJ66D1,Is it possible to end violence without effort?,audio,1966,"Ojai, California",kft_pdf_youtube,primary,https://youtu.be/XJtOb0SJO_0,XJtOb0SJO_0,"Audio | J. Krishnamurti, Ojai 1966, Public Discus. 1, Is it possible to end violence without effort?",audio,1.0
OJ66T3,Giving complete attention to pleasure,audio,1966,"Ojai, California",kft_pdf_youtube,primary,https://youtu.be/pF7TFPAnga8,pF7TFPAnga8,Audio | J. Krishnamurti - Ojai 1966 - Public Talk 3 - Giving complete attention to pleasure,audio,1.0
OJ66T4,Dying to everything known,audio,1966,"Ojai, California",kft_pdf_youtube,primary,https://youtu.be/s7LcTo_LZk8,s7LcTo_LZk8,Audio | J. Krishnamurti - Ojai 1966 - Public Talk 4 - Dying to everything known,audio,1.0
OJ66D2,Love and suffering,audio,1966,"Ojai, California",kft_pdf_youtube,primary,https://youtu.be/O-sUZdfuhhQ,O-sUZdfuhhQ,Audio | J. Krishnamurt - Ojai 1966 - Public Discussion 2 - Love and suffering,audio,1.0
OJ66T5,Meditation is freeing the mind of the known,audio,1966,"Ojai, California",kft_pdf_youtube,primary,https://youtu.be/JRUGOUp6hfU,JRUGOUp6hfU,Audio | J. Krishnamurti - Ojai 1966 - Public Talk 5 - Meditation is freeing the mind of the known,audio,1.0
OJ66T6,Is it possible to radically change ‘what is’?,audio,1966,"Ojai, California",kft_pdf_youtube,primary,https://youtu.be/2uVeuUz-Nl4,2uVeuUz-Nl4,Audio | J. Krishnamurti - Ojai 1966 - Public Talk 6 - Is it possible to radically change ‘what is’?,audio,1.0
OJ66D3,How can a shallow mind become deep?,audio,1966,"Ojai, California",kft_pdf_youtube,primary,https://youtu.be/3QSGKnlzNJc,3QSGKnlzNJc,Audio | J. Krishnamurti - Ojai 1966 - Public Discussion 3 - How can a shallow mind become deep?,audio,1.0
BK69T1,Can the mind be free?,audio,1969,"Berkeley, California",kft_pdf_youtube,primary,https://youtu.be/uxfjtX75Y7c,uxfjtX75Y7c,Audio | J. Krishnamurti – Berkeley 1969 – Public Talk 1 – Can the mind be free?,audio,1.0
BK69T2,Thought sustains fear and pleasure,audio,1969,"Berkeley, California",kft_pdf_youtube,primary,https://youtu.be/vdhMCF_E-eE,vdhMCF_E-eE,Audio | J. Krishnamurti – Berkeley 1969 – Public Talk 2 – Thought sustains fear and pleasure,audio,1.0
BK69T3,"Life, death and love",audio,1969,"Berkeley, California",kft_pdf_youtube,primary,https://youtu.be/z1tOBUDPhLo,z1tOBUDPhLo,"Audio | J. Krishnamurti – Berkeley 1969 – Public Talk 3 – Life, death and love",audio,1.0
BK69T4,True revolution,audio,1969,"Berkeley, California",kft_pdf_youtube,primary,https://youtu.be/UD4RbtJhKhw,UD4RbtJhKhw,Audio | J. Krishnamurti – Berkeley 1969 – Public Talk 4 – True revolution,audio,1.0
SM70T1,To look at violence without the past,audio,1970,"Santa Monica, California",kft_pdf_youtube,primary,https://youtu.be/aMKhs7JTfUc,aMKhs7JTfUc,Audio | J. Krishnamurti - Santa Monica 1970 - Public Talk 1 - To look at violence without the past,audio,1.0
SM70T2,You cannot be free of fear without understanding pleasure,audio,1970,"Santa Monica, California",kft_pdf_youtube,primary,https://youtu.be/xcKA0QcZzA4,xcKA0QcZzA4,Audio | J. Krishnamurti - Santa Monica 1970 - Public Talk 2 - You cannot be free of fear without...,audio,1.0
SM70T3,"Life, love and death",audio,1970,"Santa Monica, California",kft_pdf_youtube,primary,https://youtu.be/zLK_HIqOHT0,zLK_HIqOHT0,"Audio | J. Krishnamurti - Santa Monica 1970 - Public Talk 3 - Life, love and death",audio,1.0
SM70T4,Inquiring into religion and meditation,audio,1970,"Santa Monica, California",kft_pdf_youtube,primary,https://youtu.be/DFfIx66LTXc,DFfIx66LTXc,Audio | J. Krishnamurti - Santa Monica 1970 - Public Talk 4 - Inquiring into religion and meditation,audio,1.0
SD70T1,How does one learn about oneself?,video,1970,"San Diego, California",kft_pdf_youtube,primary,https://youtu.be/ojjZut2-fu0,ojjZut2-fu0,J. Krishnamurti - San Diego 1970 - Public Talk 1 - How does one learn about oneself?,video,1.0
SD70T2,Can the human mind be completely free of fear?,video,1970,"San Diego, California",kft_pdf_youtube,primary,https://youtu.be/1Z32Mh0EiBE,1Z32Mh0EiBE,J. Krishnamurti - San Diego 1970 - Public Talk 2 - Can the human mind be completely free of fear?,video,1.0
SD70T3,Understanding meditation requires order,video,1970,"San Diego, California",kft_pdf_youtube,primary,https://youtu.be/bciKNE90kzU,bciKNE90kzU,J. Krishnamurti - San Diego 1970 - Public Talk 3 - Understanding meditation requires order,video,1.0
SD70T4,What is meditation?,video,1970,"San Diego, California",kft_pdf_youtube,primary,https://youtu.be/2-dFPWqLIqM,2-dFPWqLIqM,J. Krishnamurti - San Diego 1970 - Public Talk 4 - What is meditation?,video,1.0
NY71T1,To be aware of our past,video,1971,New York,kft_pdf_youtube,primary,https://youtu.be/-HCC_z9t85w,-HCC_z9t85w,J. Krishnamurti - New York 1971 - Public Talk 1 - To be aware of our past,video,1.0
NY71T2,"What you think, you are",video,1971,New York,kft_pdf_youtube,primary,https://youtu.be/cl93xw5F3cI,cl93xw5F3cI,"J. Krishnamurti - New York 1971 - Public Talk 2 - What you think, you are",video,1.0
NY71T3,Relationship,video,1971,New York,kft_pdf_youtube,primary,https://youtu.be/c1Gr2JRneto,c1Gr2JRneto,J. Krishnamurti - New York 1971 - Public Talk 3 - Relationship,video,1.0
NY71T4,Can the mind become quiet?,video,1971,New York,kft_pdf_youtube,primary,https://youtu.be/jqkGxIqO1Mo,jqkGxIqO1Mo,J. Krishnamurti - New York 1971 - Public Talk 4 - Can the mind become quiet?,video,1.0
SM72T1,To act instantly is to see actually ‘what is’,video,1972,"Santa Monica, California",kft_pdf_youtube,primary,https://youtu.be/j7a4XSYwXGI,j7a4XSYwXGI,J. Krishnamurti - Santa Monica 1972 - Public Talk 1 - To act instantly is to see actually ‘what is’,video,1.0
SM72T2,Is there a total action which will be sane in an insane world?,video,1972,"Santa Monica, California",kft_pdf_youtube,primary,https://youtu.be/ILrMvQA9BLQ,ILrMvQA9BLQ,J. Krishnamurti - Santa Monica 1972 - Public Talk 2 - Is there a total action which will be...,video,1.0
SM72T3,In freedom there is order,video,1972,"Santa Monica, California",kft_pdf_youtube,primary,https://youtu.be/YkDaf2SV3qQ,YkDaf2SV3qQ,J. Krishnamurti - Santa Monica 1972 - Public Talk 3 - In freedom there is order,video,1.0
SM72T4,A different kind of energy,video,1972,"Santa Monica, California",kft_pdf_youtube,primary,https://youtu.be/5wZLMFOHweY,5wZLMFOHweY,J. Krishnamurti - Santa Monica 1972 - Public Talk 4 - A different kind of energy,video,1.0
OJ72T1,What will bring humanity together?,video,1972,"Ojai, California",kft_pdf_youtube,primary,https://youtu.be/62TkHEle1B8,62TkHEle1B8,J. Krishnamurti - Ojai 1972 - Public Talk 1 - What will bring humanity together?,video,1.0
OJ72T2,Order has its own law,video,1972,"Ojai, California",kft_pdf_youtube,primary,https://youtu.be/5aFiRS2FR-w,5aFiRS2FR-w,J. Krishnamurti - Ojai 1972 - Public Talk 2 - Order has its own law,video,1.0
SF73T1,Knowledge in relationship creates division,audio,1973,"San Francisco, California",kft_pdf_youtube,primary,https://youtu.be/in4ZJLPn57Y,in4ZJLPn57Y,Audio | J. Krishnamurti — San Francisco 1973 - Public Talk 1 - Knowledge in relationship...,audio,1.0
SF73T2,What is the place of thought?,audio,1973,"San Francisco, California",kft_pdf_youtube,primary,https://youtu.be/O7WTXJ0sqnQ,O7WTXJ0sqnQ,Audio | J. Krishnamurti — San Francisco 1973 - Public Talk 2 - What is the place of thought?,audio,1.0
SF73T3,"Suffering, love and freedom from death",audio,1973,"San Francisco, California",kft_pdf_youtube,primary,https://youtu.be/XPjPLIg4Sn4,XPjPLIg4Sn4,"Audio | J. Krishnamurti — San Francisco 1973 - Public Talk 3 - Suffering, love and freedom from...",audio,1.0
SF73T4,Total negation of the self,audio,1973,"San Francisco, California",kft_pdf_youtube,primary,https://youtu.be/BHW-Z47Rj3Y,BHW-Z47Rj3Y,Audio | J. Krishnamurti — San Francisco 1973 - Public Talk 4 - Total negation of the self,audio,1.0
OJ73T1,Relationship without image is love,audio,1973,"Ojai, California",kft_pdf_youtube,primary,https://youtu.be/nFvl194Hmew,nFvl194Hmew,Audio | J. Krishnamurti – Ojai 1973 – Public Talk 1 – Relationship without image is love,audio,1.0
OJ73T2,"The meaning of life, pleasure and fear",audio,1973,"Ojai, California",kft_pdf_youtube,primary,https://youtu.be/DbDzoxBIPUE,DbDzoxBIPUE,"Audio | J. Krishnamurti – Ojai 1973 – Public Talk 2 – The meaning of life, pleasure and fear",audio,1.0
OJ73T3,"Order, love and death",audio,1973,"Ojai, California",kft_pdf_youtube,primary,https://youtu.be/ewDjgP4vHiA,ewDjgP4vHiA,"Audio | J. Krishnamurti – Ojai 1973 – Public Talk 3 – Order, love and death",audio,1.0
OJ73T4,Religion and meditation,audio,1973,"Ojai, California",kft_pdf_youtube,primary,https://youtu.be/MivdLU2gXK8,MivdLU2gXK8,Audio | J. Krishnamurti – Ojai 1973 – Public Talk 4 – Religion and meditation,audio,1.0
OJ74D1,"Thinking, relationship and fear",audio,1974,"Ojai, California",kft_pdf_youtube,primary,https://youtu.be/lfZGvINQVfc,lfZGvINQVfc,"Audio | J. Krishnamurti – Ojai 1974 – Public Discussion 1 – Thinking, relationship and fear",audio,1.0
OJ74D2,"Meditation, energy and regeneration in consciousness",audio,1974,"Ojai, California",kft_pdf_youtube,primary,https://youtu.be/DvTyOSgkw3Q,DvTyOSgkw3Q,"Audio | J. Krishnamurti – Ojai 1974 – Public Discussion 2 – Meditation, energy and regeneration...",audio,1.0
SF75T1,Freedom is necessary to investigate into oneself,audio,1975,"San Francisco, California",kft_pdf_youtube,primary,https://youtu.be/_vDxIpJ3e_s,_vDxIpJ3e_s,Audio | J. Krishnamurti - San Francisco 1975 - Public Talk 1 - Freedom is necessary to...,audio,1.0
SF75T2,What is the relationship of knowledge to transformation?,audio,1975,"San Francisco, California",kft_pdf_youtube,primary,https://youtu.be/uNaWYwCO3es,uNaWYwCO3es,Audio | J. Krishnamurti - San Francisco 1975 - Public Talk 2 - What is the relationship of...,audio,1.0
SF75T3,Why have we not been able to resolve suffering?,audio,1975,"San Francisco, California",kft_pdf_youtube,primary,https://youtu.be/CE0BWKsSB4E,CE0BWKsSB4E,Audio | J. Krishnamurti - San Francisco 1975 - Public Talk 3 - Why have we not been able to...,audio,1.0
SF75T4,The art of meditation,audio,1975,"San Francisco, California",kft_pdf_youtube,primary,https://youtu.be/R65oG4ay4Cs,R65oG4ay4Cs,Audio | J. Krishnamurti - San Francisco 1975 - Public Talk 4 - The art of meditation,audio,1.0
OJ75T1,A direct perception not related to knowledge,audio,1975,"Ojai, California",kft_pdf_youtube,primary,https://youtu.be/ayDtudsM7SM,ayDtudsM7SM,Audio | J. Krishnamurti - Ojai 1975 - Public Talk 1 - A direct perception not related to knowledge,audio,1.0
OJ75T2,"Conflict, ideologies, fear and pleasure",audio,1975,"Ojai, California",kft_pdf_youtube,primary,https://youtu.be/lt_ey3IrvKY,lt_ey3IrvKY,"Audio | J. Krishnamurti - Ojai 1975 - Public Talk 2 - Conflict, ideologies, fear and pleasure",audio,1.0
OJ75D,Can we educate the totality of man?,audio,1975,"Ojai, California",kft_pdf_youtube,primary,https://youtu.be/Uwm3Ws3K0OE,Uwm3Ws3K0OE,Audio | J. Krishnamurti - Ojai 1975 - Public Discussion - Can we educate the totality of man?,audio,1.0
OJ75T3,"Time, suffering and death",audio,1975,"Ojai, California",kft_pdf_youtube,primary,https://youtu.be/HOTQsXy0yec,HOTQsXy0yec,"Audio | J. Krishnamurti - Ojai 1975 - Public Talk 3 - Time, suffering and death",audio,1.0
OJ75T4,"Religion, authority and meditation",audio,1975,"Ojai, California",kft_pdf_youtube,primary,https://youtu.be/8dGguRiy4_U,8dGguRiy4_U,"Audio | J. Krishnamurti - Ojai 1975 - Public Talk 4 - Religion, authority and meditation",audio,1.0
OJ76T1,"Relationships, images and hurt",audio,1976,"Ojai, California",kft_pdf_youtube,primary,https://youtu.be/CtnaW4n-gc4,CtnaW4n-gc4,"Audio | J. Krishnamurti — Ojai 1976 – Public Talk 1 – Relationships, images and hurt",audio,1.0
OJ76T2,Why is thought fragmentary?,audio,1976,"Ojai, California",kft_pdf_youtube,primary,https://youtu.be/IdGfwwwluP0,IdGfwwwluP0,Audio | J. Krishnamurti — Ojai 1976 – Public Talk 2 — Why is thought fragmentary?,audio,1.0
OJ76D1,What is the function of learning?,audio,1976,"Ojai, California",kft_pdf_youtube,primary,https://youtu.be/-GfJf8YzucU,-GfJf8YzucU,Audio | J. Krishnamurti — Ojai 1976 – Public Discus. 1 — What is the function of learning?,audio,1.0
OJ76T3,Fear and the structure of the ‘me’,audio,1976,"Ojai, California",kft_pdf_youtube,primary,https://youtu.be/Fby3xp8PidY,Fby3xp8PidY,Audio | J. Krishnamurti — Ojai 1976 – Public Talk 3 – Fear and the structure of the ‘me’,audio,1.0
OJ76T4,"Reality, pleasure and sorrow",audio,1976,"Ojai, California",kft_pdf_youtube,primary,https://youtu.be/j_Ko7Q78ykw,j_Ko7Q78ykw,"Audio | J. Krishnamurti — Ojai 1976 – Public Talk 4 — Reality, pleasure and sorrow",audio,1.0
OJ76D2,What is the correct action in life?,audio,1976,"Ojai, California",kft_pdf_youtube,primary,https://youtu.be/xR1dlQCaxkM,xR1dlQCaxkM,Audio | J. Krishnamurti — Ojai 1976 – Public Discus. 2 — What is the correct action in life?,audio,1.0
OJ76D3,Correct action in a disintegrating society,audio,1976,"Ojai, California",kft_pdf_youtube,primary,https://youtu.be/1mWglJ_Kecw,1mWglJ_Kecw,Audio | J. Krishnamurti — Ojai 1976 – Public Discus. 3 — Correct action in a disintegrating society,audio,1.0
OJ76T5,"Desire, love and death",audio,1976,"Ojai, California",kft_pdf_youtube,primary,https://youtu.be/7TCnPGHOiiw,7TCnPGHOiiw,"Audio | J. Krishnamurti — Ojai 1976 – Public Talk 5 — Desire, love and death",audio,1.0
OJ76T6,Meditation implies a life of great order,audio,1976,"Ojai, California",kft_pdf_youtube,primary,https://youtu.be/nVJrn_m32yQ,nVJrn_m32yQ,Audio | J. Krishnamurti — Ojai 1976 – Public Talk 6 — Meditation implies a life of great order,audio,1.0
OJ77T1,An intelligence in which there is complete security,video,1977,"Ojai, California",kft_pdf_youtube,primary,https://youtu.be/PipA1EONhis,PipA1EONhis,J. Krishnamurti - Ojai 1977 - Public Talk 1 - An intelligence in which there is complete security,video,1.0
OJ77T2,The source of conflict,video,1977,"Ojai, California",kft_pdf_youtube,primary,https://youtu.be/ZWOVfIJuClA,ZWOVfIJuClA,J. Krishnamurti - Ojai 1977 - Public Talk 2 - The source of conflict,video,1.0
OJ77D1,How does one transform oneself?,video,1977,"Ojai, California",kft_pdf_youtube,primary,https://youtu.be/sGJys2noR-Y,sGJys2noR-Y,J. Krishnamurti - Ojai 1977 - Public Discussion 1 - How does one transform oneself?,video,1.0
OJ77D2,The relationship of experience and thought,video,1977,"Ojai, California",kft_pdf_youtube,primary,https://youtu.be/auX75naBTdA,auX75naBTdA,J. Krishnamurti - Ojai 1977 - Public Discussion 2 - The relationship of experience and thought,video,1.0
OJ77T3,Can man radically transform himself psychologically?,video,1977,"Ojai, California",kft_pdf_youtube,primary,https://youtu.be/59V_T-m7MjI,59V_T-m7MjI,J. Krishnamurti - Ojai 1977 - Public Talk 3 - Can man radically transform himself psychologically?,video,1.0
OJ77T4,"The art of listening, seeing, learning and living",video,1977,"Ojai, California",kft_pdf_youtube,primary,https://youtu.be/ZHgQ5seYPZA,ZHgQ5seYPZA,"J. Krishnamurti - Ojai 1977 - Public Talk 4 - The art of listening, seeing, learning and living",video,1.0
OJ77D3,Education and conditioning,video,1977,"Ojai, California",kft_pdf_youtube,primary,https://youtu.be/So24kYi_Lfo,So24kYi_Lfo,J. Krishnamurti - Ojai 1977 - Public Discussion 3 - Education and conditioning,video,1.0
OJ77D4,Intellect and intelligence,video,1977,"Ojai, California",kft_pdf_youtube,primary,https://youtu.be/YclwnYbS-dg,YclwnYbS-dg,J. Krishnamurti - Ojai 1977 - Public Discussion 4 - Intellect and intelligence,video,1.0
OJ77T5,Love and death,video,1977,"Ojai, California",kft_pdf_youtube,primary,https://youtu.be/-wn1ijrFVME,-wn1ijrFVME,J. Krishnamurti - Ojai 1977 - Public Talk 5 - Love and death,video,1.0
OJ77T6,What is the significance of meditation?,video,1977,"Ojai, California",kft_pdf_youtube,primary,https://youtu.be/Uj7ZfnacV1M,Uj7ZfnacV1M,J. Krishnamurti - Ojai 1977 - Public Talk 6 - What is the significance of meditation?,video,1.0
OJ78T1,When there is no pressure there is freedom,audio,1978,"Ojai, California",kft_pdf_youtube,primary,https://youtu.be/-VTzLdnuo2M,-VTzLdnuo2M,Audio | J. Krishnamurti – Ojai 1978 – Public Meeting 1 – When there is no pressure there is freedom,audio,1.0
OJ78T2,Is it possible to bring about order without the operation of thought?,audio,1978,"Ojai, California",kft_pdf_youtube,primary,https://youtu.be/KfUo9g7Dm4E,KfUo9g7Dm4E,Audio | J. Krishnamurti – Ojai 1978 – Public Meeting 2 – Is it possible to bring about order...,audio,1.0
OJ78D1,Can the observer come to an end so that there is clarity of perception?,audio,1978,"Ojai, California",kft_pdf_youtube,primary,https://youtu.be/VGuKXe1-H-w,VGuKXe1-H-w,Audio | J. Krishnamurti – Ojai 1978 – Public Discus. 1 – Can the observer come to an end so that...,audio,1.0
OJ78D2,Why do we live under pressure?,audio,1978,"Ojai, California",kft_pdf_youtube,primary,https://youtu.be/P2G93UC0BuA,P2G93UC0BuA,Audio | J. Krishnamurti – Ojai 1978 – Public Discussion 2 – Why do we live under pressure?,audio,1.0
OJ78T3,Why does the mechanism of image-making come into being?,audio,1978,"Ojai, California",kft_pdf_youtube,primary,https://youtu.be/GiDukqxmg3k,GiDukqxmg3k,Audio | J. Krishnamurti – Ojai 1978 – Public Meeting 3 – Why does the mechanism of image-making...,audio,1.0
OJ78T4,What is the relationship of thought to desire?,audio,1978,"Ojai, California",kft_pdf_youtube,primary,https://youtu.be/HSZqziJ4n64,HSZqziJ4n64,Audio | J. Krishnamurti – Ojai 1978 – Public Meeting 4 – What is the relationship of thought...,audio,1.0
OJ78D3,What will make you see the danger of conditioning?,audio,1978,"Ojai, California",kft_pdf_youtube,primary,https://youtu.be/f_uMtOADePk,f_uMtOADePk,Audio | J. Krishnamurti – Ojai 1978 – Public Discussion 3 – What will make you see the danger...,audio,1.0
OJ78D4,What is correct action?,audio,1978,"Ojai, California",kft_pdf_youtube,primary,https://youtu.be/wAmgS5uhUYI,wAmgS5uhUYI,Audio | J. Krishnamurti – Ojai 1978 – Public Discussion 4 – What is correct action?,audio,1.0
OJ78T5,"Is it possible to live, act, without a centre?",audio,1978,"Ojai, California",kft_pdf_youtube,primary,https://youtu.be/J2X3ugZvhpU,J2X3ugZvhpU,"Audio | J. Krishnamurti – Ojai 1978 – Public Meeting 5 – Is it possible to live, act, without...",audio,1.0
OJ78T6,In meditation there is no observer or the observed,audio,1978,"Ojai, California",kft_pdf_youtube,primary,https://youtu.be/sp6vlRhymmw,sp6vlRhymmw,Audio | J. Krishnamurti – Ojai 1978 – Public Meeting 6 – In meditation there is no observer...,audio,1.0
OJ79T1,Living in goodness,video,1979,"Ojai, California",kft_pdf_youtube,primary,https://youtu.be/WTltKyVfgzk,WTltKyVfgzk,J. Krishnamurti - Ojai 1979 - Public Talk 1 - Living in goodness,video,1.0
OJ79T2,"What is the relationship between desire, thought and action?",video,1979,"Ojai, California",kft_pdf_youtube,primary,https://youtu.be/KNc_FghQE2k,KNc_FghQE2k,J. Krishnamurti - Ojai 1979 - Public Talk 2 - What is the relationship between desire...,video,1.0
OJ79D1,Can a conditioned mind free itself?,video,1979,"Ojai, California",kft_pdf_youtube,primary,https://youtu.be/QeunDeLcD1o,QeunDeLcD1o,J. Krishnamurti - Ojai 1979 - Public Discussion 1 - Can a conditioned mind free itself?,video,1.0
OJ79D2,Is there a way of living in which self-centred activity ends?,video,1979,"Ojai, California",kft_pdf_youtube,primary,https://youtu.be/58_cZMNwXdc,58_cZMNwXdc,J. Krishnamurti - Ojai 1979 - Public Discussion 2 - Is there a way of living in which...,video,1.0
OJ79T3,What is the root of fear?,video,1979,"Ojai, California",kft_pdf_youtube,primary,https://youtu.be/M9e5WEIXkbA,M9e5WEIXkbA,J. Krishnamurti - Ojai 1979 - Public Talk 3 - What is the root of fear?,video,1.0
OJ79T4,The art of observing the book of mankind,video,1979,"Ojai, California",kft_pdf_youtube,primary,https://youtu.be/54hPTNsaIFM,54hPTNsaIFM,J. Krishnamurti - Ojai 1979 - Public Talk 4 - The art of observing the book of mankind,video,1.0
OJ79D3,"Freedom, love and responsibility",video,1979,"Ojai, California",kft_pdf_youtube,primary,https://youtu.be/j0pM_qNMZNg,j0pM_qNMZNg,"J. Krishnamurti - Ojai 1979 - Public Discussion 3 - Freedom, love and responsibility",video,1.0
OJ79D4,What is blocking us from change?,video,1979,"Ojai, California",kft_pdf_youtube,primary,https://youtu.be/PJSiPrAsF-U,PJSiPrAsF-U,J. Krishnamurti - Ojai 1979 - Public Discussion 4 - What is blocking us from change?,video,1.0
OJ79T5,What is disorder in one’s life and what is death?,video,1979,"Ojai, California",kft_pdf_youtube,primary,https://youtu.be/OBmW-dQsE58,OBmW-dQsE58,J. Krishnamurti - Ojai 1979 - Public Talk 5 - What is disorder in one’s life and what is death?,video,1.0
OJ79T6,Meditation is the ending of all the content of one’s consciousness,video,1979,"Ojai, California",kft_pdf_youtube,primary,https://youtu.be/vW7keoqpsxc,vW7keoqpsxc,J. Krishnamurti - Ojai 1979 - Public Talk 6 - Meditation is the ending of all...,video,1.0
OJ80T1,Can we think together about the crisis we are facing?,video,1980,"Ojai, California",kft_pdf_youtube,primary,https://youtu.be/oe5bac9LrEQ,oe5bac9LrEQ,J. Krishnamurti - Ojai 1980 - Public Talk 1 - Can we think together about the crisis we are facing?,video,1.0
OJ80T2,Observation is the total denial of analysis,video,1980,"Ojai, California",kft_pdf_youtube,primary,https://youtu.be/LhM3v1m-thQ,LhM3v1m-thQ,J. Krishnamurti - Ojai 1980 - Public Talk 2 - Observation is the total denial of analysis,video,1.0
OJ80Q1,1st Question & Answer Meeting,video,1980,"Ojai, California",kft_pdf_youtube,primary,https://youtu.be/Ocu9wpD4t7k,Ocu9wpD4t7k,J. Krishnamurti - Ojai 1980 - Public Q&A 1,video,0.88
OJ80Q2,2nd Question & Answer Meeting,video,1980,"Ojai, California",kft_pdf_youtube,primary,https://youtu.be/kj1DREGEcik,kj1DREGEcik,J. Krishnamurti - Ojai 1980 - Public Q&A 2,video,0.88
OJ80T3,Is time necessary to end something psychologically?,video,1980,"Ojai, California",kft_pdf_youtube,primary,https://youtu.be/MgZTmdWlXPQ,MgZTmdWlXPQ,J. Krishnamurti - Ojai 1980 - Public Talk 3 - Is time necessary to end something psychologically?,video,1.0
OJ80T4,"Desire, attachment and fear",video,1980,"Ojai, California",kft_pdf_youtube,primary,https://youtu.be/tX9MVDZs1Uw,tX9MVDZs1Uw,"J. Krishnamurti - Ojai 1980 - Public Talk 4 - Desire, attachment and fear",video,1.0
OJ80Q3,3rd Question & Answer Meeting,video,1980,"Ojai, California",kft_pdf_youtube,primary,https://youtu.be/bn0drC6dkDA,bn0drC6dkDA,J. Krishnamurti - Ojai 1980 - Public Q&A 3,video,0.88
OJ80Q4,4th Question & Answer Meeting,video,1980,"Ojai, California",kft_pdf_youtube,primary,https://youtu.be/-qAw30W4DoY,-qAw30W4DoY,J. Krishnamurti - Ojai 1980 - Public Q&A 4,video,0.88
OJ80T5,Psychologically we are one unitary movement,video,1980,"Ojai, California",kft_pdf_youtube,primary,https://youtu.be/FxT0uXuArq4,FxT0uXuArq4,J. Krishnamurti - Ojai 1980 - Public Talk 5 - Psychologically we are one unitary movement,video,1.0
OJ80T6,"Action, observation and dying while living",video,1980,"Ojai, California",kft_pdf_youtube,primary,https://youtu.be/1E5h6PLLEMM,1E5h6PLLEMM,"J. Krishnamurti - Ojai 1980 - Public Talk 6 - Action, observation and dying while living",video,1.0
OJ81T1,What is the root of the crisis in mankind?,video,1981,"Ojai, California",kft_pdf_youtube,primary,https://youtu.be/7RhDrNLGJFQ,7RhDrNLGJFQ,J. Krishnamurti - Ojai 1981 - Public Talk 1 - What is the root of the crisis in mankind?,video,1.0
OJ81T2,Life is a movement of relationship,video,1981,"Ojai, California",kft_pdf_youtube,primary,https://youtu.be/nu12YUzWtB4,nu12YUzWtB4,J. Krishnamurti - Ojai 1981 - Public Talk 2 - Life is a movement of relationship,video,1.0
OJ81Q1,1st Question & Answer Meeting,video,1981,"Ojai, California",kft_pdf_youtube,primary,https://youtu.be/YHrc2v6LzKU,YHrc2v6LzKU,J. Krishnamurti - Ojai 1981 - Public Q&A 1,video,0.88
OJ81Q2,2nd Question & Answer Meeting,video,1981,"Ojai, California",kft_pdf_youtube,primary,https://youtu.be/HzZ4jbZHego,HzZ4jbZHego,J. Krishnamurti - Ojai 1981 - Public Q&A 2,video,0.88
OJ81T3,Can thought bring about right action?,video,1981,"Ojai, California",kft_pdf_youtube,primary,https://youtu.be/oEszHQaNOfM,oEszHQaNOfM,J. Krishnamurti - Ojai 1981 - Public Talk 3 - Can thought bring about right action?,video,1.0
OJ81T4,Do we have the patience to listen to ourselves?,video,1981,"Ojai, California",kft_pdf_youtube,primary,https://youtu.be/xHeKCxKhgro,xHeKCxKhgro,J. Krishnamurti - Ojai 1981 - Public Talk 4 - Do we have the patience to listen to ourselves?,video,1.0
OJ81Q3,3rd Question & Answer Meeting,video,1981,"Ojai, California",kft_pdf_youtube,primary,https://youtu.be/NQQtxpd-XI0,NQQtxpd-XI0,J. Krishnamurti - Ojai 1981 - Public Q&A 3,video,0.88
OJ81Q4,4th Question & Answer Meeting,video,1981,"Ojai, California",kft_pdf_youtube,primary,https://youtu.be/_NbfmivYnMw,_NbfmivYnMw,J. Krishnamurti - Ojai 1981 - Public Q&A 4,video,0.88
OJ81T5,Remaining with sorrow,video,1981,"Ojai, California",kft_pdf_youtube,primary,https://youtu.be/3Wph-te0Y2A,3Wph-te0Y2A,J. Krishnamurti - Ojai 1981 - Public Talk 5 - Remaining with sorrow,video,1.0
OJ81T6,"In ending, which is death, is great beauty",video,1981,"Ojai, California",kft_pdf_youtube,primary,https://youtu.be/K9r-VND22FE,K9r-VND22FE,"J. Krishnamurti - Ojai 1981 - Public Talk 6 - In ending, which is death, is great beauty",video,1.0
OJ82T1,Are we concerned with total human existence?,video,1982,"Ojai, California",kft_pdf_youtube,primary,https://youtu.be/GD1QB4U1mmw,GD1QB4U1mmw,J. Krishnamurti - Ojai 1982 - Public Talk 1 - Are we concerned with total human existence?,video,1.0
OJ82T2,What is the place of knowledge in our lives?,video,1982,"Ojai, California",kft_pdf_youtube,primary,https://youtu.be/pFBQJhbrVLc,pFBQJhbrVLc,J. Krishnamurti - Ojai 1982 - Public Talk 2 - What is the place of knowledge in our lives?,video,1.0
OJ82Q1,1st Question & Answer Meeting,video,1982,"Ojai, California",kft_pdf_youtube,primary,https://youtu.be/jA_mlW6PYHE,jA_mlW6PYHE,J. Krishnamurti - Ojai 1982 - Public Q&A 1,video,0.88
OJ82Q2,2nd Question & Answer Meeting,video,1982,"Ojai, California",kft_pdf_youtube,primary,https://youtu.be/cuIJslzNjl0,cuIJslzNjl0,J. Krishnamurti - Ojai 1982 - Public Q&A 2,video,0.88
OJ82T3,Can our minds being in disorder create order?,video,1982,"Ojai, California",kft_pdf_youtube,primary,https://youtu.be/Bq1ZdK0AaFc,Bq1ZdK0AaFc,J. Krishnamurti - Ojai 1982 - Public Talk 3 - Can our minds being in disorder create order?,video,1.0
OJ82T4,What are the causes of human conflict?,video,1982,"Ojai, California",kft_pdf_youtube,primary,https://youtu.be/dAvqWG-f7Bk,dAvqWG-f7Bk,J. Krishnamurti - Ojai 1982 - Public Talk 4 - What are the causes of human conflict?,video,1.0
OJ82Q3,3rd Question & Answer Meeting,video,1982,"Ojai, California",kft_pdf_youtube,primary,https://youtu.be/Wy-0cOjSEaU,Wy-0cOjSEaU,J. Krishnamurti - Ojai 1982 - Public Q&A 3,video,0.88
OJ82Q4,4th Question & Answer Meeting,video,1982,"Ojai, California",kft_pdf_youtube,primary,https://youtu.be/LrS6flK8o7I,LrS6flK8o7I,J. Krishnamurti - Ojai 1982 - Public Q&A 4,video,0.88
OJ82T5,Where there is sorrow there is no love,video,1982,"Ojai, California",kft_pdf_youtube,primary,https://youtu.be/dzNaJNlDoDo,dzNaJNlDoDo,J. Krishnamurti - Ojai 1982 - Public Talk 5 - Where there is sorrow there is no love,video,1.0
OJ82T6,Is there anything sacred in life?,video,1982,"Ojai, California",kft_pdf_youtube,primary,https://youtu.be/B5-Z3KUvdFA,B5-Z3KUvdFA,J. Krishnamurti - Ojai 1982 - Public Talk 6 - Is there anything sacred in life?,video,1.0
NY83T1,Why are human beings what they are now?,audio,1983,New York,kft_pdf_youtube,primary,https://youtu.be/B44TN1u4sjQ,B44TN1u4sjQ,Audio | J. Krishnamurti - New York 1983 - Public Talk 1 - Why are human beings what they are now?,audio,1.0
NY83T2,An urgent change,audio,1983,New York,kft_pdf_youtube,primary,https://youtu.be/hVkwTY6uWAQ,hVkwTY6uWAQ,Audio | J. Krishnamurti - New York 1983 - Public Talk 2 - An urgent change,audio,1.0
SF83T1,Can disorder in our lives end?,audio,1983,"San Francisco, California",kft_pdf_youtube,primary,https://youtu.be/hSLBPvBAxrQ,hSLBPvBAxrQ,Audio | J. Krishnamurti – San Francisco 1983 – Public Talk 1 – Can disorder in our lives end?,audio,1.0
SF83T2,"When the brain is totally unconditioned, the mind is religious",audio,1983,"San Francisco, California",kft_pdf_youtube,primary,https://youtu.be/DapMCKtjWn0,DapMCKtjWn0,Audio | J. Krishnamurti – San Francisco 1983 – Public Talk 2 – When the brain is totally...,audio,1.0
OJ83T1,Thought and knowledge are limited,video,1983,"Ojai, California",kft_pdf_youtube,primary,https://youtu.be/dyhgeZzGH34,dyhgeZzGH34,J. Krishnamurti - Ojai 1983 - Public Talk 1 - Thought and knowledge are limited,video,1.0
OJ83T2,War is a symptom,video,1983,"Ojai, California",kft_pdf_youtube,primary,https://youtu.be/lNAKkcGBhos,lNAKkcGBhos,J. Krishnamurti - Ojai 1983 - Public Talk 2 - War is a symptom,video,1.0
OJ83Q1,1st Question & Answer Meeting,video,1983,"Ojai, California",kft_pdf_youtube,primary,https://youtu.be/qReIox5jObY,qReIox5jObY,J. Krishnamurti - Ojai 1983 - Public Q&A 1,video,0.88
OJ83Q2,2nd Question & Answer Meeting,video,1983,"Ojai, California",kft_pdf_youtube,primary,https://youtu.be/xjjLkbZeBS8,xjjLkbZeBS8,J. Krishnamurti - Ojai 1983 - Public Q&A 2,video,0.88
OJ83T3,Ending without any motive,video,1983,"Ojai, California",kft_pdf_youtube,primary,https://youtu.be/MuUu5h5Nqws,MuUu5h5Nqws,J. Krishnamurti - Ojai 1983 - Public Talk 3 - Ending without any motive,video,1.0
OJ83T4,To watch without any movement of thought,video,1983,"Ojai, California",kft_pdf_youtube,primary,https://youtu.be/5_wINzpJhbo,5_wINzpJhbo,J. Krishnamurti - Ojai 1983 - Public Talk 4 - To watch without any movement of thought,video,1.0
UN84T,The causes of war,audio,1984,New York,kft_pdf_youtube,primary,https://youtu.be/QXrTC9Gs0o0,QXrTC9Gs0o0,Audio | J. Krishnamurti - New York 1984 - United Nations Talks - The causes of war,audio,1.0
SF84T1,Why are we in conflict?,audio,1984,"San Francisco, California",kft_pdf_youtube,primary,https://youtu.be/1j65trSTSZg,1j65trSTSZg,Audio | J. Krishnamurti - San Francisco 1984 - Public Talk 1 - Why are we in conflict?,audio,1.0
SF84T2,"Fear, sorrow, death and meditation",audio,1984,"San Francisco, California",kft_pdf_youtube,primary,https://youtu.be/9hk4VoWeYiM,9hk4VoWeYiM,"Audio | J. Krishnamurti - San Francisco 1984 - Public Talk 2 - Fear, sorrow, death and meditation",audio,1.0
OJ84T1,Truth is the catalyst to end conflict,video,1984,"Ojai, California",kft_pdf_youtube,primary,https://youtu.be/r934t5_a5HQ,r934t5_a5HQ,J. Krishnamurti - Ojai 1984 - Public Talk 1 - Truth is the catalyst to end conflict,video,1.0
OJ84T2,What is wrong with pleasure?,video,1984,"Ojai, California",kft_pdf_youtube,primary,https://youtu.be/0nHrhOsiZcw,0nHrhOsiZcw,J. Krishnamurti - Ojai 1984 - Public Talk 2 - What is wrong with pleasure?,video,1.0
OJ84Q1,1st Question & Answer Meeting,video,1984,"Ojai, California",kft_pdf_youtube,primary,https://youtu.be/18tn-9V2ge4,18tn-9V2ge4,J. Krishnamurti - Ojai 1984 - Public Q&A 1,video,0.88
OJ84Q2,2nd Question & Answer Meeting,video,1984,"Ojai, California",kft_pdf_youtube,primary,https://youtu.be/yO9w3txmxY0,yO9w3txmxY0,J. Krishnamurti - Ojai 1984 - Public Q&A 2,video,0.88
OJ84T3,Attention is like a fire,video,1984,"Ojai, California",kft_pdf_youtube,primary,https://youtu.be/bHb9cWXmG4g,bHb9cWXmG4g,J. Krishnamurti - Ojai 1984 - Public Talk 3 - Attention is like a fire,video,1.0
OJ84T4,Is love part of consciousness?,video,1984,"Ojai, California",kft_pdf_youtube,primary,https://youtu.be/yVkRDecXhxQ,yVkRDecXhxQ,J. Krishnamurti - Ojai 1984 - Public Talk 4 - Is love part of consciousness?,video,1.0
UN85T,Why can't man live peacefully on the earth?,video,1985,New York,kft_pdf_youtube,primary,https://youtu.be/qcga8ATBNh0,qcga8ATBNh0,J. Krishnamurti - New York 1985 - United Nations Talk - Why can't man live peacefully on the earth?,video,1.0
WA85T1,In the present is the whole of time,video,1985,Washington DC,kft_pdf_youtube,primary,https://youtu.be/2fOJ8hMzlJs,2fOJ8hMzlJs,J. Krishnamurti - Washington DC 1985 - Public Talk 1 - In the present is the whole of time,video,1.0
WA85T2,At the end of sorrow is passion,video,1985,Washington DC,kft_pdf_youtube,primary,https://youtu.be/D3t5x76aU5k,D3t5x76aU5k,J. Krishnamurti - Washington DC 1985 - Public Talk 2 - At the end of sorrow is passion,video,1.0
OJ85T1,Why is our house in disorder?,video,1985,"Ojai, California",kft_pdf_youtube,primary,https://youtu.be/4pY7TBveDgQ,4pY7TBveDgQ,J. Krishnamurti - Ojai 1985 - Public Talk 1 - Why is our house in disorder?,video,1.0
OJ85T2,A crisis in our consciousness,video,1985,"Ojai, California",kft_pdf_youtube,primary,https://youtu.be/TeW5pvCQGus,TeW5pvCQGus,J. Krishnamurti - Ojai 1985 - Public Talk 2 - A crisis in our consciousness,video,1.0
OJ85Q1,1st Question & Answer Meeting,video,1985,"Ojai, California",kft_pdf_youtube,primary,https://youtu.be/hYuH6sSGT_Y,hYuH6sSGT_Y,J. Krishnamurti - Ojai 1985 - Public Q&A 1,video,0.88
OJ85Q2,2nd Question & Answer Meeting,video,1985,"Ojai, California",kft_pdf_youtube,primary,https://youtu.be/XA-w_p7KFro,XA-w_p7KFro,J. Krishnamurti - Ojai 1985 - Public Q&A 2,video,0.88
OJ85T3,Creation is never ending,video,1985,"Ojai, California",kft_pdf_youtube,primary,https://youtu.be/f1bRWHifjEQ,f1bRWHifjEQ,J. Krishnamurti - Ojai 1985 - Public Talk 3 - Creation is never ending,video,1.0
OJ85T4,The ending of continuity,video,1985,"Ojai, California",kft_pdf_youtube,primary,https://youtu.be/iWGPo6uN5zs,iWGPo6uN5zs,J. Krishnamurti - Ojai 1985 - Public Talk 4 - The ending of continuity,video,1.0
SA61T1,How do we meet life?,audio,1961,Saanen,kft_pdf_youtube,primary,https://youtu.be/zgYngBaIIb8,zgYngBaIIb8,Audio | J. Krishnamurti - Saanen 1961 - Public Talk 1 - How do we meet life?,audio,1.0
SA61T2,"To see something totally, the brain must be quiet",audio,1961,Saanen,kft_pdf_youtube,primary,https://youtu.be/tkTlRA6QOeg,tkTlRA6QOeg,"Audio | J. Krishnamurti - Saanen 1961 - Public Talk 2 - To see something totally, the brain must...",audio,1.0
SA61T3,Why are we in such conflict?,audio,1961,Saanen,kft_pdf_youtube,primary,https://youtu.be/B8YDAJ3Avvw,B8YDAJ3Avvw,Audio | J. Krishnamurti - Saanen 1961 - Public Talk 3 - Why are we in such conflict?,audio,1.0
SA61T4,"There is no learning, there is only seeing",audio,1961,Saanen,kft_pdf_youtube,primary,https://youtu.be/EhUW8trlBLc,EhUW8trlBLc,"Audio | J. Krishnamurti - Saanen 1961 - Public Talk 4 - There is no learning, there is only seeing",audio,1.0
SA61T5,Self-knowing is the beginning of meditation,audio,1961,Saanen,kft_pdf_youtube,primary,https://youtu.be/H7fBR7gAB9Q,H7fBR7gAB9Q,Audio | J. Krishnamurti - Saanen 1961 - Public Talk 5 - Self-knowing is the beginning of meditation,audio,1.0
SA61T6,Time does not wipe away sorrow,audio,1961,Saanen,kft_pdf_youtube,primary,https://youtu.be/-_wIHx0S_2o,-_wIHx0S_2o,Audio | J. Krishnamurti - Saanen 1961 - Public Talk 6 - Time does not wipe away sorrow,audio,1.0
SA61T7,"An attentive mind is without conflict, therefore free",audio,1961,Saanen,kft_pdf_youtube,primary,https://youtu.be/ufK6Q6cBhJk,ufK6Q6cBhJk,Audio | J. Krishnamurti - Saanen 1961 - Public Talk 7 - An attentive mind is without conflict...,audio,1.0
SA61T8,To die implies having no continuity of thought,audio,1961,Saanen,kft_pdf_youtube,primary,https://youtu.be/yCDGVHNUucc,yCDGVHNUucc,Audio | J. Krishnamurti - Saanen 1961 - Public Talk 8 - To die implies having no continuity of...,audio,1.0
SA61T9,It is only the religious mind that can be in a state of creation,audio,1961,Saanen,kft_pdf_youtube,primary,https://youtu.be/u5J58nZs4TE,u5J58nZs4TE,Audio | J. Krishnamurti - Saanen 1961 - Public Talk 9 - It is only the religious mind that...,audio,1.0
SA62T1,We can listen only when there is no motive,audio,1962,Saanen,kft_pdf_youtube,primary,https://youtu.be/IeG7Pf_qlnI,IeG7Pf_qlnI,Audio | J. Krishnamurti – Saanen 1962 – Public Talk 1 – We can listen only when there is no motive,audio,1.0
SA62T2,An intensely awake mind does not need experience,audio,1962,Saanen,kft_pdf_youtube,primary,https://youtu.be/7rLvmMDplf4,7rLvmMDplf4,Audio | J. Krishnamurti – Saanen 1962 – Public Talk 2 – An intensely awake mind does not need...,audio,1.0
SA62T3,Is it possible to be free of influence?,audio,1962,Saanen,kft_pdf_youtube,primary,https://youtu.be/bI0jghGGBqE,bI0jghGGBqE,Audio | J. Krishnamurti – Saanen 1962 – Public Talk 3 – Is it possible to be free of influence?,audio,1.0
SA62T4,Conflict wears the mind,audio,1962,Saanen,kft_pdf_youtube,primary,https://youtu.be/CeqNyysTcDo,CeqNyysTcDo,Audio | J. Krishnamurti – Saanen 1962 – Public Talk 4 – Conflict wears the mind,audio,1.0
SA62T5,Seeing the whole mechanism of habit is the essence of freedom,audio,1962,Saanen,kft_pdf_youtube,primary,https://youtu.be/c535Mlupy10,c535Mlupy10,Audio | J. Krishnamurti – Saanen 1962 – Public Talk 5 – Seeing the whole mechanism of habit is...,audio,1.0
SA62T6,Emptying the mind of fear,audio,1962,Saanen,kft_pdf_youtube,primary,https://youtu.be/u-3dcNwAsRk,u-3dcNwAsRk,Audio | J. Krishnamurti – Saanen 1962 – Public Talk 6 – Emptying the mind of fear,audio,1.0
SA62T7,The ending of sorrow and the intensity of passion,audio,1962,Saanen,kft_pdf_youtube,primary,https://youtu.be/NeYiAMJB5vU,NeYiAMJB5vU,Audio | J. Krishnamurti – Saanen 1962 – Public Talk 7 – The ending of sorrow and the intensity of...,audio,1.0
SA62T8,Death is creation,audio,1962,Saanen,kft_pdf_youtube,primary,https://youtu.be/VU2gqegm6d8,VU2gqegm6d8,Audio | J. Krishnamurti – Saanen 1962 – Public Talk 8 – Death is creation,audio,1.0
SA62T9,Meditation is an extraordinary thing that demands no effort,audio,1962,Saanen,kft_pdf_youtube,primary,https://youtu.be/oOzDN-aWobk,oOzDN-aWobk,Audio | J. Krishnamurti – Saanen 1962 – Public Talk 9 – Meditation is an extraordinary thing that...,audio,1.0
SA62T10,Freedom implies the total emptying of the mind of the known,audio,1962,Saanen,kft_pdf_youtube,primary,https://youtu.be/AH8x2A91sdY,AH8x2A91sdY,Audio | J. Krishnamurti – Saanen 1962 – Public Talk 10 – Freedom implies the total emptying of...,audio,1.0
SA63T1,A serious mind is deeply religious,audio,1963,Saanen,kft_pdf_youtube,primary,https://youtu.be/tH4VncYjqGM,tH4VncYjqGM,Audio | J. Krishnamurti - Saanen 1963 - Public Talk 1 - A serious mind is deeply religious,audio,1.0
SA63T2,Understanding conflict,audio,1963,Saanen,kft_pdf_youtube,primary,https://youtu.be/acmTb_d0S1g,acmTb_d0S1g,Audio | J. Krishnamurti - Saanen 1963 - Public Talk 2 - Understanding conflict,audio,1.0
SA63T3,"Freedom in itself, for itself",audio,1963,Saanen,kft_pdf_youtube,primary,https://youtu.be/jYWm30Mo_RI,jYWm30Mo_RI,"Audio | J. Krishnamurti - Saanen 1963 - Public Talk 3 - Freedom in itself, for itself",audio,1.0
SA63T4,Compassion and observation,audio,1963,Saanen,kft_pdf_youtube,primary,https://youtu.be/8LpFy_qhBHQ,8LpFy_qhBHQ,Audio | J. Krishnamurti - Saanen 1963 - Public Talk 4 - Compassion and observation,audio,1.0
SA63T5,"Perception, fear and knowing",audio,1963,Saanen,kft_pdf_youtube,primary,https://youtu.be/xU6hk9-xRZc,xU6hk9-xRZc,"Audio | J. Krishnamurti - Saanen 1963 - Public Talk 5 - Perception, fear and knowing",audio,1.0
SA63T6,Ending sorrow,audio,1963,Saanen,kft_pdf_youtube,primary,https://youtu.be/hvhrKuvjvCU,hvhrKuvjvCU,Audio | J. Krishnamurti - Saanen 1963 - Public Talk 6 - Ending sorrow,audio,1.0
SA63T7,Death is unknown,audio,1963,Saanen,kft_pdf_youtube,primary,https://youtu.be/9QcX4pzXYyo,9QcX4pzXYyo,Audio | J. Krishnamurti - Saanen 1963 - Public Talk 7 - Death is unknown,audio,1.0
SA63T8,Meditation is the highest form of intelligence,audio,1963,Saanen,kft_pdf_youtube,primary,https://youtu.be/oBZ-wcVEMsI,oBZ-wcVEMsI,Audio | J. Krishnamurti - Saanen 1963 - Public Talk 8 - Meditation is the highest form of...,audio,1.0
SA63T9,Is it possible to act without ideas?,audio,1963,Saanen,kft_pdf_youtube,primary,https://youtu.be/QV5Ml8f2yQY,QV5Ml8f2yQY,Audio | J. Krishnamurti - Saanen 1963 - Public Talk 9 - Is it possible to act without ideas?,audio,1.0
SA63T10,A mind seeking reality must constantly observe,audio,1963,Saanen,kft_pdf_youtube,primary,https://youtu.be/X-OXRifV6aM,X-OXRifV6aM,Audio | J. Krishnamurti - Saanen 1963 - Public Talk 10 - A mind seeking reality must constantly...,audio,1.0
SA64T1,Learning is watching yourself infinitely,audio,1964,Saanen,kft_pdf_youtube,primary,https://youtu.be/x-KAsTSFMFo,x-KAsTSFMFo,Audio | J. Krishnamurti - Saanen 1964 - Public Talk 1 - Learning is watching yourself infinitely,audio,1.0
SA64T2,Problems inevitably breed confusion,audio,1964,Saanen,kft_pdf_youtube,primary,https://youtu.be/GvQmIPYp9YY,GvQmIPYp9YY,Audio | J. Krishnamurti - Saanen 1964 - Public Talk 2 - Problems inevitably breed confusion,audio,1.0
SA64T3,"Being in communion with a problem, and the desire to be secure",audio,1964,Saanen,kft_pdf_youtube,primary,https://youtu.be/-vn9rXz_nRE,-vn9rXz_nRE,"Audio | J. Krishnamurti - Saanen 1964 - Public Talk 3 - Being in communion with a problem, and...",audio,1.0
SA64T4,The difference between change and mutation,audio,1964,Saanen,kft_pdf_youtube,primary,https://youtu.be/FiHgKJ7LUP0,FiHgKJ7LUP0,Audio | J. Krishnamurti - Saanen 1964 - Public Talk 4 - The difference between change and mutation,audio,1.0
SA64T5,"Fear, comparison and deterioration",audio,1964,Saanen,kft_pdf_youtube,primary,https://youtu.be/n2DeX4s0h0w,n2DeX4s0h0w,"Audio | J. Krishnamurti - Saanen 1964 - Public Talk 5 - Fear, comparison and deterioration",audio,1.0
SA64T6,All movement of the mind must come to an end,audio,1964,Saanen,kft_pdf_youtube,primary,https://youtu.be/p35cNTdONK0,p35cNTdONK0,Audio | J. Krishnamurti - Saanen 1964 - Public Talk 6 - All movement of the mind must come to an end,audio,1.0
SA64T7,Total inaction is complete action,audio,1964,Saanen,kft_pdf_youtube,primary,https://youtu.be/iu5rud4b1Do,iu5rud4b1Do,Audio | J. Krishnamurti - Saanen 1964 - Public Talk 7 - Total inaction is complete action,audio,1.0
SA64T8,"Time, sorrow and death",audio,1964,Saanen,kft_pdf_youtube,primary,https://youtu.be/O4-BR6dzayo,O4-BR6dzayo,"Audio | J. Krishnamurti - Saanen 1964 - Public Talk 8 - Time, sorrow and death",audio,1.0
SA64T9,Meditation and the ending of all experience,audio,1964,Saanen,kft_pdf_youtube,primary,https://youtu.be/nm61vLiO8R0,nm61vLiO8R0,Audio | J. Krishnamurti - Saanen 1964 - Public Talk 9 - Meditation and the ending of all experience,audio,1.0
SA64T10,"Aloneness, beauty and the religious mind",audio,1964,Saanen,kft_pdf_youtube,primary,https://youtu.be/zvy-mzJdipE,zvy-mzJdipE,"Audio | J. Krishnamurti - Saanen 1964 - Public Talk 10 - Aloneness, beauty and the religious mind",audio,1.0
SA64D1,What is the mature mind?,audio,1964,Saanen,kft_pdf_youtube,primary,https://youtu.be/JJJhqFdtUNw,JJJhqFdtUNw,Audio | J. Krishnamurti - Saanen 1964 - Public Discussion 1 - What is the mature mind?,audio,1.0
SA64D2,What kind of peace do you want?,audio,1964,Saanen,kft_pdf_youtube,primary,https://youtu.be/_jfRX5JgCzg,_jfRX5JgCzg,Audio | J. Krishnamurti - Saanen 1964 - Public Discussion 2 - What kind of peace do you want?,audio,1.0
SA64D3,The division created between thinker and thought,audio,1964,Saanen,kft_pdf_youtube,primary,https://youtu.be/ggF5twTM4pM,ggF5twTM4pM,Audio | J. Krishnamurti - Saanen 1964 - Public Discussion 3 - The division created between...,audio,1.0
SA64D4,Consciousness and the importance of not dreaming,audio,1964,Saanen,kft_pdf_youtube,primary,https://youtu.be/5I3pT8QARwo,5I3pT8QARwo,Audio | J. Krishnamurti - Saanen 1964 - Public Discussion 4 - Consciousness and the importance...,audio,1.0
SA64D5,What makes us dull and unawake?,audio,1964,Saanen,kft_pdf_youtube,primary,https://youtu.be/IKIQ80ubDVw,IKIQ80ubDVw,Audio | J. Krishnamurti - Saanen 1964 - Public Discussion 5 - What makes us dull and unawake?,audio,1.0
SA64D6,Understanding the immensity of life,audio,1964,Saanen,kft_pdf_youtube,primary,https://youtu.be/eC_oxOCiKJ8,eC_oxOCiKJ8,Audio | J. Krishnamurti - Saanen 1964 - Public Discussion 6 - Understanding the immensity of life,audio,1.0
SA64D7,There is no love without knowing yourself,audio,1964,Saanen,kft_pdf_youtube,primary,https://youtu.be/EnvIIaGwOV4,EnvIIaGwOV4,Audio | J. Krishnamurti - Saanen 1964 - Public Discussion 7 - There is no love without knowing...,audio,1.0
SA64D8,Facing immense loneliness without help,audio,1964,Saanen,kft_pdf_youtube,primary,https://youtu.be/ulrONAaGH9U,ulrONAaGH9U,Audio | J. Krishnamurti - Saanen 1964 - Public Discussion 8 - Facing immense loneliness without help,audio,1.0
SA65T1,How is the mind to see the totality of existence?,audio,1965,Saanen,kft_pdf_youtube,primary,https://youtu.be/Py1ywIQdNvs,Py1ywIQdNvs,Audio | J. Krishnamurti – Saanen 1965 – Public Talk 1 – How is the mind to see the totality...,audio,1.0
SA65T2,Problems exist as long as there is self-image,audio,1965,Saanen,kft_pdf_youtube,primary,https://youtu.be/WGk70tSmEiw,WGk70tSmEiw,Audio | J. Krishnamurti – Saanen 1965 – Public Talk 2 – Problems exist as long as there is...,audio,1.0
SA65T3,Change can take place only when there is no conscious effort,audio,1965,Saanen,kft_pdf_youtube,primary,https://youtu.be/hbgEzsO01Tc,hbgEzsO01Tc,Audio | J. Krishnamurti – Saanen 1965 – Public Talk 3 – Change can take place only when there is...,audio,1.0
SA65T4,"Freedom, space and order",audio,1965,Saanen,kft_pdf_youtube,primary,https://youtu.be/-k-D5ogQPok,-k-D5ogQPok,"Audio | J. Krishnamurti – Saanen 1965 – Public Talk 4 – Freedom, space and order",audio,1.0
SA65T5,A mind in a state of complete negation,audio,1965,Saanen,kft_pdf_youtube,primary,https://youtu.be/sVLGMMQbqHY,sVLGMMQbqHY,Audio | J. Krishnamurti – Saanen 1965 – Public Talk 5 – A mind in a state of complete negation,audio,1.0
SA65T6,Can conformity come to an end?,audio,1965,Saanen,kft_pdf_youtube,primary,https://youtu.be/eMml7848pC0,eMml7848pC0,Audio | J. Krishnamurti – Saanen 1965 – Public Talk 6 – Can conformity come to an end?,audio,1.0
SA65T7,"Ending sorrow needs a very clear, simple mind",audio,1965,Saanen,kft_pdf_youtube,primary,https://youtu.be/UPsWmXJbsJY,UPsWmXJbsJY,"Audio | J. Krishnamurti – Saanen 1965 – Public Talk 7 – Ending sorrow needs a very clear, simple...",audio,1.0
SA65T8,Love and death are something unknown,audio,1965,Saanen,kft_pdf_youtube,primary,https://youtu.be/PeunW5spv5w,PeunW5spv5w,Audio | J. Krishnamurti – Saanen 1965 – Public Talk 8 – Love and death are something unknown,audio,1.0
SA65T9,Why do we deteriorate?,audio,1965,Saanen,kft_pdf_youtube,primary,https://youtu.be/rxb9JAWv8R0,rxb9JAWv8R0,Audio | J. Krishnamurti – Saanen 1965 – Public Talk 9 – Why do we deteriorate?,audio,1.0
SA65T10,Sacredness is the essence of religion,audio,1965,Saanen,kft_pdf_youtube,primary,https://youtu.be/XR3v_tC8n5M,XR3v_tC8n5M,Audio | J. Krishnamurti – Saanen 1965 – Public Talk 10 – Sacredness is the essence of religion,audio,1.0
SA65D1,What is the state of mind that learns?,audio,1965,Saanen,kft_pdf_youtube,primary,https://youtu.be/aSbMPBraX7c,aSbMPBraX7c,Audio | J. Krishnamurti – Saanen 1965 – Public Discussion 1 – What is the state of mind that learns?,audio,1.0
SA65D2,The mind can be clear only in negation,audio,1965,Saanen,kft_pdf_youtube,primary,https://youtu.be/R8z3hHZaTps,R8z3hHZaTps,Audio | J. Krishnamurti – Saanen 1965 – Public Discussion 2 – The mind can be clear only in negation,audio,1.0
SA65D3,In negation is action,audio,1965,Saanen,kft_pdf_youtube,primary,https://youtu.be/Lzo1Gzd7pOc,Lzo1Gzd7pOc,Audio | J. Krishnamurti – Saanen 1965 – Public Discussion 3 – In negation is action,audio,1.0
SA65D4,What does it mean to live in the now?,audio,1965,Saanen,kft_pdf_youtube,primary,https://youtu.be/KbtWscJwKaI,KbtWscJwKaI,Audio | J. Krishnamurti – Saanen 1965 – Public Discussion 4 – What does it mean to live in the now?,audio,1.0
SA65D5,Understanding meditation,audio,1965,Saanen,kft_pdf_youtube,primary,https://youtu.be/jdnVucuOqOE,jdnVucuOqOE,Audio | J. Krishnamurti – Saanen 1965 – Public Discussion 5 – Understanding meditation,audio,1.0
SA65D6,This movement of life in which there is death,audio,1965,Saanen,kft_pdf_youtube,primary,https://youtu.be/TL6PTd4-IgQ,TL6PTd4-IgQ,Audio | J. Krishnamurti – Saanen 1965 – Public Discussion 6 – This movement of life in which...,audio,1.0
SA65D7,Only a fresh mind can create a new society,audio,1965,Saanen,kft_pdf_youtube,primary,https://youtu.be/NE-1Kd_5hpU,NE-1Kd_5hpU,Audio | J. Krishnamurti – Saanen 1965 – Public Discussion 7 – Only a fresh mind can create a...,audio,1.0
SA67T1,"To look, listen, understand and act, are all the same",audio,1967,Saanen,kft_pdf_youtube,primary,https://youtu.be/4pgSeajrcRk,4pgSeajrcRk,"Audio | J. Krishnamurti - Saanen 1967 - Public Talk 1 - To look, listen, understand and...",audio,1.0
SA67T2,Freedom from the psychological structure of society,audio,1967,Saanen,kft_pdf_youtube,primary,https://youtu.be/6fgR7VBtg7U,6fgR7VBtg7U,Audio | J. Krishnamurti - Saanen 1967 - Public Talk 2 - Freedom from the psychological structure...,audio,1.0
SA67T3,Time does not bring order or peace,audio,1967,Saanen,kft_pdf_youtube,primary,https://youtu.be/oCV_Yq-Lg0M,oCV_Yq-Lg0M,Audio | J. Krishnamurti - Saanen 1967 - Public Talk 3 - Time does not bring order or peace,audio,1.0
SA67T4,Why does the mind demand pleasure?,audio,1967,Saanen,kft_pdf_youtube,primary,https://youtu.be/bONNLgvzbR0,bONNLgvzbR0,Audio | J. Krishnamurti - Saanen 1967 - Public Talk 4 - Why does the mind demand pleasure?,audio,1.0
SA67T5,"Freedom, solitude and fear",audio,1967,Saanen,kft_pdf_youtube,primary,https://youtu.be/u2ldnHbrxH8,u2ldnHbrxH8,"Audio | J. Krishnamurti - Saanen 1967 - Public Talk 5 - Freedom, solitude and fear",audio,1.0
SA67T6,"Understand the observer, not the thing observed",audio,1967,Saanen,kft_pdf_youtube,primary,https://youtu.be/ESgUAVPR1R8,ESgUAVPR1R8,"Audio | J. Krishnamurti, Saanen 1967, Public Talk 6, Understand the observer, not the thing observed",audio,1.0
SA67T7,"Learning, sorrow and passion",audio,1967,Saanen,kft_pdf_youtube,primary,https://youtu.be/ogSGe3iUnLM,ogSGe3iUnLM,"Audio | J. Krishnamurti - Saanen 1967 - Public Talk 7 - Learning, sorrow and passion",audio,1.0
SA67T8,Thought breeds fear of living and dying,audio,1967,Saanen,kft_pdf_youtube,primary,https://youtu.be/PGWFyAYPYeY,PGWFyAYPYeY,Audio | J. Krishnamurti - Saanen 1967 - Public Talk 8 - Thought breeds fear of living and dying,audio,1.0
SA67T9,Thought’s beginning can be seen only in silence,audio,1967,Saanen,kft_pdf_youtube,primary,https://youtu.be/3hSD_IQfimA,3hSD_IQfimA,"Audio | J. Krishnamurti, Saanen 1967, Public Talk 9, Thought’s beginning can be seen only in silence",audio,1.0
SA67T10,To look totally,audio,1967,Saanen,kft_pdf_youtube,primary,https://youtu.be/n0kbmqKmWkg,n0kbmqKmWkg,Audio | J. Krishnamurti - Saanen 1967 - Public Talk 10 - To look totally,audio,1.0
SA67D1,Can you look at anger completely objectively?,audio,1967,Saanen,kft_pdf_youtube,primary,https://youtu.be/onuZPjwspX0,onuZPjwspX0,Audio | J. Krishnamurti - Saanen 1967 - Public Discussion 1 - Can you look at anger completely...,audio,1.0
SA67D2,Looking at violence and conditioning without distortion,audio,1967,Saanen,kft_pdf_youtube,primary,https://youtu.be/5wcobqj0N-Y,5wcobqj0N-Y,Audio | J. Krishnamurti - Saanen 1967 - Public Discussion 2 - Looking at violence and...,audio,1.0
SA67D3,How deeply do we want to live without violence?,audio,1967,Saanen,kft_pdf_youtube,primary,https://youtu.be/7L4A7BxpHsQ,7L4A7BxpHsQ,Audio | J. Krishnamurti - Saanen 1967 - Public Discussion 3 - How deeply do we want to live...,audio,1.0
SA67D4,Why do we build images?,audio,1967,Saanen,kft_pdf_youtube,primary,https://youtu.be/TxpR25SUn_E,TxpR25SUn_E,Audio | J. Krishnamurti - Saanen 1967 - Public Discussion 4 - Why do we build images?,audio,1.0
SA67D5,Why is thought so important in our lives?,audio,1967,Saanen,kft_pdf_youtube,primary,https://youtu.be/S5X8u3yQKc0,S5X8u3yQKc0,"Audio | J. Krishnamurti, Saanen 1967, Public Discussion 5, Why is thought so important in our lives?",audio,1.0
SA67D6,An awareness that reveals the observer is the observed,audio,1967,Saanen,kft_pdf_youtube,primary,https://youtu.be/jcRXPAizlFk,jcRXPAizlFk,Audio | J. Krishnamurti - Saanen 1967 - Public Discussion 6 - An awareness that reveals the...,audio,1.0
SA68T1,What is the essential issue in life?,audio,1968,Saanen,kft_pdf_youtube,primary,https://youtu.be/pWaeuYquzIw,pWaeuYquzIw,Audio | J. Krishnamurti – Saanen 1968 –  Public Talk 1 – What is the essential issue in life?,audio,1.0
SA68T2,No system will help man be free,audio,1968,Saanen,kft_pdf_youtube,primary,https://youtu.be/QcYDA9UN2ck,QcYDA9UN2ck,Audio | J. Krishnamurti – Saanen 1968 – Public Talk 2 – No system will ever help man to be free,audio,0.88
SA68T3,"Freedom, systems and conditioning",audio,1968,Saanen,kft_pdf_youtube,primary,https://youtu.be/lA2IP5jkQRY,lA2IP5jkQRY,"Audio | J. Krishnamurti – Saanen 1968 – Public Talk 3 – Freedom, systems and conditioning",audio,1.0
SA68T4,Looking at conditioning without distortion,audio,1968,Saanen,kft_pdf_youtube,primary,https://youtu.be/_M6wTMLC0lw,_M6wTMLC0lw,Audio | J. Krishnamurti – Saanen 1968 – Public Talk 4 – Looking at conditioning without distortion,audio,1.0
SA68T5,Living is the beauty of action and love,audio,1968,Saanen,kft_pdf_youtube,primary,https://youtu.be/nSuvn5GVDwQ,nSuvn5GVDwQ,Audio | J. Krishnamurti – Saanen 1968 –  Public Talk 5 – Living is the beauty of action and love,audio,1.0
SA68T6,"Pleasure, love, beauty and loneliness",audio,1968,Saanen,kft_pdf_youtube,primary,https://youtu.be/R4tSE8Z9B54,R4tSE8Z9B54,"Audio | J. Krishnamurti – Saanen 1968 – Public Talk 6 – Pleasure, love, beauty and loneliness",audio,1.0
SA68T7,The ending of fear,audio,1968,Saanen,kft_pdf_youtube,primary,https://youtu.be/Eg91sExEGpo,Eg91sExEGpo,Audio | J. Krishnamurti – Saanen 1968 – Public Talk 7 – The ending of fear,audio,1.0
SA68T8,Looking at sorrow with the complete abandonment of silence,audio,1968,Saanen,kft_pdf_youtube,primary,https://youtu.be/CbZtzHJxemg,CbZtzHJxemg,Audio | J. Krishnamurti – Saanen 1968 – Public Talk 8 – Looking at sorrow with the complete...,audio,1.0
SA68T9,Meditation is the understanding of the nature of life,audio,1968,Saanen,kft_pdf_youtube,primary,https://youtu.be/Rw4LqgrlE1A,Rw4LqgrlE1A,Audio | J. Krishnamurti – Saanen 1968 – Public Talk 9 – Meditation is the understanding of...,audio,1.0
SA68T10,A religious life,audio,1968,Saanen,kft_pdf_youtube,primary,https://youtu.be/UcqMuUAhS5M,UcqMuUAhS5M,Audio | J. Krishnamurti – Saanen 1968 – Public Talk 10 – A religious life,audio,1.0
SA68D1,Can I look out of silence at my contradictory life?,audio,1968,Saanen,kft_pdf_youtube,primary,https://youtu.be/iQPx2uBnOQM,iQPx2uBnOQM,Audio | J. Krishnamurti – Saanen 1968 –  Public Disc. 1 – Can I look out of silence at my...,audio,1.0
SA68D2,"Looking at oneself without words, images or pride",audio,1968,Saanen,kft_pdf_youtube,primary,https://youtu.be/MAL1NWnMNJU,MAL1NWnMNJU,Audio | J. Krishnamurti – Saanen 1968 –  Public Disc. 2 – Looking at oneself without...,audio,1.0
SA68D3,Why have we neglected the world of mind and spirit?,audio,1968,Saanen,kft_pdf_youtube,primary,https://youtu.be/NrFk_EUQs20,NrFk_EUQs20,Audio | J. Krishnamurti – Saanen 1968 –  Public Disc. 3 – Why have we neglected the...,audio,1.0
SA68D4,Can man go beyond his own limitation?,audio,1968,Saanen,kft_pdf_youtube,primary,https://youtu.be/8zvOtbkTfZw,8zvOtbkTfZw,Audio | J. Krishnamurti – Saanen 1968 –  Public Disc. 4 – Can man go beyond his own limitation?,audio,1.0
SA68D5,Why do we seek and what is there to seek?,audio,1968,Saanen,kft_pdf_youtube,primary,https://youtu.be/oMwOAn_jxq4,oMwOAn_jxq4,Audio | J. Krishnamurti – Saanen 1968 –  Public Disc. 5 – Why do we seek and what is there to seek?,audio,1.0
SA68D6,True action,audio,1968,Saanen,kft_pdf_youtube,primary,https://youtu.be/wpEWgEaoKSY,wpEWgEaoKSY,Audio | J. Krishnamurti – Saanen 1968 –  Public Disc. 6 – True action,audio,1.0
SA68D7,Is it possible to see with love?,audio,1968,Saanen,kft_pdf_youtube,primary,https://youtu.be/gXA_xqf-8Gs,gXA_xqf-8Gs,Audio | J. Krishnamurti – Saanen 1968 –  Public Disc. 7 – Is it possible to see with love?,audio,1.0
SA69T1,"Change, fragmentation and prejudice",audio,1969,Saanen,kft_pdf_youtube,primary,https://youtu.be/tiWEjLu8_zk,tiWEjLu8_zk,"Audio | J. Krishnamurti - Saanen 1969 - Public Talk 1 - Change, fragmentation and prejudice",audio,1.0
SA69T2,"Freedom, authority and sorrow",audio,1969,Saanen,kft_pdf_youtube,primary,https://youtu.be/w87yaZpkRjg,w87yaZpkRjg,"Audio | J. Krishnamurti - Saanen 1969 - Public Talk 2 - Freedom, authority and sorrow",audio,1.0
SA69T3,Is pleasure related to love and sorrow?,audio,1969,Saanen,kft_pdf_youtube,primary,https://youtu.be/_GH5DqlNpdI,_GH5DqlNpdI,Audio | J. Krishnamurti - Saanen 1969 - Public Talk 3 - Is pleasure related to love and sorrow?,audio,1.0
SA69T4,Observing thought generating pleasure and fear,audio,1969,Saanen,kft_pdf_youtube,primary,https://youtu.be/U8SWEeEm98k,U8SWEeEm98k,"Audio | J. Krishnamurti - Saanen 1969, Public Talk 4: Observing thought generating pleasure and fear",audio,1.0
SA69T5,"The observer and the observed, and the fear of death",audio,1969,Saanen,kft_pdf_youtube,primary,https://youtu.be/lpeEK_QEUug,lpeEK_QEUug,"Audio | J. Krishnamurti - Saanen 1969 - Public Talk 5 - The observer and the observed, and the...",audio,1.0
SA69T6,When the mind is silent it is complete,audio,1969,Saanen,kft_pdf_youtube,primary,https://youtu.be/1G1ybKKuUYg,1G1ybKKuUYg,Audio | J. Krishnamurti - Saanen 1969 - Public Talk 6 - When the mind is silent it is complete,audio,1.0
SA69T7,What is the centre of all disturbance?,audio,1969,Saanen,kft_pdf_youtube,primary,https://youtu.be/bVeXkkmsU48,bVeXkkmsU48,Audio | J. Krishnamurti - Saanen 1969 - Public Talk 7 - What is the centre of all disturbance,audio,1.0
SA69D1,"I am violent, what shall I do?",audio,1969,Saanen,kft_pdf_youtube,primary,https://youtu.be/Bxhoo1VSFWA,Bxhoo1VSFWA,"Audio | J. Krishnamurti - Saanen 1969 - Public Discussion 1 - I am violent, what shall I do?",audio,1.0
SA69D2,Attention without distortion,audio,1969,Saanen,kft_pdf_youtube,primary,https://youtu.be/KqmN5NDR_L8,KqmN5NDR_L8,Audio | J. Krishnamurti - Saanen 1969 - Public Discussion 2 - Attention without distortion,audio,1.0
SA69D3,Investigating hypocrisy,audio,1969,Saanen,kft_pdf_youtube,primary,https://youtu.be/C-hkQF0oTes,C-hkQF0oTes,Audio | J. Krishnamurti - Saanen 1969 - Public Discussion 3 - Investigating hypocrisy,audio,1.0
SA69D4,What is it to look?,audio,1969,Saanen,kft_pdf_youtube,primary,https://youtu.be/LKtwJUFpcbI,LKtwJUFpcbI,Audio | J. Krishnamurti - Saanen 1969 - Public Discussion 4 - What is it to look?,audio,1.0
SA69D5,Is there an action completely free of time?,audio,1969,Saanen,kft_pdf_youtube,primary,https://youtu.be/u5WRLwQB6qU,u5WRLwQB6qU,Audio | J. Krishnamurti - Saanen 1969 - Public Disc. 5 - Is there an action completely free of time?,audio,1.0
SA69D6,Penetrating the unknown,audio,1969,Saanen,kft_pdf_youtube,primary,https://youtu.be/xf6ITXygEoo,xf6ITXygEoo,Audio | J. Krishnamurti - Saanen 1969 - Public Discussion 6 - Penetrating the unknown,audio,1.0
SA69D7,Love and meditation,audio,1969,Saanen,kft_pdf_youtube,primary,https://youtu.be/d_ieCvVtMqA,d_ieCvVtMqA,Audio | J. Krishnamurti - Saanen 1969 - Public Discussion 7 - Love and meditation,audio,1.0
SA70T1,Will action come about through explanations?,audio,1970,Saanen,kft_pdf_youtube,primary,https://youtu.be/ktaPw0LIAhQ,ktaPw0LIAhQ,Audio | J. Krishnamurti - Saanen 1970 - Public Talk 1 - Will action come about through explanations?,audio,1.0
SA70T2,Is freedom the denial of outward authority?,audio,1970,Saanen,kft_pdf_youtube,primary,https://youtu.be/ScuCeFIBRMo,ScuCeFIBRMo,Audio | J. Krishnamurti - Saanen 1970 - Public Talk 2 - Is freedom the denial of outward authority?,audio,1.0
SA70T3,To observe without division implies love,audio,1970,Saanen,kft_pdf_youtube,primary,https://youtu.be/WCX_jVGN4os,WCX_jVGN4os,Audio | J. Krishnamurti - Saanen 1970 - Public Talk 3 - To observe without division implies love,audio,1.0
SA70T4,Can any problem be solved in isolation?,audio,1970,Saanen,kft_pdf_youtube,primary,https://youtu.be/R8Qv3N8x6w0,R8Qv3N8x6w0,Audio | J. Krishnamurti - Saanen 1970 - Public Talk 4 - Can any problem be solved in isolation?,audio,1.0
SA70T5,Fear and pleasure are two sides of a coin,audio,1970,Saanen,kft_pdf_youtube,primary,https://youtu.be/m4PCQ31JRFw,m4PCQ31JRFw,Audio | J. Krishnamurti - Saanen 1970 - Public Talk 5 - Fear and pleasure are two sides of a coin,audio,1.0
SA70T6,Can the mind ever be free of conditioning?,audio,1970,Saanen,kft_pdf_youtube,primary,https://youtu.be/mUg_zPT0ZNs,mUg_zPT0ZNs,Audio | J. Krishnamurti - Saanen 1970 - Public Talk 6 - Can the mind ever be free of conditioning?,audio,1.0
SA70T7,Can the brain be quiet?,audio,1970,Saanen,kft_pdf_youtube,primary,https://youtu.be/7UF4rJ62M54,7UF4rJ62M54,Audio | J. Krishnamurti - Saanen 1970 - Public Talk 7 - Can the brain be quiet?,audio,1.0
SA70D1,How shall I know myself?,audio,1970,Saanen,kft_pdf_youtube,primary,https://youtu.be/yVHoQc98BEc,yVHoQc98BEc,Audio | J. Krishnamurti - Saanen 1970 - Public Discussion 1 - How shall I know myself?,audio,1.0
SA70D2,Attachment is an escape,audio,1970,Saanen,kft_pdf_youtube,primary,https://youtu.be/-ZcDGO3YY4Y,-ZcDGO3YY4Y,Audio | J. Krishnamurti - Saanen 1970 - Public Discussion 2 - Attachment is an escape,audio,1.0
SA70D3,The mind that breeds habits,audio,1970,Saanen,kft_pdf_youtube,primary,https://youtu.be/pYdZfpO1Mso,pYdZfpO1Mso,Audio | J. Krishnamurti - Saanen 1970 - Public Discussion 3 - The mind that breeds habits,audio,1.0
SA70D4,The mind is crowded with the known,audio,1970,Saanen,kft_pdf_youtube,primary,https://youtu.be/uzTdAbTQknQ,uzTdAbTQknQ,Audio | J. Krishnamurti - Saanen 1970 - Public Discussion 4 - The mind is crowded with the known,audio,1.0
SA70D5,The danger of conditioning,audio,1970,Saanen,kft_pdf_youtube,primary,https://youtu.be/hYoR_reB3Sg,hYoR_reB3Sg,Audio | J. Krishnamurti - Saanen 1970 - Public Discussion 5 - The danger of conditioning,audio,1.0
SA70D6,The brain demands order,audio,1970,Saanen,kft_pdf_youtube,primary,https://youtu.be/AkfVoPdrMGA,AkfVoPdrMGA,Audio | J. Krishnamurti - Saanen 1970 - Public Discussion 6 - The brain demands order,audio,1.0
SA70D7,A brain that is completely attentive,audio,1970,Saanen,kft_pdf_youtube,primary,https://youtu.be/9rUMujtcG3I,9rUMujtcG3I,Audio | J. Krishnamurti - Saanen 1970 - Public Discussion 7 - A brain that is completely attentive,audio,1.0
SA70D8,Seeking security,audio,1970,Saanen,kft_pdf_youtube,primary,https://youtu.be/v5WgR45cVFY,v5WgR45cVFY,Audio | J. Krishnamurti - Saanen 1970 - Public Discussion 8 - Seeking security,audio,1.0
SA71T1,What is your deep interest in life?,audio,1971,Saanen,kft_pdf_youtube,primary,https://youtu.be/STNrXwGf4bI,STNrXwGf4bI,Audio | J. Krishnamurti – Saanen 1971 – Public Talk 1 – What is your deep interest in life?,audio,1.0
SA71T2,How is one to bring about order in oneself without any conflict?,audio,1971,Saanen,kft_pdf_youtube,primary,https://youtu.be/8cidenqUk1s,8cidenqUk1s,Audio | J. Krishnamurti – Saanen 1971 – Public Talk 2 – How is one to bring about order in...,audio,1.0
SA71T3,Looking at oneself without division,audio,1971,Saanen,kft_pdf_youtube,primary,https://youtu.be/Dr1blrmXEsg,Dr1blrmXEsg,Audio | J. Krishnamurti – Saanen 1971 – Public Talk 3 – Looking at oneself without division,audio,1.0
SA71T4,What is right relationship?,audio,1971,Saanen,kft_pdf_youtube,primary,https://youtu.be/h8FtTo-nJaI,h8FtTo-nJaI,Audio | J. Krishnamurti – Saanen 1971 – Public Talk 4 – What is right relationship?,audio,1.0
SA71T5,Can the mind be completely free of any distorting factor?,audio,1971,Saanen,kft_pdf_youtube,primary,https://youtu.be/9wbJXBWuVd4,9wbJXBWuVd4,Audio | J. Krishnamurti – Saanen 1971 – Public Talk 5 – Can the mind be completely free of any...,audio,1.0
SA71T6,Does having concepts waste energy?,audio,1971,Saanen,kft_pdf_youtube,primary,https://youtu.be/DHDmoohaWks,DHDmoohaWks,Audio | J. Krishnamurti – Saanen 1971 – Public Talk 6 – Does having concepts waste energy?,audio,1.0
SA71T7,What is the relationship between thought and intelligence?,audio,1971,Saanen,kft_pdf_youtube,primary,https://youtu.be/Ds6jL0a801w,Ds6jL0a801w,Audio | J. Krishnamurti – Saanen 1971 – Public Talk 7 – What is the relationship between thought...,audio,1.0
SA71D1,Knowing the content of my consciousness,audio,1971,Saanen,kft_pdf_youtube,primary,https://youtu.be/ohhyZ7fiZjw,ohhyZ7fiZjw,Audio | J. Krishnamurti – Saanen 1971 – Public Discussion 1 – Knowing the content of my...,audio,1.0
SA71D2,The old must be silent to discover the new,audio,1971,Saanen,kft_pdf_youtube,primary,https://youtu.be/UYNxFFLJktk,UYNxFFLJktk,Audio | J. Krishnamurti – Saanen 1971 – Public Discus. 2 – The old must be silent to discover the...,audio,1.0
SA71D3,"Harmony of the mind, heart and body",audio,1971,Saanen,kft_pdf_youtube,primary,https://youtu.be/I4sASFATwW0,I4sASFATwW0,"Audio | J. Krishnamurti – Saanen 1971 – Public Discussion 3 –Harmony of the mind, heart and body",audio,1.0
SA71D4,Thinking about the future breeds fear,audio,1971,Saanen,kft_pdf_youtube,primary,https://youtu.be/pC6r-URDkdM,pC6r-URDkdM,Audio | J. Krishnamurti – Saanen 1971 – Public Discussion 4 – Thinking about the future breeds fear,audio,1.0
SA71D5,Images prevent relationship,audio,1971,Saanen,kft_pdf_youtube,primary,https://youtu.be/jSUp9oT_-bU,jSUp9oT_-bU,Audio | J. Krishnamurti – Saanen 1971 – Public Discussion 5 – Images prevent relationship,audio,1.0
SA71D6,How are we going to teach our children?,audio,1971,Saanen,kft_pdf_youtube,primary,https://youtu.be/wri_yO61jsw,wri_yO61jsw,Audio | J. Krishnamurti – Saanen 1971 – Public Discussion 6 – How are we going to teach our...,audio,1.0
SA71D7,What is a religious life?,audio,1971,Saanen,kft_pdf_youtube,primary,https://youtu.be/7Ycdi5AzqFM,7Ycdi5AzqFM,Audio | J. Krishnamurti – Saanen 1971 – Public Discussion 7 – What is a religious life?,audio,1.0
SA72T1,Can I see wholly?,audio,1972,Saanen,kft_pdf_youtube,primary,https://youtu.be/A1yosDm67U8,A1yosDm67U8,Audio | J. Krishnamurti – Saanen 1972 – Public Talk 1 – Can I see wholly?,audio,1.0
SA72T2,What is it to be creative?,audio,1972,Saanen,kft_pdf_youtube,primary,https://youtu.be/Y9xTLLzApxc,Y9xTLLzApxc,Audio | J. Krishnamurti – Saanen 1972 – Public Talk 2 – What is it to be creative?,audio,1.0
SA72T3,Thought and its limitations,audio,1972,Saanen,kft_pdf_youtube,primary,https://youtu.be/fQavBtS76dw,fQavBtS76dw,Audio | J. Krishnamurti – Saanen 1972 – Public Talk 3 – Thought and its limitations,audio,1.0
SA72T4,Can the mind be totally unconditioned?,audio,1972,Saanen,kft_pdf_youtube,primary,https://youtu.be/BO2f-PNQHvQ,BO2f-PNQHvQ,Audio | J. Krishnamurti – Saanen 1972 – Public Talk 4 – Can the mind be totally unconditioned?,audio,1.0
SA72T5,Will the discovery of the cause of suffering end it?,audio,1972,Saanen,kft_pdf_youtube,primary,https://youtu.be/bpz7bMRI8To,bpz7bMRI8To,Audio | J. Krishnamurti – Saanen 1972 – Public Talk 5 – Will the discovery of the cause of...,audio,1.0
SA72T6,"Pleasure, joy and death",audio,1972,Saanen,kft_pdf_youtube,primary,https://youtu.be/QeMCHNYvbxY,QeMCHNYvbxY,"Audio | J. Krishnamurti – Saanen 1972 – Public Talk 6 – Pleasure, joy and death",audio,1.0
SA72T7,Religion and meditation,audio,1972,Saanen,kft_pdf_youtube,primary,https://youtu.be/48nPpIj6pq0,48nPpIj6pq0,Audio | J. Krishnamurti – Saanen 1972 – Public Talk 7 – Religion and meditation,audio,1.0
SA72D1,The observer and the observed,audio,1972,Saanen,kft_pdf_youtube,primary,https://youtu.be/ezSc3PjusDo,ezSc3PjusDo,Audio | J. Krishnamurti – Saanen 1972 – Public Discussion 1 – The observer and the observed,audio,1.0
SA72D2,The problem of existence,audio,1972,Saanen,kft_pdf_youtube,primary,https://youtu.be/T7N3_8380gs,T7N3_8380gs,Audio | J. Krishnamurti – Saanen 1972 – Public Discussion 2 – The problem of existence,audio,1.0
SA72D3,Total attention,audio,1972,Saanen,kft_pdf_youtube,primary,https://youtu.be/6nE_1PCU2jQ,6nE_1PCU2jQ,Audio | J. Krishnamurti – Saanen 1972 – Public Discussion 3 – Total attention,audio,1.0
SA72D4,Fragmentary action and total action,audio,1972,Saanen,kft_pdf_youtube,primary,https://youtu.be/6C8YLgoaQMs,6C8YLgoaQMs,Audio | J. Krishnamurti – Saanen 1972 – Public Discussion 4 – Fragmentary action and total action,audio,1.0
SA72D5,Conclusions prevent looking,audio,1972,Saanen,kft_pdf_youtube,primary,https://youtu.be/Zg5wsddr9o8,Zg5wsddr9o8,Audio | J. Krishnamurti – Saanen 1972 – Public Discussion 5 – Conclusions prevent looking,audio,1.0
SA72D6,The sacred in life,audio,1972,Saanen,kft_pdf_youtube,primary,https://youtu.be/BtC8A9WqWNg,BtC8A9WqWNg,Audio | J. Krishnamurti – Saanen 1972 – Public Discussion 6 – The sacred in life,audio,1.0
SA72D7,Are you aware of your conditioning?,audio,1972,Saanen,kft_pdf_youtube,primary,https://youtu.be/ZRU5_EZJQys,ZRU5_EZJQys,Audio | J. Krishnamurti – Saanen 1972 – Public Discussion 7 – Are you aware of your conditioning?,audio,1.0
SA73T1,Can the mind change radically outside of time?,audio,1973,Saanen,kft_pdf_youtube,primary,https://youtu.be/0bqxwHabmxQ,0bqxwHabmxQ,Audio | J. Krishnamurti – Saanen 1973 – Public Talk 1 – Can the mind change radically...,audio,1.0
SA73T2,Can the mind choicelessly see its conditioning?,audio,1973,Saanen,kft_pdf_youtube,primary,https://youtu.be/lGlZFekKNPo,lGlZFekKNPo,Audio | J. Krishnamurti – Saanen 1973 – Public Talk 2 – Can the mind choicelessly see its...,audio,1.0
SA73T3,Can thought explore consciousness?,audio,1973,Saanen,kft_pdf_youtube,primary,https://youtu.be/JS40fogt8vw,JS40fogt8vw,Audio | J. Krishnamurti – Saanen 1973 – Public Talk 3 – Can thought explore consciousness?,audio,1.0
SA73T4,Can thought reveal the meaning of life?,audio,1973,Saanen,kft_pdf_youtube,primary,https://youtu.be/iWfiTbC2dfo,iWfiTbC2dfo,Audio | J. Krishnamurti – Saanen 1973 – Public Talk 4 – Can thought reveal the meaning of life?,audio,1.0
SA73T5,What is the action of total inaction?,audio,1973,Saanen,kft_pdf_youtube,primary,https://youtu.be/mgGUnwKeBT0,mgGUnwKeBT0,Audio | J. Krishnamurti – Saanen 1973 – Public Talk 5 – What is the action of total inaction?,audio,1.0
SA73T6,Can death be brought into the field of the known?,audio,1973,Saanen,kft_pdf_youtube,primary,https://youtu.be/zL5mm9nuHvo,zL5mm9nuHvo,Audio | J. Krishnamurti – Saanen 1973 – Public Talk 6 – Can death be brought into the field of...,audio,1.0
SA73T7,What is religion and what is meditation?,audio,1973,Saanen,kft_pdf_youtube,primary,https://youtu.be/2pj5bap6iBk,2pj5bap6iBk,Audio | J. Krishnamurti – Saanen 1973 – Public Talk 7 – What is religion and what is meditation?,audio,1.0
SA73D1,How does one observe?,audio,1973,Saanen,kft_pdf_youtube,primary,https://youtu.be/-X6ioNJShmE,-X6ioNJShmE,Audio | J. Krishnamurti – Saanen 1973 – Public Discussion 1 – How does one observe?,audio,1.0
SA73D2,"Choice, will and action",audio,1973,Saanen,kft_pdf_youtube,primary,https://youtu.be/mGsKWoTP27M,mGsKWoTP27M,"Audio | J. Krishnamurti – Saanen 1973 – Public Discussion 2 – Choice, will and action",audio,1.0
SA73D3,Relationship without dependence,audio,1973,Saanen,kft_pdf_youtube,primary,https://youtu.be/G_cFXay6q3M,G_cFXay6q3M,Audio | J. Krishnamurti – Saanen 1973 – Public Discussion 3 – Relationship without dependence,audio,1.0
SA73D4,Fear is a destructive poison,audio,1973,Saanen,kft_pdf_youtube,primary,https://youtu.be/UowxT_TdGRA,UowxT_TdGRA,Audio | J. Krishnamurti – Saanen 1973 – Public Discussion 4 – Fear is a destructive poison,audio,1.0
SA73D5,Are you aware?,audio,1973,Saanen,kft_pdf_youtube,primary,https://youtu.be/KeGwVMbcoro,KeGwVMbcoro,Audio | J. Krishnamurti – Saanen 1973 – Public Discussion 5 – Are you aware?,audio,1.0
SA73D6,Are life and death two separate things?,audio,1973,Saanen,kft_pdf_youtube,primary,https://youtu.be/W1m4ifETFFs,W1m4ifETFFs,Audio | J. Krishnamurti – Saanen 1973 – Public Discussion 6 – Are life and death two separate...,audio,1.0
SA73D7,Where there is intelligence there is order,audio,1973,Saanen,kft_pdf_youtube,primary,https://youtu.be/WEoJmdY-OzQ,WEoJmdY-OzQ,Audio | J. Krishnamurti – Saanen 1973 – Public Discussion 7 – Where there is intelligence there...,audio,1.0
SA74T1,What is the operation of thought?,audio,1974,Saanen,kft_pdf_youtube,primary,https://youtu.be/YyE_ebMsUdc,YyE_ebMsUdc,Audio | J. Krishnamurti – Saanen 1974 – Public Talk 1 –  What is the operation of thought?,audio,1.0
SA74T2,Is there energy not based on idea or ideology?,audio,1974,Saanen,kft_pdf_youtube,primary,https://youtu.be/OF9kw8obQcI,OF9kw8obQcI,Audio | J. Krishnamurti – Saanen 1974 – Public Talk 2 –  Is there energy not based on idea or...,audio,1.0
SA74T3,Can thought bring order?,audio,1974,Saanen,kft_pdf_youtube,primary,https://youtu.be/xJvb49m6BRA,xJvb49m6BRA,Audio | J. Krishnamurti – Saanen 1974 – Public Talk 3 –  Can thought bring order?,audio,1.0
SA74T4,Can the mind not be a slave to knowledge?,audio,1974,Saanen,kft_pdf_youtube,primary,https://youtu.be/b-hz-SHRmRI,b-hz-SHRmRI,Audio | J. Krishnamurti – Saanen 1974 – Public Talk 4 –  Can the mind not be a slave to knowledge?,audio,1.0
SA74T5,Wisdom comes through the understanding of suffering,audio,1974,Saanen,kft_pdf_youtube,primary,https://youtu.be/AOTD3bJeJLA,AOTD3bJeJLA,Audio | J. Krishnamurti – Saanen 1974 – Public Talk 5 –  Wisdom comes through the understanding...,audio,1.0
SA74T6,Are you seeking security in a concept?,audio,1974,Saanen,kft_pdf_youtube,primary,https://youtu.be/m_9Zam-K9yo,m_9Zam-K9yo,Audio | J. Krishnamurti – Saanen 1974 – Public Talk 6 –  Are you seeking security in a concept?,audio,1.0
SA74T7,Meditation is to discover an area in which there is no movement of thought,audio,1974,Saanen,kft_pdf_youtube,primary,https://youtu.be/gucTwBelgaU,gucTwBelgaU,Audio | J. Krishnamurti – Saanen 1974 – Public Talk 7 –  Meditation is to discover an area in...,audio,1.0
SA74D1,Thought is not the instrument of change,audio,1974,Saanen,kft_pdf_youtube,primary,https://youtu.be/zzRLIbFlpo4,zzRLIbFlpo4,Audio | J. Krishnamurti – Saanen 1974 – Public Discussion 1 – Thought is not the instrument...,audio,1.0
SA74D2,Why is the mind attached?,audio,1974,Saanen,kft_pdf_youtube,primary,https://youtu.be/RVh65PTsdtA,RVh65PTsdtA,Audio | J. Krishnamurti – Saanen 1974 – Public Discussion 2 – Why is the mind attached?,audio,1.0
SA74D3,What is our responsibility?,audio,1974,Saanen,kft_pdf_youtube,primary,https://youtu.be/s06gKvnJobQ,s06gKvnJobQ,Audio | J. Krishnamurti – Saanen 1974 – Public Discussion 3 – What is our responsibility?,audio,1.0
SA74D4,What is the relationship between attention and lack of attention?,audio,1974,Saanen,kft_pdf_youtube,primary,https://youtu.be/oDTsKAAfdpA,oDTsKAAfdpA,Audio | J. Krishnamurti – Saanen 1974 – Public Discus. 4 – What is the relationship between...,audio,1.0
SA74D5,What is a chaste mind?,audio,1974,Saanen,kft_pdf_youtube,primary,https://youtu.be/ba4IFN936wM,ba4IFN936wM,Audio | J. Krishnamurti – Saanen 1974 – Public Discussion 5 – What is a chaste mind?,audio,1.0
SA75T1,Reality and truth,audio,1975,Saanen,kft_pdf_youtube,primary,https://youtu.be/oXqGF-JJu2E,oXqGF-JJu2E,Audio | J. Krishnamurti – Saanen 1975 – Public Talk 1 – Reality and truth,audio,1.0
SA75T2,Can love exist in the field of reality?,audio,1975,Saanen,kft_pdf_youtube,primary,https://youtu.be/Wd_X92ScsLA,Wd_X92ScsLA,Audio | J. Krishnamurti – Saanen 1975 – Public Talk 2 – Can love exist in the field of reality?,audio,1.0
SA75T3,Is there suffering when there is no attachment?,audio,1975,Saanen,kft_pdf_youtube,primary,https://youtu.be/_wRMngF5L6s,_wRMngF5L6s,Audio | J. Krishnamurti – Saanen 1975 – Public Talk 3 – Is there suffering when there is...,audio,1.0
SA75T4,"Time, action and fear",audio,1975,Saanen,kft_pdf_youtube,primary,https://youtu.be/2bN0FWhehhc,2bN0FWhehhc,"Audio | J. Krishnamurti – Saanen 1975 – Public Talk 4 – Time, action and fear",audio,1.0
SA75T5,"Freedom, pleasure and joy",audio,1975,Saanen,kft_pdf_youtube,primary,https://youtu.be/zNW3xCzP_H0,zNW3xCzP_H0,"Audio | J. Krishnamurti – Saanen 1975 – Public Talk 5 – Freedom, pleasure and joy",audio,1.0
SA75T6,Can one living in the world of reality end selfishness?,audio,1975,Saanen,kft_pdf_youtube,primary,https://youtu.be/fBK5z5i8lSU,fBK5z5i8lSU,Audio | J. Krishnamurti – Saanen 1975 – Public Talk 6 – Can one living in the world of reality...,audio,1.0
SA75T7,The quality of energy which comes about through meditation,audio,1975,Saanen,kft_pdf_youtube,primary,https://youtu.be/b_spfKqaVAQ,b_spfKqaVAQ,Audio | J. Krishnamurti – Saanen 1975 – Public Talk 7 – The quality of energy which comes about...,audio,1.0
SA75D1,Stepping out of the stream of selfishness,audio,1975,Saanen,kft_pdf_youtube,primary,https://youtu.be/Z3goU6bjhFQ,Z3goU6bjhFQ,Audio | J. Krishnamurti – Saanen 1975 – Public Discussion 1 – Stepping out of the stream of...,audio,1.0
SA75D2,Thought and the centre,audio,1975,Saanen,kft_pdf_youtube,primary,https://youtu.be/oVBrJbhZ4iM,oVBrJbhZ4iM,Audio | J. Krishnamurti – Saanen 1975 – Public Discussion 2 – Thought and the centre,audio,1.0
SA75D3,What is the relationship between truth and reality?,audio,1975,Saanen,kft_pdf_youtube,primary,https://youtu.be/AS4fifHDU0M,AS4fifHDU0M,Audio | J. Krishnamurti – Saanen 1975 – Public Discussion 3 – What is the relationship between...,audio,1.0
SA75D4,Responsibility and meditation,audio,1975,Saanen,kft_pdf_youtube,primary,https://youtu.be/iEDju3ojHhs,iEDju3ojHhs,Audio | J. Krishnamurti – Saanen 1975 – Public Discussion 4 – Responsibility and meditation,audio,1.0
SA75D5,"Space, love and compassion",audio,1975,Saanen,kft_pdf_youtube,primary,https://youtu.be/oTwOhQK4BiA,oTwOhQK4BiA,"Audio | J. Krishnamurti – Saanen 1975 – Public Discussion 5 – Space, love and compassion",audio,1.0
SA76T1,What will change a human being?,audio,1976,Saanen,kft_pdf_youtube,primary,https://youtu.be/hbGCZSIMFUk,hbGCZSIMFUk,Audio | J. Krishnamurti – Saanen 1976 – Public Talk 1 – What will change a human being?,audio,1.0
SA76T2,Observation and fear,video,1976,Saanen,kft_pdf_youtube,primary,https://youtu.be/vN4i9KiNyoE,vN4i9KiNyoE,J. Krishnamurti - Saanen 1976 - Public Talk 2 - Observation and fear,video,1.0
SA76T3,The impediments to radical transformation,video,1976,Saanen,kft_pdf_youtube,primary,https://youtu.be/lvO-ar68tsU,lvO-ar68tsU,J. Krishnamurti - Saanen 1976 - Public Talk 3 - The impediments to radical transformation,video,1.0
SA76T4,Can the content of consciousness free itself?,video,1976,Saanen,kft_pdf_youtube,primary,https://youtu.be/DXCrMx9XGSY,DXCrMx9XGSY,J. Krishnamurti - Saanen 1976 - Public Talk 4 - Can the content of consciousness free itself?,video,1.0
SA76T5,Suffering and love,video,1976,Saanen,kft_pdf_youtube,primary,https://youtu.be/DgJ_DtA5n7E,DgJ_DtA5n7E,J. Krishnamurti - Saanen 1976 - Public Talk 5 - Suffering and love,video,1.0
SA76T6,"Can attachment, belief, experience, knowledge, end now?",video,1976,Saanen,kft_pdf_youtube,primary,https://youtu.be/Sk84K1QfOGs,Sk84K1QfOGs,"J. Krishnamurti - Saanen 1976 - Public Talk 6 - Can attachment, belief, experience, knowledge...",video,1.0
SA76T7,When you are a light to yourself you are a light to the world,video,1976,Saanen,kft_pdf_youtube,primary,https://youtu.be/eyNeWEGgmFQ,eyNeWEGgmFQ,J. Krishnamurti - Saanen 1976 - Public Talk 7 - When you are a light to yourself you are...,video,1.0
SA76D1,Why should we get hurt?,video,1976,Saanen,kft_pdf_youtube,primary,https://youtu.be/nITorjiuD1g,nITorjiuD1g,J. Krishnamurti - Saanen 1976 - Public Discussion 1 - Why should we get hurt?,video,1.0
SA76D2,How does understanding take place?,video,1976,Saanen,kft_pdf_youtube,primary,https://youtu.be/_KOMLIEHRrY,_KOMLIEHRrY,J. Krishnamurti - Saanen 1976 - Public Discussion 2 - How does understanding take place?,video,1.0
SA76D3,Judgement and death,video,1976,Saanen,kft_pdf_youtube,primary,https://youtu.be/qcrTlQ1qGf0,qcrTlQ1qGf0,J. Krishnamurti - Saanen 1976 - Public Discussion 3 - Judgement and death,video,1.0
SA76D4,On being a light to oneself,video,1976,Saanen,kft_pdf_youtube,primary,https://youtu.be/8b3qEe-Dc24,8b3qEe-Dc24,J. Krishnamurti - Saanen 1976 - Public Discussion 4 - On being a light to oneself,video,1.0
SA76D5,Is there thinking without the word?,video,1976,Saanen,kft_pdf_youtube,primary,https://youtu.be/SwspdzrYcaU,SwspdzrYcaU,J. Krishnamurti - Saanen 1976 - Public Discussion 5 - Is there thinking without the word?,video,1.0
SA77T1,What are we seeking?,video,1977,Saanen,kft_pdf_youtube,primary,https://youtu.be/Y53grD6Grz8,Y53grD6Grz8,J. Krishnamurti - Saanen 1977 - Public Talk 1 - What are we seeking?,video,1.0
SA77T2,Is there security in psychological authority?,video,1977,Saanen,kft_pdf_youtube,primary,https://youtu.be/bGux_3OFrYw,bGux_3OFrYw,J. Krishnamurti - Saanen 1977 - Public Talk 2 - Is there security in psychological authority?,video,1.0
SA77T3,What is the relationship of clarity to compassion?,video,1977,Saanen,kft_pdf_youtube,primary,https://youtu.be/kr4VRfbwFso,kr4VRfbwFso,J. Krishnamurti - Saanen 1977 - Public Talk 3 - What is the relationship of clarity to compassion?,video,1.0
SA77T4,Does compassion flower in the field of desire?,video,1977,Saanen,kft_pdf_youtube,primary,https://youtu.be/MbXt7L--wmo,MbXt7L--wmo,J. Krishnamurti - Saanen 1977 - Public Talk 4 - Does compassion flower in the field of desire?,video,1.0
SA77T5,Is there an action which is without cause and motive?,video,1977,Saanen,kft_pdf_youtube,primary,https://youtu.be/vkq8AAaajsA,vkq8AAaajsA,J. Krishnamurti - Saanen 1977 - Public Talk 5 - Is there an action which is without cause...,video,1.0
SA77T6,What is it to observe holistically?,video,1977,Saanen,kft_pdf_youtube,primary,https://youtu.be/3XcPIF6Q4Dc,3XcPIF6Q4Dc,J. Krishnamurti - Saanen 1977 - Public Talk 6 - What is it to observe holistically?,video,1.0
SA77T7,A movement which is timeless,video,1977,Saanen,kft_pdf_youtube,primary,https://youtu.be/CLaLD1YBvHc,CLaLD1YBvHc,J. Krishnamurti - Saanen 1977 - Public Talk 7 - A movement which is timeless,video,1.0
SA77D1,What it means to be totally aware,video,1977,Saanen,kft_pdf_youtube,primary,https://youtu.be/BleIQZT3Qcg,BleIQZT3Qcg,J. Krishnamurti - Saanen 1977 - Public Discussion 1 - What it means to be totally aware,video,1.0
SA77D2,Motive prevents observation,video,1977,Saanen,kft_pdf_youtube,primary,https://youtu.be/5YpItxOGicA,5YpItxOGicA,J. Krishnamurti - Saanen 1977 - Public Discussion 2 - Motive prevents observation,video,1.0
SA77D3,"Education, meditation and death",video,1977,Saanen,kft_pdf_youtube,primary,https://youtu.be/neRdbW9C1po,neRdbW9C1po,"J. Krishnamurti - Saanen 1977 - Public Discussion 3 - Education, meditation and death",video,1.0
SA77D4,"Facts, reality and truth",video,1977,Saanen,kft_pdf_youtube,primary,https://youtu.be/zkx3dJdesU4,zkx3dJdesU4,"J. Krishnamurti - Saanen 1977 - Public Discussion 4 - Facts, reality and truth",video,1.0
SA77D5,Relationship and intelligence,video,1977,Saanen,kft_pdf_youtube,primary,https://youtu.be/UE5ThbFuPPs,UE5ThbFuPPs,J. Krishnamurti - Saanen 1977 - Public Discussion 5 - Relationship and intelligence,video,1.0
SA78T1,The structure of self-centred concern,video,1978,Saanen,kft_pdf_youtube,primary,https://youtu.be/u3i3D5IQdds,u3i3D5IQdds,J. Krishnamurti - Saanen 1978 - Public Talk 1 - The structure of self-centred concern,video,1.0
SA78T2,The identification of thought,video,1978,Saanen,kft_pdf_youtube,primary,https://youtu.be/d7f_KFg0LtM,d7f_KFg0LtM,J. Krishnamurti - Saanen 1978 - Public Talk 2 - The identification of thought,video,1.0
SA78T3,The limitation of thought,video,1978,Saanen,kft_pdf_youtube,primary,https://youtu.be/8Am3jqU8xTw,8Am3jqU8xTw,J. Krishnamurti - Saanen 1978 - Public Talk 3 - The limitation of thought,video,1.0
SA78T4,Is thought necessary in relationship?,video,1978,Saanen,kft_pdf_youtube,primary,https://youtu.be/FBty9K55pkk,FBty9K55pkk,J. Krishnamurti - Saanen 1978 - Public Talk 4 - Is thought necessary in relationship?,video,1.0
SA78T5,Is love a movement of time and thought?,video,1978,Saanen,kft_pdf_youtube,primary,https://youtu.be/PiAZ_suTNPM,PiAZ_suTNPM,J. Krishnamurti - Saanen 1978 - Public Talk 5 - Is love a movement of time and thought?,video,1.0
SA78T6,Can consciousness go beyond itself?,video,1978,Saanen,kft_pdf_youtube,primary,https://youtu.be/MOwQE62bEww,MOwQE62bEww,J. Krishnamurti - Saanen 1978 - Public Talk 6 - Can consciousness go beyond itself?,video,1.0
SA78T7,"If you are not occupied, are you nothing?",video,1978,Saanen,kft_pdf_youtube,primary,https://youtu.be/SrU-bpzAi3w,SrU-bpzAi3w,"J. Krishnamurti - Saanen 1978 - Public Talk 7 - If you are not occupied, are you nothing?",video,1.0
SA78D1,Can the drive of selfishness end?,video,1978,Saanen,kft_pdf_youtube,primary,https://youtu.be/eU5kUNrQHBM,eU5kUNrQHBM,J. Krishnamurti - Saanen 1978 - Public Discussion 1 - Can the drive of selfishness end?,video,1.0
SA78D2,What will make a human being change?,video,1978,Saanen,kft_pdf_youtube,primary,https://youtu.be/Csm-vBL3PzQ,Csm-vBL3PzQ,J. Krishnamurti - Saanen 1978 - Public Discussion 2 - What will make a human being change?,video,1.0
SA78D3,Can time end?,video,1978,Saanen,kft_pdf_youtube,primary,https://youtu.be/3yly4jxC6ZY,3yly4jxC6ZY,J. Krishnamurti - Saanen 1978 - Public Discussion 3 - Can time end?,video,1.0
SA78D4,Constant effort damages the brain,video,1978,Saanen,kft_pdf_youtube,primary,https://youtu.be/4Lf9f4YZ9fg,4Lf9f4YZ9fg,J. Krishnamurti - Saanen 1978 - Public Discussion 4 - Constant effort damages the brain,video,1.0
SA78D5,Order in oneself,video,1978,Saanen,kft_pdf_youtube,primary,https://youtu.be/b8WWtjcq5ag,b8WWtjcq5ag,J. Krishnamurti - Saanen 1978 - Public Discussion 5 - Order in oneself,video,1.0
SA79T1,Is there a way out of the crisis in the world?,video,1979,Saanen,kft_pdf_youtube,primary,https://youtu.be/FFMmCxeCyFE,FFMmCxeCyFE,J. Krishnamurti - Saanen 1979 - Public Talk 1 - Is There a way out of the crisis in the world?,video,1.0
SA79T2,Can we together create a good society?,video,1979,Saanen,kft_pdf_youtube,primary,https://youtu.be/sFTAqwDtd3o,sFTAqwDtd3o,J. Krishnamurti - Saanen 1979 - Public Talk 2 - Can we together create a good society?,video,1.0
SA79T3,Is there security at all psychologically?,video,1979,Saanen,kft_pdf_youtube,primary,https://youtu.be/k9PxF3xxl-w,k9PxF3xxl-w,J. Krishnamurti - Saanen 1979 - Public Talk 3 - Is there security at all psychologically?,video,1.0
SA79T4,"Can goodness, love and truth be born of discipline?",video,1979,Saanen,kft_pdf_youtube,primary,https://youtu.be/HhVupJ6UERY,HhVupJ6UERY,J. Krishnamurti - Brockwood Park 1979 - Discussion 4 with Buddhist Scholars - Truth,video,1.0
SA79T5,Are desire and time responsible for fear?,video,1979,Saanen,kft_pdf_youtube,primary,https://youtu.be/oJfu7NVhv7w,oJfu7NVhv7w,J. Krishnamurti - Saanen 1979 - Public Talk 5 - Are desire and time responsible for fear?,video,1.0
SA79T6,"Intelligence, love, and compassion",video,1979,Saanen,kft_pdf_youtube,primary,https://youtu.be/MFmqZcz8e38,MFmqZcz8e38,"J. Krishnamurti - Saanen 1979 - Public Talk 6 - Intelligence, love, and compassion",video,1.0
SA79T7,In total silence the mind comes upon the eternal,video,1979,Saanen,kft_pdf_youtube,primary,https://youtu.be/2_5_RxT_9n4,2_5_RxT_9n4,J. Krishnamurti - Saanen 1979 - Public Talk 7 - In total silence the mind comes upon the eternal,video,1.0
SA79D1,Is there an action that doesn't bring sorrow?,video,1979,Saanen,kft_pdf_youtube,primary,https://youtu.be/jrMt5_EyohM,jrMt5_EyohM,J. Krishnamurti - Saanen 1979 - Public Discussion 1 - Is there an action that doesn't bring sorrow?,video,1.0
SA79D2,Finding out what love is,video,1979,Saanen,kft_pdf_youtube,primary,https://youtu.be/wYxZhEemJoo,wYxZhEemJoo,J. Krishnamurti - Saanen 1979 - Public Discussion 2 - Finding out what love is,video,1.0
SA79D3,Meditation is giving thought its right place,video,1979,Saanen,kft_pdf_youtube,primary,https://youtu.be/rnVmCBPOA6c,rnVmCBPOA6c,J. Krishnamurti - Saanen 1979 - Public Discussion 3 - Meditation is giving thought its right place,video,1.0
SA79D4,What is the central issue of our life?,video,1979,Saanen,kft_pdf_youtube,primary,https://youtu.be/UM9lDaX2BRY,UM9lDaX2BRY,J. Krishnamurti - Saanen 1979 - Public Discussion 4 - What is the central issue of our life?,video,1.0
SA79D5,How can we bring about a good society?,video,1979,Saanen,kft_pdf_youtube,primary,https://youtu.be/4t8MyrISgtg,4t8MyrISgtg,J. Krishnamurti - Saanen 1979 - Public Discussion 5 - How can we bring about a good society?,video,1.0
SA80T1,Why is there such chaos in the world?,video,1980,Saanen,kft_pdf_youtube,primary,https://youtu.be/LRjeYn06SxE,LRjeYn06SxE,J. Krishnamurti - Saanen 1980 - Public Talk 1 - Why is there such chaos in the world?,video,1.0
SA80T2,The movement of thought and becoming,video,1980,Saanen,kft_pdf_youtube,primary,https://youtu.be/T9uk0L5Zmz8,T9uk0L5Zmz8,J. Krishnamurti - Saanen 1980 - Public Talk 2 - The movement of thought and becoming,video,1.0
SA80T3,Action that is always correct,video,1980,Saanen,kft_pdf_youtube,primary,https://youtu.be/qnGoHrT0WG8,qnGoHrT0WG8,J. Krishnamurti - Saanen 1980 - Public Talk 3 - Action that is always correct,video,1.0
SA80T4,Breaking the pattern of conditioning,video,1980,Saanen,kft_pdf_youtube,primary,https://youtu.be/UrLaF2JIXfk,UrLaF2JIXfk,J. Krishnamurti - Saanen 1980 - Public Talk 4 - Breaking the pattern of conditioning,video,1.0
SA80T5,"The relationship of desire, will and love",video,1980,Saanen,kft_pdf_youtube,primary,https://youtu.be/gvf61wUQvO4,gvf61wUQvO4,"J. Krishnamurti - Saanen 1980 - Public Talk 5 - The relationship of desire, will, and love",video,1.0
SA80T6,The ending of sorrow brings love and compassion,video,1980,Saanen,kft_pdf_youtube,primary,https://youtu.be/V4dEWQwq2fs,V4dEWQwq2fs,J. Krishnamurti - Saanen 1980 - Public Talk 6 - The ending of sorrow brings love and compassion,video,1.0
SA80T7,Is there anything sacred in life?,video,1980,Saanen,kft_pdf_youtube,primary,https://youtu.be/99JBfVZlF5w,99JBfVZlF5w,J. Krishnamurti - Saanen 1980 - Public Talk 7 - Is there anything sacred in life?,video,1.0
SA80Q1,1st Question & Answer Meeting,video,1980,Saanen,kft_pdf_youtube,primary,https://youtu.be/jMeCh51sfyU,jMeCh51sfyU,J. Krishnamurti - Saanen 1980 - Public Q&A 1,video,0.88
SA80Q2,2nd Question & Answer Meeting,video,1980,Saanen,kft_pdf_youtube,primary,https://youtu.be/hRS0LKFiWdA,hRS0LKFiWdA,J. Krishnamurti - Saanen 1980 - Public Q&A 2,video,0.88
SA80Q3,3rd Question & Answer Meeting,video,1980,Saanen,kft_pdf_youtube,primary,https://youtu.be/6iDvsDfOEOE,6iDvsDfOEOE,J. Krishnamurti - Saanen 1980 - Public Q&A 3,video,0.88
SA80Q4,4th Question & Answer Meeting,video,1980,Saanen,kft_pdf_youtube,primary,https://youtu.be/Ugt9IEe8iT4,Ugt9IEe8iT4,J. Krishnamurti - Saanen 1980 - Public Q&A 4,video,0.88
SA80Q5,5th Question & Answer Meeting,video,1980,Saanen,kft_pdf_youtube,primary,https://youtu.be/K-e8ZJDHAuE,K-e8ZJDHAuE,J. Krishnamurti - Saanen 1980 - Public Q&A 5,video,0.88
SA81T1,What is the nature of our consciousness?,video,1981,Saanen,kft_pdf_youtube,primary,https://youtu.be/xsYhBGT2__U,xsYhBGT2__U,J. Krishnamurti - Saanen 1981 - Public Talk 1 - What is the nature of our consciousness?,video,1.0
SA81T2,Learning that transforms consciousness,video,1981,Saanen,kft_pdf_youtube,primary,https://youtu.be/SerKIB1jcdQ,SerKIB1jcdQ,J. Krishnamurti - Saanen 1981 - Public Talk 2 - Learning that transforms consciousness,video,1.0
SA81T3,The ending of conflict,video,1981,Saanen,kft_pdf_youtube,primary,https://youtu.be/lUkZD92BKCE,lUkZD92BKCE,J. Krishnamurti - Saanen 1981 - Public Talk 3 - The ending of conflict,video,1.0
SA81T4,Living without images,video,1981,Saanen,kft_pdf_youtube,primary,https://youtu.be/N9Z7vkuqdYQ,N9Z7vkuqdYQ,J. Krishnamurti - Saanen 1981 - Public Talk 4 - Living without images,video,1.0
SA81T5,Can the brain be totally free?,video,1981,Saanen,kft_pdf_youtube,primary,https://youtu.be/_eNKKsutwYQ,_eNKKsutwYQ,J. Krishnamurti - Saanen 1981 - Public Talk 5 - Can the brain be totally free?,video,1.0
SA81T6,Love and freedom,video,1981,Saanen,kft_pdf_youtube,primary,https://youtu.be/HYd_HRllMIM,HYd_HRllMIM,J. Krishnamurti - Saanen 1981 - Public Talk 6 - Love and freedom,video,1.0
SA81T7,To live without a shadow of control,video,1981,Saanen,kft_pdf_youtube,primary,https://youtu.be/Dnkch8JtegM,Dnkch8JtegM,J. Krishnamurti - Saanen 1981 - Public Talk 7 - To live without a shadow of control,video,1.0
SA81Q1,1st Question & Answer Meeting,video,1981,Saanen,kft_pdf_youtube,primary,https://youtu.be/qued876GqSk,qued876GqSk,J. Krishnamurti - Saanen 1981 - Public Q&A 1,video,0.88
SA81Q2,2nd Question & Answer Meeting,video,1981,Saanen,kft_pdf_youtube,primary,https://youtu.be/iUazN7IMt7A,iUazN7IMt7A,J. Krishnamurti - Saanen 1981 - Public Q&A 2,video,0.88
SA81Q3,3rd Question & Answer Meeting,video,1981,Saanen,kft_pdf_youtube,primary,https://youtu.be/X8FpmJP2psI,X8FpmJP2psI,J. Krishnamurti - Saanen 1981 - Public Q&A 3,video,0.88
SA82T1,Isolation brings conflict,audio,1982,Saanen,kft_pdf_youtube,primary,https://youtu.be/or_bpdplwTg,or_bpdplwTg,Audio | J. Krishnamurti – Saanen 1982 – Public Talk 1 – Isolation brings conflict,audio,1.0
SA82T2,What makes our lives so fragmented?,video,1982,Saanen,kft_pdf_youtube,primary,https://youtu.be/NEid0zDaKvw,NEid0zDaKvw,J. Krishnamurti - Saanen 1982 - Public Talk 2 - What makes our lives so fragmented?,video,1.0
SA82T3,An intelligence beyond cause,video,1982,Saanen,kft_pdf_youtube,primary,https://youtu.be/aUdQJ3TkL-M,aUdQJ3TkL-M,J. Krishnamurti - Saanen 1982 - Public Talk 3 - An intelligence beyond cause,video,1.0
SA82T4,What are we human beings trying to become?,video,1982,Saanen,kft_pdf_youtube,primary,https://youtu.be/ju7MZne43cU,ju7MZne43cU,J. Krishnamurti - Saanen 1982 - Public Talk 4 - What are we human beings trying to become?,video,1.0
SA82T5,"What is it to listen, to learn and to observe?",video,1982,Saanen,kft_pdf_youtube,primary,https://youtu.be/w4m1wMqoTV0,w4m1wMqoTV0,"J. Krishnamurti - Saanen 1982 - Public Talk 5 - What is it to listen, to learn and to observe?",video,1.0
SA82T6,Meditation and the ending of the self,video,1982,Saanen,kft_pdf_youtube,primary,https://youtu.be/PC9nCtxnmX0,PC9nCtxnmX0,J. Krishnamurti - Saanen 1982 - Public Talk 6 - Meditation and the ending of the self,video,1.0
SA82Q1,1st Question & Answer Meeting,video,1982,Saanen,kft_pdf_youtube,primary,https://youtu.be/ls1iKCZ7eP4,ls1iKCZ7eP4,J. Krishnamurti - Saanen 1982 - Public Q&A 1,video,0.88
SA82Q2,2nd Question & Answer Meeting,video,1982,Saanen,kft_pdf_youtube,primary,https://youtu.be/2k6fsQxc2W8,2k6fsQxc2W8,J. Krishnamurti - Saanen 1982 - Public Q&A 2,video,0.88
SA82Q3,3rd Question & Answer Meeting,video,1982,Saanen,kft_pdf_youtube,primary,https://youtu.be/hB_K0IztjQg,hB_K0IztjQg,J. Krishnamurti - Saanen 1982 - Public Q&A 3,video,0.88
SA83T1,Is it possible to live in peace?,video,1983,Saanen,kft_pdf_youtube,primary,https://youtu.be/320V_DPVZqM,320V_DPVZqM,J. Krishnamurti - Saanen 1983 - Public Talk 1 - Is it possible to live in peace?,video,1.0
SA83T2,The function of the brain,video,1983,Saanen,kft_pdf_youtube,primary,https://youtu.be/64pK055a9sc,64pK055a9sc,J. Krishnamurti - Saanen 1983 - Public Talk 2 - The function of the brain,video,1.0
SA83T3,Where does one find complete security?,video,1983,Saanen,kft_pdf_youtube,primary,https://youtu.be/QICjc_nGkSM,QICjc_nGkSM,J. Krishnamurti - Saanen 1983 - Public Talk 3 - Where does one find complete security?,video,1.0
SA83T4,What is supreme intelligence?,video,1983,Saanen,kft_pdf_youtube,primary,https://youtu.be/V0r1clElGz8,V0r1clElGz8,J. Krishnamurti - Saanen 1983 - Public Talk 4 - What is supreme intelligence?,video,1.0
SA83T5,Unconditioning the brain cells,video,1983,Saanen,kft_pdf_youtube,primary,https://youtu.be/M9a2o6QbD5A,M9a2o6QbD5A,J. Krishnamurti - Saanen 1983 - Public Talk 5 - Unconditioning the brain cells,video,1.0
SA83T6,Religion and meditation,video,1983,Saanen,kft_pdf_youtube,primary,https://youtu.be/c7VV3rvWTno,c7VV3rvWTno,J. Krishnamurti - Saanen 1983 - Public Talk 6 - Religion and meditation,video,1.0
SA83Q1,1st Question & Answer Meeting,video,1983,Saanen,kft_pdf_youtube,primary,https://youtu.be/0pQeB-qxth0,0pQeB-qxth0,J. Krishnamurti - Saanen 1983 - Public Q&A 1,video,0.88
SA83Q2,2nd Question & Answer Meeting,video,1983,Saanen,kft_pdf_youtube,primary,https://youtu.be/a3LW3qZqyYA,a3LW3qZqyYA,J. Krishnamurti - Saanen 1983 - Public Q&A 2,video,0.88
SA83Q3,3rd Question & Answer Meeting,video,1983,Saanen,kft_pdf_youtube,primary,https://youtu.be/AiVENvpu-lM,AiVENvpu-lM,J. Krishnamurti - Saanen 1983 - Public Q&A 3,video,0.88
SA84T1,"If all time is now, what is action?",video,1984,Saanen,kft_pdf_youtube,primary,https://youtu.be/klVbTOc2eGY,klVbTOc2eGY,"J. Krishnamurti - Saanen 1984 - Public Talk 1 - If all time is now, what is action?",video,1.0
SA84T2,The relationship of health to freedom,video,1984,Saanen,kft_pdf_youtube,primary,https://youtu.be/AUDJw3thPLA,AUDJw3thPLA,J. Krishnamurti - Saanen 1984 - Public Talk 2 - The relationship of health to freedom,video,1.0
SA84T3,Thought and the divisive process,video,1984,Saanen,kft_pdf_youtube,primary,https://youtu.be/fG2BesVbtoc,fG2BesVbtoc,J. Krishnamurti - Saanen 1984 - Public Talk 3 - Thought and the divisive process,video,1.0
SA84T4,Ending disorder now,video,1984,Saanen,kft_pdf_youtube,primary,https://youtu.be/YZSvq-99q40,YZSvq-99q40,J. Krishnamurti - Saanen 1984 - Public Talk 4 - Ending disorder now,video,1.0
SA84T5,Why do we live with unresolved problems?,video,1984,Saanen,kft_pdf_youtube,primary,https://youtu.be/x2371vBVIAs,x2371vBVIAs,J. Krishnamurti - Saanen 1984 - Public Talk 5 - Why do we live with unresolved problems?,video,1.0
SA84T6,Living with death and life together,video,1984,Saanen,kft_pdf_youtube,primary,https://youtu.be/rTcsOGtf6aE,rTcsOGtf6aE,J. Krishnamurti - Saanen 1984 - Public Talk 6 - Living with death and life together,video,1.0
SA84Q1,1st Question & Answer Meeting,video,1984,Saanen,kft_pdf_youtube,primary,https://youtu.be/EYginXBqLCs,EYginXBqLCs,J. Krishnamurti – Saanen 1984 - Public Q&A 1,video,0.88
SA84Q2,2nd Question & Answer Meeting,video,1984,Saanen,kft_pdf_youtube,primary,https://youtu.be/KsvgdCzbGow,KsvgdCzbGow,J. Krishnamurti – Saanen 1984 - Public Q&A 2,video,0.88
SA84Q3,3rd Question & Answer Meeting,video,1984,Saanen,kft_pdf_youtube,primary,https://youtu.be/TQdrInIvd1Y,TQdrInIvd1Y,J. Krishnamurti – Saanen 1984 - Public Q&A 3,video,0.88
SA85T1,Why does man live in conflict?,video,1985,Saanen,kft_pdf_youtube,primary,https://youtu.be/-JFLsKsXqmk,-JFLsKsXqmk,J. Krishnamurti - Saanen 1985 - Public Talk 1 - Why does man live in conflict?,video,1.0
SA85T2,To be utterly free of disorder,video,1985,Saanen,kft_pdf_youtube,primary,https://youtu.be/bFgU9ylXOEw,bFgU9ylXOEw,J. Krishnamurti - Saanen 1985 - Public Talk 2 - To be utterly free of disorder,video,1.0
SA85T3,Seeing self-interest as the root of fear,video,1985,Saanen,kft_pdf_youtube,primary,https://youtu.be/CWDV_NOUNc8,CWDV_NOUNc8,J. Krishnamurti - Saanen 1985 - Public Talk 3 - Seeing self-interest as the root of fear,video,1.0
SA85T4,Beauty is the quiet of the self forgotten,video,1985,Saanen,kft_pdf_youtube,primary,https://youtu.be/MHHV1D6-oQ8,MHHV1D6-oQ8,J. Krishnamurti - Saanen 1985 - Public Talk 4 - Beauty is the quiet of the self forgotten,video,1.0
SA85T5,Silence as the ground of the eternal,video,1985,Saanen,kft_pdf_youtube,primary,https://youtu.be/LnjtOTBYOp4,LnjtOTBYOp4,J. Krishnamurti - Saanen 1985 - Public Talk 5 - Silence as the ground of the eternal,video,1.0
SA85Q1,1st Question & Answer Meeting,video,1985,Saanen,kft_pdf_youtube,primary,https://youtu.be/ImwupgkXAuM,ImwupgkXAuM,J. Krishnamurti - Saanen 1985 - Public Q&A 1,video,0.88
SA85Q2,2nd Question & Answer Meeting,video,1985,Saanen,kft_pdf_youtube,primary,https://youtu.be/L0LZQLhfsHU,L0LZQLhfsHU,J. Krishnamurti - Saanen 1985 - Public Q&A 2,video,0.88
SA85Q3,3rd Question & Answer Meeting,video,1985,Saanen,kft_pdf_youtube,primary,https://youtu.be/7ke5RrTemj4,7ke5RrTemj4,J. Krishnamurti - Saanen 1985 - Public Q&A 3,video,0.88
AM67T1,To look without a concept is to be aware of the observer and the thing observed,audio,1967,Amsterdam,kft_pdf_youtube,primary,https://youtu.be/QOLpZQ_uC5o,QOLpZQ_uC5o,Audio | J. Krishnamurti – Amsterdam 1967 – Public Talk 1 – To look without a concept is to be...,audio,1.0
AM67T2,Where there is pleasure there is the shadow of pain,audio,1967,Amsterdam,kft_pdf_youtube,primary,https://youtu.be/IPPfiZ9ccxA,IPPfiZ9ccxA,Audio | J. Krishnamurti – Amsterdam 1967 – Public Talk 2 – Where there is pleasure there is the...,audio,1.0
AM67T3,Is it possible to renew the mind?,audio,1967,Amsterdam,kft_pdf_youtube,primary,https://youtu.be/2HYjkXtoMSM,2HYjkXtoMSM,Audio | J. Krishnamurti – Amsterdam 1967 – Public Talk 3 – Is it possible to renew the mind?,audio,1.0
AM67T4,Can thought stop?,audio,1967,Amsterdam,kft_pdf_youtube,primary,https://youtu.be/hUr2YXLv8tc,hUr2YXLv8tc,Audio | J. Krishnamurti – Amsterdam 1967 – Public Talk 4 – Can thought stop?,audio,1.0
AM67T5,It is only a very silent mind that can actually see,audio,1967,Amsterdam,kft_pdf_youtube,primary,https://youtu.be/a7-nbtJDRoA,a7-nbtJDRoA,Audio | J. Krishnamurti – Amsterdam 1967 – Public Talk 5 – It is only a very silent mind that can...,audio,1.0
AM68T1,Can one establish a relationship with reality?,audio,1968,Amsterdam,kft_pdf_youtube,primary,https://youtu.be/oTZ-UDyETGA,oTZ-UDyETGA,Audio | J. Krishnamurti – Amsterdam 1968 – Public Talk 1 – Can one establish a relationship...,audio,1.0
AM68T2,Is it possible to end thought?,audio,1968,Amsterdam,kft_pdf_youtube,primary,https://youtu.be/dp6ciEyT4uQ,dp6ciEyT4uQ,Audio | J. Krishnamurti – Amsterdam 1968 – Public Talk 2 – Is it possible to end thought?,audio,1.0
AM68T3,In acting completely there is no fragmentation,audio,1968,Amsterdam,kft_pdf_youtube,primary,https://youtu.be/V_F-68DC6Oo,V_F-68DC6Oo,Audio | J. Krishnamurti – Amsterdam 1968 – Public Talk 3 – In acting completely there...,audio,1.0
AM68T4,This light in oneself,audio,1968,Amsterdam,kft_pdf_youtube,primary,https://youtu.be/bXpM8zS03uA,bXpM8zS03uA,Audio | J. Krishnamurti – Amsterdam 1968 – Public Talk 4 – This light in oneself,audio,1.0
AM68T5,The meaning of life,audio,1968,Amsterdam,kft_pdf_youtube,primary,https://youtu.be/85-C3YmMufQ,85-C3YmMufQ,Audio | J. Krishnamurti – Amsterdam 1968 – Public Talk 5 – The meaning of life,audio,1.0
PA69T1,Change and fear,audio,1969,Paris,kft_pdf_youtube,primary,https://youtu.be/dyCrTx3XGEI,dyCrTx3XGEI,Audio | J. Krishnamurti – Paris 1969 – Public Meeting 1 – Change and fear,audio,1.0
PA69T2,Uncovering the content of consciousness,audio,1969,Paris,kft_pdf_youtube,primary,https://youtu.be/ryLxSXedyms,ryLxSXedyms,Audio | J. Krishnamurti – Paris 1969 – Public Meeting 2 – Uncovering the content of consciousness,audio,1.0
PA69T3,"Fear, time and silence",audio,1969,Paris,kft_pdf_youtube,primary,https://youtu.be/IA_IAdVKoOs,IA_IAdVKoOs,"Audio | J. Krishnamurti – Paris 1969 – Public Meeting 3 – Fear, time and silence",audio,1.0
PA69T4,Can we live without division?,audio,1969,Paris,kft_pdf_youtube,primary,https://youtu.be/dJaagyJr9N8,dJaagyJr9N8,Audio | J. Krishnamurti – Paris 1969 – Public Meeting 4 – Can we live without division?,audio,1.0
PA69T5,A reality of a different dimension,audio,1969,Paris,kft_pdf_youtube,primary,https://youtu.be/ZnX9y6xkzSE,ZnX9y6xkzSE,Audio | J. Krishnamurti – Paris 1969 – Public Meeting 5 – A reality of a different dimension,audio,1.0
AM69T1,Why don’t we have the energy to change?,audio,1969,Amsterdam,kft_pdf_youtube,primary,https://youtu.be/6-OgfFVS4Y0,6-OgfFVS4Y0,Audio | J. Krishnamurti - Amsterdam 1969 - Public Talk 1 - Why don’t we have the energy to change?,audio,1.0
AM69T2,How is conditioning to be understood?,audio,1969,Amsterdam,kft_pdf_youtube,primary,https://youtu.be/279RfTu0gKY,279RfTu0gKY,Audio | J. Krishnamurti - Amsterdam 1969 - Public Talk 2 - How is conditioning to be understood?,audio,1.0
AM69T3,In the demand for freedom is fear,audio,1969,Amsterdam,kft_pdf_youtube,primary,https://youtu.be/BAe2tbkirFY,BAe2tbkirFY,Audio | J. Krishnamurti - Amsterdam 1969 - Public Talk 3 - In the demand for freedom is fear,audio,1.0
AM69T4,"Looking at life, loving and dying as one movement",audio,1969,Amsterdam,kft_pdf_youtube,primary,https://youtu.be/JaeWTw-rfWY,JaeWTw-rfWY,"Audio | J. Krishnamurti - Amsterdam 1969 - Public Talk 4 - Looking at life, loving and dying as...",audio,1.0
AM69T5,What is a religious life?,audio,1969,Amsterdam,kft_pdf_youtube,primary,https://youtu.be/Ij5UiOucCeI,Ij5UiOucCeI,Audio | J. Krishnamurti - Amsterdam 1969 - Public Talk 5 - What is a religious life?,audio,1.0
RO69T,What is one to do confronted with deterioration in the world?,audio,1969,Rome,kft_pdf_youtube,primary,https://youtu.be/1Y9MLbBGcXE,1Y9MLbBGcXE,Audio | J. Krishnamurti – Rome 1969 – Public Talk – What is one to do confronted with...,audio,1.0
FL70T,"Looking directly, free from analysis",audio,1970,Florence,kft_pdf_youtube,primary,https://youtu.be/1W3bOOwrYCM,1W3bOOwrYCM,"Audio | J. Krishnamurti - Florence 1970 - Public Talk - Looking directly, free from analysis",audio,1.0
SY70D1,Why don’t we see our conditioning?,audio,1970,Sydney,kft_pdf_youtube,primary,https://youtu.be/5uSLphcNmBI,5uSLphcNmBI,Audio | J. Krishnamurti - Sydney 1970 - Public Discussion 1 - Why don’t we see our conditioning?,audio,1.0
SY70D2,Learning about the movement of the self,audio,1970,Sydney,kft_pdf_youtube,primary,https://youtu.be/8ZWyr1480bk,8ZWyr1480bk,"Audio | J. Krishnamurti - Sydney 1970, Public Discussion 2 - Learning about the movement of the self",audio,1.0
SY70T1,"Psychological revolution is possible now, not in the future",audio,1970,Sydney,kft_pdf_youtube,primary,https://youtu.be/zFHDsxhoeGc,zFHDsxhoeGc,Audio | J. Krishnamurti - Sydney 1970 - Public Talk 1 - Psychological revolution is possible...,audio,1.0
SY70T2,"Dreams, conformity and fear",audio,1970,Sydney,kft_pdf_youtube,primary,https://youtu.be/stPfXZPcTVo,stPfXZPcTVo,"Audio | J. Krishnamurti - Sydney 1970 - Public Talk 2 - Dreams, conformity and fear",audio,1.0
SY70T3,"A mind inquiring into pleasure, fear and joy must find out what it is to love",audio,1970,Sydney,kft_pdf_youtube,primary,https://youtu.be/G_uBCtNbGvA,G_uBCtNbGvA,"Audio | J. Krishnamurti - Sydney 1970 - Public Talk 3 - A mind inquiring into pleasure, fear...",audio,1.0
SY70T4,"Habits and time, living and death",audio,1970,Sydney,kft_pdf_youtube,primary,https://youtu.be/6TePL_LPEZ8,6TePL_LPEZ8,"Audio | J. Krishnamurti - Sydney 1970 - Public Talk 4 - Habits and time, living and death",audio,1.0
SY70T5,"Religion, attention and meditation",audio,1970,Sydney,kft_pdf_youtube,primary,https://youtu.be/rGegAUPeMoU,rGegAUPeMoU,"Audio | J. Krishnamurti - Sydney 1970 - Public Talk 5 - Religion, attention and meditation",audio,1.0
AM71T1,Change without analysis,audio,1971,Amsterdam,kft_pdf_youtube,primary,https://youtu.be/3fe-ab6Clfw,3fe-ab6Clfw,Audio | J. Krishnamurti – Amsterdam 1971 – Public Talk 1 – Change without analysis,audio,1.0
AM71T2,Can one end sorrow?,audio,1971,Amsterdam,kft_pdf_youtube,primary,https://youtu.be/ClMewXWCi80,ClMewXWCi80,Audio | J. Krishnamurti – Amsterdam 1971 – Public Talk 2 – Can one end sorrow?,audio,1.0
AM71T3,I cannot assume anything about myself,audio,1971,Amsterdam,kft_pdf_youtube,primary,https://youtu.be/Z1oIo_qI9Tc,Z1oIo_qI9Tc,Audio | J. Krishnamurti – Amsterdam 1971 – Public Talk 3 – I cannot assume anything about myself,audio,1.0
AM71T4,What is the meaning of religion?,audio,1971,Amsterdam,kft_pdf_youtube,primary,https://youtu.be/DMb1gAPwgtQ,DMb1gAPwgtQ,Audio | J. Krishnamurti – Amsterdam 1971 – Public Talk 4 – What is the meaning of religion?,audio,1.0
RO71T,How is man to change?,audio,1971,Rome,kft_pdf_youtube,primary,https://youtu.be/Q6Pdp2bSznE,Q6Pdp2bSznE,Audio | J. Krishnamurti – Rome 1971 — Public Talk — How is man to change?,audio,1.0
RO72T,The action of insight and perception,audio,1972,Rome,kft_pdf_youtube,primary,https://youtu.be/AEZNjyb3HSg,AEZNjyb3HSg,Audio | J. Krishnamurti - Rome 1972 - Public Talk - The action of insight and perception,audio,1.0
RO73T,When the mind realises the observer is the observed there is a release of energy,audio,1973,Rome,kft_pdf_youtube,primary,https://youtu.be/Vi9CEGkXHFQ,Vi9CEGkXHFQ,Audio | J. Krishnamurti – Rome 1973 – Public Talk – When the mind realises the observer is...,audio,1.0
AM81T1,Thought and time are the root of fear,video,1981,Amsterdam,kft_pdf_youtube,primary,https://youtu.be/-Z6IYtIEV9w,-Z6IYtIEV9w,J. Krishnamurti - Amsterdam 1981 - Public Talk 1 - Thought and time are the root of fear,video,1.0
AM81T2,A religious mind is a very factual mind,video,1981,Amsterdam,kft_pdf_youtube,primary,https://youtu.be/zAhBZ72nANk,zAhBZ72nANk,J. Krishnamurti - Amsterdam 1981 - Public Talk 2 - A religious mind is a very factual mind,video,1.0
GS66DYP1,Is it possible to be free of fear?,audio,1966,Gstaad,kft_pdf_youtube,primary,https://youtu.be/OuQpx4zzmYI,OuQpx4zzmYI,Audio | J. Krishnamurti - Gstaad 1966 - Students Discussion 1 - Is it possible to be free of fear?,audio,1.0
GS66DYP2,Why don’t you see violence as danger?,audio,1966,Gstaad,kft_pdf_youtube,primary,https://youtu.be/kBuV6MqGYHo,kBuV6MqGYHo,"Audio | J. Krishnamurti, Gstaad 1966 - Students Discussion 2 - Why don’t you see violence as danger?",audio,1.0
GS66DYP3,Why don’t you stop when you are confused?,audio,1966,Gstaad,kft_pdf_youtube,primary,https://youtu.be/rT8KnEAy6RA,rT8KnEAy6RA,Audio | J. Krishnamurti - Gstaad 1966 - Students Discussion 3 - Why don’t you stop when you are...,audio,1.0
OJ66TYP1,Education is the cultivation of the total person,audio,1966,"Ojai, California",kft_pdf_youtube,primary,https://youtu.be/uyYYsw7xbVw,uyYYsw7xbVw,Audio | J. Krishnamurti - Ojai 1966 - Students Talk 1 - Education is the cultivation of the total...,audio,1.0
AM67DYP1,What does it mean to be totally free?,audio,1967,Amsterdam,kft_pdf_youtube,primary,https://youtu.be/6u4hB0bAecM,6u4hB0bAecM,Audio | J. Krishnamurti – Amsterdam 1967 – Students Discussion 1 – What does it mean to be...,audio,1.0
AM67DYP2,When one observes a fact without knowledge then one can learn,audio,1967,Amsterdam,kft_pdf_youtube,primary,https://youtu.be/CjmrmieJN6o,CjmrmieJN6o,Audio | J. Krishnamurti – Amsterdam 1967 – Students Discus. 2 – When one observes a fact without...,audio,1.0
AM67DYP3,Is there such thing as free will?,audio,1967,Amsterdam,kft_pdf_youtube,primary,https://youtu.be/8CNBuWSxbT8,8CNBuWSxbT8,Audio | J. Krishnamurti – Amsterdam 1967 – Students Discussion 3 – Is there such thing as free will?,audio,1.0
GS67DYP1,A state which is always moving,audio,1967,Gstaad,kft_pdf_youtube,primary,https://youtu.be/GiaFj3gk7ko,GiaFj3gk7ko,Audio | J. Krishnamurti – Saanen 1967 – Disc. with Young People 1 – A state which is always moving,audio,1.0
GS67DYP2,An action that is not a projection of the past,audio,1967,Gstaad,kft_pdf_youtube,primary,https://youtu.be/a0xoAKvFx6g,a0xoAKvFx6g,Audio | J. Krishnamurti – Saanen 1967 – Disc. with Young People 2 – An action that is not a...,audio,1.0
AM68DYP1,"When I say I must know myself, what is ‘myself’?",audio,1968,Amsterdam,kft_pdf_youtube,primary,https://youtu.be/LLzAx8zpFhg,LLzAx8zpFhg,Audio | J. Krishnamurti – Amsterdam 1968 – Students Discussion 1 – When I say I must know myself...,audio,1.0
AM68DYP2,To change without effort,audio,1968,Amsterdam,kft_pdf_youtube,primary,https://youtu.be/x-sJpDGTjQI,x-sJpDGTjQI,Audio | J. Krishnamurti – Amsterdam 1968 – Students Discussion 2 – To change without effort,audio,1.0
AM68DYP3,Thought operates in the present having its root in the past,audio,1968,Amsterdam,kft_pdf_youtube,primary,https://youtu.be/5B2astfwmUg,5B2astfwmUg,Audio | J. Krishnamurti – Amsterdam 1968 – Students Discus. 3 – Thought operates in the present...,audio,1.0
AM68DYP4,It is only in freedom that there can be love,audio,1968,Amsterdam,kft_pdf_youtube,primary,https://youtu.be/n_5z0OmiY5g,n_5z0OmiY5g,Audio | J. Krishnamurti – Amsterdam 1968 –Students Discussion 4 – It is only in freedom that...,audio,1.0
SA68DYP1,Why do I want to fulfil myself?,audio,1968,Saanen,kft_pdf_youtube,primary,https://youtu.be/JXL6eVE5nzA,JXL6eVE5nzA,Audio | J. Krishnamurti – Saanen 1968 – Disc. with Young People 1 – Why do I want to fulfil myself?,audio,1.0
SA68DYP2,When are we aware of the image-making process?,audio,1968,Saanen,kft_pdf_youtube,primary,https://youtu.be/RvtxZ_djuWg,RvtxZ_djuWg,Audio | J. Krishnamurti – Saanen 1968 – Disc. with Young People 2 – When are we aware of the...,audio,1.0
SA68DYP3,Non-fragmentary action in a fragmented world,audio,1968,Saanen,kft_pdf_youtube,primary,https://youtu.be/x9aYq3gh208,x9aYq3gh208,Audio | J. Krishnamurti – Saanen 1968 – Disc. with Young People 3 – Non-fragmentary action in a...,audio,1.0
SA68DYP4,Do we build images to protect ourselves?,audio,1968,Saanen,kft_pdf_youtube,primary,https://youtu.be/pmi_u9VNFDE,pmi_u9VNFDE,Audio | J. Krishnamurti – Saanen 1968 – Disc. with Young People 4 – Do we build images to protect...,audio,1.0
BN68TYP1,Psychological revolution without time,audio,1968,"Brandeis, Massachusetts",kft_pdf_youtube,primary,https://youtu.be/ETQMyw2l0Wc,ETQMyw2l0Wc,Audio | J. Krishnamurti - Brandeis University 1968 - Students Talk 1 - Psychological revolution...,audio,1.0
BN68DYP1,A mind caught in thought,audio,1968,"Brandeis, Massachusetts",kft_pdf_youtube,primary,https://youtu.be/RdSyxl7xjf4,RdSyxl7xjf4,Audio | J. Krishnamurti - Brandeis University 1968 - Students Discussion 1: A mind caught in thought,audio,1.0
BN68TYP2,Fear and awareness,audio,1968,"Brandeis, Massachusetts",kft_pdf_youtube,primary,https://youtu.be/lywlwOi82WE,lywlwOi82WE,Audio | J. Krishnamurti - Brandeis University 1968 - Students Talk 2 - Fear and awareness,audio,1.0
BN68DYP2,A life without fragmentation,audio,1968,"Brandeis, Massachusetts",kft_pdf_youtube,primary,https://youtu.be/aWRNURDAdyA,aWRNURDAdyA,Audio | J. Krishnamurti - Brandeis University 1968 - Students Disc. 2 - A life without fragmentation,audio,1.0
BN68TYP3,"Meditation, virtue, love and order",audio,1968,"Brandeis, Massachusetts",kft_pdf_youtube,primary,https://youtu.be/N8EEmL31Jr4,N8EEmL31Jr4,"Audio | J. Krishnamurti - Brandeis University 1968 - Students Talk 3 - Meditation, virtue, love...",audio,1.0
BN68S,A way of living that cannot be taught by another,audio,1968,"Brandeis, Massachusetts",kft_pdf_youtube,primary,https://youtu.be/40hoolW_uyk,40hoolW_uyk,Audio | J. Krishnamurti - Brandeis University 1968: A way of living that cannot be taught by another,audio,1.0
CL68TYP1,A radical transformation in the psyche itself,audio,1968,"Claremont, California",kft_pdf_youtube,primary,https://youtu.be/0hdrNsTgtjk,0hdrNsTgtjk,Audio | J. Krishnamurti – Claremont 1968 – Students Talk 1 – A radical transformation in the...,audio,1.0
CL68TYP2,Thought is the cause of fear,audio,1968,"Claremont, California",kft_pdf_youtube,primary,https://youtu.be/Fr_DEBYq7GI,Fr_DEBYq7GI,Audio | J. Krishnamurti – Claremont 1968 – Students Talk 2 – Thought is the cause of fear,audio,1.0
CL68DYP1,Freedom of choice is not freedom,audio,1968,"Claremont, California",kft_pdf_youtube,primary,https://youtu.be/a-hnc14mwKY,a-hnc14mwKY,Audio | J. Krishnamurti – Claremont 1968 – Students Discussion 1 – Freedom of choice is not freedom,audio,1.0
CL68DYP2,Learning is action,audio,1968,"Claremont, California",kft_pdf_youtube,primary,https://youtu.be/3Onr6lA1w4c,3Onr6lA1w4c,Audio | J. Krishnamurti – Claremont 1968 – Students Discussion 2 – Learning is action,audio,1.0
CL68DYP3,Is it possible to end the thousand yesterdays?,audio,1968,"Claremont, California",kft_pdf_youtube,primary,https://youtu.be/uz1HFwedEEE,uz1HFwedEEE,Audio | J. Krishnamurti – Claremont 1968 – Students Discussion 3 – Is it possible to end the...,audio,1.0
CL68DYP4,Can the mind be free of thought?,audio,1968,"Claremont, California",kft_pdf_youtube,primary,https://youtu.be/IWOwGFrxZUc,IWOwGFrxZUc,Audio | J. Krishnamurti – Claremont 1968 – Students Discussion 4 – Can the mind be free of thought?,audio,1.0
CL68DYP5,"The mind that is free of authority is a very intense, alive mind",audio,1968,"Claremont, California",kft_pdf_youtube,primary,https://youtu.be/udeBpLKNrDw,udeBpLKNrDw,Audio | J. Krishnamurti – Claremont 1968 – Students Discus. 5 – The mind that is free of...,audio,1.0
CL68TYP3,The benediction of meditation,audio,1968,"Claremont, California",kft_pdf_youtube,primary,https://youtu.be/uOKEklNPGy8,uOKEklNPGy8,Audio | J. Krishnamurti – Claremont 1968 – Students Talk 3 – The benediction of meditation,audio,1.0
ML6869DYP1,Is analysis the way for the mind to learn about itself?,audio,6869,"Malibu, California",kft_pdf_youtube,primary,https://youtu.be/oKYU5M9skSI,oKYU5M9skSI,Audio | J. Krishnamurti – Malibu 1968/69 – Students Discussion 1 – Is analysis the way for the...,audio,1.0
ML6869DYP2,How do I become aware of my conditioning?,audio,6869,"Malibu, California",kft_pdf_youtube,primary,https://youtu.be/oPjJIuOAruw,oPjJIuOAruw,Audio | J. Krishnamurti – Malibu 1968/69 – Students Discussion 2 – How do I become aware of my...,audio,1.0
ML6869DYP3,Thought creates fear of the pain of tomorrow,audio,6869,"Malibu, California",kft_pdf_youtube,primary,https://youtu.be/vQ7dD1OjUhQ,vQ7dD1OjUhQ,Audio | J. Krishnamurti – Malibu 1968/69 – Students Discussion 3 – Thought creates fear of the...,audio,1.0
ML6869DYP4,A brain overcrowded with memories becomes confused,audio,6869,"Malibu, California",kft_pdf_youtube,primary,https://youtu.be/ZM-_GomZmWc,ZM-_GomZmWc,Audio | J. Krishnamurti – Malibu 1968/69 – Students Discussion 4 – A brain overcrowded with...,audio,1.0
ML6869DYP5,"Can the mind be free of fear, pain and pleasure?",audio,6869,"Malibu, California",kft_pdf_youtube,primary,https://youtu.be/F93_IGkHV7w,F93_IGkHV7w,Audio | J. Krishnamurti – Malibu 1968/69 – Students Discussion 5 – Can the mind be free of fear...,audio,1.0
ML6869DYP6,"Can the mind look at violence as it arises, as though for the first time?",audio,6869,"Malibu, California",kft_pdf_youtube,primary,https://youtu.be/vKk3z3Xqwwo,vKk3z3Xqwwo,Audio | J. Krishnamurti – Malibu 1968/69 – Students Discussion 6 – Can the mind look at violence...,audio,1.0
ML6869DYP7,Is there a discipline without the act of will?,audio,6869,"Malibu, California",kft_pdf_youtube,primary,https://youtu.be/Q1RVJzXE0Yg,Q1RVJzXE0Yg,Audio | J. Krishnamurti – Malibu 1968/69 – Students Discussion 7 – Is there a discipline without...,audio,1.0
ML6869DYP8,What is the state of a mind that is necessary to learn?,audio,6869,"Malibu, California",kft_pdf_youtube,primary,https://youtu.be/kOIfEtu9etM,kOIfEtu9etM,Audio | J. Krishnamurti – Malibu 1968/69 – Students Discussion 8 – What is the state of a mind...,audio,1.0
ML6869DYP9,Loneliness and intelligence,audio,6869,"Malibu, California",kft_pdf_youtube,primary,https://youtu.be/b87VjtgSxuw,b87VjtgSxuw,Audio | J. Krishnamurti – Malibu 1968/69 – Students Discussion 9 – Loneliness and intelligence,audio,1.0
ML6869DYP10,What is the relationship between a free mind and an organized mind?,audio,6869,"Malibu, California",kft_pdf_youtube,primary,https://youtu.be/EqCDN99nwxE,EqCDN99nwxE,Audio | J. Krishnamurti – Malibu 1968/69 – Students Discus. 10 – What is the relationship between...,audio,1.0
ML6869DYP11,Living without assumption,audio,6869,"Malibu, California",kft_pdf_youtube,primary,https://youtu.be/YZyfftjSqBU,YZyfftjSqBU,Audio | J. Krishnamurti – Malibu 1968/69 – Students Discussion 11 – Living without assumption,audio,1.0
ML6869DYP12,What is the element that brings about a tremendous instant revolution?,audio,6869,"Malibu, California",kft_pdf_youtube,primary,https://youtu.be/DyxLGqrUw4M,DyxLGqrUw4M,Audio | J. Krishnamurti – Malibu 1968/69 – Students Discus. 12 – What is the element that brings...,audio,1.0
ML6869DYP13,How do we gather the energy needed to change?,audio,6869,"Malibu, California",kft_pdf_youtube,primary,https://youtu.be/KGcAQ-qbxzs,KGcAQ-qbxzs,Audio | J. Krishnamurti – Malibu 1968/69 – Students Discus. 13 – How do we gather the energy...,audio,1.0
ML6869DYP14,The possible and the impossible,audio,6869,"Malibu, California",kft_pdf_youtube,primary,https://youtu.be/SHckm0EqOWI,SHckm0EqOWI,Audio | J. Krishnamurti – Malibu 1968/69 – Students Discussion 14 – The possible and the impossible,audio,1.0
PA69DYP1,What is the state of the mind when the observer is not?,audio,1969,Paris,kft_pdf_youtube,primary,https://youtu.be/lXvTSFf9pZc,lXvTSFf9pZc,Audio | J. Krishnamurti – Paris 1969 – Students Discus. 1 – What is the state of the mind when...,audio,1.0
PA69DYP2,What am I to do in life?,audio,1969,Paris,kft_pdf_youtube,primary,https://youtu.be/ZkUCGthU4HI,ZkUCGthU4HI,Audio | J. Krishnamurti – Paris 1969 – Students Discus. 2 – What am I to do in life?,audio,1.0
PA69DYP3,Why are we confused?,audio,1969,Paris,kft_pdf_youtube,primary,https://youtu.be/GLSJxkEISLA,GLSJxkEISLA,Audio | J. Krishnamurti – Paris 1969 – Students Discus. 3 – Why are we confused?,audio,1.0
PA69DYP4,Looking at pleasure and pain,audio,1969,Paris,kft_pdf_youtube,primary,https://youtu.be/9XYB_Tv2sHM,9XYB_Tv2sHM,Audio | J. Krishnamurti – Paris 1969 – Students Discus. 4 – Looking at pleasure and pain,audio,1.0
AM69DYP1,Can I live harmoniously?,audio,1969,Amsterdam,kft_pdf_youtube,primary,https://youtu.be/tMdw_DuNjlw,tMdw_DuNjlw,Audio | J. Krishnamurti - Amsterdam 1969 - Students Discussion 1 - Can I live harmoniously?,audio,1.0
AM69DYP2,What am I to watch when all is me?,audio,1969,Amsterdam,kft_pdf_youtube,primary,https://youtu.be/9JT2EQSWyBM,9JT2EQSWyBM,Audio | J. Krishnamurti - Amsterdam 1969 - Students Discus. 2 - What am I to watch when all is me?,audio,1.0
AM69DYP3,Learning has nothing to do with criticism or experiencing,audio,1969,Amsterdam,kft_pdf_youtube,primary,https://youtu.be/NtAtvCi-biQ,NtAtvCi-biQ,Audio | J. Krishnamurti - Amsterdam 1969 - Students Discus. 3 - Learning has nothing to do with...,audio,1.0
AM69DYP4,Thought is a movement in fear and pleasure,audio,1969,Amsterdam,kft_pdf_youtube,primary,https://youtu.be/t7ZpGq4XEMw,t7ZpGq4XEMw,Audio | J. Krishnamurti - Amsterdam 1969 - Students Discussion 4 - Thought is a movement in fear...,audio,1.0
BR69DSG,The central cause of all conflict,audio,1969,Brockwood Park,kft_pdf_youtube,primary,https://youtu.be/XUN0AhKGAH0,XUN0AhKGAH0,Audio | J. Krishnamurti - Brockwood Park 1969 - Group Discussion - The central cause of all conflict,audio,1.0
SC69DYP1,Conflict and meditation,audio,1969,Schönried,kft_pdf_youtube,primary,https://youtu.be/lw_Be_qPCs8,lw_Be_qPCs8,Audio | J. Krishnamurti - Schönried 1969 - Students Discussion 1 - Conflict and meditation,audio,1.0
SC69DYP2,Conflict and conclusions,audio,1969,Schönried,kft_pdf_youtube,primary,https://youtu.be/zbQUkqufkUQ,zbQUkqufkUQ,Audio | J. Krishnamurti - Schönried 1969 - Students Discussion 2 - Conflict and conclusions,audio,1.0
SC69DYP3,"On religious life, change and fear",audio,1969,Schönried,kft_pdf_youtube,primary,https://youtu.be/OrRt_rE9xfI,OrRt_rE9xfI,"Audio | J. Krishnamurti, Schönried 1969 - Students Discussion 3 - On religious life, change and fear",audio,1.0
SD70DYP,How can the mind free itself of its accumulated violence?,audio,1970,"San Diego, California",kft_pdf_youtube,primary,https://youtu.be/MV0tuEXTA-A,MV0tuEXTA-A,Audio | J. Krishnamurti – San Diego 1970 – Students Discussion – How can the mind free itself of...,audio,1.0
ML70DYP,Relationship without the past interfering,audio,1970,"Malibu, California",kft_pdf_youtube,primary,https://youtu.be/YL6wrK1pE7Q,YL6wrK1pE7Q,"Audio | J. Krishnamurti - Malibu 1970 Students Discussion, Relationship without the past interfering",audio,1.0
SA70DYP1,What is your vocation?,audio,1970,Saanen,kft_pdf_youtube,primary,https://youtu.be/uP_vb9u7XUs,uP_vb9u7XUs,Audio | J. Krishnamurti – Saanen 1970 – Discussion with Young People  1 – What is your vocation?,audio,1.0
SA70DYP2,How do you know you are confused?,audio,1970,Saanen,kft_pdf_youtube,primary,https://youtu.be/Y9RggEIwmR4,Y9RggEIwmR4,Audio | J. Krishnamurti – Saanen 1970 – Disc. with Young People 2: How do you know you are confused?,audio,1.0
FL70TYP,What is totally harmonious action?,audio,1970,Florence,kft_pdf_youtube,primary,https://youtu.be/3ZsjJDmg2Ls,3ZsjJDmg2Ls,Audio | J. Krishnamurti - Florence 1970 - Students Talk - What is totally harmonious action?,audio,1.0
SD71DYP1,Can human beings radically bring about in themselves a psychological revolution?,video,1971,"San Diego, California",kft_pdf_youtube,primary,https://youtu.be/1BlHybQJvfg,1BlHybQJvfg,J. Krishnamurti - San Diego 1971 - Students Discussion 1 - Can human beings radically...,video,1.0
SD71DYP2,A possibility of change,video,1971,"San Diego, California",kft_pdf_youtube,primary,https://youtu.be/ZRa3v7uHK1k,ZRa3v7uHK1k,J. Krishnamurti - San Diego 1971 - Students Discussion 2 - A possibility of change,video,1.0
AM71DYP,What is the root of isolation?,audio,1971,Amsterdam,kft_pdf_youtube,primary,https://youtu.be/6yh9suwxQLU,6yh9suwxQLU,Audio | J. Krishnamurti – Amsterdam 1971 – Students Discussion – What is the root of isolation?,audio,1.0
OJ72DYP,Questioning everything,audio,1972,"Ojai, California",kft_pdf_youtube,primary,https://youtu.be/l0wc4qr1DfA,l0wc4qr1DfA,Audio | J. Krishnamurti – Ojai 1972 – Students Discussion – Questioning everything,audio,1.0
MA71DYP,Looking without conclusion,audio,1971,Madras (Chennai),kft_pdf_youtube,primary,https://youtu.be/hX5q0lTZpQ0,hX5q0lTZpQ0,Audio | J. Krishnamurti – Madras (Chennai) 1971 – Students Discussion – Looking without conclusion,audio,1.0
MA84DYP1,It is more important to understand violence than to become nonviolent,audio,1984,Madras (Chennai),kft_pdf_youtube,primary,https://youtu.be/02EPvVK5aAE,02EPvVK5aAE,Audio | J. Krishnamurti - Madras (Chennai) 1984 - Students Discussion 1 - It is more important...,audio,1.0
MA84DYP2,"What is the relationship between highly educated, specialised people and the rest of the world?",video,1984,Madras (Chennai),kft_pdf_youtube,primary,https://youtu.be/ZbANed9UGww,ZbANed9UGww,J. Krishnamurti - Brockwood Park 1979 - Discussion 1 - The relationship between teacher and student,video,1.0
BO84IIT,What place has knowledge in human relationship?,video,1984,Bombay (Mumbai),kft_pdf_youtube,primary,https://youtu.be/ErEzksNBE7M,ErEzksNBE7M,Audio | J. Krishnamurti - Brockwood Park 1973 - School Discussion 1 - What place has knowledge...,audio,1.0
MA85DYP,What causes war? A discussion with IIT students,audio,1985,Madras (Chennai),kft_pdf_youtube,primary,https://youtu.be/EpiNM3_oU8k,EpiNM3_oU8k,Audio |  Madras (Chennai) 1985 - What causes war? A discussion with IIT students,audio,1.0
GS62DSG1,A passion which has no motive,audio,1962,Gstaad,kft_pdf_youtube,primary,https://youtu.be/KDTDfCjKi-w,KDTDfCjKi-w,Audio | J. Krishnamurti – Gstaad 1962 – Group Discussion 1 – A passion which has no motive,audio,1.0
GS62DSG2,Imitation and negative thinking,audio,1962,Gstaad,kft_pdf_youtube,primary,https://youtu.be/IoviA2ieIOg,IoviA2ieIOg,Audio | J. Krishnamurti – Gstaad 1962 – Group Discussion 2 – Imitation and negative thinking,audio,1.0
GS62DSG3,Do we go to the end of anything?,audio,1962,Gstaad,kft_pdf_youtube,primary,https://youtu.be/KuPLnQZa33Q,KuPLnQZa33Q,Audio | J. Krishnamurti – Gstaad 1962 – Group Discussion 3 – Do we go to the end of anything?,audio,1.0
GS62DSG4,Authority and imitation,audio,1962,Gstaad,kft_pdf_youtube,primary,https://youtu.be/n-Yzn6mrvjY,n-Yzn6mrvjY,Audio | J. Krishnamurti – Gstaad 1962 – Group Discussion 4 – Authority and imitation,audio,1.0
GS62DSG5,Seeing authority as a poison,audio,1962,Gstaad,kft_pdf_youtube,primary,https://youtu.be/kcqH_rQzWQI,kcqH_rQzWQI,Audio | J. Krishnamurti – Gstaad 1962 – Group Discussion 5 – Seeing authority as a poison,audio,1.0
GS62DSG6,What is the state of the mind that discovers?,audio,1962,Gstaad,kft_pdf_youtube,primary,https://youtu.be/ZbKBr7R8OSc,ZbKBr7R8OSc,Audio | J. Krishnamurti – Gstaad 1962 – Group Discussion 6 – What is the state of the mind that...,audio,1.0
GS62DSG7,Fear is preventing us from looking,audio,1962,Gstaad,kft_pdf_youtube,primary,https://youtu.be/tL2Wa4iubMQ,tL2Wa4iubMQ,Audio | J. Krishnamurti – Gstaad 1962 – Group Discussion 7 – Fear is preventing us from looking,audio,1.0
GS62DSG8,Once discovery is deeply taking place there is nothing more to discover,audio,1962,Gstaad,kft_pdf_youtube,primary,https://youtu.be/-R_vynq2lEE,-R_vynq2lEE,Audio | J. Krishnamurti – Gstaad 1962 – Group Discussion 8 – Once discovery is deeply taking...,audio,1.0
GS64DSG1,Start at the very depth of things,audio,1964,Gstaad,kft_pdf_youtube,primary,https://youtu.be/YvGjhYW_34k,YvGjhYW_34k,"Audio | J. Krishnamurti – Gstaad 1964, Group Discussion 1 – Start at the very depth of things",audio,1.0
GS64DSG2,Action from the unknown,audio,1964,Gstaad,kft_pdf_youtube,primary,https://youtu.be/aAVk-8QUtCg,aAVk-8QUtCg,"Audio | J. Krishnamurti – Gstaad 1964, Group Discussion 2 – Action from the unknown",audio,1.0
GS64DSG3,An action beyond the bondage of time,audio,1964,Gstaad,kft_pdf_youtube,primary,https://youtu.be/9vo7xF_96Nc,9vo7xF_96Nc,"Audio | J. Krishnamurti – Gstaad 1964, Group Discussion 3 – An action beyond the bondage of time",audio,1.0
GS64DSG4,The mind that sees the whole,audio,1964,Gstaad,kft_pdf_youtube,primary,https://youtu.be/SVXzYXy4NZI,SVXzYXy4NZI,"Audio | J. Krishnamurti – Gstaad 1964, Group Discussion 4 – The mind that sees the whole",audio,1.0
GS64DSG5,Where there is accumulation there is fragmentation,audio,1964,Gstaad,kft_pdf_youtube,primary,https://youtu.be/d9SYU57Bg-4,d9SYU57Bg-4,"Audio | J. Krishnamurti – Gstaad 1964, Group Discussion 5 – Where there is accumulation...",audio,1.0
GS64DSG6,Is there action apart from animalistic action?,audio,1964,Gstaad,kft_pdf_youtube,primary,https://youtu.be/lu8wswOZsiU,lu8wswOZsiU,"Audio | J. Krishnamurti – Gstaad 1964, Group Discus. 6 – Is there action apart from...",audio,1.0
GS64DSG7,Learning is the act of intelligence,audio,1964,Gstaad,kft_pdf_youtube,primary,https://youtu.be/9nW1RXOSxHM,9nW1RXOSxHM,"Audio | J. Krishnamurti – Gstaad 1964, Group Discussion 7 – Learning is the act of intelligence",audio,1.0
GS64DSG8,Knowing without experiencing,audio,1964,Gstaad,kft_pdf_youtube,primary,https://youtu.be/zBcM9gZbDWA,zBcM9gZbDWA,"Audio | J. Krishnamurti – Gstaad 1964, Group Discussion 8 –  Knowing without experiencing",audio,1.0
GS65DSG1.1,Choice and its relationship to time,audio,1965,Gstaad,kft_pdf_youtube,primary,https://youtu.be/rIPZgzn2DEY,rIPZgzn2DEY,Audio | J. Krishnamurti – Gstaad 1965 – Small Group Discussion 1 – Choice and its relationship to...,audio,1.0
GS65DSG1.2,Is it possible for the mind to be free of the process of habit?,audio,1965,Gstaad,kft_pdf_youtube,primary,https://youtu.be/sdOsUPxj_5s,sdOsUPxj_5s,Audio | J. Krishnamurti – Gstaad 1965 – Small Group Discus. 2 – Is it possible for the mind to be...,audio,1.0
GS65DSG1.3,Going deeply into the unconscious,audio,1965,Gstaad,kft_pdf_youtube,primary,https://youtu.be/PScunm6Re1s,PScunm6Re1s,Audio | J. Krishnamurti – Gstaad 1965 – Small Group Discussion 3 – Going deeply into the unconscious,audio,1.0
GS65DSG2.1,Is thought detrimental?,audio,1965,Gstaad,kft_pdf_youtube,primary,https://youtu.be/0VJiDBfba9I,0VJiDBfba9I,Audio | J. Krishnamurti - Gstaad 1965 - Small Group Discussion 1 - Is thought detrimental?,audio,1.0
GS65DSG2.2,Am I aware of the process of thinking?,audio,1965,Gstaad,kft_pdf_youtube,primary,https://youtu.be/pNZpejZ2ja8,pNZpejZ2ja8,Audio | J. Krishnamurti - Gstaad 1965 - Group Discussion 2 - Am I aware of the process of thinking?,audio,1.0
GS65DSG2.3,What will make me see that thought breeds frustration?,audio,1965,Gstaad,kft_pdf_youtube,primary,https://youtu.be/Auv2F0av7_I,Auv2F0av7_I,Audio | J. Krishnamurti - Gstaad 1965 - Group Discussion 3 - What will make me see that thought...,audio,1.0
GS65DSG2.4,From where do attachment and detachment come?,audio,1965,Gstaad,kft_pdf_youtube,primary,https://youtu.be/8PReMCMxIOw,8PReMCMxIOw,Audio | J. Krishnamurti - Gstaad 1965 - Small Group Disc. 4 - From where do attachment and...,audio,1.0
GS65DSG2.5,A complete stillness,audio,1965,Gstaad,kft_pdf_youtube,primary,https://youtu.be/TI6izHyCPP8,TI6izHyCPP8,Audio | J. Krishnamurti - Gstaad 1965 - Small Group Discussion 5 - A complete stillness,audio,1.0
GS65DSG2.6,"When the mind is completely quiet, how can there be time?",audio,1965,Gstaad,kft_pdf_youtube,primary,https://youtu.be/skSh1FUXXZE,skSh1FUXXZE,Audio | J. Krishnamurti with David Bohm - Gstaad 1965 - Group Discussion 6 - When the mind is...,audio,1.0
LO67DSG1.1,Thought is the observer,audio,1967,London,kft_pdf_youtube,primary,https://youtu.be/UYp2KmTiw3I,UYp2KmTiw3I,Audio | J. Krishnamurti – London 1967 - Group Discussion 1.1 - Thought is the observer,audio,1.0
LO67DSG2.1,What is sacred?,audio,1967,London,kft_pdf_youtube,primary,https://youtu.be/4phUjR_b9jQ,4phUjR_b9jQ,Audio | J. Krishnamurti – London 1967 - Group Discussion 2.1 - What is sacred?,audio,1.0
LO67DSG2.2,Meditation and experience,audio,1967,London,kft_pdf_youtube,primary,https://youtu.be/wZbZr7nbEl4,wZbZr7nbEl4,Audio | J. Krishnamurti – London 1967 - Group Discussion 2.2 - Meditation and experience,audio,1.0
LO67DSG1.2,Can I look at myself without thought?,audio,1967,London,kft_pdf_youtube,primary,https://youtu.be/UjuSBpBd0NA,UjuSBpBd0NA,Audio | J. Krishnamurti – London 1967 - Group Discussion 1.2 - Can I look at myself without thought?,audio,1.0
LO67DSG1.3,"Images, change, the observer and the observed",audio,1967,London,kft_pdf_youtube,primary,https://youtu.be/dpNHuqOUV4M,dpNHuqOUV4M,"Audio | J. Krishnamurti – London 1967 - Group Disc. 1.3 - Images, change, the observer and the...",audio,1.0
LO67DSG3.1,How will you live a different kind of life?,audio,1967,London,kft_pdf_youtube,primary,https://youtu.be/EPfQ_ProMnQ,EPfQ_ProMnQ,"Audio | J. Krishnamurti – London 1967, Group Disc. 3.1, How will you live a different kind of life?",audio,1.0
LO67DSG3.2,What are we educated for?,audio,1967,London,kft_pdf_youtube,primary,https://youtu.be/BBpuKT_J6N8,BBpuKT_J6N8,"Audio | J. Krishnamurti – London 1967, Group Discussion 3.2, What are we educated for?",audio,1.0
ML70DSG1,Living with a sustained seriousness,audio,1970,"Malibu, California",kft_pdf_youtube,primary,https://youtu.be/sb-4dGYuF0g,sb-4dGYuF0g,Audio | J. Krishnamurti – Malibu 1970 – Small Group Discussion 1 – Living with a sustained...,audio,1.0
ML70DSG2,Can the brain operate without recourse to the past?,audio,1970,"Malibu, California",kft_pdf_youtube,primary,https://youtu.be/5Lt0eYdiPtc,5Lt0eYdiPtc,Audio | J. Krishnamurti – Malibu 1970 – Small Group Discussion 2 – Can the brain operate...,audio,1.0
OJ70DSG1,Change and comparison,audio,1970,"Ojai, California",kft_pdf_youtube,primary,https://youtu.be/hq0_PrI3ySE,hq0_PrI3ySE,Audio | J. Krishnamurti - Ojai 1970 - Small Group Discussion 1 - Change and comparison,audio,1.0
ML70DSG3,What makes one control?,video,1970,"Malibu, California",kft_pdf_youtube,primary,https://youtu.be/zvXYMZKzekE,zvXYMZKzekE,J. Krishnamurti - Malibu 1970 - Small Group Discussion 3 - What makes one control?,video,1.0
ML70DSG4,Being serious without belief,video,1970,"Malibu, California",kft_pdf_youtube,primary,https://youtu.be/EZuBemwP3bI,EZuBemwP3bI,J. Krishnamurti - Malibu 1970 - Small Group Discussion 4 - Being serious without belief,video,1.0
OJ70DSG2,Can one free the mind of all images?,audio,1970,"Ojai, California",kft_pdf_youtube,primary,https://youtu.be/UvQSd4dcfs4,UvQSd4dcfs4,Audio | J. Krishnamurti - Ojai 1970 - Small Group Discussion 2: Can one free the mind of all images?,audio,1.0
ML70DSG5,Attention leads to learning,video,1970,"Malibu, California",kft_pdf_youtube,primary,https://youtu.be/RbreoBZxpNc,RbreoBZxpNc,J. Krishnamurti - Malibu 1970 - Small Group Discussion 5 - Attention leads to learning,video,1.0
ML70DSG6,Fear in consciousness,video,1970,"Malibu, California",kft_pdf_youtube,primary,https://youtu.be/NTgFYwuNHyU,NTgFYwuNHyU,J. Krishnamurti - Malibu 1970 - Small Group Discussion 6 - Fear in consciousness,video,1.0
OJ70DSG3,"Energy, disorder, action, meditation",audio,1970,"Ojai, California",kft_pdf_youtube,primary,https://youtu.be/1EURGBUzJRM,1EURGBUzJRM,"Audio | J. Krishnamurti - Ojai 1970 - Small Group Discussion 3: Energy, disorder, action, meditation",audio,1.0
ML70DSG7,What is order?,video,1970,"Malibu, California",kft_pdf_youtube,primary,https://youtu.be/rPWePImZdXE,rPWePImZdXE,J. Krishnamurti - Malibu 1970 - Small Group Discussion 7 - What is order?,video,1.0
ML70DSG8,How is one to be entirely free of fear?,video,1970,"Malibu, California",kft_pdf_youtube,primary,https://youtu.be/Nv-o-jJRdgw,Nv-o-jJRdgw,J. Krishnamurti - Malibu 1970 - Small Group Discussion 8 - How is one to be entirely free from fear?,video,1.0
SY70DSG1,What does it mean to look at something as a whole?,audio,1970,Sydney,kft_pdf_youtube,primary,https://youtu.be/UGlyOvmKiHU,UGlyOvmKiHU,Audio | J. Krishnamurti – Sydney 1970 – Group Discus. 1 – What does it mean to look at something...,audio,1.0
SY70DSG2,Comparison and conformity,audio,1970,Sydney,kft_pdf_youtube,primary,https://youtu.be/rW7p9SWJ3to,rW7p9SWJ3to,Audio | J. Krishnamurti – Sydney 1970 – Group Discussion 2 – Comparison and conformity,audio,1.0
OJ72DSG1,Conflict and choice,audio,1972,"Ojai, California",kft_pdf_youtube,primary,https://youtu.be/xbjWYUybhKQ,xbjWYUybhKQ,Audio | J. Krishnamurti – Ojai 1972 – Group Discussion 1 – Conflict and choice,audio,1.0
OJ72DSG2,A life without measurement,audio,1972,"Ojai, California",kft_pdf_youtube,primary,https://youtu.be/cfhDA8SZNg0,cfhDA8SZNg0,Audio | J. Krishnamurti – Ojai 1972 – Group Discussion 2 – A life without measurement,audio,1.0
OJ72DSG3,Direct perception,audio,1972,"Ojai, California",kft_pdf_youtube,primary,https://youtu.be/tsbY_zLK22Q,tsbY_zLK22Q,Audio | J. Krishnamurti – Ojai 1972 – Group Discussion 3 – Direct perception,audio,1.0
OJ72DSG4,Can thought bring about a change in our daily life?,audio,1972,"Ojai, California",kft_pdf_youtube,primary,https://youtu.be/3ifGH3Z34AY,3ifGH3Z34AY,Audio | J. Krishnamurti – Ojai 1972 – Group Discus. 4 – Can thought bring about a change in our...,audio,1.0
RO72DSG1,Can I live a life which is totally harmonious?,audio,1972,Rome,kft_pdf_youtube,primary,https://youtu.be/iMQRGa4iPqQ,iMQRGa4iPqQ,Audio | J. Krishnamurti – Rome 1972 – Group Discussion 1 – Can I live a life which is totally...,audio,1.0
RO72DSG2,The world is on fire,audio,1972,Rome,kft_pdf_youtube,primary,https://youtu.be/HsplW0zkOWM,HsplW0zkOWM,Audio | J. Krishnamurti – Rome 1972 – Group Discussion 2 – The world is on fire,audio,1.0
RO72DSG3,Is there anything new at all?,audio,1972,Rome,kft_pdf_youtube,primary,https://youtu.be/rFi4rxizekQ,rFi4rxizekQ,Audio | J. Krishnamurti – Rome 1972 – Group Discussion 3 – Is there anything new at all?,audio,1.0
BR73DSG1,We can only learn about ourselves in the mirror of relationship,audio,1973,Brockwood Park,kft_pdf_youtube,primary,https://youtu.be/Rju186_mE20,Rju186_mE20,"Audio | J. Krishnamurti, Bohm & Others - Brockwood 1973, Discus. 1: We can only learn about...",audio,1.0
BR73DSG2,The brain trying to find security creates the image,audio,1973,Brockwood Park,kft_pdf_youtube,primary,https://youtu.be/I9gb0uFEafo,I9gb0uFEafo,"Audio | J. Krishnamurti, Bohm & Others - Brockwood 1973, Discus. 2: The brain trying to find...",audio,1.0
BR73DSG3,"Duality, envy and sorrow",audio,1973,Brockwood Park,kft_pdf_youtube,primary,https://youtu.be/cttvFVnAoUE,cttvFVnAoUE,"Audio | J. Krishnamurti, Bohm & Others - Brockwood 1973, Discus. 3: Duality, envy and sorrow",audio,1.0
BR73DSG4,"Meditation, control, belief and not knowing",audio,1973,Brockwood Park,kft_pdf_youtube,primary,https://youtu.be/H4zQY65XrGQ,H4zQY65XrGQ,"Audio | J. Krishnamurti, Bohm & Others - Brockwood 1973, Discus. 4: Meditation, control, belief...",audio,1.0
RO73DSG1,The division between the observer and the observed,audio,1973,Rome,kft_pdf_youtube,primary,https://youtu.be/23ldkQDtfvY,23ldkQDtfvY,Audio | J. Krishnamurti – Rome 1973 – Group Disc. 1 – The division between...,audio,1.0
RO73DSG2,Ending the chattering of the mind,audio,1973,Rome,kft_pdf_youtube,primary,https://youtu.be/7sL6JkVGmXc,7sL6JkVGmXc,Audio | J. Krishnamurti – Rome 1973 – Group Disc. 2 – Ending the chattering of the mind,audio,1.0
BR76CTM1,Are we aware that we are fragmented?,video,1976,Brockwood Park,kft_pdf_youtube,primary,https://youtu.be/Dvtxu1QJHeQ,Dvtxu1QJHeQ,J. Krishnamurti - Brockwood Park 1976 - The Transformation of Man - 1 - Are we aware that we are...,video,1.0
BR76CTM2,A mechanical way of living leads to disorder,video,1976,Brockwood Park,kft_pdf_youtube,primary,https://youtu.be/ypM8EVALvEo,ypM8EVALvEo,J. Krishnamurti - Brockwood Park 1976 - The Transformation of Man - 2 -  A mechanical way of...,video,1.0
BR76CTM3,Can I completely change at the very root?,video,1976,Brockwood Park,kft_pdf_youtube,primary,https://youtu.be/UT1gtGPBsWQ,UT1gtGPBsWQ,J. Krishnamurti - Brockwood Park 1976 - The Transformation of Man - 3 - Can I completely change...,video,1.0
BR76CTM4,In aloneness you can be completely secure,video,1976,Brockwood Park,kft_pdf_youtube,primary,https://youtu.be/EDNameIJ1uY,EDNameIJ1uY,J. Krishnamurti - Brockwood Park 1976 - The Transformation of Man - 4 -  In aloneness you can be...,video,1.0
BR76CTM5,Your image of yourself prevents relationship with others,video,1976,Brockwood Park,kft_pdf_youtube,primary,https://youtu.be/z3VmciTsopE,z3VmciTsopE,J. Krishnamurti - Brockwood Park 1976 - The Transformation of Man - 5 - Your image of yourself...,video,1.0
BR76CTM6,Any form of image prevents the beauty of relationship,video,1976,Brockwood Park,kft_pdf_youtube,primary,https://youtu.be/iDxzB_oDPnw,iDxzB_oDPnw,J. Krishnamurti - Brockwood Park 1976 - The Transformation of Man - 6 - Any form of image...,video,1.0
BR76CTM7,Life is sacred,video,1976,Brockwood Park,kft_pdf_youtube,primary,https://youtu.be/V9hCYaCOGpk,V9hCYaCOGpk,J. Krishnamurti - Brockwood Park 1976 - The Transformation of Man - 7 - Life is sacred,video,1.0
BR76CTM0,Introduction to 'The transformation of man' series,video,1976,Brockwood Park,kft_pdf_youtube,primary,https://youtu.be/UzQF09RhlaU,UzQF09RhlaU,J. Krishnamurti - Brockwood Park 1976 - Discussions with D. Bohm and D. Shainberg - Introduction,video,1.0
BR77DSG,What is preventing change?,audio,1977,Brockwood Park,kft_pdf_youtube,primary,https://youtu.be/OaN1e4XMQAI,OaN1e4XMQAI,Audio | J. Krishnamurti & David Bohm - Brockwood Park 1977 - Group Disc. - What is preventing...,audio,1.0
BR7879CBS1,Are you not saying what the Buddha said?,video,7879,Brockwood Park,kft_pdf_youtube,primary,https://youtu.be/tdyNVFXyKF8,tdyNVFXyKF8,J. Krishnamurti - Brockwood Park 1978 - Discussion 1 with Buddhist Scholars - Are you not saying...,video,1.0
BR7879CBS2,Is there a state of mind without the self?,video,7879,Brockwood Park,kft_pdf_youtube,primary,https://youtu.be/Juv-7MY5-lQ,Juv-7MY5-lQ,J. Krishnamurti - Brockwood Park 1978 - Discussion 2 with Buddhist Scholars - Is there a state of...,video,1.0
BR7879CBS3,Does free will exist?,video,7879,Brockwood Park,kft_pdf_youtube,primary,https://youtu.be/hLeQBHlWmfE,hLeQBHlWmfE,J. Krishnamurti - Brockwood Park 1978 - Discussion 3 with Buddhist Scholars - Does free will exist?,video,1.0
OJ79DSG,Can conditioning be totally dissolved?,audio,1979,"Ojai, California",kft_pdf_youtube,primary,https://youtu.be/lPtLNLWNXsQ,lPtLNLWNXsQ,Audio | J. Krishnamurti - Ojai 1979 - Small Group Discussion: Can conditioning be totally dissolved?,audio,1.0
BR7879CBS4,What is truth?,video,7879,Brockwood Park,kft_pdf_youtube,primary,https://youtu.be/smX2UtdJFq8,smX2UtdJFq8,Audio | J. Krishnamurti & David Bohm - Brockwood Park 1975 - 1: What is truth and what is reality?,audio,1.0
BR7879CBS5,Is there life after death?,video,7879,Brockwood Park,kft_pdf_youtube,primary,https://youtu.be/np57tASzQyc,np57tASzQyc,J. Krishnamurti - Brockwood Park 1979 - Discussion 5 with Buddhist Scholars - Is there life after...,video,1.0
BR80DSG1.0,Stepping out of the stream of consciousness,audio,1980,Brockwood Park,kft_pdf_youtube,primary,https://youtu.be/pujQENDkDgU,pujQENDkDgU,Audio | J. Krishnamurti with David Bohm - 1980 - Stepping out of the stream of consciousness,audio,1.0
BR80DCO1,Why haven't we changed?,video,1980,Brockwood Park,kft_pdf_youtube,primary,https://youtu.be/aZtRftMIuGo,aZtRftMIuGo,J. Krishnamurti - Brockwood Park 1980 - Committees Discussion 1 - Why haven't we changed?,video,1.0
BR80DCO2,Are you aware that your mind is functioning in a groove?,video,1980,Brockwood Park,kft_pdf_youtube,primary,https://youtu.be/JYyXbmEGL-A,JYyXbmEGL-A,J. Krishnamurti - Brockwood Park 1980 - Committees Discussion 2 - Are you aware that your mind...,video,1.0
OJ81DSG,"Computers, thought and insight",audio,1981,"Ojai, California",kft_pdf_youtube,primary,https://youtu.be/lAc2-W1qSa8,lAc2-W1qSa8,"Audio | J. Krishnamurti, David Bohm – Ojai 1981 – Group Discussion – Computers, thought and insight",audio,1.0
OJ82CNM1,The roots of psychological disorder,video,1982,"Ojai, California",kft_pdf_youtube,primary,https://youtu.be/AoMS5b2MLRc,AoMS5b2MLRc,J. Krishnamurti - Ojai 1982 - Discussion with Scientists 1 - Roots of psychological disorder,video,1.0
OJ82CNM2,Psychological suffering,video,1982,"Ojai, California",kft_pdf_youtube,primary,https://youtu.be/3GLwXLr_Q8E,3GLwXLr_Q8E,J. Krishnamurti - Ojai 1982 - Discussion with Scientists 2 - Psychological suffering,video,1.0
OJ82CNM3,The need for security,video,1982,"Ojai, California",kft_pdf_youtube,primary,https://youtu.be/VJs3Qr7CQsU,VJs3Qr7CQsU,J. Krishnamurti - Ojai 1982 - Discussion with Scientists 3 - The need for security,video,1.0
OJ82CNM4,What is a healthy mind?,video,1982,"Ojai, California",kft_pdf_youtube,primary,https://youtu.be/OYp707Fofb8,OYp707Fofb8,J. Krishnamurti - Ojai 1982 - Discussion with Scientists 4 - What is a healthy mind?,video,1.0
NY84DSG,"What blocks us, and what is the ultimate fear?",audio,1984,New York,kft_pdf_youtube,primary,https://youtu.be/DE2BseEhrog,DE2BseEhrog,"Audio | J. Krishnamurti - New York 1984 - Small Group Discussion - What blocks us, and what is...",audio,1.0
BR85DSG1.1,Why don’t you listen?,video,1985,Brockwood Park,kft_pdf_youtube,primary,https://youtu.be/IRDcsAbKqc8,IRDcsAbKqc8,J. Krishnamurti - Brockwood Park 1985 - Small Group Discussion 1 - Why don’t you listen?,video,1.0
BR85DSG1.2,Will Brockwood be a place where people come to listen to something very deep?,video,1985,Brockwood Park,kft_pdf_youtube,primary,https://youtu.be/b1OCTnNeX-k,b1OCTnNeX-k,J. Krishnamurti - Brockwood Park 1985 - Small Group Discussion 2 - Will Brockwood be...,video,1.0
ND69DSG,Inquiring into the unconscious,audio,1969,New Delhi,kft_pdf_youtube,primary,https://youtu.be/bOB_T2vT_Ec,bOB_T2vT_Ec,Audio | J. Krishnamurti - New Delhi 1969 - Small Group Discussion - Inquiring into the unconscious,audio,1.0
BA71DSG,Can the past be wiped away through effort?,audio,1971,Bangalore,kft_pdf_youtube,primary,https://youtu.be/wCaEAFVqpAM,wCaEAFVqpAM,Audio | J. Krishnamurti - Bangalore 1971 - Discussion - Can the past be wiped away through effort?,audio,1.0
MA72DSG1,There is no individuality in the stream of consciousness,audio,1972,Madras (Chennai),kft_pdf_youtube,primary,https://youtu.be/Egg4MWTQC0M,Egg4MWTQC0M,Audio | J. Krishnamurti - Madras (Chennai) 1972 - Small Group Discussion 1 - There is no...,audio,1.0
MA72DSG2,Is there a division between the mind and heart?,audio,1972,Madras (Chennai),kft_pdf_youtube,primary,https://youtu.be/aTY_GdMez-4,aTY_GdMez-4,Audio | J. Krishnamurti - Madras (Chennai) 1972 - Small Group Discussion 2 - Is there a...,audio,1.0
RV72DSG,"Dreams, order and space",audio,1972,Rishi Valley,kft_pdf_youtube,primary,https://youtu.be/h6t8xHQABp0,h6t8xHQABp0,"Audio | J. Krishnamurti - Rishi Valley 1972 – Small Group Discussion – Dreams, order and space",audio,1.0
BA73DSG1,What is the function of thought in life?,audio,1973,Bangalore,kft_pdf_youtube,primary,https://youtu.be/IHB90MX_fhQ,IHB90MX_fhQ,Audio | J. Krishnamurti - Bangalore 1973 - Discussion 1 - What is the function of thought in life?,audio,1.0
BA73DSG2,"Where there is division, there must be conflict",audio,1973,Bangalore,kft_pdf_youtube,primary,https://youtu.be/1HpHTFQLYvU,1HpHTFQLYvU,"Audio | J. Krishnamurti - Bangalore 1973 - Disc. 2 - Where there is division, there must be conflict",audio,1.0
MA73DSG1,In awareness there is no direction,audio,1973,Madras (Chennai),kft_pdf_youtube,primary,https://youtu.be/xsDcqY3z5Tw,xsDcqY3z5Tw,"Audio | J. Krishnamurti, Madras 1973 - Small Group Discussion 1 - In awareness there is no direction",audio,1.0
MA73DSG2,The difference between the brain and the mind,audio,1973,Madras (Chennai),kft_pdf_youtube,primary,https://youtu.be/P76bwFTXwEE,P76bwFTXwEE,Audio | J. Krishnamurti - Madras 1973 - Small Group Discussion 2 - The difference between...,audio,1.0
BA75DSG,Education and the transformation of consciousness,audio,1975,Bangalore,kft_pdf_youtube,primary,https://youtu.be/id12GjD09oI,id12GjD09oI,Audio | J. Krishnamurti - Bangalore 1975 - Discussion - Education and the transformation of...,audio,1.0
BO77DSG1.1,What is the root cause of fragmentation?,audio,1977,Bombay (Mumbai),kft_pdf_youtube,primary,https://youtu.be/K6Bcz7GnCXU,K6Bcz7GnCXU,Audio | J. Krishnamurti - Bombay (Mumbai) 1977 - Small Group Discussion 1 -  What is the root...,audio,1.0
BO77DSG1.2,The self and the vast stream of sorrow,audio,1977,Bombay (Mumbai),kft_pdf_youtube,primary,https://youtu.be/NssPPpUt4Cg,NssPPpUt4Cg,Audio | J. Krishnamurti - Bombay (Mumbai) 1977 - Small Group Discussion 2 - The self and the vast...,audio,1.0
BO77DSG1.3,Self-knowing and Krishnamurti’s teachings,audio,1977,Bombay (Mumbai),kft_pdf_youtube,primary,https://youtu.be/Ce7dWkOx0fw,Ce7dWkOx0fw,Audio | J. Krishnamurti - Bombay (Mumbai) 1977 - Small Group Discussion 3 - Self-knowing and...,audio,1.0
BO77DSG1.4,The holistic life and society,audio,1977,Bombay (Mumbai),kft_pdf_youtube,primary,https://youtu.be/SlQYDYOqy6M,SlQYDYOqy6M,Audio | J. Krishnamurti - Bombay (Mumbai) 1977 - Small Group Discus. 4 - The holistic life and...,audio,1.0
BO77DSG1.5,Self-centred activity and kundalini,audio,1977,Bombay (Mumbai),,,,,,,
RV78DSG,The mind of Krishnamurti,audio,1978,Rishi Valley,kft_pdf_youtube,primary,https://youtu.be/dO8T4yUa_VQ,dO8T4yUa_VQ,Audio | J. Krishnamurti – Rishi Valley 1978 – Small Group Discussion – The mind of Krishnamurti,audio,1.0
MA79DSG1.1,What is the nature of the religious life?,video,1979,Madras (Chennai),kft_pdf_youtube,primary,https://youtu.be/8r3Qqbc44NU,8r3Qqbc44NU,J. Krishnamurti - Madras 1979 - Small Group Discussion 1 - What is the nature of the religious life?,video,1.0
MA79DSG1.2,What is a religious mind?,video,1979,Madras (Chennai),kft_pdf_youtube,primary,https://youtu.be/J-7jw9vtWdc,J-7jw9vtWdc,J. Krishnamurti - Madras 1979 - Small Group Discussion 2 - What is a religious mind?,video,1.0
MA79DSG1.3,What is a holistic perception?,video,1979,Madras (Chennai),kft_pdf_youtube,primary,https://youtu.be/NvZ7Dg8woR8,NvZ7Dg8woR8,J. Krishnamurti - Madras 1979 - Small Group Discussion 3 - What is a holistic perception?,video,1.0
ND81DTV,About God,video,1981,"New Delhi, India",kft_pdf_youtube,primary,https://youtu.be/YfwhVh3G-vc,YfwhVh3G-vc,J. Krishnamurti - New Delhi 1981 - Conversation with P. Jayakar and A. Patwardhan,video,0.88
MA82DSG,Is it possible for the brain to act totally?,video,1982,Madras (Chennai),kft_pdf_youtube,primary,https://youtu.be/Jj1b2Spzr94,Jj1b2Spzr94,J. Krishnamurti - Madras 1982 - Group Discussion - Is it possible for the brain to act totally?,video,1.0
RV82CPA,Reading the book of mankind,video,1982,Rishi Valley,kft_pdf_youtube,primary,https://youtu.be/SqPzNRShhAE,SqPzNRShhAE,J. Krishnamurti - Rishi Valley 1982 - Small Group Discussion - Reading the book of mankind,video,1.0
MA84DSG1.1,Living is a constant movement,video,1984,Madras (Chennai),kft_pdf_youtube,primary,https://youtu.be/juWdObfkAqc,juWdObfkAqc,J. Krishnamurti - Madras 1984 - Small Group Discussion 1 - Living is a constant movement,video,1.0
MA84DSG1.2,Understanding death,video,1984,Madras (Chennai),kft_pdf_youtube,primary,https://youtu.be/3MqLSU_gI9I,3MqLSU_gI9I,J. Krishnamurti - Madras 1984 - Small Group Discussion 2 - Understanding death,video,1.0
MA84DSG1.0,Ideas have divided people,video,1984,Madras (Chennai),kft_pdf_youtube,primary,https://youtu.be/ZEoro_ArgPg,ZEoro_ArgPg,J. Krishnamurti - Madras (Chennai) 1984 - Small Group Discussion - Ideas have divided people,video,1.0
MA84DSG3.0,Knowledge is the enemy of love,audio,1984,Madras (Chennai),kft_pdf_youtube,primary,https://youtu.be/06Fg2uge-xQ,06Fg2uge-xQ,Audio | Madras (Chennai) 1984 - Small Group Discussion - Knowledge is the enemy of love,audio,1.0
RV84DSG1.1,Have you ever looked with all your senses?,audio,1984,Rishi Valley,kft_pdf_youtube,primary,https://youtu.be/zTSDkkwuPV0,zTSDkkwuPV0,Audio | J. Krishnamurti – Rishi Valley 1984 – Group Discussion 1 – Have you ever looked with all...,audio,1.0
RV84DSG1.2,Why have I not radically changed?,video,1984,Rishi Valley,kft_pdf_youtube,primary,https://youtu.be/u64zCv4yXic,u64zCv4yXic,J. Krishnamurti - Rishi Valley 1984 - Small Group Discussion 2 - Why have I not radically changed?,video,1.0
SD72CA1,Listening is a great miracle,video,1972,"San Diego, California",kft_pdf_youtube,primary,https://youtu.be/Vgu8-31SJiw,Vgu8-31SJiw,J. Krishnamurti - San Diego 1972 - Conversation 1 - Listening is a great miracle,video,1.0
SD72CA2,What is the point of education?,video,1972,"San Diego, California",kft_pdf_youtube,primary,https://youtu.be/-zRqzcvJxAU,-zRqzcvJxAU,J. Krishnamurti - San Diego 1972 - Conversation 2 - What Is The Point of Education?,video,1.0
SD74CA1,Knowledge and the transformation of man,video,1974,"San Diego, California",kft_pdf_youtube,primary,https://youtu.be/ux-1aRB8Res,ux-1aRB8Res,J. Krishnamurti - San Diego 1974 - Conversation 1 - Knowledge and the transformation of man,video,1.0
SD74CA2,Knowledge and conflict in human relationships,video,1974,"San Diego, California",kft_pdf_youtube,primary,https://youtu.be/xvVL3tT5hZM,xvVL3tT5hZM,J. Krishnamurti - San Diego 1974 - Conversation 2 - Knowledge and conflict in human relationships,video,1.0
SD74CA3,What is communication with others?,video,1974,"San Diego, California",kft_pdf_youtube,primary,https://youtu.be/pmDUDo_YFoU,pmDUDo_YFoU,J. Krishnamurti - San Diego 1974 - Conversation 3 - What is communication with others?,video,1.0
SD74CA4,What is a responsible human being?,video,1974,"San Diego, California",kft_pdf_youtube,primary,https://youtu.be/bUuvpNuX4rM,bUuvpNuX4rM,J. Krishnamurti - San Diego 1974 - Conversation 4 - What is a responsible human being?,video,1.0
SD74CA5,Order comes from the understanding of our disorder,video,1974,"San Diego, California",kft_pdf_youtube,primary,https://youtu.be/z46n67DiiLg,z46n67DiiLg,J. Krishnamurti - San Diego 1974 - Convers. 5 - Order comes from the understanding of our disorder,video,1.0
SD74CA6,The nature and total eradication of fear,video,1974,"San Diego, California",kft_pdf_youtube,primary,https://youtu.be/50eS3GZS6lk,50eS3GZS6lk,J. Krishnamurti - San Diego 1974 - Conversation 6 - The nature and total eradication of fear,video,1.0
SD74CA7,"Understanding, not controlling, desire",video,1974,"San Diego, California",kft_pdf_youtube,primary,https://youtu.be/WwL39WoQcEM,WwL39WoQcEM,"J. Krishnamurti - San Diego 1974 - Conversation 7 - Understanding, not controlling, desire",video,1.0
SD74CA8,Does pleasure bring happiness?,video,1974,"San Diego, California",kft_pdf_youtube,primary,https://youtu.be/pg6xdfYe6To,pg6xdfYe6To,J. Krishnamurti - San Diego 1974 - Conversation 8 - Does pleasure bring happiness?,video,1.0
SD74CA10,The art of listening,video,1974,"San Diego, California",kft_pdf_youtube,primary,https://youtu.be/3QpZqgTqlEk,3QpZqgTqlEk,J. Krishnamurti - San Diego 1974 - Conversation 10 - The art of listening,video,1.0
SD74CA9,"Sorrow, passion and beauty",video,1974,"San Diego, California",kft_pdf_youtube,primary,https://youtu.be/LO-oBa-ZKqQ,LO-oBa-ZKqQ,"J. Krishnamurti - San Diego 1974 - Conversation 9 - Sorrow, passion and beauty",video,1.0
SD74CA11,Being hurt and hurting others,video,1974,"San Diego, California",kft_pdf_youtube,primary,https://youtu.be/6NnbKd8_Q28,6NnbKd8_Q28,J. Krishnamurti - San Diego 1974 - Conversation 11 - Being hurt and hurting others,video,1.0
SD74CA12,"Love, sex and pleasure",video,1974,"San Diego, California",kft_pdf_youtube,primary,https://youtu.be/V2G-j-2v3FU,V2G-j-2v3FU,"J. Krishnamurti - San Diego 1974 - Conversation 12 - Love, sex and pleasure",video,1.0
SD74CA13,A different way of living,video,1974,"San Diego, California",kft_pdf_youtube,primary,https://youtu.be/huxxLqcZqCw,huxxLqcZqCw,J. Krishnamurti - San Diego 1974 - Conversation 13 - A different way of living,video,1.0
SD74CA14,"Death, life and love are indivisible",video,1974,"San Diego, California",kft_pdf_youtube,primary,https://youtu.be/0D_1XdYRtI4,0D_1XdYRtI4,"J. Krishnamurti - San Diego 1974 - Conversation 14 - Death, life and love are indivisible",video,1.0
SD74CA15,"Religion, authority and education - Part 1",video,1974,"San Diego, California",kft_pdf_youtube,primary,https://youtu.be/cdvb92kSmAE,cdvb92kSmAE,"J. Krishnamurti - San Diego 1974 - Conversation 15 - Religion, authority and education - Part 1",video,1.0
SD74CA16,"Religion, authority and education - Part 2",video,1974,"San Diego, California",kft_pdf_youtube,primary,https://youtu.be/SJ1q9KeGdwI,SJ1q9KeGdwI,"J. Krishnamurti - San Diego 1974 - Conversation 16 - Religion, authority and education - Part 2",video,1.0
SD74CA17,"Meditation, a quality of attention that pervades all of one’s life",video,1974,"San Diego, California",kft_pdf_youtube,primary,https://youtu.be/HhMVrr7-JEk,HhMVrr7-JEk,"J. Krishnamurti - San Diego 1974 - Convers. 17 - Meditation, a quality of attention that pervades...",video,1.0
SD74CA18,Meditation and the sacred mind,video,1974,"San Diego, California",kft_pdf_youtube,primary,https://youtu.be/HMyX2FXE9S4,HMyX2FXE9S4,J. Krishnamurti - San Diego 1974 - Conversation 18 - Meditation and the sacred mind,video,1.0
BR72CB,On intelligence,audio,1972,Brockwood Park,kft_pdf_youtube,primary,https://youtu.be/tIcFiw_bjt8,tIcFiw_bjt8,Audio | J. Krishnamurti & David Bohm - Brockwood Park 1972 - Dialogue - On intelligence,audio,1.0
OJ81CB,A feeling for something sacred,audio,1981,"Ojai, California",kft_pdf_youtube,primary,https://youtu.be/3CqmEc-pmOQ,3CqmEc-pmOQ,Audio | J. Krishnamurti & David Bohm - Ojai 1981 - A feeling for something sacred,audio,1.0
BR83CB1,Is there an action not touched by thought?,video,1983,Brockwood Park,kft_pdf_youtube,primary,https://youtu.be/CvL4uNA4U-k,CvL4uNA4U-k,J. Krishnamurti - Brockwood Park 1983 - Conversation 1 with D. Bohm - Is there an action...,video,1.0
BR83CB2,Is there evolution of consciousness?,video,1983,Brockwood Park,kft_pdf_youtube,primary,https://youtu.be/VVTiAw7K-bw,VVTiAw7K-bw,J. Krishnamurti - Brockwood Park 1983 - Conversation 2 with D. Bohm - Is there evolution of...,video,1.0
BR78CPJ1,Has there been a radical change in Krishnamurti’s teaching?,audio,1978,Brockwood Park,kft_pdf_youtube,primary,https://youtu.be/kthJTbi8zZs,kthJTbi8zZs,Audio | J. Krishnamurti & P. Jayakar – Brockwood Park 1978 – Dialogue 1 – Has there been a...,audio,1.0
BR78CPJ2,Thought cannot fundamentally perceive or comprehend the totality of consciousness,audio,1978,Brockwood Park,kft_pdf_youtube,primary,https://youtu.be/8yakUEbG1rk,8yakUEbG1rk,Audio | J. Krishnamurti & P. Jayakar – Brockwood Park 1978 – Dialogue 2 – Thought cannot...,audio,1.0
MA79CPJ,Is there a way which will make man free of suffering?,audio,1979,Madras (Chennai),kft_pdf_youtube,primary,https://youtu.be/M5rwfD7SMEM,M5rwfD7SMEM,Audio | J. Krishnamurti & P. Jayakar – Madras (Chennai) 1979 – Dialogue – Is there a way which...,audio,1.0
BR81CPJ1,On God,audio,1981,Brockwood Park,kft_pdf_youtube,primary,https://youtu.be/ugGIhre4nwk,ugGIhre4nwk,Audio | J. Krishnamurti & P. Jayakar – Brockwood Park 1981 – Dialogue 1 – On God,audio,1.0
BR81CPJ2,Living with death,video,1981,Brockwood Park,kft_pdf_youtube,primary,https://youtu.be/ukYSadESMoc,ukYSadESMoc,J. Krishnamurti - Brockwood Park 1981 - Conversation 2 with Pupul Jayakar - Living with death,video,1.0
BR82CPJ1,How does one inquire into the source of all life?,video,1982,Brockwood Park,kft_pdf_youtube,primary,https://youtu.be/MQ0xBfI-tb4,MQ0xBfI-tb4,J. Krishnamurti - Brockwood Park 1982 - Conv. 1 - How does one inquire into the source of all life?,video,1.0
BR82CPJ2,Can we live without the burden of a thousand yesterdays?,video,1982,Brockwood Park,kft_pdf_youtube,primary,https://youtu.be/LjNsrVHbctU,LjNsrVHbctU,J. Krishnamurti - Brockwood Park 1982 - Conv. 2 - Can we live without the burden of a thousand...,video,1.0
BR83CPJ1,What will bring about change in the brain?,video,1983,Brockwood Park,kft_pdf_youtube,primary,https://youtu.be/3Mja_RM0xhA,3Mja_RM0xhA,J. Krishnamurti - Brockwood Park 1983 - Conversation 1 - What will bring about change in the brain?,video,1.0
BR83CPJ2,Why are we frightened to be nothing?,video,1983,Brockwood Park,kft_pdf_youtube,primary,https://youtu.be/S5DieVFRmXI,S5DieVFRmXI,J. Krishnamurti - Brockwood Park 1983 - Conversation 2 - Why are we frightened to be nothing?,video,1.0
OJ84CPJ,What is the summation of Krishnamurti’s teaching and who are you?,audio,1984,"Ojai, California",kft_pdf_youtube,primary,https://youtu.be/JnbePJ2bSow,JnbePJ2bSow,Audio | J. Krishnamurti & P. Jayakar – Ojai 1984 – Dialogue – What is the summation of...,audio,1.0
CL68CHS,Authority is destructive,video,1968,"Claremont, California",kft_pdf_youtube,primary,https://youtu.be/EPgbKfsyTUU,EPgbKfsyTUU,J. Krishnamurti and Huston Smith - Authority is destructive - Claremont 1968,video,1.0
SA69CV1,Can another dispel the darkness in oneself?,audio,1969,Saanen,kft_pdf_youtube,primary,https://youtu.be/oByk2UgRkzc,oByk2UgRkzc,Audio | J. Krishnamurti & Swami Venkatesananda – Saanen 1969 – Dialogue 1 – Can another dispel...,audio,1.0
SA69CV2,Can one experience the infinite?,audio,1969,Gstaad,kft_pdf_youtube,primary,https://youtu.be/dV4uDaWhguw,dV4uDaWhguw,Audio | J. Krishnamurti & Swami Venkatesananda – Saanen 1969 – Dialogue 2 – Can one...,audio,1.0
RA69CDI,Flowering is only possible in freedom,audio,1969,Rajghat,kft_pdf_youtube,primary,https://youtu.be/EXzeeoBnccU,EXzeeoBnccU,Audio | J. Krishnamurti - Rajghat 1969 - Dialogue with Donald Ingram Smith,audio,0.88
ML71CJN1,The role of the teacher,audio,1971,"Malibu, California",kft_pdf_youtube,primary,https://youtu.be/hhfdRE1wONY,hhfdRE1wONY,Audio | J. Krishnamurti & J. Needleman – Malibu 1971 – Dialogue 1 – The role of the teacher,audio,1.0
ML71CJN2,Inner space,audio,1971,"Malibu, California",kft_pdf_youtube,primary,https://youtu.be/LD7_Lp9XrTQ,LD7_Lp9XrTQ,Audio | J. Krishnamurti & J. Needleman – Malibu 1971 – Dialogue 2 – Inner space,audio,1.0
ML7172CAN1,The circus of man’s struggle,audio,7172,"Malibu, California",kft_pdf_youtube,primary,https://youtu.be/zsJckds1KfY,zsJckds1KfY,Audio | J. Krishnamurti - Malibu 1971 - Dialogue with Alain Naudé 1 - The circus of man’s struggle,audio,1.0
ML7172CAN2,On good and evil,audio,7172,"Malibu, California",kft_pdf_youtube,primary,https://youtu.be/hgMWhwB9upA,hgMWhwB9upA,Audio | J. Krishnamurti - Malibu 1971 - Dialogue with Alain Naudé 2 - On good and evil,audio,1.0
ML7172CAN3,Is there a permanent ego?,audio,7172,"Malibu, California",kft_pdf_youtube,primary,https://youtu.be/b-C0XoBtLD8,b-C0XoBtLD8,Audio | J. Krishnamurti - Malibu 1972 - Dialogue with Alain Naudé 1 - Is there a permanent ego?,audio,1.0
ML7172CAN4,Masters and hierarchy,audio,7172,"Malibu, California",kft_pdf_youtube,primary,https://youtu.be/zGE0_pVquT4,zGE0_pVquT4,Audio | J. Krishnamurti - Malibu 1972 - Dialogue with Alain Naudé 2 - Masters and hierarchy,audio,1.0
ML7172CAN5,Stepping out of the stream of the self,audio,7172,"Malibu, California",kft_pdf_youtube,primary,https://youtu.be/FZz7qfs7Lqs,FZz7qfs7Lqs,Audio | J. Krishnamurti - Malibu 1972 - Dialogue with Alain Naudé 3 - Stepping out of the stream...,audio,1.0
ML7172CAN6,A mind that is not empty can never find truth,audio,7172,"Malibu, California",kft_pdf_youtube,primary,https://youtu.be/qxlhTgCeA4w,qxlhTgCeA4w,Audio | J. Krishnamurti - Malibu 1972 - Dialogue with Alain Naudé 4 - A mind that is not empty...,audio,1.0
ML7172CAN7,Religion and meditation,audio,7172,"Malibu, California",kft_pdf_youtube,primary,https://youtu.be/pEFAFWP525E,pEFAFWP525E,Audio | J. Krishnamurti - Malibu 1972 - Dialogue with Alain Naudé 5 - Religion and meditation,audio,1.0
SD72CCTR,J. Krishnamurti What is meditation?,video,1972,"San Diego, California",kft_pdf_youtube,primary,https://youtu.be/1SjnCFi8lhA,1SjnCFi8lhA,J. Krishnamurti - San Diego 1972 - Conversation with Chogyam Trungpa Rinpoche - What is meditation?,video,1.0
SD72CES1,Goodness only flowers in freedom,video,1972,"San Diego, California",kft_pdf_youtube,primary,https://youtu.be/cwZ1pXrtWas,cwZ1pXrtWas,J. Krishnamurti - San Diego 1972 - Convers. 1 with E. Schallert - Goodness only flowers in freedom,video,1.0
SD72CES2,Ending disorder is the ending of death,video,1972,"San Diego, California",kft_pdf_youtube,primary,https://youtu.be/9hfcJMe0LVw,9hfcJMe0LVw,J. Krishnamurti - San Diego 1972 - Convers. 2 with E. Schallert - Ending disorder is the ending...,video,1.0
ML72CDO,Beyond organised religion,audio,1972,"Malibu, California",kft_pdf_youtube,primary,https://youtu.be/X1EY4G41144,X1EY4G41144,Audio | J. Krishnamurti - Malibu 1972 - Dialogue with Daniel O'Hanlon - Beyond organised religion,audio,1.0
OJ77CDI,Awareness is a mirror in which the movement of thought is perceived,audio,1977,"Ojai, California",kft_pdf_youtube,primary,https://youtu.be/L7aNW0f_334,L7aNW0f_334,Audio | J. Krishnamurti - Ojai 1977 - Dialogue with Donald Ingram Smith - Awareness is a mirror...,audio,1.0
BR79CJLD1,Thought and observation,video,1979,Brockwood Park,kft_pdf_youtube,primary,https://youtu.be/8_fCCl1WbvM,8_fCCl1WbvM,J. Krishnamurti - Brockwood Park 1979 - Conversation 1 with J-L. Dewez - Thought and observation,video,1.0
BR79CJLD2,Why do we get educated?,video,1979,Brockwood Park,kft_pdf_youtube,primary,https://youtu.be/thOufJNJJ20,thOufJNJJ20,J. Krishnamurti - Brockwood Park 1979 - Conversation 2 with J-L. Dewez - Why do we get educated?,video,1.0
OJ80CDI,"What is living, actually?",audio,1980,"Ojai, California",kft_pdf_youtube,primary,https://youtu.be/TWEyZSDRVCw,TWEyZSDRVCw,"Audio | J. Krishnamurti - Ojai 1980 - Dialogue with Donald Ingram Smith - What is living, actually?",audio,1.0
BR80CJLD,What is it to be serious?,video,1980,Brockwood Park,kft_pdf_youtube,primary,https://youtu.be/os8XIBoRpJU,os8XIBoRpJU,J. Krishnamurti - Brockwood Park 1980 - Conversation with J-L. Dewez  - What is it to be serious?,video,1.0
RV80TSS,Short talks given by Krishnamurti and Indira Gandhi,audio,1980,Rishi Valley,kft_pdf_youtube,primary,https://youtu.be/nCoXpqlFBK8,nCoXpqlFBK8,Audio | J. Krishnamurti - Rishi Valley 1980 - Short talks given by Krishnamurti and Indira Gandhi,audio,1.0
BR82CAC,Thought cannot investigate into intelligence,audio,1982,Brockwood Park,kft_pdf_youtube,primary,https://youtu.be/KTmczmk1LaU,KTmczmk1LaU,Audio | J. Krishnamurti - Brockwood Park 1982 - Dialogue with Asit Chandmal - Thought cannot...,audio,1.0
OJ83CJS,What makes us change?,video,1983,"Ojai, California",kft_pdf_youtube,primary,https://youtu.be/iIyL2qcResY,iIyL2qcResY,J. Krishnamurti - Ojai 1983 - Conversation with Jonas Salk - What makes us change?,video,1.0
NY83CDS,"Memory, thought and the illusion of continuity",video,1983,New York,kft_pdf_youtube,primary,https://youtu.be/XCtGnCRd5QU,XCtGnCRd5QU,"J. Krishnamurti & David Shainberg - New York 1983 - Dialogue - Memory, thought and...",video,1.0
MA84DSG2.0,On beauty and creation,audio,1984,Madras (Chennai),kft_pdf_youtube,primary,https://youtu.be/ZUjDGGtjYAg,ZUjDGGtjYAg,Audio | J. Krishnamurti - Madras (Chennai) 1984 - Discussion - On beauty and creation,audio,1.0
OJ84CLS,We live in conflict with everything,audio,1984,"Ojai, California",kft_pdf_youtube,primary,https://youtu.be/xt7Llu2AFjk,xt7Llu2AFjk,"Audio | J. Krishnamurti - Ojai 1984, Dialogue with Linda Strawn, We live in conflict with everything",audio,1.0
BR84CRE,Can fear be completely wiped away?,video,1984,Brockwood Park,kft_pdf_youtube,primary,https://youtu.be/hhSaBccnzGo,hhSaBccnzGo,J. Krishnamurti - Brockwood Park 1984 - Conv. with Ronald Eyre - Can Fear Be Completely Wiped Away?,video,1.0
SC84CRB1,Sound and silence,audio,1984,Schönried,kft_pdf_youtube,primary,https://youtu.be/_IMlkr5DjHA,_IMlkr5DjHA,Audio | J. Krishnamurti - Schönried 1984 - Dialogue 1 with Radha Burnier - Sound and silence,audio,1.0
SC84CRB2,The holistic way of life is outside of the brain,audio,1984,Schönried,kft_pdf_youtube,primary,https://youtu.be/zire4GAQHik,zire4GAQHik,Audio | J. Krishnamurti - Schönried 1984 - Dialogue 2 with Radha Burnier - The holistic way of...,audio,1.0
BR84CCT,Inquiring into meditation,audio,1984,Brockwood Park,kft_pdf_youtube,primary,https://youtu.be/NjQtnz0dvEw,NjQtnz0dvEw,Audio | J. Krishnamurti - Brockwood Park 1984 - Dialogue with C. Titmuss - Inquiring into meditation,audio,1.0
BR84CMZ1,What do we mean by conditioning?,video,1984,Brockwood Park,kft_pdf_youtube,primary,https://youtu.be/ge00lMQ4mTc,ge00lMQ4mTc,J. Krishnamurti - Brockwood Park 1984 - Conv. 1 with M. Zimbalist - Knowledge is conditioning,video,0.88
BR84CMZ2,What is the fact of fear?,video,1984,Brockwood Park,kft_pdf_youtube,primary,https://youtu.be/uCC48pXmlPc,uCC48pXmlPc,J. Krishnamurti - Brockwood Park 1984 - Conv. 2 with M. Zimbalist - What is the fact of fear?,video,1.0
BR84CMZ3,What is religion to you?,video,1984,Brockwood Park,kft_pdf_youtube,primary,https://youtu.be/fhrKhukwQos,fhrKhukwQos,J. Krishnamurti - Brockwood Park 1984 - Conv. 3 with M. Zimbalist and R. McCoy - What is religion...,video,1.0
BR84CIM1,Where there is self-interest love is not,video,1984,Brockwood Park,kft_pdf_youtube,primary,https://youtu.be/uDnwK-383Qs,uDnwK-383Qs,J. Krishnamurti & Iris Murdoch - Brockwood Park 1984 - Dialogue 1,video,0.88
BR84CIM2,When there is love there is truth and beauty,video,1984,Brockwood Park,kft_pdf_youtube,primary,https://youtu.be/AYl8DX46VBc,AYl8DX46VBc,J. Krishnamurti & Iris Murdoch - Brockwood Park 1984 - Dialogue 2,video,0.88
OJ85CRR,"Is death a matter of continuity, or ending?",audio,1985,"Ojai, California",kft_pdf_youtube,primary,https://youtu.be/Bm_KBtFNtXY,Bm_KBtFNtXY,Audio | J. Krishnamurti - Ojai 1985 - Dialogue with Ravid Ravindra,audio,0.88
BR70S1,Violence and the ‘me’,video,1970,Brockwood Park,kft_pdf_youtube,primary,https://youtu.be/Th-VVCTOfYc,Th-VVCTOfYc,J. Krishnamurti - Brockwood Park 1970 - Seminar Meeting 1 - Violence and the ‘me’,video,1.0
BR70S2,Is there a living in which there is no violence?,audio,1970,Brockwood Park,kft_pdf_youtube,primary,https://youtu.be/XnHPOkQvaIY,XnHPOkQvaIY,Audio | J. Krishnamurti – Brockwood Park 1970 – Seminar Meeting 2 – Is there a living in which...,audio,1.0
BR70S3,When there is complete attention thought does not interfere,audio,1970,Brockwood Park,kft_pdf_youtube,primary,https://youtu.be/882-Qqx59js,882-Qqx59js,Audio | J. Krishnamurti – Brockwood Park 1970 – Seminar Meeting 3 – When there is complete...,audio,1.0
BR70S4,Can a mind in contradiction know what harmony is?,audio,1970,Brockwood Park,kft_pdf_youtube,primary,https://youtu.be/xjy8aErdgfE,xjy8aErdgfE,Audio | J. Krishnamurti – Brockwood Park 1970 – Seminar Meeting 4 – Can a mind in contradiction...,audio,1.0
BR70S5,Can a divided mind perceive the wholeness of life?,audio,1970,Brockwood Park,kft_pdf_youtube,primary,https://youtu.be/j92itJW9E00,j92itJW9E00,Audio | J. Krishnamurti – Brockwood Park 1970 – Seminar Meeting 5 – Can a divided mind perceive...,audio,1.0
BR70S6,What is the quality of the mind that has seen the effects of division?,audio,1970,Brockwood Park,kft_pdf_youtube,primary,https://youtu.be/3HtJYwI73NE,3HtJYwI73NE,Audio | J. Krishnamurti – Brockwood Park 1970 – Seminar Meeting 6 – What is the quality of the...,audio,1.0
BR74S1,Preparatory meeting (without Krishnamurti),audio,1974,Brockwood Park,kft_pdf_youtube,primary,https://youtu.be/9zRSVrad4nc,9zRSVrad4nc,"Audio | J. Krishnamurti & Scientists – Brockwood 1974, Seminars – 1: Preparatory meeting (without K)",audio,1.0
BR74S2,"Modern physics and Eastern mysticism, the self and seeing",audio,1974,Brockwood Park,kft_pdf_youtube,primary,https://youtu.be/QI9QdshjAEQ,QI9QdshjAEQ,"Audio | J. Krishnamurti & Scientists – Brockwood 1974, Seminars – 2: Modern physics and Eastern...",audio,1.0
BR74S3,"Defining being human, compassion, feeling special",audio,1974,Brockwood Park,kft_pdf_youtube,primary,https://youtu.be/GKLpHjJcLCU,GKLpHjJcLCU,"Audio | J. Krishnamurti & Scientists – Brockwood 1974, Seminars – 3: Defining being human, ...",audio,1.0
BR74S4,"The brain, images in relationship, yoga",audio,1974,Brockwood Park,kft_pdf_youtube,primary,https://youtu.be/LDezByYUdVw,LDezByYUdVw,Audio | J. Krishnamurti - Brockwood Park 1973 - School Discussion 2 - Images in relationship,audio,1.0
BR74S5,"Transformation, feeling responsible, being attached",audio,1974,Brockwood Park,kft_pdf_youtube,primary,https://youtu.be/WAgXGkQz9_Y,WAgXGkQz9_Y,"Audio | J. Krishnamurti & Scientists – Brockwood 1974, Seminars – 5: Transformation, feeling...",audio,1.0
BR74S6,"Dreaming, meditation and laziness",audio,1974,Brockwood Park,kft_pdf_youtube,primary,https://youtu.be/TS5hrVXtbIE,TS5hrVXtbIE,"Audio | J. Krishnamurti & Scientists – Brockwood 1974, Seminars – 6: Dreaming, meditation and...",audio,1.0
BR74S7,"The brain, meditation, compassion in science",audio,1974,Brockwood Park,kft_pdf_youtube,primary,https://youtu.be/35XW_AZSXdU,35XW_AZSXdU,"Audio | J. Krishnamurti & Scientists – Brockwood 1974, Seminars – 7: The brain, meditation, ...",audio,1.0
BR74S8,Alternative medicine and holism,audio,1974,Brockwood Park,kft_pdf_youtube,primary,https://youtu.be/fJG7lbv96Ac,fJG7lbv96Ac,"Audio | J. Krishnamurti & Scientists – Brockwood 1974, Seminars – 8: Alternative medicine and holism",audio,1.0
BR74S9,"The immeasurable, non-verbal communication, love, Krishnamurti’s youth",audio,1974,Brockwood Park,kft_pdf_youtube,primary,https://youtu.be/avHqYCJaikE,avHqYCJaikE,"Audio | J. Krishnamurti & Scientists – Brockwood 1974, Seminars – 9: The immeasurable, non-verbal...",audio,1.0
BR74S10,"The masters, Krishnamurti, meditation and silence",audio,1974,Brockwood Park,kft_pdf_youtube,primary,https://youtu.be/WkM-zbuvGfc,WkM-zbuvGfc,"Audio | J. Krishnamurti & Scientists – Brockwood 1974, Seminars – 10: The masters, Krishnamurti, ...",audio,1.0
BR74S11,"Meditation, death, the mind when the self is not",audio,1974,Brockwood Park,kft_pdf_youtube,primary,https://youtu.be/XaLSeUt1j68,XaLSeUt1j68,"Audio | J. Krishnamurti & Scientists – Brockwood 1974, Seminars – 11: Meditation, death, the mind...",audio,1.0
BR74S12,Cooperation and action not based on ideals,audio,1974,Brockwood Park,kft_pdf_youtube,primary,https://youtu.be/yEzyyz4dJ9M,yEzyyz4dJ9M,"Audio | J. Krishnamurti & Scientists – Brockwood 1974, Seminars – 12: Cooperation and action not...",audio,1.0
BR75S1,"Reality, actuality and truth",audio,1975,Brockwood Park,kft_pdf_youtube,primary,https://youtu.be/dHl8GjvCRJs,dHl8GjvCRJs,"Audio | J. Krishnamurti - Brockwood Park 1975 - Scientists Seminar 1 - Reality, actuality and truth",audio,1.0
BR75S2,Holistic energy,audio,1975,Brockwood Park,kft_pdf_youtube,primary,https://youtu.be/CtTvdThjKgI,CtTvdThjKgI,Audio | J. Krishnamurti - Brockwood Park 1975 - Scientists Seminar 2 - Holistic energy,audio,1.0
BR75S3,Becoming implies time and fear,audio,1975,Brockwood Park,kft_pdf_youtube,primary,https://youtu.be/22xa8LkACRk,22xa8LkACRk,"Audio | J. Krishnamurti -  Brockwood Park 1975, Scientists Seminar 3, Becoming implies time and fear",audio,1.0
BR75S4,Is creation in or out of time; is love in the field of reality?,audio,1975,Brockwood Park,kft_pdf_youtube,primary,https://youtu.be/_vjJ5AaZ1xE,_vjJ5AaZ1xE,Audio | J. Krishnamurti -  Brockwood Park 1975 - Scientists Seminar 4 - Is creation in or out of...,audio,1.0
BR75S5,"Beauty, love, reality and suffering",audio,1975,Brockwood Park,kft_pdf_youtube,primary,https://youtu.be/Oz5wSbNCkx8,Oz5wSbNCkx8,"Audio | J. Krishnamurti - Brockwood Park 1975 - Scientists Seminar 5 - Beauty, love, reality and...",audio,1.0
BR75S6,Can suffering be solved?,audio,1975,Brockwood Park,kft_pdf_youtube,primary,https://youtu.be/iRvBLAMqKtg,iRvBLAMqKtg,Audio | J. Krishnamurti - Brockwood Park 1975 - Scientists Seminar 6 - Can suffering be solved?,audio,1.0
BR75S7,Can thought discover something non-mechanical?,audio,1975,Brockwood Park,kft_pdf_youtube,primary,https://youtu.be/dChPKTFlDt0,dChPKTFlDt0,Audio | J. Krishnamurti - Brockwood Park 1975 - Scientists Seminar 7 - Can thought discover...,audio,1.0
BR75S8,Am I aware of the centre from which I operate?,audio,1975,Brockwood Park,kft_pdf_youtube,primary,https://youtu.be/JM22OJId0Fg,JM22OJId0Fg,Audio | J. Krishnamurti - Brockwood Park 1975 - Scientists Seminar 8 - Am I aware of the centre...,audio,1.0
BR78S1,The art of questioning,video,1978,Brockwood Park,kft_pdf_youtube,primary,https://youtu.be/JR68c8kKsVw,JR68c8kKsVw,J. Krishnamurti - Brockwood Park 1978 - Seminar 1 - The art of questioning,video,1.0
BR78S2,Is it possible never to be hurt?,video,1978,Brockwood Park,kft_pdf_youtube,primary,https://youtu.be/DH695Wr3rGQ,DH695Wr3rGQ,J. Krishnamurti - Brockwood Park 1978 - Seminar 2 - Is it possible never to be hurt?,video,1.0
BR78S3,Can you face the fact that you are absolutely nothing?,video,1978,Brockwood Park,kft_pdf_youtube,primary,https://youtu.be/IwGEqHnrHTk,IwGEqHnrHTk,J. Krishnamurti - Brockwood Park 1978 - Seminar 3 - Can you face the fact that you are absolutely...,video,1.0
BR78S4,Observing fear as it happens,video,1978,Brockwood Park,kft_pdf_youtube,primary,https://youtu.be/PNJsa67z4vs,PNJsa67z4vs,J. Krishnamurti - Brockwood Park 1978 - Seminar 4 - Observing fear as it happens,video,1.0
BR78S5,Pain is the reaction to attachment,video,1978,Brockwood Park,kft_pdf_youtube,primary,https://youtu.be/PrK3V0-1xnQ,PrK3V0-1xnQ,J. Krishnamurti - Brockwood Park 1978 - Seminar 5 - Pain is the reaction to attachment,video,1.0
BR78S6,Can I be a light globally?,video,1978,Brockwood Park,kft_pdf_youtube,primary,https://youtu.be/LeEVMJfaSiI,LeEVMJfaSiI,J. Krishnamurti - Brockwood Park 1978 - Seminar 6 - Can I be a light globally?,video,1.0
BR78S7,What is it that flowers?,video,1978,Brockwood Park,kft_pdf_youtube,primary,https://youtu.be/OZG8l4l4XKc,OZG8l4l4XKc,J. Krishnamurti - Brockwood Park 1978 - Seminar 7 - What is it that flowers?,video,1.0
BR79S1,What is one to do in a world of increasing violence?,video,1979,Brockwood Park,kft_pdf_youtube,primary,https://youtu.be/GYkOS1x-BPc,GYkOS1x-BPc,J. Krishnamurti - Brockwood Park 1979 - Seminar 1 - What is one to do in a world of...,video,1.0
BR79S2,Observing my prejudice,video,1979,Brockwood Park,kft_pdf_youtube,primary,https://youtu.be/UBwPTl1QN1g,UBwPTl1QN1g,J. Krishnamurti - Brockwood Park 1979 - Seminar 2 - Observing my prejudice,video,1.0
BR79S3,What is the root cause of the disorder in the world?,video,1979,Brockwood Park,kft_pdf_youtube,primary,https://youtu.be/BHFwyN1HnE4,BHFwyN1HnE4,J. Krishnamurti - Brockwood Park 1979 - Seminar 3 - What is the root cause of the disorder in...,video,1.0
BR79S4,When the illusion of individuality ends,video,1979,Brockwood Park,kft_pdf_youtube,primary,https://youtu.be/2afvEYImqCQ,2afvEYImqCQ,J. Krishnamurti - Brockwood Park 1979 - Seminar 4 - When the illusion of individuality ends,video,1.0
BR79S5,What do I do in a deteriorating world?,video,1979,Brockwood Park,kft_pdf_youtube,primary,https://youtu.be/LfAVen_kj0U,LfAVen_kj0U,J. Krishnamurti - Brockwood Park 1979 - Seminar 5 - What do I do in a deteriorating world?,video,1.0
BR79S6,Can you have insight if there is a centre?,video,1979,Brockwood Park,kft_pdf_youtube,primary,https://youtu.be/P9f2_S6zhFo,P9f2_S6zhFo,J. Krishnamurti - Brockwood Park 1979 - Seminar 6 - Can you have insight if there is a centre?,video,1.0
OJ81S2.1,There is no individual consciousness,audio,1981,"Ojai, California",kft_pdf_youtube,primary,https://youtu.be/Ztffwnkn5Bo,Ztffwnkn5Bo,Audio | J. Krishnamurti with David Bohm - Ojai 1981 - Semin. 1: There is no individual consciousness,audio,1.0
OJ81S2.2,Consciousness and learning,audio,1981,"Ojai, California",kft_pdf_youtube,primary,https://youtu.be/pzE4TFCWrXY,pzE4TFCWrXY,Audio | J. Krishnamurti with David Bohm - Ojai 1981 - Seminar 2 - Consciousness and learning,audio,1.0
OJ81S2.3,Have we lost all sense of religion?,audio,1981,"Ojai, California",kft_pdf_youtube,primary,https://youtu.be/Am9kQWWgC_s,Am9kQWWgC_s,Audio | J. Krishnamurti with David Bohm - Ojai 1981 - Semin. 3: Have we lost all sense of religion?,audio,1.0
BR81S1,Immediate change,video,1981,Brockwood Park,kft_pdf_youtube,primary,https://youtu.be/xf0VqXLHqRs,xf0VqXLHqRs,J. Krishnamurti - Brockwood Park 1981 - Seminar 1 - Immediate change,video,1.0
BR81S2,The division between the observer and the observed is illusory,video,1981,Brockwood Park,kft_pdf_youtube,primary,https://youtu.be/IwHOVMOLzUs,IwHOVMOLzUs,J. Krishnamurti - Brockwood Park 1981 - Seminar 2 - The division between the observer and the...,video,1.0
BR81S3,Can thought see itself?,video,1981,Brockwood Park,kft_pdf_youtube,primary,https://youtu.be/HveJd4sMclg,HveJd4sMclg,J. Krishnamurti - Brockwood Park 1981 - Seminar 3 - Can thought see itself?,video,1.0
BR81S4,You are humanity,video,1981,Brockwood Park,kft_pdf_youtube,primary,https://youtu.be/rxFrw9yu-FY,rxFrw9yu-FY,J. Krishnamurti - Brockwood Park 1981 - Seminar 4 - You are humanity,video,1.0
BR81S5,Communication,video,1981,Brockwood Park,kft_pdf_youtube,primary,https://youtu.be/Gtx_B7QLLCU,Gtx_B7QLLCU,J. Krishnamurti - Brockwood Park 1981 - Seminar 5 - Communication,video,1.0
LS84S1,Can thought be creative?,video,1984,"Los Alamos, New Mexico",kft_pdf_youtube,primary,https://youtu.be/3O0t5hgKn1g,3O0t5hgKn1g,"J. Krishnamurti - Los Alamos, New Mexico 1984 - Scientists Talk - Can thought be creative?",video,1.0
LS84S2,Creation comes out of meditation,video,1984,"Los Alamos, New Mexico",kft_pdf_youtube,primary,https://youtu.be/D-Zu-Vs4R2M,D-Zu-Vs4R2M,"J. Krishnamurti - Los Alamos, New Mexico 1984 - Scientists Disc. - Creation comes out of meditation",video,1.0
BR84SBR1,What is thought?,video,1984,Brockwood Park,kft_pdf_youtube,primary,https://youtu.be/aFNDl83W67U,aFNDl83W67U,J. Krishnamurti - Brockwood Park 1984 - Scientists Seminar 1 - What is thought?,video,1.0
BR84SBR2,Is there an action in which there is no limitation?,video,1984,Brockwood Park,kft_pdf_youtube,primary,https://youtu.be/efqtQfxBMcE,efqtQfxBMcE,J. Krishnamurti - Brockwood Park 1984 - Scientists Seminar 2 - Is there an action in which...,video,1.0
BR84SBR3,Can thought come to an end?,video,1984,Brockwood Park,kft_pdf_youtube,primary,https://youtu.be/TgWvc9mPeTs,TgWvc9mPeTs,J. Krishnamurti - Brockwood Park 1984 - Scientists Seminar 3 - Can thought come to an end?,video,1.0
BA74S,Is it possible for the mind not to be hurt?,audio,1974,Bangalore,kft_pdf_youtube,primary,https://youtu.be/nu1bty6L_58,nu1bty6L_58,Audio | J. Krishnamurti - Bangalore 1974 - Scientists Discussion - Is it possible for the mind...,audio,1.0
MA79S1,"How can a human being bring about a radical change, not only in himself but outside?",video,1979,Madras (Chennai),kft_pdf_youtube,primary,https://youtu.be/YFQ60-04lG0,YFQ60-04lG0,J. Krishnamurti - Madras (Chennai) 1979 - Seminar 1 - How can a human being...,video,1.0
MA79S2,As a human being caught in the structure of society what is right action?,video,1979,Madras (Chennai),kft_pdf_youtube,primary,https://youtu.be/uImZLwcQRks,uImZLwcQRks,J. Krishnamurti - Madras (Chennai) 1979 - Seminar 2 - As a human being caught...,video,1.0
MA79S3,Can you give all your energy to understanding the image-making machinery?,video,1979,Madras (Chennai),kft_pdf_youtube,primary,https://youtu.be/LMAFFtyoWDo,LMAFFtyoWDo,J. Krishnamurti - Madras (Chennai) 1979 - Seminar 3 - Can you give all your energy...,video,1.0
MA79S4,Can a human problem be resolved instantly?,video,1979,Madras (Chennai),kft_pdf_youtube,primary,https://youtu.be/SjDiKxB7YkA,SjDiKxB7YkA,J. Krishnamurti - Madras (Chennai) 1979 - Seminar 4 - Can a human problem be resolved instantly?,video,1.0
MA81S1,What will break the chain in which the brain is caught?,video,1981,Madras (Chennai),kft_pdf_youtube,primary,https://youtu.be/4qM6uWCzM0U,4qM6uWCzM0U,J. Krishnamurti - Madras 1981 - Seminar 1 - What will break the chain in which the brain is caught?,video,1.0
MA81S2,Remaining with the stream of sorrow,video,1981,Madras (Chennai),kft_pdf_youtube,primary,https://youtu.be/cIesLYMLfjQ,cIesLYMLfjQ,J. Krishnamurti - Madras 1981 - Seminar 2 - Remaining with the stream of sorrow,video,1.0
MA81S3,Do you ever come to a point where your brain is in a state of not knowing?,video,1981,Madras (Chennai),kft_pdf_youtube,primary,https://youtu.be/8Vf0b57K7EU,8Vf0b57K7EU,J. Krishnamurti - Madras 1981 - Seminar 3 - Do you ever come to a point where your brain is...,video,1.0
ND81S1,The crisis in consciousness,video,1981,New Delhi,kft_pdf_youtube,primary,https://youtu.be/7oE7JJOse-s,7oE7JJOse-s,J. Krishnamurti - New Delhi 1981 - Seminar 1 - The crisis in consciousness,video,1.0
ND81S2,Can fear come to an end?,video,1981,New Delhi,kft_pdf_youtube,primary,https://youtu.be/yZfPtu44egY,yZfPtu44egY,J. Krishnamurti - New Delhi 1981 - Seminar 2 - Can fear come to an end?,video,1.0
ND81S3,"When I observe fear, that fear is me",video,1981,New Delhi,kft_pdf_youtube,primary,https://youtu.be/yJdIuAPkgtc,yJdIuAPkgtc,"J. Krishnamurti - New Delhi 1981 - Seminar 3 - When I observe fear, that fear is me",video,1.0
MA82S1,Is there a movement totally apart from time?,video,1982,Madras (Chennai),kft_pdf_youtube,primary,https://youtu.be/SMUPRUC4gg4,SMUPRUC4gg4,J. Krishnamurti - Madras 1982 - Seminar 1 - Is there a movement totally apart from time?,video,1.0
MA82S2,"Desire, time and thought are the basic elements of fear",video,1982,Madras (Chennai),kft_pdf_youtube,primary,https://youtu.be/E5KLlMIlmww,E5KLlMIlmww,"J. Krishnamurti - Madras 1982 - Seminar 2 - Desire, time and thought are the basic elements of fear",video,1.0
MA83S1,What creates division?,video,1983,Madras (Chennai),kft_pdf_youtube,primary,https://youtu.be/fm3SgDCHuoE,fm3SgDCHuoE,J. Krishnamurti - Madras (Chennai) 1983 - Seminar 1 - What creates division?,video,1.0
MA83S2,What is intelligence?,video,1983,Madras (Chennai),kft_pdf_youtube,primary,https://youtu.be/N7njrP-cTp8,N7njrP-cTp8,J. Krishnamurti - Madras (Chennai) 1983 - Seminar 2 - What is intelligence?,video,1.0
RV83S1,Why are you educating your children?,video,1983,Rishi Valley,kft_pdf_youtube,primary,https://youtu.be/MUTyG8EphzI,MUTyG8EphzI,J. Krishnamurti - Rishi Valley 1983 - Seminar 1 - Why are you educating your children?,video,1.0
RV83S2,From whom are we learning?,video,1983,Rishi Valley,kft_pdf_youtube,primary,https://youtu.be/BshO7Sw1BZ4,BshO7Sw1BZ4,J. Krishnamurti - Rishi Valley 1983 - Seminar 2 - From whom are we learning?,video,1.0
SA67DYP,How do I find out what love is?,audio,1967,Saanen,kft_pdf_youtube,primary,https://youtu.be/9HJ5wLKDZUw,9HJ5wLKDZUw,Audio | J. Krishnamurti – Saanen 1967 – Disc. with Young People – How do I find out what love is?,audio,1.0
SA67DT1,Can the educator and the educated learn together?,audio,1967,Saanen,kft_pdf_youtube,primary,https://youtu.be/so3Huiw_pxE,so3Huiw_pxE,Audio | J. Krishnamurti – Saanen 1967 – Teachers Disc. 1 – Can the educator and the educated...,audio,1.0
SA67DT2,A different kind of education,audio,1967,Saanen,kft_pdf_youtube,primary,https://youtu.be/atUmYZC0BLU,atUmYZC0BLU,Audio | J. Krishnamurti – Saanen 1967 – Teachers Discussion 2 – A different kind of education,audio,1.0
SA67DT3,"Discipline, freedom and comparison",audio,1967,Saanen,kft_pdf_youtube,primary,https://youtu.be/PCS3N2gK0qI,PCS3N2gK0qI,"Audio | J. Krishnamurti – Saanen 1967 – Teachers Discussion 3 – Discipline, freedom and comparison",audio,1.0
SA67DT4,How do you bring about feeling of non-comparison?,audio,1967,Saanen,kft_pdf_youtube,primary,https://youtu.be/igXUq2Bylmo,igXUq2Bylmo,Audio | J. Krishnamurti – Saanen 1967 – Teachers Disc. 4 – How do you bring about feeling of...,audio,1.0
SA67DT5,Radical mutation takes place when there is no comparison or pattern for change,audio,1967,Saanen,kft_pdf_youtube,primary,https://youtu.be/NcpEgtO6yyk,NcpEgtO6yyk,Audio | J. Krishnamurti – Saanen 1967 – Teachers Discussion 5 – Radical mutation takes place when...,audio,1.0
SA67DT6,"Bringing about a deeper, wider feeling for life",audio,1967,Saanen,kft_pdf_youtube,primary,https://youtu.be/VwrrryDFuSs,VwrrryDFuSs,"Audio | J. Krishnamurti – Saanen 1967 – Teachers Disc. 6 – Bringing about a deeper, wider...",audio,1.0
SA67DT7,"Living in this world, what am I to do?",audio,1967,Saanen,kft_pdf_youtube,primary,https://youtu.be/_E445vK4cLY,_E445vK4cLY,"Audio | J. Krishnamurti – Saanen 1967 – Teachers Disc. 7 – Living in this world, what am I to do?",audio,1.0
BR69DSS1,"Freedom, peace and compassion",audio,1969,Brockwood Park,kft_pdf_youtube,primary,https://youtu.be/g2HWklSKSu8,g2HWklSKSu8,"Audio | J. Krishnamurti – Brockwood Park 1969 - School Disc. 1 - Freedom, peace and compassion",audio,1.0
BR69DSS2,How do we awaken intelligence?,audio,1969,Brockwood Park,kft_pdf_youtube,primary,https://youtu.be/tZHAPTI87Cg,tZHAPTI87Cg,Audio | J. Krishnamurti – Brockwood Park 1969 - School Disc. 2 - How do we awaken intelligence?,audio,1.0
BR69DSS3,Living without harming,audio,1969,Brockwood Park,kft_pdf_youtube,primary,https://youtu.be/jKZ48OvrRd8,jKZ48OvrRd8,Audio | J. Krishnamurti – Brockwood Park 1969 - School Disc. 3 - Living without harming,audio,1.0
BR69DSS4,An awareness in which ‘to be’ is non-existent,audio,1969,Brockwood Park,kft_pdf_youtube,primary,https://youtu.be/H8aRZH6rsZ8,H8aRZH6rsZ8,Audio | J. Krishnamurti – Brockwood Park 1969 - School Disc. 4 - An awareness in which ‘to be’ is...,audio,1.0
BR69DSS5,"Authority, freedom, intelligence and responsibility",audio,1969,Brockwood Park,kft_pdf_youtube,primary,https://youtu.be/kItoF4rv7XM,kItoF4rv7XM,"Audio | J. Krishnamurti – Brockwood Park 1969 - School Disc. 5 - Authority, freedom, intelligence...",audio,1.0
BR69DSS6,There is no prejudice in awareness,audio,1969,Brockwood Park,kft_pdf_youtube,primary,https://youtu.be/7snp7bGjHx8,7snp7bGjHx8,Audio | J. Krishnamurti – Brockwood Park 1969 - School Disc. 6 - There is no prejudice in awareness,audio,1.0
BR69DSS7,At what time should we go to bed?,audio,1969,Brockwood Park,kft_pdf_youtube,primary,https://youtu.be/WbJ_MAuQ1zA,WbJ_MAuQ1zA,Audio | J. Krishnamurti – Brockwood Park 1969 - School Disc. 7 - At what time should we go to bed?,audio,1.0
BR69DSS8,Do you know that society and friends influence you?,audio,1969,Brockwood Park,kft_pdf_youtube,primary,https://youtu.be/sJIn_y8kBUo,sJIn_y8kBUo,Audio | J. Krishnamurti – Brockwood Park 1969 - School Disc. 8 - Do you know that society and...,audio,1.0
BR69DSS9,Do you see the danger of fragmentation?,audio,1969,Brockwood Park,kft_pdf_youtube,primary,https://youtu.be/Ws97HTEeKJY,Ws97HTEeKJY,Audio | J. Krishnamurti – Brockwood Park 1969 - School Disc. 9 - Do you see the danger of...,audio,1.0
BR69DSS10,"Pleasure, fear and love",audio,1969,Brockwood Park,kft_pdf_youtube,primary,https://youtu.be/dt8Gy70pPco,dt8Gy70pPco,"Audio | J. Krishnamurti – Brockwood Park 1969 - School Disc. 10 - Pleasure, fear and love",audio,1.0
BR70DSS,Feeling secure,audio,1970,Brockwood Park,kft_pdf_youtube,primary,https://youtu.be/Ss6rmJFQZNM,Ss6rmJFQZNM,Audio | J. Krishnamurti - Brockwood Park 1970 - School Discussion - Feeling secure,audio,1.0
BR70DT,The spirit of cooperation,audio,1970,Brockwood Park,kft_pdf_youtube,primary,https://youtu.be/DdZuqUd39f8,DdZuqUd39f8,"Audio | J. Krishnamurti  Brockwood Park 1970 School Discussion (Teachers), The spirit of cooperation",audio,1.0
BR71DT1,Creating a good mind,audio,1971,Brockwood Park,kft_pdf_youtube,primary,https://youtu.be/rkGBg3-MhGY,rkGBg3-MhGY,Audio | J. Krishnamurti – Brockwood Park 1971 – School Discussion Teachers 1  – Creating a good mind,audio,1.0
BR71DT2,Action and intelligence,audio,1971,Brockwood Park,kft_pdf_youtube,primary,https://youtu.be/lwjW0KqotHs,lwjW0KqotHs,Audio | J. Krishnamurti – Brockwood Park 1971 – School Discus. Teachers 2 – Action and intelligence,audio,1.0
BR72DSS1.01,Are you revolutionary?,audio,1972,Brockwood Park,kft_pdf_youtube,primary,https://youtu.be/3d5ysJsUk1E,3d5ysJsUk1E,Audio | J. Krishnamurti – Brockwood Park 1972 – School Discussion 1 – Are you revolutionary?,audio,1.0
BR72DSS1.02,You can live without an image,audio,1972,Brockwood Park,kft_pdf_youtube,primary,https://youtu.be/vAEaaOeLPOI,vAEaaOeLPOI,Audio | J. Krishnamurti – Brockwood Park 1972 – School Discussion 2 – You can live without an image,audio,1.0
BR72DT1.1,The fountain of sanity,audio,1972,Brockwood Park,kft_pdf_youtube,primary,https://youtu.be/ny4Ej-AeuOk,ny4Ej-AeuOk,Audio | J. Krishnamurti – Brockwood Park 1972 – School Discussion (Teachers) 1 – The fountain of...,audio,1.0
BR72DSS1.03,The trap of mediocrity,audio,1972,Brockwood Park,kft_pdf_youtube,primary,https://youtu.be/A9zF1YZjQFA,A9zF1YZjQFA,Audio | J. Krishnamurti – Brockwood Park 1972 – School Discussion 3 – The trap of mediocrity,audio,1.0
BR72DSS1.04,Refreshing the mind,audio,1972,Brockwood Park,kft_pdf_youtube,primary,https://youtu.be/2f4GxqdwZSw,2f4GxqdwZSw,Audio | J. Krishnamurti – Brockwood Park 1972 – School Discussion 4 – Refreshing the mind,audio,1.0
BR72DT1.2,Do we collectively feel responsibility?,audio,1972,Brockwood Park,kft_pdf_youtube,primary,https://youtu.be/erRTIOXnl08,erRTIOXnl08,Audio | J. Krishnamurti – Brockwood Park 1972 – School Discus. (Teachers) 2 – Do we collectively...,audio,1.0
BR72DSS1.05,Prejudice,audio,1972,Brockwood Park,kft_pdf_youtube,primary,https://youtu.be/tx7odv4qGr8,tx7odv4qGr8,Audio | J. Krishnamurti – Brockwood Park 1972 – School Discussion 5 – Prejudice,audio,1.0
BR72DSS1.06,What am I?,audio,1972,Brockwood Park,kft_pdf_youtube,primary,https://youtu.be/oaZF-YVWxno,oaZF-YVWxno,Audio | J. Krishnamurti – Brockwood Park 1972 – School Discussion 6 – What am I?,audio,1.0
BR72DSS1.07,Fragmentation,audio,1972,Brockwood Park,kft_pdf_youtube,primary,https://youtu.be/6LHvxHpZcMk,6LHvxHpZcMk,Audio | J. Krishnamurti – Brockwood Park 1972 – School Discussion 7 – Fragmentation,audio,1.0
BR72DSS1.08,Seeing a fact together,audio,1972,Brockwood Park,kft_pdf_youtube,primary,https://youtu.be/8AZert8-YRw,8AZert8-YRw,Audio | J. Krishnamurti – Brockwood Park 1972 – School Discussion 8 – Seeing a fact together,audio,1.0
BR72DSS1.09,The danger of hurts,audio,1972,Brockwood Park,kft_pdf_youtube,primary,https://youtu.be/YrJWW2I1Yhw,YrJWW2I1Yhw,Audio | J. Krishnamurti – Brockwood Park 1972 – School Discussion 9 – The danger of hurts,audio,1.0
BR72DSS1.10,Love and beauty,audio,1972,Brockwood Park,kft_pdf_youtube,primary,https://youtu.be/oM2TFp3WNAs,oM2TFp3WNAs,Audio | J. Krishnamurti – Brockwood Park 1972 – School Discussion 10 – Love and beauty,audio,1.0
BR72DT2.0,A flame of seriousness,audio,1972,Brockwood Park,kft_pdf_youtube,primary,https://youtu.be/-EPAFCGQKiA,-EPAFCGQKiA,Audio | J. Krishnamurti – Brockwood Park 1972 – School Discussion (Teachers) – A flame of...,audio,1.0
BR72DSS2.1,Why Brockwood exists,audio,1972,Brockwood Park,kft_pdf_youtube,primary,https://youtu.be/0zbkho3dpWI,0zbkho3dpWI,Audio | J. Krishnamurti – Brockwood Park 1972 – School Discussion 1 – Why Brockwood exists,audio,1.0
BR72DSS2.2,Division is deadly,audio,1972,Brockwood Park,kft_pdf_youtube,primary,https://youtu.be/fifWcwXb_s8,fifWcwXb_s8,Audio | J. Krishnamurti – Brockwood Park 1972 – School Discussion 2 – Division is deadly,audio,1.0
BR72DSS2.3,Communication without the blockage of images,audio,1972,Brockwood Park,kft_pdf_youtube,primary,https://youtu.be/dNELlJl__o8,dNELlJl__o8,Audio | J. Krishnamurti – Brockwood Park 1972 – School Discus. 3 – Communication without the...,audio,1.0
BR72DSS2.4,Is life a battle?,audio,1972,Brockwood Park,kft_pdf_youtube,primary,https://youtu.be/I2myR5cRc1c,I2myR5cRc1c,Audio | J. Krishnamurti – Brockwood Park 1972 – School Discussion 4 – Is life a battle?,audio,1.0
BR72DSS2.5,Fear of death,audio,1972,Brockwood Park,kft_pdf_youtube,primary,https://youtu.be/rTkeQa53UZo,rTkeQa53UZo,Audio | J. Krishnamurti – Brockwood Park 1972 – School Discussion 5 – Fear of death,audio,1.0
BR72DSS2.6,What is your responsibility in a sick society?,audio,1972,Brockwood Park,kft_pdf_youtube,primary,https://youtu.be/CvzQWIxA2NI,CvzQWIxA2NI,Audio | J. Krishnamurti – Brockwood Park 1972 – School Discus. 6 – What is your responsibility in...,audio,1.0
BR72DSS2.7,Listening without resistance,audio,1972,Brockwood Park,kft_pdf_youtube,primary,https://youtu.be/zjE3TvzR_SM,zjE3TvzR_SM,Audio | J. Krishnamurti – Brockwood Park 1972 – School Discussion 7 –  Listening without resistance,audio,1.0
BR73DSS,Don’t be smothered by the world,audio,1973,Brockwood Park,kft_pdf_youtube,primary,https://youtu.be/U0URcrjfiD4,U0URcrjfiD4,Audio | J. Krishnamurti – Brockwood Park 1973 – School Discussion – Don’t be smothered by the world,audio,1.0
BR73DSS1.01,What place has knowledge in the transformation of society and man?,audio,1973,Brockwood Park,kft_pdf_youtube,primary,https://youtu.be/aGhtrZI4cLs,aGhtrZI4cLs,J. Krishnamurti - Brockwood Park 1981 - Teachers Discussion 1 - What place has knowledge in life?,audio,1.0
BR73DSS1.02,Images in relationship,audio,1973,Brockwood Park,,,,,,,
BR73DSS1.03,The pressure of authority,audio,1973,Brockwood Park,kft_pdf_youtube,primary,https://youtu.be/vJwM5Y4jtYA,vJwM5Y4jtYA,Audio | J. Krishnamurti - Brockwood Park 1973 - School Discussion 3 - The pressure of authority,audio,1.0
BR73DT1.2,Unconditioning yourself and the student while teaching,audio,1973,Brockwood Park,kft_pdf_youtube,primary,https://youtu.be/WlaKzVXgt5A,WlaKzVXgt5A,Audio | J. Krishnamurti – Brockwood Park 1973 – School Discus. (Teachers) 2 –  Unconditioning...,audio,1.0
BR73DSS1.04,Affection and responsibility,audio,1973,Brockwood Park,kft_pdf_youtube,primary,https://youtu.be/AQK06RhHPVM,AQK06RhHPVM,Audio | J. Krishnamurti - Brockwood Park 1973 - School Discussion 4 - Affection and responsibility,audio,1.0
BR73DT1.3,The place of knowledge,audio,1973,Brockwood Park,kft_pdf_youtube,primary,https://youtu.be/trWDLsYH6_s,trWDLsYH6_s,Audio | J. Krishnamurti – Brockwood Park 1973 – School Discussion (Teachers) 3 – The place of...,audio,1.0
BR73DT1.4,Sanity in an insane world,audio,1973,Brockwood Park,kft_pdf_youtube,primary,https://youtu.be/eO-xmKNKT84,eO-xmKNKT84,Audio | J. Krishnamurti – Brockwood Park 1973 – School Discus. (Teachers) 4 – Sanity in an insane...,audio,1.0
BR73DSS1.05,Meditation,audio,1973,Brockwood Park,kft_pdf_youtube,primary,https://youtu.be/WfaXDsBe1XA,WfaXDsBe1XA,Audio | J. Krishnamurti - Brockwood Park 1973 - School Discussion 5 - Meditation,audio,1.0
BR73DSS1.06,Perpetual learning is real revolution,audio,1973,Brockwood Park,kft_pdf_youtube,primary,https://youtu.be/qo-6XgSgIVY,qo-6XgSgIVY,Audio | J. Krishnamurti - Brockwood Park 1973 - School Discussion 6 - Perpetual learning is real...,audio,1.0
BR73DSS1.07,Wanting to be different is still the same,audio,1973,Brockwood Park,kft_pdf_youtube,primary,https://youtu.be/6dXBF2daVA8,6dXBF2daVA8,Audio | J. Krishnamurti - Brockwood Park 1973 - School Discussion 7 - Wanting to be different...,audio,1.0
BR73DSS1.08,Total attention,audio,1973,Brockwood Park,kft_pdf_youtube,primary,https://youtu.be/ejPXBH6h0hQ,ejPXBH6h0hQ,Audio | J. Krishnamurti - Brockwood Park 1973 - School Discussion 8 - Total attention,audio,1.0
BR73DSS1.09,Living sanely in this insane world,audio,1973,Brockwood Park,kft_pdf_youtube,primary,https://youtu.be/IudWoayipB0,IudWoayipB0,Audio | J. Krishnamurti - Brockwood Park 1973 - School Discussion 9 - Living sanely in this...,audio,1.0
BR73DSS1.10,"Love, relationship and images - 1",audio,1973,Brockwood Park,,,,,,,
BR73DSS1.11,"Love, relationship and images - 2",audio,1973,Brockwood Park,,,,,,,
BR73DSS1.12,Pleasure and pain,audio,1973,Brockwood Park,kft_pdf_youtube,primary,https://youtu.be/T23nM4gJRpw,T23nM4gJRpw,Audio | J. Krishnamurti - Brockwood Park 1973 - School Discussion 12 - Pleasure and pain,audio,1.0
BR74DSS1.1,The nature of compulsion,audio,1974,Brockwood Park,kft_pdf_youtube,primary,https://youtu.be/hhZ7z469JdU,hhZ7z469JdU,Audio | J. Krishnamurti - Brockwood Park 1974 - School Discussion 1 - The nature of compulsion,audio,1.0
BR74DSS1.2,Never to be hurt,audio,1974,Brockwood Park,kft_pdf_youtube,primary,https://youtu.be/SN4nkzhwbEo,SN4nkzhwbEo,Audio | J. Krishnamurti - Brockwood Park 1974 - School Discussion 2 - Never to be hurt,audio,1.0
BR74DSS1.3,Thought creates fear,audio,1974,Brockwood Park,kft_pdf_youtube,primary,https://youtu.be/L0T7rcoIzKE,L0T7rcoIzKE,Audio | J. Krishnamurti - Brockwood Park 1974 - School Discussion 3 - Thought creates fear,audio,1.0
BR74DSS1.4,The problem of influence,audio,1974,Brockwood Park,kft_pdf_youtube,primary,https://youtu.be/apx-f0RheqU,apx-f0RheqU,Audio | J. Krishnamurti - Brockwood Park 1974 - School Discussion 4 - The problem of influence,audio,1.0
BR74DSS1.5,Consciousness and attention,audio,1974,Brockwood Park,kft_pdf_youtube,primary,https://youtu.be/8-K0yRoZhNY,8-K0yRoZhNY,Audio | J. Krishnamurti - Brockwood Park 1974 - School Discussion 5 - Consciousness and attention,audio,1.0
BR74DSS1.6,Death and intelligence,audio,1974,Brockwood Park,kft_pdf_youtube,primary,https://youtu.be/DpTQLAGU9eo,DpTQLAGU9eo,Audio | J. Krishnamurti - Brockwood Park 1974 - School Discussion 6 - Death and intelligence,audio,1.0
BR74DSS1.7,The field of thought,audio,1974,Brockwood Park,kft_pdf_youtube,primary,https://youtu.be/YIWnDb-rFfw,YIWnDb-rFfw,Audio | J. Krishnamurti - Brockwood Park 1974 - School Discussion 7 - The field of thought,audio,1.0
BR74DSS1.8,Order and disorder,audio,1974,Brockwood Park,kft_pdf_youtube,primary,https://youtu.be/iUpYbNyzjfo,iUpYbNyzjfo,Audio | J. Krishnamurti - Brockwood Park 1974 - School Discussion 8 - Order and disorder,audio,1.0
BR75DSS1.01,Freedom to learn,audio,1975,Brockwood Park,kft_pdf_youtube,primary,https://youtu.be/Z9cWN4Og-rc,Z9cWN4Og-rc,Audio | J. Krishnamurti – Brockwood Park 1975 – School Discussion 1 – Freedom to learn,audio,1.0
BR75DSS1.02,Authority and influence,audio,1975,Brockwood Park,kft_pdf_youtube,primary,https://youtu.be/uzDgI30K9Mk,uzDgI30K9Mk,Audio | J. Krishnamurti – Brockwood Park 1975 – School Discussion 2 – Authority and influence,audio,1.0
BR75DSS1.03,What is the most important thing in life?,audio,1975,Brockwood Park,kft_pdf_youtube,primary,https://youtu.be/zEa7jdgm39g,zEa7jdgm39g,Audio | J. Krishnamurti – Brockwood Park 1975 – School Discussion 3 – What is the most important...,audio,1.0
BR75DSS1.04,Excellence,audio,1975,Brockwood Park,kft_pdf_youtube,primary,https://youtu.be/O-ey_ATgQnk,O-ey_ATgQnk,Audio | J. Krishnamurti – Brockwood Park 1975 – School Discussion 4 – Excellence,audio,1.0
BR75DSS1.05,Like and dislike,audio,1975,Brockwood Park,kft_pdf_youtube,primary,https://youtu.be/8yVoHUYoPoA,8yVoHUYoPoA,Audio | J. Krishnamurti – Brockwood Park 1975 – School Discussion 5 – Like and dislike,audio,1.0
BR75DSS1.06,Meditation and yoga,audio,1975,Brockwood Park,kft_pdf_youtube,primary,https://youtu.be/6VWgZFu0vbc,6VWgZFu0vbc,Audio | J. Krishnamurti – Brockwood Park 1975 – School Discussion 6 – Meditation and yoga,audio,1.0
BR75DSS1.07,Thinking,audio,1975,Brockwood Park,kft_pdf_youtube,primary,https://youtu.be/rWW5LE-K87w,rWW5LE-K87w,Audio | J. Krishnamurti – Brockwood Park 1975 – School Discussion 7 – Thinking,audio,1.0
BR75DSS1.08,The untidy mind,audio,1975,Brockwood Park,kft_pdf_youtube,primary,https://youtu.be/0vIbkUXgBV8,0vIbkUXgBV8,Audio | J. Krishnamurti – Brockwood Park 1975 – School Discussion 8 – The untidy mind,audio,1.0
BR75DSS1.09,What silence is,audio,1975,Brockwood Park,kft_pdf_youtube,primary,https://youtu.be/XMaT_0b8OhE,XMaT_0b8OhE,Audio | J. Krishnamurti – Brockwood Park 1975 – School Discussion 9 – What silence is,audio,1.0
BR75DSS1.10,Death and ending,audio,1975,Brockwood Park,kft_pdf_youtube,primary,https://youtu.be/0fct_W0JGdA,0fct_W0JGdA,Audio | J. Krishnamurti – Brockwood Park 1975 – School Discussion 10 – Death and ending,audio,1.0
BR75DSS1.11,What will change man?,audio,1975,Brockwood Park,kft_pdf_youtube,primary,https://youtu.be/goPHJlKUkmU,goPHJlKUkmU,Audio | J. Krishnamurti – Brockwood Park 1975 – School Discussion 11 – What will change man?,audio,1.0
BR75DSS1.12,The superficial mind,audio,1975,Brockwood Park,kft_pdf_youtube,primary,https://youtu.be/sfjqiukZ1dE,sfjqiukZ1dE,Audio | J. Krishnamurti – Brockwood Park 1975 – School Discussion 12 – The superficial mind,audio,1.0
BR75DSS1.13,Respect,audio,1975,Brockwood Park,kft_pdf_youtube,primary,https://youtu.be/YOlcy18sN0Y,YOlcy18sN0Y,Audio | J. Krishnamurti – Brockwood Park 1975 – School Discussion 13 – Respect,audio,1.0
BR75DSS1.14,The whole content of my consciousness is me,audio,1975,Brockwood Park,kft_pdf_youtube,primary,https://youtu.be/SW1QwslQY7Y,SW1QwslQY7Y,Audio | J. Krishnamurti – Brockwood Park 1975 – School Discussion 14 – The whole content of my...,audio,1.0
BR75DSS1.15,Knowledge does not change man,audio,1975,Brockwood Park,kft_pdf_youtube,primary,https://youtu.be/3FWhLTEQBMs,3FWhLTEQBMs,Audio | J. Krishnamurti – Brockwood Park 1975 – School Discussion 15 – Knowledge does not change man,audio,1.0
BR76DT1,What is my relationship with the students?,video,1976,Brockwood Park,kft_pdf_youtube,primary,https://youtu.be/uYd0-PKpNPU,uYd0-PKpNPU,J. Krishnamurti - Brockwood Park 1976 - School Discussion (Teachers) 1 - What is my...,video,1.0
BR76DT2,How do you bring about order without authority?,video,1976,Brockwood Park,kft_pdf_youtube,primary,https://youtu.be/ptGSQNiYv8o,ptGSQNiYv8o,J. Krishnamurti - Brockwood Park 1976 - School Discussion (Teachers) 2 - How do you...,video,1.0
BR76DT3,In the ending of violence is the flowering of intelligence,video,1976,Brockwood Park,kft_pdf_youtube,primary,https://youtu.be/XdbiAqy04N4,XdbiAqy04N4,J. Krishnamurti - Brockwood Park 1976 - School Discussion (Teachers) 3 - In the ending of...,video,1.0
BR76DT4,Intelligence is to see something very clearly and act instantly,video,1976,Brockwood Park,kft_pdf_youtube,primary,https://youtu.be/QwWMd7Aa2ms,QwWMd7Aa2ms,J. Krishnamurti - Brockwood Park 1976 - School Discussion (Teachers) 4 - Intelligence is to...,video,1.0
BR76DT5,Investigating fear,video,1976,Brockwood Park,kft_pdf_youtube,primary,https://youtu.be/k80Xc0zOwzM,k80Xc0zOwzM,J. Krishnamurti - Brockwood Park 1976 - School Discussion (Teachers) 5 - Investigating fear,video,1.0
BR76DT6,Do we see the importance of the radical transformation of the human mind?,video,1976,Brockwood Park,kft_pdf_youtube,primary,https://youtu.be/OG90sqy1nUA,OG90sqy1nUA,J. Krishnamurti - Brockwood Park 1976 - School Discussion (Teachers) 6 - Do we see...,video,1.0
BR76DSS2.1,Acting without contradiction,video,1976,Brockwood Park,kft_pdf_youtube,primary,https://youtu.be/Ub3QzppCw_k,Ub3QzppCw_k,J. Krishnamurti - Brockwood Park 1976 - School Discussion 1 - Acting without contradiction,video,1.0
BR76DSS2.2,Is there a different way of helping the student to learn?,video,1976,Brockwood Park,kft_pdf_youtube,primary,https://youtu.be/qxcu2WG8yG4,qxcu2WG8yG4,J. Krishnamurti - Brockwood Park 1976 - School Discussion 2 - Is there a different way of helping...,video,1.0
BR76DSS2.3,What is love?,video,1976,Brockwood Park,kft_pdf_youtube,primary,https://youtu.be/orx5urVQx3M,orx5urVQx3M,J. Krishnamurti - Brockwood Park 1976 - School Discussion 3 - What is love?,video,1.0
BR76DSS2.4,"If you radically, psychologically change, you affect the consciousness of the world",video,1976,Brockwood Park,kft_pdf_youtube,primary,https://youtu.be/umR2cLveVWE,umR2cLveVWE,J. Krishnamurti - Brockwood Park 1976 - School Discussion 4 - If you radically...,video,1.0
BR76DSS2.5,Inward flowering,video,1976,Brockwood Park,kft_pdf_youtube,primary,https://youtu.be/F9wVX_-JLhM,F9wVX_-JLhM,J. Krishnamurti - Brockwood Park 1976 - School Discussion 5 - Inward flowering,video,1.0
BR76DSS2.6,Can the constant movement of thought come to an end?,video,1976,Brockwood Park,kft_pdf_youtube,primary,https://youtu.be/ob1AKqiKLpM,ob1AKqiKLpM,J. Krishnamurti - Brockwood Park 1976 - School Discussion 6 - Can the constant movement...,video,1.0
BR77DSS1.1,"Sex, money, power and relationship",video,1977,Brockwood Park,kft_pdf_youtube,primary,https://youtu.be/1k2vcapHO2U,1k2vcapHO2U,"J. Krishnamurti - Brockwood Park 1977 - School Discussion 1 - Sex, money, power and relationship",video,1.0
BR77DSS1.2,"Order, influence, intelligence and watching",video,1977,Brockwood Park,kft_pdf_youtube,primary,https://youtu.be/PR9LUwCKzIg,PR9LUwCKzIg,"J. Krishnamurti - Brockwood Park 1977 - School Discussion 2 - Order, influence, intelligence and...",video,1.0
BR77DSS2.1,What is the common factor amongst all of us?,video,1977,Brockwood Park,kft_pdf_youtube,primary,https://youtu.be/fJwel-M41N8,fJwel-M41N8,J. Krishnamurti - Brockwood Park 1977 - School Discussion 1 - What is the common factor...,video,1.0
BR77DSS2.2,Are you aware that you are conditioned?,video,1977,Brockwood Park,kft_pdf_youtube,primary,https://youtu.be/6gEEyPD9GhU,6gEEyPD9GhU,J. Krishnamurti - Brockwood Park 1977 - School Discussion 2 - Are you aware that you...,video,1.0
BR77DSS2.3,"Freedom, authority and responsibility",video,1977,Brockwood Park,kft_pdf_youtube,primary,https://youtu.be/ECV6Z9RQza0,ECV6Z9RQza0,"J. Krishnamurti - Brockwood Park 1977 - School Discussion 3 - Freedom, authority and responsibility",video,1.0
BR77DSS2.4,Why does the brain register?,video,1977,Brockwood Park,kft_pdf_youtube,primary,https://youtu.be/kfYBvGh6C74,kfYBvGh6C74,J. Krishnamurti - Brockwood Park 1977 - School Discussion 4 - Why does the brain register?,video,1.0
BR77DSS2.5,Is there a way of living with no shadow of fear?,video,1977,Brockwood Park,kft_pdf_youtube,primary,https://youtu.be/W3rSpPZzdpw,W3rSpPZzdpw,J. Krishnamurti - Brockwood Park 1977 - School Discussion 5 - Is there a way of living with no...,video,1.0
BR77DSS2.6,The difference between duty and responsibility,video,1977,Brockwood Park,kft_pdf_youtube,primary,https://youtu.be/uytAjlcFLHM,uytAjlcFLHM,J. Krishnamurti - Brockwood Park 1977 - School Discussion 6 - The difference between duty and...,video,1.0
BR77DSS2.7,"The importance of living a life that is whole, not fragmented",video,1977,Brockwood Park,kft_pdf_youtube,primary,https://youtu.be/yUM7PgNkV50,yUM7PgNkV50,J. Krishnamurti - Brockwood Park 1977 - School Discussion 7 - The importance of living a...,video,1.0
BR77DSS2.8,Can the brain be aware of its movement of accumulation?,video,1977,Brockwood Park,kft_pdf_youtube,primary,https://youtu.be/iNuMktrLPO8,iNuMktrLPO8,J. Krishnamurti - Brockwood Park 1977 - School Discussion 8 - Can the brain be aware of its...,video,1.0
BR78DSS1.1,Can you give equal importance to all the things in your life?,video,1978,Brockwood Park,kft_pdf_youtube,primary,https://youtu.be/ChOszAnHD7w,ChOszAnHD7w,J. Krishnamurti - Brockwood Park 1978 - School Discussion 1 - Can you give equal...,video,1.0
BR78DSS1.2,Can thought bring about a life that is totally harmonious?,video,1978,Brockwood Park,kft_pdf_youtube,primary,https://youtu.be/Au4sW9GQyxw,Au4sW9GQyxw,J. Krishnamurti - Brockwood Park 1978 - School Discussion 2 - Can thought bring about a life...,video,1.0
BR78DSS1.3,What is the essence of relationship?,video,1978,Brockwood Park,kft_pdf_youtube,primary,https://youtu.be/NoZB6lSA_F0,NoZB6lSA_F0,J. Krishnamurti - Brockwood Park 1978 - School Discussion 3 - What is the essence of relationship?,video,1.0
BR78DSS1.4,Can you learn about yourself totally independently from others?,video,1978,Brockwood Park,kft_pdf_youtube,primary,https://youtu.be/mDRMKSOUgWo,mDRMKSOUgWo,J. Krishnamurti - Brockwood Park 1978 - School Discussion 4 - Can you learn about yourself...,video,1.0
BR78DSS1.5,Why do we make sex into a problem?,video,1978,Brockwood Park,kft_pdf_youtube,primary,https://youtu.be/N4L1egyo68I,N4L1egyo68I,J. Krishnamurti - Brockwood Park 1978 - School Discussion 5 - Why do we make sex into a problem?,video,1.0
BR78DSS2.1,Is there an awakening of intelligence in you?,video,1978,Brockwood Park,kft_pdf_youtube,primary,https://youtu.be/yxh2oQBLdMQ,yxh2oQBLdMQ,J. Krishnamurti - Brockwood Park 1978 - School Discussion 1 - Is there an awakening of...,video,1.0
BR78DSS2.2,Intelligence is not personal,video,1978,Brockwood Park,kft_pdf_youtube,primary,https://youtu.be/9VL4nJrRyY0,9VL4nJrRyY0,J. Krishnamurti - Brockwood Park 1978 - School Discussion 2 - Intelligence is not personal,video,1.0
BR78DT1,What is intelligent action?,video,1978,Brockwood Park,kft_pdf_youtube,primary,https://youtu.be/fqbq6FBtdwI,fqbq6FBtdwI,J. Krishnamurti -  Brockwood Park 1978 - Teachers Discussion 1 - What is intelligent action?,video,1.0
BR78DSS2.3,Desire,video,1978,Brockwood Park,kft_pdf_youtube,primary,https://youtu.be/2w7-XLfA5L8,2w7-XLfA5L8,Audio | J. Krishnamurti & David Bohm - Brockwood Park 1975 - 4: How does desire arise...,audio,1.0
BR78DSS2.4,The flame of discontent,video,1978,Brockwood Park,kft_pdf_youtube,primary,https://youtu.be/XgTK50qtw1w,XgTK50qtw1w,J. Krishnamurti - Brockwood Park 1978 - School Discussion 4 - The flame of discontent,video,1.0
BR79DSS1.1,Preoccupation and security,audio,1979,Brockwood Park,kft_pdf_youtube,primary,https://youtu.be/4-1Yz9jNqt8,4-1Yz9jNqt8,Audio | J. Krishnamurti – Brockwood Park 1979 – School Discussion 1 – Preoccupation and security,audio,1.0
BR79DSS1.2,On being good,video,1979,Brockwood Park,kft_pdf_youtube,primary,https://youtu.be/4DlVHzf4nNI,4DlVHzf4nNI,J. Krishnamurti - Brockwood Park 1979 - School Discussion 2 - On being good,video,1.0
BR79DSS1.3,What has man made of himself psychologically?,audio,1979,Brockwood Park,kft_pdf_youtube,primary,https://youtu.be/51ztr6_SiDs,51ztr6_SiDs,Audio | J. Krishnamurti – Brockwood Park 1979 – School Discus. 3 – What has man made of himself...,audio,1.0
BR79DSS1.4,What is the purpose of life?,audio,1979,Brockwood Park,kft_pdf_youtube,primary,https://youtu.be/2fEMHzDOSQo,2fEMHzDOSQo,Audio | J. Krishnamurti – Brockwood Park 1979 – School Discussion 4 – What is the purpose of life?,audio,1.0
BR79DSS1.5,Why is the mind always occupied?,video,1979,Brockwood Park,kft_pdf_youtube,primary,https://youtu.be/vYTTyJfaO6Q,vYTTyJfaO6Q,J. Krishnamurti - Brockwood Park 1979 - School Discussion 5 - Why is the mind always occupied?,video,1.0
BR79DT2.1,The relationship between teacher and student,video,1979,Brockwood Park,,,,,,,
BR79DT2.2,We have divided life as the outer and the inner,video,1979,Brockwood Park,kft_pdf_youtube,primary,https://youtu.be/8EieC1PulEY,8EieC1PulEY,J. Krishnamurti - Brockwood Park 1979 - Discus. 2 - We have divided life as the outer and the inner,video,1.0
BR79DT2.3,The art of listening,video,1979,Brockwood Park,kft_pdf_youtube,primary,https://youtu.be/Dsmd7B0BtIg,Dsmd7B0BtIg,"Audio | J. Krishnamurti – Brockwood Park 1974 – Teacher Discus. 4 – The art of listening, the art...",audio,1.0
BR79DSS1.6,Thinking together,video,1979,Brockwood Park,kft_pdf_youtube,primary,https://youtu.be/dXd-fyydKqw,dXd-fyydKqw,J. Krishnamurti - Brockwood Park 1979 - School Discussion 6 - Thinking together,video,1.0
BR79DSS2.1,Freedom and responsibility,video,1979,Brockwood Park,kft_pdf_youtube,primary,https://youtu.be/rOLC_H3TB5Y,rOLC_H3TB5Y,J. Krishnamurti - Brockwood Park 1979 - School Discussion 1 - Freedom and responsibility,video,1.0
BR79DSS2.2,What does it mean to live an intelligent life?,video,1979,Brockwood Park,kft_pdf_youtube,primary,https://youtu.be/1eMOgRQEThw,1eMOgRQEThw,J. Krishnamurti - Brockwood Park 1979 - School Discussion 2 - What does it mean to live an...,video,1.0
BR80DSS1.1,Intelligence is to observe authority not revolt against it,video,1980,Brockwood Park,kft_pdf_youtube,primary,https://youtu.be/oQZkweUBj24,oQZkweUBj24,J. Krishnamurti - Brockwood Park 1980 - School Discussion 1 - Intelligence is to observe...,video,1.0
BR80DSS1.2,Are we helping each other not to be mediocre?,video,1980,Brockwood Park,kft_pdf_youtube,primary,https://youtu.be/FwvDC36m5uU,FwvDC36m5uU,J. Krishnamurti - Brockwood Park 1980 - School Discussion 2 - Are we helping each other...,video,1.0
BR80DSS1.3,What is desire and what is thinking?,audio,1980,Brockwood Park,kft_pdf_youtube,primary,https://youtu.be/QSIMChvkPHo,QSIMChvkPHo,J. Krishnamurti - Brockwood Park 1978 - School Discussion 3 - Desire,audio,1.0
BR80DSS1.4,Is there such thing as right action?,audio,1980,Brockwood Park,kft_pdf_youtube,primary,https://youtu.be/SDnewArQcdI,SDnewArQcdI,Audio | J. Krishnamurti – Brockwood Park 1980 – School Discussion 4 – Is there such thing as...,audio,1.0
BR80DT2.1,Do we want a children’s school at Brockwood?,video,1980,Brockwood Park,kft_pdf_youtube,primary,https://youtu.be/_iiCa1OzzBg,_iiCa1OzzBg,J. Krishnamurti - Brockwood Park 1980 - Teachers Discussion 1 - Do we want a children’s school at...,video,1.0
BR80DT2.2,Do we think together?,video,1980,Brockwood Park,kft_pdf_youtube,primary,https://youtu.be/rNCQVK08HEs,rNCQVK08HEs,J. Krishnamurti - Brockwood Park 1980 - Teachers Discussion 2 - Do we think together?,video,1.0
BR80DT2.3,On cooperation and feeling isolated,audio,1980,Brockwood Park,kft_pdf_youtube,primary,https://youtu.be/KcRjqzMkRuo,KcRjqzMkRuo,Audio | J. Krishnamurti – Brockwood Park 1980 – School Discussion 3 – On cooperation and feeling,audio,1.0
BR80DT2.4,Investigating the burden of anxiety,audio,1980,Brockwood Park,kft_pdf_youtube,primary,https://youtu.be/0PxSTELppsQ,0PxSTELppsQ,Audio | J. Krishnamurti – Brockwood Park 1980 – School Discussion 4 – Investigating the burden of...,audio,1.0
BR80DT2.5,On being limited and having problems,audio,1980,Brockwood Park,kft_pdf_youtube,primary,https://youtu.be/Yrd9PKC0mR4,Yrd9PKC0mR4,Audio | J. Krishnamurti – Brockwood Park 1980 – School Discussion 5 – On being limited and having...,audio,1.0
BR80DSS2.1,Is it possible to grow up without any kind of fear?,audio,1980,Brockwood Park,kft_pdf_youtube,primary,https://youtu.be/84yCEJEPJ9c,84yCEJEPJ9c,Audio | J. Krishnamurti – Brockwood Park 1980 – School Discussion 1 – Is it possible to grow up...,audio,1.0
BR80DT2.6,Where there is a psychological image you inevitably produce conflict,audio,1980,Brockwood Park,kft_pdf_youtube,primary,https://youtu.be/1zZJ0NvpW7k,1zZJ0NvpW7k,Audio | J. Krishnamurti – Brockwood Park 1980 – School Discus. 6 – Where there is a psychological...,audio,1.0
BR80DT2.7,Do we want a school where leisure is used for a serious purpose?,audio,1980,Brockwood Park,kft_pdf_youtube,primary,https://youtu.be/2Qs50Ze9O-s,2Qs50Ze9O-s,Audio | J. Krishnamurti – Brockwood Park 1980 – School Discus. 7 – Do we want a school where...,audio,1.0
BR80DSS2.2,Why don't we flower?,video,1980,Brockwood Park,kft_pdf_youtube,primary,https://youtu.be/ix16ORgTrk4,ix16ORgTrk4,J. Krishnamurti - Brockwood Park 1980 - School Discussion 2 - Why don't we flower?,video,1.0
BR80DSG2.0,Thought is the beginning of desire,video,1980,Brockwood Park,kft_pdf_youtube,primary,https://youtu.be/qmV4f95ggL4,qmV4f95ggL4,J. Krishnamurti - Brockwood Park 1980 - Small Group Discussion - Thought is the beginning of desire,video,1.0
BR80DT2.8,What is the intention of Brockwood if we don’t have young students?,audio,1980,Brockwood Park,kft_pdf_youtube,primary,https://youtu.be/n34p7CAlX90,n34p7CAlX90,Audio | J. Krishnamurti – Brockwood Park 1980 – School Discus. 8 – What is the intention of...,audio,1.0
BR81DSS1,Why are we being educated?,audio,1981,Brockwood Park,kft_pdf_youtube,primary,https://youtu.be/T51Rv43I7ik,T51Rv43I7ik,Audio | J. Krishnamurti – Brockwood Park 1981 – School Discussion 1 – Why are we being educated?,audio,1.0
BR81DT1,What place has knowledge in life?,video,1981,Brockwood Park,,,,,,,
BR81DT2,Is it possible to end conflict?,video,1981,Brockwood Park,kft_pdf_youtube,primary,https://youtu.be/w35MNZaFRaw,w35MNZaFRaw,J. Krishnamurti - Brockwood Park 1981 - Teachers Discussion 2 - Is it possible to end conflict?,video,1.0
BR81DT3,Is there a deep change taking place in us?,video,1981,Brockwood Park,kft_pdf_youtube,primary,https://youtu.be/XVjqtYlrUCQ,XVjqtYlrUCQ,J. Krishnamurti - Brockwood Park 1981 - Teachers Discussion 3 - Is there a deep change...,video,1.0
BR81DSS2,Thought and knowledge,video,1981,Brockwood Park,kft_pdf_youtube,primary,https://youtu.be/C7i0SOO3NPs,C7i0SOO3NPs,J. Krishnamurti - Brockwood Park 1981 - School Discussion 2 - Thought and knowledge,video,1.0
BR81DT4,Leisure,video,1981,Brockwood Park,kft_pdf_youtube,primary,https://youtu.be/2BkeUeFr-Xs,2BkeUeFr-Xs,J. Krishnamurti - Brockwood Park 1981 - Teachers Discussion 4 - Leisure,video,1.0
BR81DT5,What is the quality of your mind?,video,1981,Brockwood Park,kft_pdf_youtube,primary,https://youtu.be/s6RPqVRqcWw,s6RPqVRqcWw,J. Krishnamurti - Brockwood Park 1981 - Teachers Discussion 5 - What is the quality of your mind?,video,1.0
BR81DSS3,Why haven't we been able to resolve our problems?,video,1981,Brockwood Park,kft_pdf_youtube,primary,https://youtu.be/OHCjVxjSfy8,OHCjVxjSfy8,J. Krishnamurti - Brockwood Park 1981 - School Discussion 3 - Why haven't we been able to...,video,1.0
BR81DT6,Individuality,video,1981,Brockwood Park,kft_pdf_youtube,primary,https://youtu.be/9M19pmdAyNQ,9M19pmdAyNQ,J. Krishnamurti - Brockwood Park 1981 - Teachers Discussion 6 - Individuality,video,1.0
BR82DSS1.1,Can you live without a single problem?,video,1982,Brockwood Park,kft_pdf_youtube,primary,https://youtu.be/5BCWlo33Fns,5BCWlo33Fns,J. Krishnamurti - Brockwood Park 1982 - School Discussion 1 - Can you live without a single problem?,video,1.0
BR82DSS1.2,Opposites,video,1982,Brockwood Park,kft_pdf_youtube,primary,https://youtu.be/XunWY9QqrBk,XunWY9QqrBk,J. Krishnamurti - Brockwood Park 1982 - School Discussion 2 - Opposites,video,1.0
BR82DSS1.3,Is there energy which is not at all wasted?,audio,1982,Brockwood Park,kft_pdf_youtube,primary,https://youtu.be/Y2_ZTj9Bx-o,Y2_ZTj9Bx-o,Audio | J. Krishnamurti – Brockwood Park 1982 – School Discus. 3 – Is there energy which is not...,audio,1.0
BR82DSS1.4,What are the factors that bring about a good human being?,audio,1982,Brockwood Park,kft_pdf_youtube,primary,https://youtu.be/pNiWkYvHekM,pNiWkYvHekM,Audio | J. Krishnamurti – Brockwood Park 1982 – School Discus. 4 – What are the factors that...,audio,1.0
BR82DSS2.1,Love has no hurt,audio,1982,Brockwood Park,kft_pdf_youtube,primary,https://youtu.be/dK7x_l8Q5Qg,dK7x_l8Q5Qg,Audio | J. Krishnamurti – Brockwood Park 1982 – School Discussion 1 – Love has no hurt,audio,1.0
BR82DT,To educate is to bring about a new generation,video,1982,Brockwood Park,kft_pdf_youtube,primary,https://youtu.be/PEGG5VbLbkk,PEGG5VbLbkk,J. Krishnamurti - Brockwood Park 1982 - Teachers Discussion - To educate is to bring about a new...,video,1.0
BR82DSS2.2,Self-centredness,video,1982,Brockwood Park,kft_pdf_youtube,primary,https://youtu.be/mC-xGIYJigM,mC-xGIYJigM,J. Krishnamurti - Brockwood Park 1982 - School Discussion 2 - Self-centredness,video,1.0
BR82DSS2.3,Discovering something totally new,video,1982,Brockwood Park,kft_pdf_youtube,primary,https://youtu.be/6wHmMy72IeE,6wHmMy72IeE,J. Krishnamurti - Brockwood Park 1982 - School Discussion 3 - Discovering something totally new,video,1.0
BR83DSS1.1,What are the factors of jealousy?,audio,1983,Brockwood Park,kft_pdf_youtube,primary,https://youtu.be/DoKL9I67gpk,DoKL9I67gpk,Audio | J. Krishnamurti – Brockwood Park 1983 – School Discussion 1 – What are the factors of...,audio,1.0
BR83DSS1.2,What will you do to have peace in the world?,audio,1983,Brockwood Park,kft_pdf_youtube,primary,https://youtu.be/A64Vtp33Mcc,A64Vtp33Mcc,Audio | J. Krishnamurti – Brockwood Park 1983 – School Discussion 2 – What will you do to have...,audio,1.0
BR83DSS1.3,Conflict is a wastage of energy,video,1983,Brockwood Park,kft_pdf_youtube,primary,https://youtu.be/BEN94a7-jkc,BEN94a7-jkc,J. Krishnamurti - Brockwood Park 1983 - School Discussion 3 - Conflict is a wastage of energy,video,1.0
BR83DSS1.4,Can our brains not be programmed?,audio,1983,Brockwood Park,kft_pdf_youtube,primary,https://youtu.be/cqbmyYciYwk,cqbmyYciYwk,Audio | J. Krishnamurti – Brockwood Park 1983 – School Discussion 4 – Can our brains not be...,audio,1.0
BR83DSS1.5,How will you stop being mediocre?,video,1983,Brockwood Park,kft_pdf_youtube,primary,https://youtu.be/gMytRQL1eQc,gMytRQL1eQc,J. Krishnamurti - Brockwood Park 1983 - School Discussion 5 - How will you stop being mediocre?,video,1.0
BR83DSS1.6,What makes the brain deteriorate?,audio,1983,Brockwood Park,kft_pdf_youtube,primary,https://youtu.be/naOKI1O9xQw,naOKI1O9xQw,Audio | J. Krishnamurti – Brockwood Park 1983 – School Discussion 6 – What makes the brain...,audio,1.0
BR83DT2.1,Helping the students to meet the violence in the world,audio,1983,Brockwood Park,kft_pdf_youtube,primary,https://youtu.be/quIHh9O_4wg,quIHh9O_4wg,Audio | J. Krishnamurti – Brockwood Park 1983 - School Discus. 1 – Helping the students...,audio,1.0
BR83DSS2.0,Supreme intelligence is to have no illusions,video,1983,Brockwood Park,kft_pdf_youtube,primary,https://youtu.be/Xbzxylqn61s,Xbzxylqn61s,J. Krishnamurti – Brockwood Park 1983 – Supreme intelligence is to have no illusions,video,1.0
BR83DT2.2,Why can’t we think together?,video,1983,Brockwood Park,kft_pdf_youtube,primary,https://youtu.be/nsYtQCzVYiA,nsYtQCzVYiA,J. Krishnamurti - Brockwood Park 1983 - Teachers Discussion 2 - Why can’t we think together?,video,1.0
BR85DS1.1,What was your background like?,video,1985,Brockwood Park,kft_pdf_youtube,primary,https://youtu.be/Fr3g05aJZtA,Fr3g05aJZtA,J. Krishnamurti - Brockwood Park 1985 - Discussion with Students 1 - What was your background like?,video,1.0
BR85DS1.2,There is freedom when there is learning,video,1985,Brockwood Park,kft_pdf_youtube,primary,https://youtu.be/AR8iC4YJAI0,AR8iC4YJAI0,J. Krishnamurti - Brockwood Park 1985 - Discussion with Students 2 - There is freedom when there...,video,1.0
BR85DS1.3,Isn't comparison a form of violence?,video,1985,Brockwood Park,kft_pdf_youtube,primary,https://youtu.be/0nU5Tapp3W4,0nU5Tapp3W4,J. Krishnamurti - Brockwood Park 1985 - Discussion with Students 3 - Isn't comparison a form of...,video,1.0
RA65TS1,Why are you being educated?,audio,1965,Rajghat,kft_pdf_youtube,primary,https://youtu.be/c4AoFpdN3vE,c4AoFpdN3vE,Audio | J. Krishnamurti – Rajghat 1965 – School Talk (Students) 1 – Why are you being educated?,audio,1.0
RA65TS2,You can understand yourself very simply when you are quiet,audio,1965,Rajghat,kft_pdf_youtube,primary,https://youtu.be/PQXHsNV5WRs,PQXHsNV5WRs,Audio | J. Krishnamurti – Rajghat 1965 – School Talk (Students) 2 – You can understand yourself...,audio,1.0
RA65TS3,Why does one have to have order in life?,audio,1965,Rajghat,kft_pdf_youtube,primary,https://youtu.be/9UlTeD1qdV8,9UlTeD1qdV8,Audio | J. Krishnamurti – Rajghat 1965 – School Talk (Students)  3 – Why does one have to have...,audio,1.0
RA65TS4,To understand death we must understand living,audio,1965,Rajghat,kft_pdf_youtube,primary,https://youtu.be/NgQZAMN2ehE,NgQZAMN2ehE,Audio | J. Krishnamurti – Rajghat 1965 – School Talk (Students) 4 – To understand death we...,audio,1.0
RA67TS1.1,We must create a new social structure,audio,1967,Rajghat,kft_pdf_youtube,primary,https://youtu.be/K76iFYMoMYk,K76iFYMoMYk,Audio | J. Krishnamurti - Rajghat 1967 - School Talk (Students) 1 - We must create a new social...,audio,1.0
RA67TS1.2,Is it possible to bring about the unity of man?,audio,1967,Rajghat,kft_pdf_youtube,primary,https://youtu.be/4Y005F8EM10,4Y005F8EM10,Audio | J. Krishnamurti - Rajghat 1967 - School Talk (Students) 2 - Is it possible to bring about...,audio,1.0
RA67TS1.3,The world is divided by ideas and ideologies,audio,1967,Rajghat,kft_pdf_youtube,primary,https://youtu.be/Hd1-UkV1c78,Hd1-UkV1c78,Audio | J. Krishnamurti - Rajghat 1967 - School Talk (Students) 3 - The world is divided by ideas...,audio,1.0
RA69TS1,"The world is on fire, what is one to do?",audio,1969,Rajghat,kft_pdf_youtube,primary,https://youtu.be/dgRM6bfXyxI,dgRM6bfXyxI,"Audio | J. Krishnamurti - Rajghat 1969 - Students Talk 1 - The world is on fire, what is one to do?",audio,1.0
RA69TS2,Knowledge and love,audio,1969,Rajghat,kft_pdf_youtube,primary,https://youtu.be/Ow8YzB3j628,Ow8YzB3j628,Audio | J. Krishnamurti - Rajghat 1969 - School Talk (Students) 2 - Knowledge and love,audio,1.0
RA69DT,Can the mind function not in the old pattern?,audio,1969,Rajghat,kft_pdf_youtube,primary,https://youtu.be/oH9cqY6zvOc,oH9cqY6zvOc,Audio | J. Krishnamurti - Rajghat 1969 - Teachers Discussion - Can the mind function not in the...,audio,1.0
RA69TS3,Great freedom is needed to perceive truth,audio,1969,Rajghat,kft_pdf_youtube,primary,https://youtu.be/ifFrJkVFI4E,ifFrJkVFI4E,Audio | J. Krishnamurti - Rajghat 1969 - Students Talk 3 - Great freedom is needed to perceive truth,audio,1.0
BA74DT,A relationship where teacher and taught don’t exist,audio,1974,Bangalore,kft_pdf_youtube,primary,https://youtu.be/1COtFbVShDs,1COtFbVShDs,Audio | J. Krishnamurti - Bangalore 1974 - Teachers Discussion - A relationship where teacher and...,audio,1.0
RV78DT1,Is there a way of living not based on thought?,audio,1978,Rishi Valley,kft_pdf_youtube,primary,https://youtu.be/oTYopKvwhEY,oTYopKvwhEY,Audio | J. Krishnamurti – Rishi Valley 1978 – School Discus. 1 – Is there a way of living not...,audio,1.0
RV78DS1,Don’t compare yourself with anybody,audio,1978,Rishi Valley,kft_pdf_youtube,primary,https://youtu.be/WJn3QQaDIKg,WJn3QQaDIKg,Audio | J. Krishnamurti – Rishi Valley 1978 – School Discus. (Students) 1 – Don’t compare...,audio,1.0
RV78DT2,Learning the art of attention,audio,1978,Rishi Valley,kft_pdf_youtube,primary,https://youtu.be/AS7toG5FR1s,AS7toG5FR1s,Audio | J. Krishnamurti – Rishi Valley 1978 – School Discussion 2 – Learning the art of attention,audio,1.0
RV78DT3,"How will you, as educators, help the student to listen?",audio,1978,Rishi Valley,kft_pdf_youtube,primary,https://youtu.be/39VNJvPlwz4,39VNJvPlwz4,"Audio | J. Krishnamurti – Rishi Valley 1978 – School Discus. 3 – How will you, as educators, help...",audio,1.0
RV78DS2,Do you see the importance of not being frightened?,video,1978,Rishi Valley,kft_pdf_youtube,primary,https://youtu.be/zj5X1PweLYA,zj5X1PweLYA,J. Krishnamurti - Rishi Valley 1978 - School Discussion (Students) 2 - Do you see...,video,1.0
RV78DS3,Can you observe your thinking?,video,1978,Rishi Valley,kft_pdf_youtube,primary,https://youtu.be/0Yv0BKtgqpQ,0Yv0BKtgqpQ,J. Krishnamurti - Rishi Valley 1978 - School Discussion (Students) 3 - Can you...,video,1.0
RV78DT4,What will bring about total relationship in our life?,audio,1978,Rishi Valley,kft_pdf_youtube,primary,https://youtu.be/Al-A0-l1TPw,Al-A0-l1TPw,Audio | J. Krishnamurti – Rishi Valley 1978 – School Discussion 4 – What will bring about total...,audio,1.0
RV78DT5,What is our responsibility as educators and human beings?,audio,1978,Rishi Valley,kft_pdf_youtube,primary,https://youtu.be/SiUTnZnOavA,SiUTnZnOavA,Audio | J. Krishnamurti – Rishi Valley 1978 – School Discus. 5 – What is our responsibility as...,audio,1.0
RV78DS4,To behave rightly is to have consideration and respect,video,1978,Rishi Valley,kft_pdf_youtube,primary,https://youtu.be/5fdUfaTOiP8,5fdUfaTOiP8,J. Krishnamurti - Rishi Valley 1978 - School Discussion (Students) 4 - To behave rightly is...,video,1.0
RV78DS5,"Look at the human being, not the word",video,1978,Rishi Valley,kft_pdf_youtube,primary,https://youtu.be/6RTofNWQod0,6RTofNWQod0,J. Krishnamurti - Rishi Valley 1978 - School Discussion (Students) 5 - Look at the human...,video,1.0
RV78DT6,How can we bring about human beings who are flowering deeply?,audio,1978,Rishi Valley,kft_pdf_youtube,primary,https://youtu.be/B4Zj6k1eanc,B4Zj6k1eanc,Audio | J. Krishnamurti – Rishi Valley 1978 – School Discus. 6 – How can we bring about human...,audio,1.0
RV78DT7,How will you bring about a group of people who are helping each other to uncondition themselves?,audio,1978,Rishi Valley,kft_pdf_youtube,primary,https://youtu.be/60JwG4P8w4Q,60JwG4P8w4Q,Audio | J. Krishnamurti – Rishi Valley 1978 – School Discus. 7 – How will you bring about a...,audio,1.0
RV78DS6,Intelligence is total security,audio,1978,Rishi Valley,kft_pdf_youtube,primary,https://youtu.be/z6WKIypndVg,z6WKIypndVg,Audio | J. Krishnamurti – Rishi Valley 1978 – School Discus. (Students) 6 – Intelligence is total...,audio,1.0
RV78DS7,Love means having no fear,audio,1978,Rishi Valley,kft_pdf_youtube,primary,https://youtu.be/9VxWwg3vJ54,9VxWwg3vJ54,Audio | J. Krishnamurti – Rishi Valley 1978 – School Discus. (Students) 7 – Love means having no...,audio,1.0
RV79DS1,To be sensitive is to be aware of what you are doing,video,1979,Rishi Valley,kft_pdf_youtube,primary,https://youtu.be/IbnDqXep6-c,IbnDqXep6-c,J. Krishnamurti - Rishi Valley 1979 - School Discussion (Students) 1 - To be sensitive is to...,video,1.0
RV79DS2,Do you lead a life of hypocrisy?,audio,1979,Rishi Valley,kft_pdf_youtube,primary,https://youtu.be/hN7j17V4wc8,hN7j17V4wc8,Audio | J. Krishnamurti – Rishi Valley 1979 – School Discus. (Students) 2 – Do you lead a life of...,audio,1.0
RV79DS3,Can you be free of the image?,video,1979,Rishi Valley,kft_pdf_youtube,primary,https://youtu.be/TUxhieKOSFs,TUxhieKOSFs,J. Krishnamurti - Rishi Valley 1979 - School Discussion (Students) 3 - Can you be free of the image?,video,1.0
RV79DS4,Do you have confidence or trust in anybody?,video,1979,Rishi Valley,kft_pdf_youtube,primary,https://youtu.be/xQbuYIrwGQU,xQbuYIrwGQU,J. Krishnamurti - Rishi Valley 1979 - School Discussion (Students) 4 - Do you have confidence...,video,1.0
RV80DS1,What happens when you are concerned only with yourself?,video,1980,Rishi Valley,kft_pdf_youtube,primary,https://youtu.be/yIBZHSYU36I,yIBZHSYU36I,J. Krishnamurti - Rishi Valley 1980 - Students Discussion 1 - What happens when you...,video,1.0
RV80DS2,Are you aware of what is happening in the technological world?,video,1980,Rishi Valley,kft_pdf_youtube,primary,https://youtu.be/A04AlkIpJrw,A04AlkIpJrw,J. Krishnamurti - Rishi Valley 1980 - Students Discussion 2 - Are you aware of what is...,video,1.0
RV80DS3,Thinking about the future causes fear,video,1980,Rishi Valley,kft_pdf_youtube,primary,https://youtu.be/Mm8OUoTUMU0,Mm8OUoTUMU0,J. Krishnamurti - Rishi Valley 1980 - Students Discussion 3 - Thinking about the future causes fear,video,1.0
RV80DS4,"Freedom, responsibility and discipline",video,1980,Rishi Valley,kft_pdf_youtube,primary,https://youtu.be/__errnrgNig,__errnrgNig,"J. Krishnamurti - Rishi Valley 1980 - Students Discussion 4 - Freedom, responsibility and discipline",video,1.0
RA81DS1,Learning and sorrow,audio,1981,Rajghat,kft_pdf_youtube,primary,https://youtu.be/2oTEU5rOIs4,2oTEU5rOIs4,Audio | J. Krishnamurti - Rajghat 1981 - School Discussion (Students) 1 - Learning and sorrow,audio,1.0
RA81DS2,You become insensitive if you get used to anything,audio,1981,Rajghat,kft_pdf_youtube,primary,https://youtu.be/HDuhXRInSRI,HDuhXRInSRI,Audio | J. Krishnamurti - Rajghat 1981 - School Discussion (Students) 2 - You become insensitive...,audio,1.0
RV81DS1,Have you ever asked yourself what knowledge is?,video,1981,Rishi Valley,kft_pdf_youtube,primary,https://youtu.be/4-KaFzgAEaE,4-KaFzgAEaE,J. Krishnamurti - Rishi Valley 1981 - Students Discussion 1 - Have you ever asked yourself...,video,1.0
RV81DS2,Will you be responsible not to be corrupt?,video,1981,Rishi Valley,kft_pdf_youtube,primary,https://youtu.be/d4GkwFmB_Y0,d4GkwFmB_Y0,J. Krishnamurti - Rishi Valley 1981 - Students Discussion 2 - Will you be responsible...,video,1.0
RV82DS1,Have you noticed how your brain is conditioned?,audio,1982,Rishi Valley,kft_pdf_youtube,primary,https://youtu.be/W_q2qNAnJdw,W_q2qNAnJdw,Audio | J. Krishnamurti – Rishi Valley 1982 – School Discus. (Students) 1 – Have you noticed how...,audio,1.0
RV82DS2,Discipline means to learn,video,1982,Rishi Valley,kft_pdf_youtube,primary,https://youtu.be/tFpC4xdMKhQ,tFpC4xdMKhQ,J. Krishnamurti – Rishi Valley 1982 - Students Discussion 2 - Discipline means to learn,video,1.0
RV82DS3,What are the factors which bring about a deterioration of the brain?,video,1982,Rishi Valley,kft_pdf_youtube,primary,https://youtu.be/xMJk62TcgtM,xMJk62TcgtM,J. Krishnamurti - Rishi Valley 1982 - Students Discussion 3 - What are the factors...,video,1.0
RV83DS1,What is your future?,video,1983,Rishi Valley,kft_pdf_youtube,primary,https://youtu.be/KyMdYQBcaeQ,KyMdYQBcaeQ,J. Krishnamurti - Rishi Valley 1983 - Student Discussion 1 - What is your future?,video,1.0
RV83DS2,The function of an educator is to help students have a good academic brain and be good human beings,video,1983,Rishi Valley,kft_pdf_youtube,primary,https://youtu.be/odGEXcojOOU,odGEXcojOOU,J. Krishnamurti - Rishi Valley 1983 - Student Discussion 2 - The function of an educator is to...,video,1.0
RV83DS3,Where do I look to see what I am?,video,1983,Rishi Valley,kft_pdf_youtube,primary,https://youtu.be/vJlsu3F5j6U,vJlsu3F5j6U,J. Krishnamurti - Rishi Valley 1983 - Student Discussion 3 - Where do I look to see what I am?,video,1.0
RV83DS4,Why do images about oneself and others arise?,audio,1983,Rishi Valley,kft_pdf_youtube,primary,https://youtu.be/YArhkfYBAwM,YArhkfYBAwM,Audio | J. Krishnamurti - Rishi Valley 1983 - School Discussion (Students) 4 - Why do images...,audio,1.0
RV84DS1,Can we stop thinking about ourselves?,audio,1984,Rishi Valley,kft_pdf_youtube,primary,https://youtu.be/r2NEeP1spzU,r2NEeP1spzU,Audio | J. Krishnamurti – Rishi Valley 1984 – School Discus. (Students) 1 – Can we stop thinking...,audio,1.0
RV84DS2,The brain is always recording,video,1984,Rishi Valley,kft_pdf_youtube,primary,https://youtu.be/MOhXV3pnBYQ,MOhXV3pnBYQ,J. Krishnamurti - Rishi Valley 1984 - Discussion with Students 2 - The brain is always recording,video,1.0
RV84DS3,What is the cause of corruption?,video,1984,Rishi Valley,kft_pdf_youtube,primary,https://youtu.be/Fr5w6gmKsrM,Fr5w6gmKsrM,J. Krishnamurti - Rishi Valley 1984 - Discussion with Students 3 - What is the cause of corruption?,video,1.0
RV85DT1,A different human being,audio,1985,Rishi Valley,kft_pdf_youtube,primary,https://youtu.be/n7oQBcLsqiM,n7oQBcLsqiM,Audio | J. Krishnamurti – Rishi Valley 1985 – School Discussion (Teachers) 1 – A different human...,audio,1.0
RV85DS1,What is the taste of fear?,video,1985,Rishi Valley,kft_pdf_youtube,primary,https://youtu.be/OnoBKyR7Hdw,OnoBKyR7Hdw,J. Krishnamurti - Rishi Valley 1985 - Discus. with Students 1 - What is the taste of fear?,video,1.0
RV85DT2,Can education bring a holistic way of living?,video,1985,Rishi Valley,kft_pdf_youtube,primary,https://youtu.be/kM2esi_3lZY,kM2esi_3lZY,J. Krishnamurti - Rishi Valley 1985 - Discussion with Teachers 2 - Can education bring a holistic...,video,1.0
RV85DT3,If you stand alone you are related,video,1985,Rishi Valley,kft_pdf_youtube,primary,https://youtu.be/6Lv0rFrIbW8,6Lv0rFrIbW8,J. Krishnamurti - Rishi Valley 1985 - Discussion with Teachers 3 - If you stand alone you are...,video,1.0
RV85DS2,Thinking about myself all day long,video,1985,Rishi Valley,kft_pdf_youtube,primary,https://youtu.be/SI7iR84sEG0,SI7iR84sEG0,J. Krishnamurti - Rishi Valley 1985 - Discus. with Students 2 - Thinking about myself all day long,video,1.0
RV85S1,Are we bringing about good brains in our schools?,audio,1985,Rishi Valley,kft_pdf_youtube,primary,https://youtu.be/qzgVoo92IQM,qzgVoo92IQM,Audio | J. Krishnamurti - Rishi Valley 1985 - Teachers Seminar 1 - Are we bringing about good...,audio,1.0
RV85S2,"The origin of life, the brain and the mind, and goodness",audio,1985,Rishi Valley,kft_pdf_youtube,primary,https://youtu.be/uFJwOrEoRsU,uFJwOrEoRsU,"Audio | J. Krishnamurti - Rishi Valley 1985 - Teachers Seminar 2 - The origin of life, the...",audio,1.0
OJ66DS,To live peacefully requires right education,audio,1966,"Ojai, California",kft_pdf_youtube,primary,https://youtu.be/rCGAi1RdLg8,rCGAi1RdLg8,Audio | J. Krishnamurti - Ojai 1966 - Students Discussion - To live peacefully requires right...,audio,1.0
ML75DT,Creating stability and security,audio,1975,"Malibu, California",kft_pdf_youtube,primary,https://youtu.be/moQXocIRZo0,moQXocIRZo0,"Audio | J. Krishnamurti - Malibu 1975 School Discussion (Teachers), Creating stability and security",audio,1.0
OJ77DT1,How does one help a child to understand the immense problem of conditioning?,video,1977,"Ojai, California",kft_pdf_youtube,primary,https://youtu.be/Z-ETK04CXL0,Z-ETK04CXL0,J. Krishnamurti - Ojai 1977 - Teachers Discussion 1 - How shall I help the child to...,video,0.88
OJ77DT2,Is it possible to bring about a different human being through right education?,video,1977,"Ojai, California",kft_pdf_youtube,primary,https://youtu.be/y4ME_WHT1wE,y4ME_WHT1wE,J. Krishnamurti - Ojai 1977 - Teachers Discussion 2 - Is it possible to bring about a...,video,1.0
OJ77DT3,How will you help a child not to have fear?,video,1977,"Ojai, California",kft_pdf_youtube,primary,https://youtu.be/qlmi1-X6kv0,qlmi1-X6kv0,J. Krishnamurti - Ojai 1977 - Teachers Discussion 3 - How will you help a child not to have fear?,video,1.0
OJ77DT4,Observation is partial when you identify with a group,video,1977,"Ojai, California",kft_pdf_youtube,primary,https://youtu.be/FRMNiIlkXVo,FRMNiIlkXVo,J. Krishnamurti - Ojai 1977 - Teachers Discussion 4 - Observation is partial when...,video,1.0
WO78DSS1,The purpose of a Krishnamurti school,video,1978,"Wolf Lake School, Victoria, British Columbia",kft_pdf_youtube,primary,https://youtu.be/R73Hsqi3LT4,R73Hsqi3LT4,"J. Krishnamurti - Wolf Lake School, Victoria, British Columbia 1978 - School Discussion  1",video,0.88
WO78DSS2,Is it possible to be free of pressure?,video,1978,"Wolf Lake School, Victoria, British Columbia",,,,,,,
WO78DSS3,The arts of listening and learning,video,1978,"Wolf Lake School, Victoria, British Columbia",kft_pdf_youtube,primary,https://youtu.be/vV_ySGJZ1V8,vV_ySGJZ1V8,"J. Krishnamurti - Victoria, British Columbia 1978 - School Discussion 3 - The arts of...",video,1.0
OJ85DT2.0,"Education, fear and breaking the cycle of time",audio,1985,"Ojai, California",kft_pdf_youtube,primary,https://youtu.be/YwTkIPeA7sU,YwTkIPeA7sU,"Audio | Ojai 1985 - School Discussion (Teachers) - Education, fear and breaking the cycle of time",audio,1.0
LO66IFW,Dying is living and living is dying – Krishnamurti interviewed by the BBC,audio,1966,London,kft_pdf_youtube,primary,https://youtu.be/swI7D3l8a9k,swI7D3l8a9k,Audio | J. Krishnamurti - London 1966 Interview - Dying is living and living is dying,audio,1.0
NY66IDS,We are not individuals – Krishnamurti interviewed by Dusty Sklar,audio,1966,New York,kft_pdf_youtube,primary,https://youtu.be/U3DPXumv7Ao,U3DPXumv7Ao,Audio | J. Krishnamurti - New York 1966 - Krishnamurti interviewed by Dusty Sklar,audio,1.0
ND66IDI,Power is invariably evil,audio,1966,New Delhi,kft_pdf_youtube,primary,https://youtu.be/-4c2GBnGuJ4,-4c2GBnGuJ4,Audio | J. Krishnamurt - New Delhi 1966 - Power is invariably evil,audio,1.0
AM67IMB,"To find reality, renounce all gods – Krishnamurti interviewed by Martin van Buuren",audio,1967,Amsterdam,kft_pdf_youtube,primary,https://youtu.be/AaN1DE1E5XA,AaN1DE1E5XA,Audio | J. Krishnamurti - Amsterdam 1967 – Krishnamurti interviewed by Martin van Buuren,audio,1.0
AM68I,Interview by a Rosicrucian group,audio,1968,Noordwijk,kft_pdf_youtube,primary,https://youtu.be/o-vXjfvEzb4,o-vXjfvEzb4,Audio | J. Krishnamurti - Noordwijk 1968 - Interview by a Rosicrucian group,audio,1.0
LO69IMD,You are society - Krishnamurti interviewed by the BBC,audio,1969,London,kft_pdf_youtube,primary,https://youtu.be/Su-d5ZRU4Qo,Su-d5ZRU4Qo,Audio | J. Krishnamurti - London 1969 Interview - You are society,audio,1.0
LA70IBA,Understanding violence - Krishnamurti interviewed by Bob Abernethy,audio,1970,"Los Angeles, California",kft_pdf_youtube,primary,https://youtu.be/RnEmkIU5nAE,RnEmkIU5nAE,Audio | J. Krishnamurti - Los Angeles 1970 - Krishnamurti interviewed by Bob Abernethy,audio,1.0
ML70I,A short interview about the future of the foundations and schools,video,1970,"Malibu, California",kft_pdf_youtube,primary,https://youtu.be/eOOr8Fg3YLQ,eOOr8Fg3YLQ,J. Krishnamurti - Malibu 1970 - A short interview about the future of the foundations and schools,video,1.0
BR70ITM,Why are human beings so divided? Krishnamurti interviewed by Tara McCarthy,audio,1970,Brockwood Park,kft_pdf_youtube,primary,https://youtu.be/6kv2toalmWs,6kv2toalmWs,Audio | J. Krishnamurti - Brockwood Park 1970 - Krishnamurti interviewed by Tara McCarthy,audio,1.0
BR70IWT,Interview by Wilfred Thomas,audio,1970,Brockwood Park,kft_pdf_youtube,primary,https://youtu.be/r1ROMC4qFJo,r1ROMC4qFJo,Audio | J. Krishnamurti - Brockwood Park 1970 - Interview by Wilfred Thomas,audio,1.0
ML72IFW,Interview by Frank Waters,audio,1972,"Malibu, California",kft_pdf_youtube,primary,https://youtu.be/lRnn9Kz305A,lRnn9Kz305A,Audio | J. Krishnamurti & F. Waters – Malibu 1972 – Interview by Frank Waters,audio,1.0
OJ72IFV,The Ojai Valley - Krishnamurti interviewed by Fred Volz,audio,1972,"Ojai, California",kft_pdf_youtube,primary,https://youtu.be/jpcJpmmQceI,jpcJpmmQceI,Audio | J. Krishnamurti - Ojai 1972 - The Ojai Valley - Krishnamurti interviewed by Fred Volz,audio,1.0
OJ75IFH,Interview on education by Fred Hall,video,1975,"Ojai, California",kft_pdf_youtube,primary,https://youtu.be/Eb3dIqCjM48,Eb3dIqCjM48,J. Krishnamurti - Ojai 1975 - Interview on education by Fred Hall,video,1.0
OJ75IDI,On freedom - Krishnamurti interviewed by Donald Ingram Smith,audio,1975,"Ojai, California",kft_pdf_youtube,primary,https://youtu.be/jCqEKerY6Q0,jCqEKerY6Q0,Audio | J. Krishnamurti - Ojai 1975 - On freedom - Krishnamurti interviewed by Donald Ingram Smith,audio,1.0
BR76IGP,Krishnamurti interviewed by Gerard Priestland for the BBC,audio,1976,Brockwood Park,kft_pdf_youtube,primary,https://youtu.be/7TWYU8KIeCM,7TWYU8KIeCM,Audio | J. Krishnamurti - Brockwood Park 1976 - Krishnamurti interviewed by Gerard Priestland,audio,1.0
GS80I,Be a light to oneself – Krishnamurti interviewed by Swiss TV,audio,1980,Gstaad,kft_pdf_youtube,primary,https://youtu.be/Y1cL_wIvmik,Y1cL_wIvmik,Audio | J. Krishnamurti - Gstaad 1980 - Be a light to oneself – Krishnamurti interviewed by Swiss TV,audio,1.0
MA80IPC,Why has the human mind deteriorated? Krishnamurti press conference in Madras,audio,1980,Madras (Chennai),kft_pdf_youtube,primary,https://youtu.be/HgjqlBqiuXs,HgjqlBqiuXs,Audio | J. Krishnamurti - Madras (Chennai) 1980 - Krishnamurti press conference,audio,1.0
NY82IGN,What are you? – Krishnamurti interviewed by Gary Null,audio,1982,New York,kft_pdf_youtube,primary,https://youtu.be/Yq1hV9XhdtY,Yq1hV9XhdtY,Audio | J. Krishnamurti - New York 1982 - What are you? – Krishnamurti interviewed by Gary Null,audio,1.0
NY82ILH,Conditioning and the activities of the self – Krishnamurti interviewed by Lex Hixon,audio,1982,New York,kft_pdf_youtube,primary,https://youtu.be/ZhGL2fkgta4,ZhGL2fkgta4,Audio | J. Krishnamurti -  - New York 1982 - Krishnamurti interviewed by Lex Hixon,audio,1.0
OJ83IRT,The future is what you are now – Krishnamurti interviewed by Roy Tuckman,audio,1983,"Ojai, California",kft_pdf_youtube,primary,https://youtu.be/XtUZiCD6xD0,XtUZiCD6xD0,Audio | J. Krishnamurti – Ojai 1983 – The future is what you are now – Interview by Roy Tuckman,audio,1.0
GS83IHG,Doubt opens doors–Krishnamurti interviewed for radio,audio,1983,Gstaad,kft_pdf_youtube,primary,https://youtu.be/sbQMrD5jf5c,sbQMrD5jf5c,Audio | J. Krishnamurti - Gstaad 1983 - Doubt opens doors – Krishnamurti interviewed for radio,audio,1.0
OJ84IPH,Death and Krishnamurti’s effect on the stream of humanity,audio,1984,"Ojai, California",kft_pdf_youtube,primary,https://youtu.be/8YtjMX-A4e0,8YtjMX-A4e0,Audio | J. Krishnamurti - Ojai 1984 - Death and Krishnamurti’s effect on the stream of humanity,audio,1.0
BR84IEO,Why do human beings depend?,audio,1984,Brockwood Park,kft_pdf_youtube,primary,https://youtu.be/LZc3h5gNXPQ,LZc3h5gNXPQ,Audio | J. Krishnamurti - Brockwood Park 1984 - Interview by Edwin Oostmejer,audio,0.88
US97EBM1,Conflict,video,1997,USA,kft_pdf_youtube,primary,https://youtu.be/uQmFv2GbJ0o,uQmFv2GbJ0o,Audio | J. Krishnamurti – Brockwood Park 1974 – Teacher Discussion 3 – The habit of conflict,audio,1.0
US97EBM2,Change,video,1997,USA,kft_pdf_youtube,primary,https://youtu.be/ePJul7c4_as,ePJul7c4_as,J. Krishnamurti - Beyond Myth & Tradition 2 - Change,video,1.0
US97EBM3,Freedom and authority,video,1997,USA,kft_pdf_youtube,primary,https://youtu.be/wm0lN9K8GNc,wm0lN9K8GNc,J. Krishnamurti - Beyond Myth & Tradition 3 - Freedom and authority,video,1.0
US97EBM4,The sacred,video,1997,USA,kft_pdf_youtube,primary,https://youtu.be/H8W0wvN_BoM,H8W0wvN_BoM,J. Krishnamurti - Beyond Myth & Tradition 4 - The sacred,video,1.0
US97EBM5,Choiceless awareness,video,1997,USA,kft_pdf_youtube,primary,https://youtu.be/7UzXw8KV5QM,7UzXw8KV5QM,J. Krishnamurti - Beyond Myth & Tradition 5 - Choiceless awareness,video,1.0
US97EBM6,Meditation,video,1997,USA,kft_pdf_youtube,primary,https://youtu.be/QkE4awH0HIw,QkE4awH0HIw,J. Krishnamurti - Beyond Myth & Tradition 6 - Meditation,video,1.0
US97EBM7,Mirror of relationship,video,1997,USA,kft_pdf_youtube,primary,https://youtu.be/Bx2mAv8nVnU,Bx2mAv8nVnU,J. Krishnamurti - Beyond Myth & Tradition 7 - Mirror of relationship,video,1.0
US97EBM8,Conditioning: Prisoners of the past,video,1997,USA,kft_pdf_youtube,primary,https://youtu.be/gTUB9l6nduc,gTUB9l6nduc,J. Krishnamurti - Beyond Myth & Tradition 8 - Conditioning: prisoners of the past,video,1.0
US97EBM9,The violent self,video,1997,USA,kft_pdf_youtube,primary,https://youtu.be/GdE89RnA0XI,GdE89RnA0XI,J. Krishnamurti - Beyond Myth & Tradition 9 - The Violent self,video,1.0
US97EBM10,Death: Leaving the stream,video,1997,USA,kft_pdf_youtube,primary,https://youtu.be/X0B0gOKb1Vs,X0B0gOKb1Vs,J. Krishnamurti - Beyond Myth & Tradition 10 - Death: leaving the stream,video,1.0
US97EBM11,Love: The flame without smoke,video,1997,USA,kft_pdf_youtube,primary,https://youtu.be/zG6Uvy4q3sQ,zG6Uvy4q3sQ,J. Krishnamurti - Beyond Myth & Tradition 11 - Love: the flame without smoke,video,1.0
US97EBM12,What is the religious mind?,video,1997,USA,kft_pdf_youtube,primary,https://youtu.be/ic21Fo0syog,ic21Fo0syog,J. Krishnamurti - Beyond Myth & Tradition 12 - What is the religious mind?,video,1.0
KHF1&2,Compilation of 1920s film rolls,video,,KH,,,,,,,
OM2426F,Historical footage 1924 - 1926,video,2426,Ommen,,,,,,,
OM24F,Historical Film of the Ommen Camp,video,2024,Ommen,,,,,,,
NY28F,"Short interview in New York City, 1928",video,2028,New York,,,,,,,
OJ30FTPL,Krishnamurti reading ‘Truth is a Pathless Land’,video,2030,"Ojai, California",kft_pdf_youtube,primary,https://youtu.be/oIBSJTRlH3Q,oIBSJTRlH3Q,Audio | J. Krishnamurti reading 'Truth is a Pathless Land' in 1929 – Phonograph Recording,audio,1.0
SY34HF,Newsreel of Krishnamurti in Sydney,video,1934,Sydney,,,,,,,
LAT35HF,1935 Latin America tour - A silent film documentary,video,1935,LAT,,,,,,,
CO49HF,"Historical film, Sri Lanka 1949/50",video,1949,Colombo,kft_pdf_youtube,primary,https://youtu.be/iy5fKcQjcXQ,iy5fKcQjcXQ,"J. Krishnamurti - Historical film, Sri Lanka 1949/50",video,1.0
US66FRR1,Where are we going?,video,1966,"Ojai, California",kft_pdf_youtube,primary,https://youtu.be/lQVzDTzpHXA,lQVzDTzpHXA,J Krishnamurti - The Real Revolution - 1. Where are we going?,video,1.0
US66FRR2,Observing ourselves,video,1966,"Ojai, California",kft_pdf_youtube,primary,https://youtu.be/_3FnVT_bOKY,_3FnVT_bOKY,J Krishnamurti - The Real Revolution - 2. Observing ourselves,video,1.0
US66FRR3,Freedom from fear,video,1966,"Ojai, California",kft_pdf_youtube,primary,https://youtu.be/K5E9gS4RZOo,K5E9gS4RZOo,J Krishnamurti - The Real Revolution - 3. Freedom from fear,video,1.0
US66FRR4,Meditation,video,1966,"Ojai, California",kft_pdf_youtube,primary,https://youtu.be/yeV_kYEzUyQ,yeV_kYEzUyQ,J Krishnamurti - The Real Revolution - 4. Meditation,video,1.0
US66FRR5,What is love?,video,1966,"Ojai, California",kft_pdf_youtube,primary,https://youtu.be/4fjABnpwF-Y,4fjABnpwF-Y,J Krishnamurti - The Real Revolution - 5. What is love?,video,1.0
US66FRR6,Questioning,video,1966,"Ojai, California",kft_pdf_youtube,primary,https://youtu.be/iub-BequAYo,iub-BequAYo,J Krishnamurti - The Real Revolution - 6. Questioning,video,1.0
US66FRR7,Living and death,video,1966,"Ojai, California",kft_pdf_youtube,primary,https://youtu.be/WqPSP5AcaAY,WqPSP5AcaAY,J Krishnamurti - The Real Revolution - 7. Living and death,video,1.0
US66FRR8,The end of conflict,video,1966,"Ojai, California",kft_pdf_youtube,primary,https://youtu.be/DKUTL4ebr38,DKUTL4ebr38,J. Krishnamurti - Beyond Myth & Tradition 1 - Conflict,video,1.0
BR71FCLW,Can you live that way?,video,1971,Brockwood Park,kft_pdf_youtube,primary,https://youtu.be/hvGVhwkUPt4,hvGVhwkUPt4,"J. Krishnamurti - Can you live that way? A documentary on Brockwood Park School, UK - 1971",video,1.0
BR74FPL,Problems of living,video,1974,Brockwood Park,,,,,,,
OJ78FOE,Krishnamurti On Education,video,1978,"Ojai, California",kft_pdf_youtube,primary,https://youtu.be/sn5TcUUVVpE,sn5TcUUVVpE,J. Krishnamurti - Documentary - Krishnamurti On Education - Oak Grove School,video,1.0
US80WOL,Ways of Learning - Reflections on the Oak Grove School,video,1980,"Ojai, California",kft_pdf_youtube,primary,https://youtu.be/kWrZRPdo-Os,kWrZRPdo-Os,J. Krishnamurti - Ways of Learning - Reflections on the Oak Grove School - 1980,video,1.0
OJ81FOG,The Oak Grove School: An exploration of learning,video,1981,"Ojai, California",,,,,,,
OJ81FQA,Krishnamurti on education: The quality of attention,video,1981,"Ojai, California",,,,,,,
US84FCC,The challenge of change,video,1984,USA,kft_pdf_youtube,primary,https://youtu.be/lWVtovuTRE0,lWVtovuTRE0,J. Krishnamurti - The challenge of change,video,1.0
BR85IRF,The role of a flower,video,1985,Brockwood Park,,,,,,,
US89FSM,Krishnamurti: With a silent mind,video,1989,USA,kft_pdf_youtube,primary,https://youtu.be/TPAzpDl7VvM,TPAzpDl7VvM,J. Krishnamurti - 1989 Documentary - Krishnamurti: With a silent mind,video,1.0
BR95FOF,On Freedom,video,1995,Brockwood Park,kft_pdf_youtube,primary,https://youtu.be/sMAjj1omBDo,sMAjj1omBDo,ON FREEDOM - An introduction to the teachings of J. Krishnamurti,video,1.0
